Open time,Open,Close,Volume,CHG,stocRSI,MACD
2017-08-17,4261.48,4285.08,795.150377,0.55,0,0.0
2017-08-18,4285.08,4108.37,1199.888264,-4.12,0,-11.28
2017-08-19,4108.37,4139.98,381.309763,0.77,100.0,-15.71
2017-08-20,4120.98,4086.29,467.083022,-0.84,79.51,-21.03
2017-08-21,4069.13,4016.0,691.74306,-1.31,62.69,-27.64
2017-08-22,4016.0,4040.0,966.684858,0.6,100.0,-28.63
2017-08-23,4040.0,4114.01,1001.136565,1.83,100.0,-22.79
2017-08-24,4147.0,4316.01,787.418753,4.08,100.0,-4.75
2017-08-25,4316.01,4280.68,573.61274,-0.82,94.71,4.85
2017-08-26,4280.71,4337.44,228.108068,1.33,100.0,14.52
2017-08-27,4332.51,4310.01,350.692585,-0.52,96.35,18.33
2017-08-28,4310.01,4386.69,603.841616,1.78,100.0,24.87
2017-08-29,4353.65,4587.48,603.545028,5.37,100.0,40.63
2017-08-30,4564.52,4555.14,808.468771,-0.21,96.95,46.38
2017-08-31,4555.14,4724.89,556.956802,3.73,100.0,58.35
2017-09-01,4689.89,4834.91,560.666366,3.09,100.0,69.64
2017-09-02,4796.16,4472.14,929.148595,-6.76,71.98,49.58
2017-09-03,4508.5,4509.08,691.216198,0.01,76.43,36.32
2017-09-04,4505.0,4100.11,1394.644614,-8.99,55.97,-0.52
2017-09-05,4106.97,4366.47,1228.938157,6.32,54.44,-7.11
2017-09-06,4366.49,4619.77,807.363726,5.8,36.87,4.78
2017-09-07,4619.77,4691.61,500.429975,1.56,29.29,16.05
2017-09-08,4691.66,4282.8,1132.255046,-8.71,0.0,-4.38
2017-09-09,4282.8,4258.81,658.782952,-0.56,0.0,-19.03
2017-09-10,4258.81,4130.37,660.373275,-3.02,0.0,-35.92
2017-09-11,4153.62,4208.47,699.989065,1.32,0.09,-40.06
2017-09-12,4208.6,4163.72,879.630319,-1.07,0.0,-43.74
2017-09-13,4159.72,3944.69,913.462545,-5.17,0.0,-57.96
2017-09-14,3944.0,3189.02,1665.021543,-19.14,0.0,-112.17
2017-09-15,3188.01,3700.0,1968.866492,16.06,21.64,-107.49
2017-09-16,3674.01,3714.95,1297.563953,1.11,32.4,-97.58
2017-09-17,3685.23,3699.99,682.17121,0.4,32.63,-86.58
2017-09-18,3690.0,4035.01,1030.006455,9.35,65.28,-52.94
2017-09-19,4060.0,3910.04,902.332129,-3.69,46.69,-36.12
2017-09-20,3910.04,3900.0,720.935076,-0.26,33.52,-23.3
2017-09-21,3889.99,3609.99,1001.654084,-7.2,24.55,-31.47
2017-09-22,3592.84,3595.87,838.966425,0.08,46.75,-34.7
2017-09-23,3595.88,3780.0,752.792791,5.12,66.61,-21.92
2017-09-24,3779.54,3660.02,661.63639,-3.16,67.16,-19.15
2017-09-25,3660.02,3920.75,727.994713,7.12,83.09,1.56
2017-09-26,3928.0,3882.35,526.727987,-1.16,83.52,13.32
2017-09-27,3882.36,4193.0,628.170966,8.0,100.0,41.11
2017-09-28,4192.11,4174.5,849.785325,-0.42,100.0,56.38
2017-09-29,4178.98,4174.69,1602.309565,-0.1,79.46,64.08
2017-09-30,4175.0,4378.51,720.353183,4.87,88.32,79.47
2017-10-01,4378.49,4378.48,726.963685,-0.0,89.63,85.68
2017-10-02,4400.0,4380.0,655.756974,-0.45,72.67,85.73
2017-10-03,4380.0,4310.0,1082.323563,-1.6,78.14,77.14
2017-10-04,4314.9,4208.59,868.465101,-2.46,69.25,61.42
2017-10-05,4208.59,4292.43,779.138638,1.99,100.0,53.72
2017-10-06,4318.99,4369.0,506.529176,1.16,100.0,50.88
2017-10-07,4369.0,4423.0,297.5975,1.24,93.41,49.67
2017-10-08,4425.0,4640.0,518.462004,4.86,100.0,59.83
2017-10-09,4640.0,4786.95,646.463145,3.17,96.49,71.99
2017-10-10,4786.95,4783.06,1043.221773,-0.08,100.0,74.97
2017-10-11,4783.06,4821.43,753.429396,0.8,84.12,74.56
2017-10-12,4821.43,5430.0,1276.701482,12.62,100.0,108.27
2017-10-13,5439.99,5649.98,1879.82762,3.86,100.0,136.56
2017-10-14,5650.0,5869.99,970.759046,3.89,100.0,159.65
2017-10-15,5855.03,5709.99,1343.523375,-2.48,76.62,153.66
2017-10-16,5710.0,5760.02,1528.996462,0.88,77.9,142.81
2017-10-17,5760.0,5595.0,1429.869376,-2.86,65.92,115.43
2017-10-18,5595.0,5512.06,2317.804373,-1.48,40.28,84.1
2017-10-19,5513.0,5683.9,1881.722107,3.1,44.95,68.01
2017-10-20,5683.31,6010.01,1972.97722,5.75,56.37,72.01
2017-10-21,6013.72,6024.97,1664.307693,0.19,29.2,68.36
2017-10-22,6003.27,5950.02,1362.092216,-0.89,0.0,54.21
2017-10-23,5975.0,5915.93,1812.557715,-0.99,0.0,36.72
2017-10-24,5909.47,5477.03,2580.418767,-7.32,0.0,-7.88
2017-10-25,5506.92,5689.99,2282.813205,3.32,8.48,-25.5
2017-10-26,5670.1,5861.77,1972.965882,3.38,0.0,-27.87
2017-10-27,5861.77,5768.83,1403.706416,-1.59,0.0,-37.38
2017-10-28,5768.79,5719.64,1276.754412,-0.85,0.0,-48.0
2017-10-29,5709.98,6169.98,1804.778173,8.06,36.22,-26.75
2017-10-30,6133.01,6120.5,1473.687043,-0.2,30.82,-18.49
2017-10-31,6120.52,6463.0,1511.774925,5.6,56.66,6.25
2017-11-01,6463.0,6753.98,1675.615188,4.5,71.68,36.73
2017-11-02,6753.98,7019.98,2503.610803,3.94,74.14,67.53
2017-11-03,7010.31,7115.04,1891.497592,1.49,68.28,85.84
2017-11-04,7115.02,7357.09,1399.191767,3.4,84.58,104.57
2017-11-05,7357.27,7345.01,1207.83233,-0.17,97.89,106.11
2017-11-06,7345.1,6960.12,1763.019261,-5.24,70.63,72.76
2017-11-07,6981.72,7064.04,1440.259494,1.18,100.0,50.32
2017-11-08,7070.0,7303.0,2822.298802,3.3,100.0,44.4
2017-11-09,7303.01,7079.99,1913.398308,-3.05,77.08,19.57
2017-11-10,7079.0,6506.98,3254.704105,-8.08,45.39,-38.21
2017-11-11,6503.0,6245.05,2754.156861,-3.97,0.0,-93.66
2017-11-12,6245.05,5811.03,4968.483069,-6.95,0.0,-155.51
2017-11-13,5839.94,6465.99,2621.243039,10.72,27.32,-148.29
2017-11-14,6465.99,6574.99,1254.292531,1.69,19.24,-132.65
2017-11-15,6575.99,7240.06,1779.605845,10.1,31.76,-76.77
2017-11-16,7240.14,7864.5,2331.95675,8.62,41.86,-1.01
2017-11-17,7876.98,7699.19,3982.395925,-2.26,33.3,32.83
2017-11-18,7680.01,7761.94,3954.266477,1.07,28.19,53.12
2017-11-19,7761.94,8038.0,3867.340444,3.56,36.33,77.33
2017-11-20,8057.11,8212.0,3886.634348,1.92,55.31,96.04
2017-11-21,8212.49,8119.51,4544.474016,-1.13,49.07,93.1
2017-11-22,8091.09,8205.92,3545.00571,1.42,57.86,87.95
2017-11-23,8233.03,8019.99,4093.952687,-2.59,84.36,64.1
2017-11-24,8019.97,8138.0,4411.789112,1.47,100.0,49.03
2017-11-25,8138.99,8700.01,4292.623682,6.89,100.0,68.48
2017-11-26,8700.04,9128.02,4147.380237,4.92,100.0,99.84
2017-11-27,9128.0,9650.0,4521.625707,5.72,99.09,142.79
2017-11-28,9650.0,9896.8,4917.210985,2.56,100.0,172.86
2017-11-29,9896.79,9687.88,13352.538715,-2.11,80.42,163.81
2017-11-30,9687.88,9838.96,9389.574329,1.56,73.24,153.31
2017-12-01,9837.0,10782.99,6134.923633,9.62,95.81,192.72
2017-12-02,10775.04,10890.01,4765.439757,1.07,95.85,207.47
2017-12-03,10902.69,11165.41,5346.636524,2.41,95.42,216.28
2017-12-04,11165.41,11579.0,4663.424562,3.7,97.66,229.23
2017-12-05,11571.03,11699.99,5550.732055,1.11,100.0,224.89
2017-12-06,11699.99,13550.05,6707.946319,15.81,100.0,319.78
2017-12-07,13541.01,16599.0,7487.065695,22.58,100.0,547.68
2017-12-08,16599.0,15880.0,17589.013136,-4.33,60.35,605.28
2017-12-09,15880.01,14656.07,13918.758687,-7.71,0.0,519.52
2017-12-10,14664.01,14899.98,16553.037173,1.61,0.0,440.89
2017-12-11,14946.26,16587.97,11820.401762,10.98,11.64,462.0
2017-12-12,16587.97,16349.99,9436.802411,-1.43,0.43,420.56
2017-12-13,16349.99,16033.29,12416.328801,-1.94,0.0,336.11
2017-12-14,16030.34,16334.98,11616.867151,1.9,1.47,267.82
2017-12-15,16334.98,17539.83,9181.273947,7.38,3.91,270.26
2017-12-16,17516.81,19102.66,4202.628709,9.05,15.8,339.15
2017-12-17,19120.19,18860.02,9177.183434,-1.36,6.22,330.07
2017-12-18,18860.04,18856.25,10624.633071,-0.02,2.68,287.09
2017-12-19,18856.25,17295.2,13210.74822,-8.28,0.0,125.09
2017-12-20,17295.2,16488.98,13450.496693,-4.66,0.0,-55.14
2017-12-21,16480.52,15492.64,20324.2173,-5.99,0.0,-249.36
2017-12-22,15514.03,13326.61,36076.271175,-14.1,0.0,-516.24
2017-12-23,13326.61,13300.0,13141.538875,-0.2,10.18,-676.96
2017-12-24,13300.0,13500.0,28557.534988,1.5,9.65,-746.71
2017-12-25,13500.0,13699.34,15748.207607,1.48,0.0,-754.14
2017-12-26,13699.34,15689.01,15034.668104,14.52,25.87,-606.13
2017-12-27,15709.98,15459.99,14959.864723,-1.59,26.65,-508.66
2017-12-28,15459.97,14182.11,21717.858014,-8.27,13.24,-513.77
2017-12-29,14199.14,14378.9,18072.008116,1.27,1.98,-487.61
2017-12-30,14378.99,12440.01,19221.158039,-13.48,0.0,-578.42
2017-12-31,12345.1,13716.36,11768.989718,11.11,14.41,-531.26
2018-01-01,13715.65,13380.0,8609.915844,-2.45,0,0.0
2018-01-02,13382.16,14675.11,20078.092111,9.66,0,82.65
2018-01-03,14690.0,14919.51,15905.667639,1.56,0,145.53
2018-01-04,14919.51,15059.54,21329.649574,0.94,0,185.73
2018-01-05,15059.56,16960.39,23251.491125,12.62,0,321.55
2018-01-06,16960.39,17069.79,18571.457508,0.65,0,395.14
2018-01-07,17069.79,16150.03,12493.125558,-5.39,0.0,359.27
2018-01-08,16218.85,14902.54,26600.609912,-8.12,0.0,234.94
2018-01-09,14902.54,14400.0,14315.004253,-3.37,0.0,108.7
2018-01-10,14401.0,14907.09,17411.001655,3.51,7.38,52.06
2018-01-11,14940.0,13238.78,33554.723751,-11.39,0.0,-96.93
2018-01-12,13238.76,13740.01,16417.162137,3.79,5.55,-157.33
2018-01-13,13749.95,14210.0,12221.508528,3.35,10.22,-160.66
2018-01-14,14210.0,13474.99,17017.894329,-5.17,2.54,-204.59
2018-01-15,13477.98,13539.93,14652.094705,0.46,3.15,-220.13
2018-01-16,13500.0,10900.0,63401.169175,-19.26,0.0,-389.2
2018-01-17,10899.99,10988.79,72331.796646,0.81,0.0,-470.59
2018-01-18,10972.59,10961.97,48464.434937,-0.1,0.0,-499.07
2018-01-19,10960.0,11474.98,34129.375421,4.7,0.0,-457.31
2018-01-20,11474.98,12799.94,28768.857827,11.55,14.61,-320.85
2018-01-21,12799.8,11530.0,41379.773426,-9.92,18.45,-297.06
2018-01-22,11530.0,10760.05,43752.606791,-6.68,22.7,-312.55
2018-01-23,10760.05,10799.18,37473.922552,0.36,27.2,-299.5
2018-01-24,10799.14,11349.99,27158.587762,5.1,33.84,-235.91
2018-01-25,11349.96,11175.27,20839.954183,-1.54,50.9,-189.74
2018-01-26,11184.7,11089.0,33056.87196,-0.86,38.67,-150.83
2018-01-27,11089.0,11491.0,18860.768345,3.63,41.79,-87.01
2018-01-28,11499.98,11879.95,16887.339524,3.3,63.36,-11.55
2018-01-29,11879.95,11251.0,14170.377538,-5.29,81.6,2.31
2018-01-30,11250.11,10237.51,25554.372946,-9.0,100.0,-47.71
2018-01-31,10230.0,10285.1,18015.956805,0.54,98.64,-67.33
2018-02-01,10285.1,9224.52,33564.764311,-10.31,74.0,-137.42
2018-02-02,9224.52,8873.03,49971.626975,-3.81,25.52,-189.91
2018-02-03,8873.03,9199.96,28725.000735,3.68,0.0,-184.89
2018-02-04,9199.96,8184.81,32014.308449,-11.03,4.42,-229.32
2018-02-05,8179.99,6939.99,63403.182579,-15.16,0.0,-316.54
2018-02-06,6939.63,7652.14,100201.500307,10.27,29.74,-300.4
2018-02-07,7655.02,7599.0,60778.460497,-0.73,4.97,-268.48
2018-02-08,7599.0,7784.02,1521.537318,2.43,16.26,-212.53
2018-02-09,7789.9,8683.92,20482.910825,11.48,54.03,-98.34
2018-02-10,8683.93,8533.98,49381.512653,-1.73,36.05,-20.41
2018-02-11,8533.99,8063.88,45025.187952,-5.51,12.42,10.32
2018-02-12,8063.82,8903.0,41987.85049,10.41,55.93,93.38
2018-02-13,8903.0,8539.9,35454.972956,-4.08,71.05,127.96
2018-02-14,8535.17,9449.99,40811.952867,10.72,100.0,211.3
2018-02-15,9449.98,10000.09,52427.596715,5.82,100.0,297.36
2018-02-16,10000.89,10159.98,38161.205974,1.59,100.0,355.06
2018-02-17,10156.07,11039.55,41882.108407,8.7,100.0,437.06
2018-02-18,11039.55,10383.43,61137.380728,-5.94,100.0,431.0
2018-02-19,10375.01,11153.0,40831.417131,7.5,100.0,460.06
2018-02-20,11147.11,11200.99,48153.354288,0.48,95.95,462.51
2018-02-21,11195.07,10437.6,68113.818754,-6.77,82.08,395.33
2018-02-22,10439.02,9811.04,67060.166483,-6.02,70.28,295.85
2018-02-23,9815.55,10131.04,57202.70237,3.21,64.62,241.07
2018-02-24,10131.04,9694.51,40888.156299,-4.31,60.32,168.36
2018-02-25,9694.51,9590.0,28373.517586,-1.08,58.21,109.02
2018-02-26,9590.0,10324.0,34878.292756,7.65,53.46,114.44
2018-02-27,10321.0,10569.04,30705.385123,2.4,58.15,128.69
2018-02-28,10584.33,10326.76,30800.983782,-2.43,8.3,116.35
2018-03-01,10325.64,10920.0,25092.55393,5.76,1.35,141.04
2018-03-02,10923.36,11039.0,23910.71009,1.06,0.07,157.05
2018-03-03,11038.99,11464.48,21287.15328,3.85,0.0,185.99
2018-03-04,11464.47,11515.0,17295.918653,0.44,28.21,197.17
2018-03-05,11515.0,11454.0,15144.231063,-0.53,0.0,189.06
2018-03-06,11455.0,10716.48,29515.572363,-6.45,0.0,125.67
2018-03-07,10716.48,9910.0,50647.67108,-7.53,0.0,26.28
2018-03-08,9910.0,9271.64,41109.473226,-6.44,0.0,-79.8
2018-03-09,9267.07,9227.0,64112.291407,-0.43,0.0,-146.43
2018-03-10,9230.0,8770.22,37180.012857,-4.98,0.0,-210.83
2018-03-11,8770.22,9533.57,44325.973386,8.7,36.34,-192.09
2018-03-12,9533.57,9131.34,42230.77793,-4.22,0.0,-196.18
2018-03-13,9131.34,9150.0,40191.409358,0.2,0.0,-187.05
2018-03-14,9151.92,8170.0,49708.094108,-10.73,0.0,-233.43
2018-03-15,8184.01,8240.98,52291.022277,0.7,0.0,-244.55
2018-03-16,8240.98,8260.0,38815.409893,0.23,0.0,-235.76
2018-03-17,8260.0,7824.8,33110.206329,-5.27,0.0,-243.4
2018-03-18,7824.01,8189.99,59488.231711,4.68,12.42,-209.3
2018-03-19,8189.0,8600.0,55297.084942,5.02,30.49,-147.49
2018-03-20,8595.01,8909.98,44865.105835,3.66,53.18,-77.6
2018-03-21,8909.96,8885.0,39972.405371,-0.28,69.73,-27.51
2018-03-22,8884.82,8722.9,40617.556809,-1.82,82.66,-1.14
2018-03-23,8720.0,8898.03,39991.007666,2.04,90.51,30.51
2018-03-24,8898.04,8546.86,35466.609572,-3.95,93.85,30.14
2018-03-25,8531.25,8470.15,29001.769316,-0.72,62.53,27.17
2018-03-26,8470.14,8134.23,44033.59566,-3.97,64.62,6.12
2018-03-27,8134.22,7795.51,37427.64805,-4.16,53.69,-25.34
2018-03-28,7795.51,7949.3,26401.33167,1.97,96.97,-30.2
2018-03-29,7949.3,7090.14,54620.915125,-10.81,61.44,-82.7
2018-03-30,7090.16,6840.23,65306.031976,-3.53,53.66,-123.24
2018-03-31,6840.24,6923.91,36868.539087,1.22,65.35,-132.59
2018-04-01,6922.0,6813.01,44071.430463,-1.57,20.78,-134.01
2018-04-02,6813.01,7056.0,32123.560072,3.57,0.0,-107.51
2018-04-03,7063.97,7405.21,37787.331811,4.83,4.09,-57.86
2018-04-04,7405.21,6796.1,42227.183804,-8.23,0.0,-57.34
2018-04-05,6796.1,6770.76,39029.73146,-0.37,3.68,-50.25
2018-04-06,6770.0,6601.39,27455.01192,-2.49,0.0,-48.49
2018-04-07,6601.39,6895.8,32269.578267,4.46,30.67,-20.45
2018-04-08,6895.81,7018.0,21427.673165,1.77,41.47,11.63
2018-04-09,7011.04,6782.72,34078.297206,-3.26,44.7,21.74
2018-04-10,6781.55,6843.9,22326.728095,0.92,61.25,36.41
2018-04-11,6839.56,6953.79,23997.871177,1.67,85.29,56.2
2018-04-12,6953.78,7923.0,64861.595987,13.94,100.0,132.87
2018-04-13,7922.99,7877.41,55044.523148,-0.58,100.0,176.1
2018-04-14,7877.48,7999.01,31621.286357,1.54,100.0,206.38
2018-04-15,8004.0,8355.0,27946.720444,4.39,100.0,241.45
2018-04-16,8355.07,8064.92,36664.069715,-3.47,85.24,235.89
2018-04-17,8064.92,7885.02,32152.603567,-2.23,71.71,211.66
2018-04-18,7890.96,8173.0,26969.04457,3.57,100.0,206.37
2018-04-19,8173.99,8278.0,27113.847464,1.27,100.0,201.08
2018-04-20,8273.84,8856.98,39795.337485,7.05,100.0,225.86
2018-04-21,8852.12,8915.31,40872.229909,0.71,97.23,234.44
2018-04-22,8915.31,8787.02,29458.25348,-1.44,89.62,219.98
2018-04-23,8785.7,8934.01,25838.114709,1.69,100.0,208.9
2018-04-24,8934.0,9619.99,46268.790106,7.68,100.0,234.44
2018-04-25,9618.96,8869.99,81110.037589,-7.79,49.81,189.42
2018-04-26,8869.99,9266.0,43300.304245,4.46,34.84,175.24
2018-04-27,9267.03,8915.35,37241.347036,-3.79,18.26,133.08
2018-04-28,8915.35,9348.0,34759.62842,4.85,27.39,125.28
2018-04-29,9348.0,9419.0,38149.850035,0.76,19.07,116.06
2018-04-30,9417.04,9246.01,35002.033875,-1.82,25.15,90.6
2018-05-01,9246.01,9071.48,41018.463633,-1.89,8.78,55.99
2018-05-02,9071.48,9247.84,26123.543961,1.94,4.51,39.72
2018-05-03,9247.81,9750.0,38768.388288,5.43,18.77,56.5
2018-05-04,9750.0,9713.99,28681.588879,-0.37,0.0,58.65
2018-05-05,9714.0,9864.0,24990.018345,1.54,3.67,63.24
2018-05-06,9863.99,9659.01,27690.351559,-2.08,0.0,46.34
2018-05-07,9661.02,9365.0,33787.640012,-3.06,0.0,11.05
2018-05-08,9365.0,9187.56,25533.831889,-1.89,0.0,-26.49
2018-05-09,9178.0,9310.0,25673.524899,1.44,56.41,-44.28
2018-05-10,9310.0,9002.2,25055.063718,-3.31,6.53,-76.11
2018-05-11,9002.21,8400.0,48227.048061,-6.69,0.0,-133.69
2018-05-12,8405.94,8465.94,40241.32081,0.71,0.0,-161.45
2018-05-13,8475.44,8679.71,25632.869362,2.41,9.47,-159.25
2018-05-14,8679.71,8663.34,37389.666533,-0.19,15.99,-152.72
2018-05-15,8663.37,8462.0,28126.956136,-2.32,14.83,-155.28
2018-05-16,8462.0,8330.0,31130.718908,-1.56,0.0,-158.61
2018-05-17,8330.0,8041.46,25439.844799,-3.46,0.0,-171.89
2018-05-18,8038.82,8239.81,23476.158251,2.5,13.41,-159.24
2018-05-19,8238.01,8233.49,17193.424276,-0.05,3.88,-143.7
2018-05-20,8233.49,8526.98,19957.057109,3.56,29.6,-107.7
2018-05-21,8526.97,8381.24,21516.596486,-1.71,34.01,-88.55
2018-05-22,8386.89,7977.11,23710.902858,-4.89,27.44,-97.26
2018-05-23,7977.12,7501.95,42910.666774,-5.96,12.95,-127.28
2018-05-24,7501.95,7575.01,37845.446595,0.97,32.71,-133.8
2018-05-25,7578.99,7457.0,26739.95664,-1.61,59.89,-137.15
2018-05-26,7456.99,7333.96,19464.086071,-1.65,44.83,-138.34
2018-05-27,7334.0,7338.99,18706.945515,0.07,16.09,-129.63
2018-05-28,7338.99,7099.0,27219.438963,-3.27,7.07,-130.51
2018-05-29,7099.0,7461.29,39407.21183,5.1,84.88,-98.62
2018-05-30,7467.98,7375.96,32041.583623,-1.23,100.0,-76.2
2018-05-31,7382.07,7485.01,30776.063102,1.39,100.0,-48.32
2018-06-01,7485.01,7521.01,28259.124078,0.48,78.41,-23.02
2018-06-02,7521.01,7640.03,26720.690219,1.58,95.01,4.67
2018-06-03,7636.81,7714.26,27505.158951,1.01,64.08,29.56
2018-06-04,7714.26,7487.0,32258.835115,-2.95,58.14,32.06
2018-06-05,7487.0,7625.0,31722.973384,1.84,100.0,43.65
2018-06-06,7626.64,7658.84,27229.991898,0.42,100.0,53.57
2018-06-07,7658.79,7691.08,25062.227202,0.42,96.74,61.7
2018-06-08,7691.08,7603.44,23396.804671,-1.14,99.64,60.5
2018-06-09,7603.44,7491.73,19339.885176,-1.47,100.0,51.84
2018-06-10,7491.73,6764.99,52342.020032,-9.7,50.14,-0.42
2018-06-11,6765.0,6872.0,34552.162303,1.58,57.4,-24.05
2018-06-12,6872.0,6530.0,36722.211191,-4.98,0.0,-57.1
2018-06-13,6530.0,6292.78,46185.5181,-3.63,0.0,-87.5
2018-06-14,6292.78,6635.98,44478.130837,5.45,23.69,-77.41
2018-06-15,6638.67,6388.9,30018.329905,-3.76,9.88,-79.96
2018-06-16,6380.01,6483.98,22277.241147,1.63,7.7,-68.29
2018-06-17,6482.5,6449.61,19847.247688,-0.51,0.0,-56.42
2018-06-18,6444.06,6712.46,31821.434995,4.17,32.74,-25.94
2018-06-19,6711.39,6741.21,24311.421143,0.44,23.36,-0.29
2018-06-20,6740.0,6761.51,26359.752452,0.32,22.14,20.46
2018-06-21,6763.21,6718.84,25428.854048,-0.66,17.33,32.98
2018-06-22,6717.69,6045.0,52157.370833,-10.01,0.0,-0.67
2018-06-23,6045.92,6149.98,26622.788589,1.72,17.42,-11.78
2018-06-24,6149.98,6136.97,47445.998955,-0.21,61.32,-15.7
2018-06-25,6137.95,6252.0,39164.515306,1.86,100.0,-6.68
2018-06-26,6252.0,6070.78,19377.240484,-2.9,100.0,-8.93
2018-06-27,6065.89,6133.73,19225.671098,1.12,100.0,-2.52
2018-06-28,6134.73,5853.98,30585.266026,-4.58,28.28,-12.88
2018-06-29,5851.01,6197.92,33911.287278,5.93,96.77,6.62
2018-06-30,6197.92,6390.07,37919.61284,3.1,100.0,34.12
2018-07-01,6391.08,6356.81,27562.965974,-0.54,100.0,50.72
2018-07-02,6360.82,6615.29,36230.452264,4.0,99.56,78.13
2018-07-03,6615.29,6513.86,38657.781691,-1.53,87.54,87.72
2018-07-04,6511.01,6586.98,23571.892777,1.17,92.88,96.59
2018-07-05,6585.53,6529.2,35071.972898,-0.86,91.59,95.96
2018-07-06,6529.2,6609.78,29397.094748,1.23,100.0,98.03
2018-07-07,6609.79,6756.98,23973.876886,2.23,100.0,105.7
2018-07-08,6753.48,6712.1,24622.947794,-0.61,96.85,103.99
2018-07-09,6712.1,6662.12,26732.40655,-0.74,85.5,95.92
2018-07-10,6662.78,6296.91,38560.672702,-5.49,69.65,63.95
2018-07-11,6296.91,6378.07,28715.498487,1.29,70.79,47.02
2018-07-12,6378.07,6250.57,31306.663348,-2.0,72.9,26.99
2018-07-13,6251.4,6214.57,26375.325286,-0.59,25.55,11.83
2018-07-14,6214.57,6251.99,17783.071999,0.6,0.35,5.18
2018-07-15,6250.9,6353.01,22979.211508,1.63,22.47,8.26
2018-07-16,6354.15,6723.35,36204.87708,5.81,38.94,34.45
2018-07-17,6723.33,7317.44,52105.423459,8.84,100.0,87.95
2018-07-18,7317.44,7381.9,59487.64345,0.88,99.46,121.76
2018-07-19,7381.88,7466.21,41218.256437,1.14,100.0,142.44
2018-07-20,7468.86,7337.53,46140.313447,-1.76,80.25,139.9
2018-07-21,7337.47,7398.78,28886.490291,0.84,75.07,134.74
2018-07-22,7399.25,7394.79,30270.21844,-0.06,79.91,123.74
2018-07-23,7394.78,7721.01,41646.346671,4.41,100.0,130.44
2018-07-24,7721.65,8397.24,60121.163749,8.75,100.0,169.92
2018-07-25,8397.24,8175.64,48257.649124,-2.64,83.32,170.2
2018-07-26,8175.63,7920.0,43223.481682,-3.13,75.21,143.33
2018-07-27,7920.0,8188.57,43671.005891,3.39,81.44,133.99
2018-07-28,8188.57,8225.04,26215.173839,0.45,79.29,120.99
2018-07-29,8225.04,8211.0,25531.226185,-0.17,74.59,102.89
2018-07-30,8210.99,8173.92,39692.416542,-0.45,46.6,80.84
2018-07-31,8171.4,7730.93,48296.915587,-5.39,0.0,31.38
2018-08-01,7735.67,7604.58,42582.312932,-1.69,0.0,-12.54
2018-08-02,7600.08,7525.71,37665.696684,-0.98,0.0,-47.62
2018-08-03,7525.71,7418.78,44669.486047,-1.42,1.1,-77.0
2018-08-04,7412.27,7009.84,36288.42601,-5.43,0.0,-120.37
2018-08-05,7009.84,7024.19,32894.849782,0.2,0.72,-142.95
2018-08-06,7024.19,6934.82,32760.191643,-1.27,0.0,-157.6
2018-08-07,6935.0,6720.06,45438.473501,-3.1,0.0,-174.16
2018-08-08,6720.63,6285.0,59550.536319,-6.48,0.0,-204.71
2018-08-09,6283.27,6529.79,51941.185111,3.92,14.32,-198.57
2018-08-10,6529.79,6144.01,59034.974902,-5.91,0.0,-209.56
2018-08-11,6148.13,6232.35,47133.418555,1.37,2.49,-199.96
2018-08-12,6222.55,6308.33,38567.770712,1.38,6.44,-178.29
2018-08-13,6308.56,6246.35,53895.828783,-0.99,8.67,-158.6
2018-08-14,6248.25,6188.08,50186.745091,-0.96,15.15,-140.58
2018-08-15,6188.08,6267.16,68806.687026,1.28,25.4,-115.46
2018-08-16,6265.27,6311.75,48515.254618,0.74,30.98,-89.15
2018-08-17,6316.0,6584.49,57851.610803,4.25,67.17,-48.71
2018-08-18,6579.04,6387.96,53742.322172,-2.9,76.71,-31.37
2018-08-19,6387.96,6477.53,45190.847994,1.4,100.0,-11.09
2018-08-20,6477.53,6254.84,49435.55526,-3.44,92.37,-9.93
2018-08-21,6251.0,6480.0,41569.947408,3.66,100.0,7.79
2018-08-22,6479.98,6360.89,77909.391359,-1.84,100.0,12.97
2018-08-23,6362.57,6525.01,40358.166825,2.55,95.39,28.07
2018-08-24,6525.0,6681.64,38305.675322,2.4,100.0,48.04
2018-08-25,6686.98,6733.64,19220.505929,0.7,98.56,63.24
2018-08-26,6733.64,6700.0,20107.297208,-0.5,92.96,69.04
2018-08-27,6700.0,6908.64,37747.078747,3.11,100.0,83.96
2018-08-28,6907.26,7076.11,48352.917163,2.44,100.0,100.98
2018-08-29,7077.0,7031.22,43252.487392,-0.65,94.33,104.64
2018-08-30,7033.21,6984.84,44716.77462,-0.69,87.03,99.42
2018-08-31,6984.84,7011.21,40467.400638,0.38,72.82,93.3
2018-09-01,7011.21,7200.01,40323.414093,2.69,100.0,97.11
2018-09-02,7201.57,7302.01,39814.840352,1.39,100.0,101.17
2018-09-03,7302.0,7263.02,32396.018371,-0.53,100.0,95.95
2018-09-04,7263.0,7359.06,35300.640518,1.32,95.0,93.59
2018-09-05,7359.05,6700.0,63715.256267,-8.96,26.94,44.74
2018-09-06,6697.27,6516.01,60644.464227,-2.71,0.0,-0.47
2018-09-07,6516.84,6395.54,38906.28805,-1.86,0.0,-36.98
2018-09-08,6395.54,6185.05,38215.032171,-3.29,0.0,-71.77
2018-09-09,6185.06,6250.81,37053.92382,1.06,5.55,-85.88
2018-09-10,6252.26,6312.0,32439.456432,0.96,0.0,-86.38
2018-09-11,6311.99,6294.91,33104.88859,-0.27,0.0,-83.12
2018-09-12,6293.0,6338.62,31433.645939,0.72,4.47,-73.6
2018-09-13,6338.62,6487.38,40465.063107,2.35,15.68,-53.79
2018-09-14,6487.39,6476.63,37173.339277,-0.17,13.69,-38.63
2018-09-15,6476.63,6514.96,25243.656612,0.59,3.62,-23.95
2018-09-16,6514.96,6505.0,27568.132897,-0.15,0.0,-13.37
2018-09-17,6500.08,6248.69,35987.254738,-3.87,0.0,-21.61
2018-09-18,6248.69,6336.45,32620.86667,1.4,0.0,-19.2
2018-09-19,6336.39,6391.89,39044.080082,0.88,56.46,-12.26
2018-09-20,6392.0,6492.0,25189.024728,1.56,100.0,0.02
2018-09-21,6492.0,6759.02,51779.343463,4.11,100.0,25.67
2018-09-22,6759.01,6723.05,29349.690667,-0.53,100.0,38.96
2018-09-23,6723.05,6708.0,30286.229773,-0.22,94.86,45.05
2018-09-24,6706.81,6581.39,35305.73991,-1.87,76.93,39.08
2018-09-25,6581.42,6447.54,40301.029452,-2.03,66.01,25.32
2018-09-26,6445.11,6465.12,33484.54207,0.31,64.21,17.0
2018-09-27,6467.84,6689.13,33087.428297,3.42,69.22,25.67
2018-09-28,6689.12,6634.58,42399.448523,-0.82,65.63,26.69
2018-09-29,6634.58,6596.38,30255.9597,-0.58,60.16,23.84
2018-09-30,6597.66,6626.57,27764.724519,0.44,62.91,23.04
2018-10-01,6626.57,6611.61,20621.506894,-0.23,85.06,20.62
2018-10-02,6610.0,6525.79,28245.810088,-1.27,57.45,12.74
2018-10-03,6525.79,6510.0,28451.969138,-0.24,25.91,6.31
2018-10-04,6510.01,6593.79,20074.300818,1.29,8.11,7.44
2018-10-05,6591.69,6635.65,16096.552392,0.67,0.0,10.58
2018-10-06,6635.65,6594.27,10939.505391,-0.62,0.0,9.46
2018-10-07,6596.44,6615.26,17406.831762,0.29,8.98,9.7
2018-10-08,6615.26,6673.01,23123.419541,0.87,55.69,13.1
2018-10-09,6673.01,6656.61,15354.779469,-0.25,95.28,13.54
2018-10-10,6656.67,6631.0,15390.661444,-0.39,81.58,11.48
2018-10-11,6630.21,6252.68,48712.400332,-5.69,0.0,-14.56
2018-10-12,6252.71,6298.01,29004.071419,0.72,13.58,-27.22
2018-10-13,6298.0,6332.93,19098.070025,0.55,23.85,-31.41
2018-10-14,6332.92,6339.34,15627.411314,0.1,19.33,-31.83
2018-10-15,6339.34,6752.5,90748.031246,6.52,77.71,-3.83
2018-10-16,6752.5,6759.27,27557.957764,0.1,88.89,14.58
2018-10-17,6762.76,6740.89,26641.431379,-0.32,88.54,24.38
2018-10-18,6739.01,6618.96,20116.521941,-1.78,65.83,21.62
2018-10-19,6618.96,6528.88,20772.60077,-1.36,52.19,13.09
2018-10-20,6528.88,6588.4,19240.722247,0.91,62.55,10.93
2018-10-21,6585.72,6590.11,6515.357792,0.07,60.56,9.15
2018-10-22,6590.12,6581.2,16213.69266,-0.14,53.35,7.01
2018-10-23,6581.2,6553.51,13856.601756,-0.42,56.74,3.53
2018-10-24,6553.51,6565.5,11951.543977,0.18,63.16,1.93
2018-10-25,6566.81,6528.09,10342.701244,-0.59,100.0,-1.57
2018-10-26,6528.13,6538.63,9443.504156,0.16,95.61,-3.01
2018-10-27,6538.63,6505.6,7776.907864,-0.51,83.21,-5.87
2018-10-28,6505.6,6489.93,5743.933728,-0.24,65.65,-8.33
2018-10-29,6489.93,6344.5,13827.224067,-2.24,0.0,-18.69
2018-10-30,6344.5,6330.87,8877.175385,-0.21,0.0,-24.99
2018-10-31,6330.01,6371.93,12148.888216,0.66,11.88,-24.88
2018-11-01,6369.52,6410.0,9099.035841,0.64,31.84,-20.88
2018-11-02,6410.0,6433.98,9739.440679,0.37,50.12,-15.52
2018-11-03,6432.8,6387.09,7661.241476,-0.71,26.93,-14.06
2018-11-04,6388.0,6485.85,10592.394943,1.53,51.47,-5.8
2018-11-05,6485.85,6468.99,8987.882156,-0.26,50.36,-1.07
2018-11-06,6468.99,6519.11,11926.565699,0.77,64.05,5.46
2018-11-07,6522.73,6578.46,14271.591117,0.85,71.76,13.37
2018-11-08,6578.46,6479.84,13259.789282,-1.5,64.78,11.61
2018-11-09,6479.84,6419.99,11787.616583,-0.92,60.57,6.33
2018-11-10,6419.99,6433.05,7714.829926,0.2,69.11,3.76
2018-11-11,6435.16,6449.81,8213.507117,0.23,89.71,3.25
2018-11-12,6450.71,6453.07,10132.782567,0.04,100.0,3.19
2018-11-13,6451.68,6457.66,11790.564933,0.09,100.0,3.49
2018-11-14,6458.98,5922.41,46478.964003,-8.31,2.95,-30.45
2018-11-15,5917.2,5753.4,47700.829401,-2.77,0.0,-60.64
2018-11-16,5757.09,5655.94,38721.802274,-1.76,0.0,-82.19
2018-11-17,5650.57,5628.29,26411.241413,-0.39,0.71,-92.56
2018-11-18,5630.49,5662.0,23844.999347,0.56,0.0,-91.23
2018-11-19,5661.94,4910.03,70580.892856,-13.28,0.0,-132.59
2018-11-20,4913.4,4558.86,117380.95159,-7.22,0.0,-172.65
2018-11-21,4559.91,4661.07,61071.829475,2.22,3.23,-180.47
2018-11-22,4661.08,4370.0,34531.119143,-6.24,2.14,-192.36
2018-11-23,4370.9,4420.61,49371.920322,1.14,5.93,-183.93
2018-11-24,4415.63,3932.44,61693.111006,-10.94,2.43,-197.18
2018-11-25,3933.68,4085.78,101693.975588,3.87,9.93,-181.92
2018-11-26,4088.69,3862.2,94504.865717,-5.54,8.36,-173.25
2018-11-27,3864.45,3875.21,67480.607212,0.28,21.06,-153.65
2018-11-28,3875.63,4264.85,91983.567949,10.04,100.0,-103.85
2018-11-29,4262.06,4295.84,73980.198669,0.79,100.0,-60.39
2018-11-30,4295.72,4041.32,67758.446283,-5.92,93.56,-41.26
2018-12-01,4041.27,4190.02,44840.073481,3.68,100.0,-12.55
2018-12-02,4190.98,4161.01,38912.15479,-0.72,95.55,9.34
2018-12-03,4160.55,3884.01,49094.369163,-6.65,100.0,9.96
2018-12-04,3884.76,3951.64,48489.551613,1.72,100.0,19.2
2018-12-05,3950.98,3769.84,44004.799448,-4.58,83.5,17.38
2018-12-06,3768.44,3508.75,68378.796943,-6.89,84.67,3.63
2018-12-07,3508.75,3403.55,95145.457442,-3.0,76.14,-6.94
2018-12-08,3403.57,3410.93,55365.949949,0.22,99.57,-7.76
2018-12-09,3411.36,3545.37,45956.893296,3.93,97.56,5.71
2018-12-10,3548.49,3432.88,40989.244553,-3.26,100.0,11.64
2018-12-11,3434.01,3380.39,35920.864154,-1.56,91.15,16.35
2018-12-12,3379.23,3445.0,33922.931286,1.95,12.13,27.48
2018-12-13,3446.38,3302.06,40040.917013,-4.19,0.0,28.74
2018-12-14,3302.06,3224.17,44492.983807,-2.36,14.93,27.84
2018-12-15,3225.19,3211.72,29796.041436,-0.42,0.0,29.74
2018-12-16,3211.71,3228.67,24628.808538,0.53,5.9,35.11
2018-12-17,3229.22,3509.08,66762.216388,8.67,92.11,59.1
2018-12-18,3509.03,3652.98,61369.615257,4.1,100.0,84.66
2018-12-19,3653.0,3662.22,94137.341014,0.25,100.0,101.08
2018-12-20,3660.01,4049.62,101543.835986,10.65,100.0,134.81
2018-12-21,4051.86,3838.66,82343.850112,-5.26,91.28,139.12
2018-12-22,3840.25,3948.91,42822.350872,2.83,95.64,144.96
2018-12-23,3948.91,3929.71,40117.531529,-0.49,88.36,142.86
2018-12-24,3929.71,4008.01,64647.809129,1.99,100.0,141.78
2018-12-25,4010.11,3745.79,62725.629432,-6.59,84.31,119.35
2018-12-26,3745.56,3777.74,42629.375817,0.86,82.84,103.21
2018-12-27,3777.74,3567.91,44097.392912,-5.55,78.55,76.2
2018-12-28,3567.89,3839.26,45964.304987,7.61,94.29,74.32
2018-12-29,3839.0,3695.32,38874.373903,-3.74,86.07,61.62
2018-12-30,3696.71,3801.91,33222.369262,2.85,82.66,58.66
2018-12-31,3803.12,3702.9,29991.77835,-2.64,51.42,48.69
2019-01-01,3701.23,3797.14,23741.687033,2.59,0,0.0
2019-01-02,3796.45,3858.56,35156.463369,1.64,0,3.92
2019-01-03,3857.57,3766.78,29406.948359,-2.35,0.0,0.3
2019-01-04,3767.2,3792.01,29519.554671,0.66,14.14,-0.38
2019-01-05,3790.09,3770.96,30490.667751,-0.5,5.59,-2.14
2019-01-06,3771.12,3987.6,36553.806709,5.74,54.74,10.7
2019-01-07,3987.62,3975.45,31869.846264,-0.31,51.29,17.37
2019-01-08,3976.76,3955.13,38901.423122,-0.54,45.93,19.28
2019-01-09,3955.45,3966.65,28989.439511,0.28,47.29,20.09
2019-01-10,3966.06,3585.88,59402.22851,-9.59,0.0,-4.91
2019-01-11,3585.88,3601.31,38338.654733,0.43,1.8,-19.49
2019-01-12,3601.31,3583.13,21999.928354,-0.5,0.52,-28.86
2019-01-13,3584.1,3476.81,26385.757454,-2.99,0.0,-40.05
2019-01-14,3477.56,3626.09,35235.211215,4.27,13.21,-35.38
2019-01-15,3626.08,3553.06,34137.997459,-2.01,9.33,-35.12
2019-01-16,3553.06,3591.84,27480.179977,1.09,12.83,-30.43
2019-01-17,3591.84,3616.21,29755.440838,0.68,24.39,-24.05
2019-01-18,3613.32,3594.87,22713.446755,-0.51,18.98,-19.82
2019-01-19,3594.87,3665.3,22171.578123,1.96,30.01,-11.24
2019-01-20,3665.75,3539.28,27901.938598,-3.45,0.0,-12.91
2019-01-21,3539.26,3526.9,19644.436839,-0.35,0.0,-13.63
2019-01-22,3526.88,3570.93,29336.442967,1.25,8.63,-10.09
2019-01-23,3570.41,3552.82,24938.842698,-0.49,13.14,-8.0
2019-01-24,3552.97,3569.62,20826.25118,0.47,100.0,-4.68
2019-01-25,3569.07,3565.29,17608.346671,-0.11,93.05,-2.11
2019-01-26,3566.69,3565.25,19476.532344,-0.04,99.19,0.13
2019-01-27,3565.62,3550.84,22735.598162,-0.41,100.0,1.14
2019-01-28,3550.05,3434.15,40405.111401,-3.26,16.54,-5.21
2019-01-29,3434.0,3411.04,29544.928977,-0.67,28.19,-9.85
2019-01-30,3410.04,3458.18,23968.260243,1.41,31.82,-8.68
2019-01-31,3457.5,3434.1,29607.190253,-0.68,15.17,-8.45
2019-02-01,3434.1,3462.07,25260.476159,0.81,32.65,-5.48
2019-02-02,3462.2,3504.77,17920.802,1.23,20.33,0.01
2019-02-03,3504.06,3458.11,19867.33639,-1.31,43.43,1.08
2019-02-04,3458.11,3463.22,23131.981108,0.15,46.05,2.63
2019-02-05,3463.22,3471.59,25264.41503,0.24,25.24,4.6
2019-02-06,3471.57,3405.37,35310.244846,-1.91,1.21,1.96
2019-02-07,3407.0,3398.4,18665.538638,-0.25,0.0,0.34
2019-02-08,3398.4,3659.04,47968.058013,7.67,100.0,16.53
2019-02-09,3660.27,3665.18,24759.833719,0.13,100.0,26.75
2019-02-10,3665.18,3680.06,23250.602634,0.41,100.0,33.2
2019-02-11,3679.75,3631.05,24954.614571,-1.32,100.0,32.78
2019-02-12,3631.05,3631.46,29479.59823,0.01,100.0,31.16
2019-02-13,3631.51,3609.4,25773.997648,-0.61,86.37,27.37
2019-02-14,3608.34,3590.56,21753.501261,-0.49,87.88,22.57
2019-02-15,3590.57,3602.47,20777.872899,0.33,85.12,19.28
2019-02-16,3602.49,3618.41,19565.992751,0.44,80.16,17.34
2019-02-17,3617.22,3667.58,25690.227779,1.39,100.0,18.42
2019-02-18,3667.62,3898.6,64042.730492,6.3,100.0,32.9
2019-02-19,3897.35,3907.79,50207.172667,0.27,100.0,40.79
2019-02-20,3907.35,3969.74,36205.14085,1.6,100.0,47.41
2019-02-21,3969.74,3937.31,31103.884728,-0.82,90.69,46.76
2019-02-22,3937.31,3962.0,23943.16375,0.63,68.18,45.12
2019-02-23,3962.0,4117.76,33657.942883,3.93,82.94,51.21
2019-02-24,4118.0,3743.56,62224.18689,-9.09,0.0,27.88
2019-02-25,3743.56,3827.92,38102.966245,2.25,17.56,16.55
2019-02-26,3828.44,3809.23,28838.748036,-0.5,14.62,6.71
2019-02-27,3809.31,3818.07,31500.995466,0.23,19.01,0.06
2019-02-28,3818.04,3813.69,32561.961044,-0.11,21.34,-5.08
2019-03-01,3814.26,3823.0,23174.57217,0.23,21.06,-8.12
2019-03-02,3822.17,3819.93,19445.838355,-0.06,18.82,-10.46
2019-03-03,3819.97,3807.75,16718.16541,-0.32,11.1,-12.79
2019-03-04,3807.32,3715.3,34742.84166,-2.42,0.0,-20.09
2019-03-05,3716.1,3857.73,32962.536162,3.81,16.5,-15.09
2019-03-06,3857.58,3861.84,24775.11883,0.11,10.52,-11.42
2019-03-07,3861.84,3873.64,26455.257661,0.31,16.18,-8.28
2019-03-08,3873.63,3864.89,34730.366592,-0.23,11.84,-6.92
2019-03-09,3864.88,3943.04,30979.747653,2.02,0.17,-1.18
2019-03-10,3943.43,3916.82,23187.561412,-0.67,100.0,0.34
2019-03-11,3915.99,3871.61,38066.885705,-1.13,54.56,-2.08
2019-03-12,3871.61,3882.73,26921.008622,0.29,66.7,-3.23
2019-03-13,3882.69,3866.0,24461.008757,-0.43,56.2,-5.31
2019-03-14,3866.0,3877.12,27048.74853,0.29,61.91,-6.07
2019-03-15,3877.12,3923.76,21740.061498,1.2,73.46,-3.67
2019-03-16,3924.46,4005.98,28568.376124,2.08,95.0,2.85
2019-03-17,4005.98,3981.14,18814.255577,-0.62,89.95,4.77
2019-03-18,3981.85,3987.81,22454.47801,0.15,100.0,5.72
2019-03-19,3987.83,4015.53,19893.741815,0.69,81.6,7.33
2019-03-20,4017.48,4043.04,23432.300255,0.64,86.16,9.25
2019-03-21,4043.04,3980.64,35997.682119,-1.54,58.66,5.49
2019-03-22,3980.85,3986.93,20022.606318,0.15,63.16,2.76
2019-03-23,3987.89,4006.01,17302.604318,0.45,13.44,1.6
2019-03-24,4006.01,3992.18,17179.850648,-0.35,21.63,-0.59
2019-03-25,3991.35,3936.12,33192.890217,-1.38,12.61,-6.03
2019-03-26,3935.47,3948.55,29349.537627,0.33,13.24,-8.82
2019-03-27,3948.77,4038.05,32364.555852,2.26,55.75,-4.87
2019-03-28,4039.58,4027.81,20089.293875,-0.29,42.09,-3.25
2019-03-29,4028.22,4103.25,30084.217444,1.86,52.37,2.29
2019-03-30,4104.24,4106.97,19509.292601,0.07,21.17,5.42
2019-03-31,4106.99,4103.95,13525.087433,-0.07,38.44,6.43
2019-04-01,4102.44,4144.56,25507.067641,1.03,72.07,8.83
2019-04-02,4144.54,4857.29,105383.639263,17.2,100.0,54.84
2019-04-03,4857.19,4932.6,109890.125743,1.55,100.0,84.98
2019-04-04,4932.59,4898.66,61054.254168,-0.69,100.0,96.43
2019-04-05,4898.64,5004.95,39768.552806,2.17,100.0,104.28
2019-04-06,5004.96,5043.89,41770.842313,0.78,100.0,104.94
2019-04-07,5042.07,5170.27,37615.486804,2.54,100.0,106.39
2019-04-08,5170.27,5236.9,50178.430782,1.29,100.0,104.21
2019-04-09,5238.38,5150.0,34067.012311,-1.69,83.61,89.83
2019-04-10,5150.0,5308.25,40073.620471,3.07,84.77,84.0
2019-04-11,5307.86,5017.37,54696.600686,-5.47,44.57,54.97
2019-04-12,5017.37,5048.01,33276.678614,0.61,42.92,33.33
2019-04-13,5047.0,5045.22,17292.456802,-0.04,36.56,15.24
2019-04-14,5047.45,5131.3,18281.607739,1.66,34.93,5.96
2019-04-15,5131.28,5024.95,29057.191581,-2.07,0.0,-9.61
2019-04-16,5024.95,5173.72,24242.229493,2.96,0.0,-11.99
2019-04-17,5173.72,5202.82,23307.536134,0.56,0.0,-13.6
2019-04-18,5202.41,5258.44,22619.239001,1.08,8.78,-12.92
2019-04-19,5258.44,5258.68,24611.236323,0.0,0.1,-14.34
2019-04-20,5258.68,5291.73,19168.908274,0.63,0.0,-14.87
2019-04-21,5292.91,5256.14,25549.570939,-0.69,0.0,-19.18
2019-04-22,5257.41,5357.14,29563.852309,1.9,3.64,-16.85
2019-04-23,5357.14,5493.31,41262.103917,2.54,27.57,-8.21
2019-04-24,5490.91,5415.0,48224.152413,-1.38,3.8,-9.73
2019-04-25,5415.0,5219.9,49636.089948,-3.6,24.93,-24.98
2019-04-26,5220.47,5314.1,48912.294513,1.79,34.65,-29.51
2019-04-27,5315.0,5295.69,15422.896935,-0.36,31.02,-34.2
2019-04-28,5295.69,5307.52,14371.433869,0.22,24.31,-36.74
2019-04-29,5309.81,5238.14,19918.135079,-1.35,65.7,-42.9
2019-04-30,5238.14,5320.81,22238.06823,1.58,38.91,-41.21
2019-05-01,5321.94,5383.2,17217.473216,1.15,52.86,-35.87
2019-05-02,5383.2,5492.87,22795.787835,2.04,73.58,-25.44
2019-05-03,5494.81,5772.69,46297.172849,5.06,100.0,-1.45
2019-05-04,5770.62,5829.45,39682.408991,1.02,100.0,15.56
2019-05-05,5829.83,5775.62,23822.543775,-0.93,93.88,20.21
2019-05-06,5773.18,5747.79,25256.596325,-0.44,68.42,18.47
2019-05-07,5749.92,5846.34,39905.064422,1.68,61.62,20.85
2019-05-08,5846.34,5987.29,23074.186907,2.41,100.0,28.34
2019-05-09,5986.66,6209.18,27453.011436,3.72,100.0,43.75
2019-05-10,6209.95,6373.33,36623.61079,2.63,100.0,59.52
2019-05-11,6375.16,7076.22,74022.424393,11.0,100.0,108.94
2019-05-12,7076.24,6967.31,86948.975339,-1.54,86.62,124.81
2019-05-13,6968.24,7790.71,85804.735333,11.8,100.0,178.03
2019-05-14,7795.62,7947.56,76583.722603,1.95,100.0,208.92
2019-05-15,7945.26,8169.87,37884.327211,2.83,100.0,227.9
2019-05-16,8169.08,7866.59,69630.513996,-3.7,70.82,204.36
2019-05-17,7868.67,7355.26,88752.008159,-6.52,26.14,141.66
2019-05-18,7355.28,7257.45,37054.944779,-1.33,18.16,83.77
2019-05-19,7257.32,8148.48,65577.442058,12.28,41.32,94.84
2019-05-20,8147.94,7938.15,65859.208564,-2.57,31.22,78.06
2019-05-21,7937.16,7904.87,52301.752247,-0.41,11.44,55.81
2019-05-22,7904.48,7628.43,49136.994589,-3.49,0.0,15.67
2019-05-23,7627.8,7851.51,49648.184701,2.93,0.03,-1.75
2019-05-24,7849.95,7964.87,46664.785325,1.46,0.0,-11.01
2019-05-25,7964.52,8025.41,28414.328817,0.76,0.0,-18.02
2019-05-26,8023.0,8614.43,49652.144567,7.37,20.12,10.53
2019-05-27,8612.54,8756.32,51886.768793,1.67,2.59,31.29
2019-05-28,8752.52,8715.64,31470.551534,-0.42,0.0,34.38
2019-05-29,8716.87,8645.68,33880.865922,-0.82,0.0,24.27
2019-05-30,8646.5,8269.54,70379.998521,-4.36,0.0,-13.18
2019-05-31,8267.1,8555.0,44727.49162,3.48,57.42,-23.54
2019-06-01,8555.0,8544.07,31868.234157,-0.13,65.84,-35.24
2019-06-02,8545.1,8725.98,27835.133265,2.12,30.61,-34.79
2019-06-03,8726.0,8115.82,45692.965104,-6.99,0.0,-77.21
2019-06-04,8115.66,7687.03,74143.948941,-5.28,0.0,-132.52
2019-06-05,7687.04,7776.5,48679.656455,1.16,24.35,-159.64
2019-06-06,7778.08,7786.7,36624.118747,0.11,9.39,-172.37
2019-06-07,7787.57,7980.53,33942.225658,2.48,15.29,-163.29
2019-06-08,7978.94,7893.62,22657.329634,-1.07,4.79,-158.57
2019-06-09,7895.28,7628.13,31568.465157,-3.38,0.0,-167.86
2019-06-10,7627.57,7982.75,36756.078468,4.66,12.94,-145.49
2019-06-11,7981.0,7884.9,30334.999427,-1.2,11.07,-132.99
2019-06-12,7884.9,8127.64,41597.082622,3.08,26.08,-105.29
2019-06-13,8127.64,8218.54,30467.764341,1.12,45.37,-78.97
2019-06-14,8216.44,8650.0,39835.246255,5.28,51.85,-32.98
2019-06-15,8650.88,8808.7,31791.636039,1.82,75.73,5.59
2019-06-16,8810.77,8953.33,63289.251219,1.62,97.54,36.59
2019-06-17,8953.0,9313.96,47895.485374,4.03,100.0,74.91
2019-06-18,9312.13,9081.55,51554.569401,-2.48,100.0,77.8
2019-06-19,9081.97,9255.49,32147.706495,1.91,100.0,84.08
2019-06-20,9253.76,9517.12,34556.053982,2.85,100.0,97.56
2019-06-21,9518.06,10159.86,50484.415892,6.74,100.0,138.95
2019-06-22,10159.86,10729.5,104169.447976,5.61,100.0,190.68
2019-06-23,10729.0,10906.07,57445.323945,1.65,100.0,220.66
2019-06-24,10905.95,11056.59,43101.045285,1.38,99.17,233.27
2019-06-25,11056.59,11820.86,61276.686648,6.91,100.0,272.97
2019-06-26,11821.28,13093.8,155930.147386,10.76,100.0,359.41
2019-06-27,13098.38,11329.99,173894.820889,-13.5,46.09,275.99
2019-06-28,11329.99,12400.63,95795.203964,9.45,49.02,270.74
2019-06-29,12407.06,11903.13,69642.074157,-4.06,36.98,214.07
2019-06-30,11903.13,10854.1,84512.530443,-8.81,0.0,92.46
2019-07-01,10854.1,10624.93,90962.268271,-2.11,0.0,-11.37
2019-07-02,10624.9,10842.85,109561.038728,2.05,6.68,-70.06
2019-07-03,10844.98,11940.0,96815.90029,10.1,16.56,-41.11
2019-07-04,11940.0,11145.67,66512.221892,-6.65,1.32,-79.35
2019-07-05,11145.67,10970.73,63534.350582,-1.57,0.0,-118.01
2019-07-06,10982.41,11256.49,51469.496331,2.5,0.0,-125.22
2019-07-07,11256.45,11406.24,38884.795599,1.33,0.0,-120.74
2019-07-08,11410.0,12238.6,52182.367215,7.26,7.35,-65.33
2019-07-09,12238.6,12543.41,78442.130343,2.49,2.51,-14.42
2019-07-10,12548.51,12108.37,109246.044997,-3.51,0.0,-16.19
2019-07-11,12108.11,11342.89,87506.461058,-6.32,18.88,-71.92
2019-07-12,11342.88,11757.22,56321.858281,3.65,4.44,-83.11
2019-07-13,11757.22,11355.76,54245.594548,-3.41,8.86,-117.66
2019-07-14,11355.78,10174.18,72517.579236,-10.41,4.5,-214.56
2019-07-15,10174.18,10838.72,81922.426332,6.53,35.89,-227.16
2019-07-16,10833.78,9439.59,97219.443413,-12.87,0.0,-317.43
2019-07-17,9430.17,9667.92,84942.672717,2.52,0.0,-347.08
2019-07-18,9668.86,10627.16,80283.310252,9.91,55.08,-289.74
2019-07-19,10628.64,10504.29,56546.932133,-1.17,56.58,-249.27
2019-07-20,10505.78,10740.23,47331.899848,2.23,54.95,-198.04
2019-07-21,10740.27,10589.45,38834.287935,-1.4,45.64,-166.98
2019-07-22,10590.15,10340.31,40467.954839,-2.36,8.46,-156.08
2019-07-23,10343.08,9864.91,47624.37071,-4.62,0.0,-172.48
2019-07-24,9864.78,9763.28,43475.380377,-1.03,7.85,-180.87
2019-07-25,9763.4,9879.87,37873.354728,1.19,34.62,-169.48
2019-07-26,9882.15,9824.0,27167.463217,-0.59,11.64,-156.89
2019-07-27,9824.0,9476.52,43809.778301,-3.54,13.23,-162.48
2019-07-28,9478.92,9541.54,29401.022937,0.66,60.13,-152.46
2019-07-29,9541.54,9507.64,29021.937411,-0.36,19.05,-139.15
2019-07-30,9509.07,9574.21,32536.368834,0.69,100.0,-117.76
2019-07-31,9575.0,10080.53,39515.35456,5.28,100.0,-64.08
2019-08-01,10080.53,10374.99,41727.637028,2.92,55.52,-6.35
2019-08-02,10375.0,10523.75,42990.444221,1.43,76.12,41.6
2019-08-03,10523.75,10816.86,33802.318824,2.79,80.31,90.03
2019-08-04,10816.86,10929.23,39924.745141,1.04,100.0,124.48
2019-08-05,10929.99,11828.8,65153.673713,8.22,100.0,198.32
2019-08-06,11830.0,11481.69,76705.389875,-2.94,100.0,212.96
2019-08-07,11481.69,11975.03,69173.390353,4.3,100.0,242.87
2019-08-08,11975.04,11999.77,51207.257174,0.21,98.84,250.34
2019-08-09,11994.17,11879.99,39427.152588,-0.95,95.8,233.56
2019-08-10,11879.98,11309.31,42633.087048,-4.8,85.87,173.14
2019-08-11,11309.24,11549.97,26772.90691,2.13,88.47,139.92
2019-08-12,11539.08,11396.08,17568.227075,-1.24,78.81,100.0
2019-08-13,11398.35,10892.71,33234.72968,-4.44,54.77,35.44
2019-08-14,10893.36,10050.37,54451.847499,-7.74,12.36,-62.9
2019-08-15,10055.16,10293.93,38174.45112,2.37,0.0,-107.81
2019-08-16,10296.77,10331.54,51758.142918,0.34,0.0,-129.77
2019-08-17,10331.15,10216.02,29000.581201,-1.11,0.0,-145.68
2019-08-18,10216.05,10306.78,24085.395172,0.89,0.0,-143.46
2019-08-19,10306.17,10915.54,37243.319217,5.91,0.0,-96.61
2019-08-20,10914.73,10760.51,32298.921679,-1.41,4.57,-72.76
2019-08-21,10760.51,10142.57,47355.719282,-5.74,0.0,-93.97
2019-08-22,10140.82,10099.88,34059.642738,-0.4,0.0,-105.37
2019-08-23,10099.9,10389.55,27550.336173,2.87,11.64,-88.57
2019-08-24,10388.16,10134.35,27692.456844,-2.44,17.1,-89.56
2019-08-25,10134.61,10142.69,26271.657398,0.08,9.38,-84.62
2019-08-26,10142.69,10372.25,41687.511599,2.26,25.66,-61.91
2019-08-27,10373.6,10185.05,28402.775383,-1.82,57.35,-55.71
2019-08-28,10185.69,9721.0,42110.555375,-4.56,80.49,-77.72
2019-08-29,9721.0,9498.44,35532.69491,-2.29,49.79,-100.67
2019-08-30,9499.01,9584.54,26834.318104,0.9,63.72,-103.08
2019-08-31,9582.76,9587.47,17130.290074,0.05,72.18,-97.57
2019-09-01,9588.74,9724.98,19545.404843,1.42,77.15,-78.56
2019-09-02,9723.59,10340.0,44740.248093,6.34,77.81,-21.44
2019-09-03,10340.0,10615.28,47998.376781,2.66,100.0,34.94
2019-09-04,10611.85,10567.02,43943.889026,-0.42,100.0,67.17
2019-09-05,10565.92,10564.49,33970.960639,-0.01,100.0,85.34
2019-09-06,10563.13,10298.73,58799.640959,-2.5,62.09,76.76
2019-09-07,10298.71,10455.88,27637.877392,1.53,91.24,78.67
2019-09-08,10455.9,10381.18,23984.672018,-0.71,81.25,72.09
2019-09-09,10381.24,10303.12,39835.727608,-0.75,52.71,60.14
2019-09-10,10302.58,10098.15,28915.412225,-1.98,51.09,37.22
2019-09-11,10098.19,10158.33,31953.824562,0.6,100.0,25.46
2019-09-12,10158.75,10415.01,34511.162755,2.52,100.0,33.8
2019-09-13,10415.01,10342.06,30280.339776,-0.7,88.57,33.19
2019-09-14,10344.13,10335.02,23621.533519,-0.09,87.37,31.12
2019-09-15,10332.81,10302.01,18047.654013,-0.3,76.4,26.52
2019-09-16,10303.34,10251.31,28971.401657,-0.5,0.0,19.39
2019-09-17,10249.68,10187.82,22914.324563,-0.6,0.0,10.19
2019-09-18,10187.48,10156.99,24250.249303,-0.3,1.24,2.23
2019-09-19,10156.41,10244.29,44826.282579,0.87,12.42,3.0
2019-09-20,10243.7,10168.59,25088.491069,-0.73,28.92,-1.21
2019-09-21,10167.92,9986.39,20544.175196,-1.79,0.0,-15.11
2019-09-22,9985.15,10028.87,22049.275256,0.44,10.95,-19.98
2019-09-23,10028.05,9702.25,31937.232356,-3.25,0.0,-42.45
2019-09-24,9702.2,8493.14,94007.345203,-12.46,0.0,-131.0
2019-09-25,8497.55,8430.05,60783.892258,-0.79,0.0,-182.88
2019-09-26,8430.05,8063.73,67930.853749,-4.35,0.0,-228.0
2019-09-27,8063.49,8177.91,43882.924625,1.42,6.86,-235.32
2019-09-28,8177.47,8198.81,34473.605165,0.26,8.49,-224.0
2019-09-29,8199.38,8043.82,31544.211388,-1.9,10.72,-212.29
2019-09-30,8043.04,8289.34,55865.48726,3.06,30.48,-174.91
2019-10-01,8289.97,8292.44,43479.58742,0.03,31.63,-138.47
2019-10-02,8292.67,8359.94,26243.386644,0.81,36.81,-100.11
2019-10-03,8360.0,8223.96,30488.284058,-1.63,28.73,-75.31
2019-10-04,8224.43,8137.13,26476.330404,-1.06,36.85,-57.0
2019-10-05,8137.09,8126.19,21907.615564,-0.13,40.04,-38.75
2019-10-06,8127.55,7854.25,34676.104049,-3.36,38.89,-38.05
2019-10-07,7855.3,8190.09,52202.072297,4.26,100.0,-9.53
2019-10-08,8190.82,8168.39,35452.657423,-0.27,100.0,12.15
2019-10-09,8170.79,8560.74,55038.704378,4.77,100.0,54.79
2019-10-10,8562.15,8558.03,39137.946167,-0.05,100.0,83.01
2019-10-11,8557.82,8258.5,50405.284418,-3.5,79.0,81.57
2019-10-12,8257.95,8300.09,21339.334098,0.51,79.89,83.2
2019-10-13,8301.98,8275.01,27840.739953,-0.32,84.98,82.23
2019-10-14,8275.24,8348.2,29810.663253,0.88,76.15,85.76
2019-10-15,8346.86,8159.29,32773.062476,-2.25,65.71,75.0
2019-10-16,8159.3,7991.74,34733.593966,-2.05,54.28,57.05
2019-10-17,7995.02,8070.58,29656.949158,0.95,64.82,51.12
2019-10-18,8070.71,7947.01,31353.181416,-1.53,63.1,40.01
2019-10-19,7946.89,7948.01,26627.889388,0.01,63.66,34.08
2019-10-20,7949.87,8223.35,34286.452654,3.44,89.0,49.15
2019-10-21,8223.35,8197.27,30448.679539,-0.32,41.28,57.24
2019-10-22,8197.28,8020.0,34651.828663,-2.16,22.51,50.75
2019-10-23,8020.06,7466.62,63897.457098,-6.9,0.0,11.35
2019-10-24,7468.47,7412.41,32714.383265,-0.75,0.0,-14.79
2019-10-25,7412.41,8655.02,90748.218174,16.76,93.01,51.55
2019-10-26,8655.88,9230.0,162588.585413,6.63,100.0,129.65
2019-10-27,9230.0,9529.93,93833.541604,3.25,100.0,193.18
2019-10-28,9528.23,9205.14,80174.217323,-3.39,86.6,203.94
2019-10-29,9204.45,9407.62,64158.462446,2.21,97.4,214.25
2019-10-30,9407.62,9154.72,55241.786434,-2.69,94.37,194.17
2019-10-31,9154.02,9140.85,54376.024902,-0.14,92.3,170.93
2019-11-01,9140.86,9231.61,43594.814115,0.99,98.52,153.2
2019-11-02,9231.4,9289.52,28923.060828,0.63,99.6,137.41
2019-11-03,9289.85,9194.71,27894.378279,-1.02,90.63,113.61
2019-11-04,9196.46,9393.35,45894.456277,2.14,95.66,104.49
2019-11-05,9392.4,9308.66,45935.873665,-0.89,99.02,86.75
2019-11-06,9307.73,9339.05,37336.170372,0.34,100.0,71.67
2019-11-07,9339.16,9216.2,39117.470853,-1.32,92.69,49.11
2019-11-08,9214.0,8773.73,62107.289243,-4.78,0.0,2.54
2019-11-09,8773.74,8809.41,29469.481405,0.41,0.0,-26.14
2019-11-10,8809.18,9039.47,34422.029797,2.61,0.0,-29.63
2019-11-11,9040.16,8733.27,44888.053545,-3.39,0.88,-51.31
2019-11-12,8733.36,8821.94,40366.629471,1.01,0.0,-57.94
2019-11-13,8821.91,8777.12,26810.116918,-0.51,9.87,-63.17
2019-11-14,8777.54,8646.68,33468.468961,-1.49,4.08,-72.57
2019-11-15,8646.38,8471.73,46087.417751,-2.02,0.0,-86.76
2019-11-16,8471.62,8491.02,20902.299752,0.23,0.0,-90.63
2019-11-17,8490.74,8502.4,27009.037082,0.14,4.08,-88.12
2019-11-18,8502.87,8187.17,43017.69094,-3.71,0.0,-102.38
2019-11-19,8186.5,8133.64,43556.061025,-0.65,0.56,-109.47
2019-11-20,8133.83,8098.01,32466.23098,-0.44,0.0,-110.31
2019-11-21,8098.56,7627.74,58418.780261,-5.81,0.0,-134.67
2019-11-22,7627.79,7268.23,126603.140259,-4.71,2.45,-165.11
2019-11-23,7268.23,7311.57,50449.894755,0.6,3.73,-171.7
2019-11-24,7311.1,6903.28,67890.206483,-5.58,0.0,-191.41
2019-11-25,6900.23,7109.57,119645.735197,3.03,27.2,-178.66
2019-11-26,7109.99,7156.14,65722.39769,0.65,22.58,-156.02
2019-11-27,7154.75,7508.52,92452.87349,4.94,62.54,-108.49
2019-11-28,7507.9,7419.49,56933.981109,-1.18,77.5,-75.78
2019-11-29,7418.52,7739.68,60745.300873,4.33,100.0,-27.78
2019-11-30,7740.99,7541.89,46989.433619,-2.57,90.3,-5.71
2019-12-01,7540.63,7390.89,60769.342313,-1.99,83.91,1.95
2019-12-02,7391.5,7294.28,46330.25604,-1.32,92.1,3.64
2019-12-03,7294.42,7292.71,33149.477487,-0.02,94.23,7.57
2019-12-04,7292.71,7194.32,83153.701586,-1.35,91.66,6.49
2019-12-05,7194.59,7389.0,59306.678855,2.7,100.0,21.01
2019-12-06,7389.0,7527.47,48189.087944,1.87,100.0,40.93
2019-12-07,7527.8,7488.21,31498.684173,-0.53,96.41,51.74
2019-12-08,7487.31,7510.11,29856.897631,0.3,100.0,60.06
2019-12-09,7510.11,7338.64,46621.887493,-2.28,81.41,53.91
2019-12-10,7338.64,7224.13,49723.76214,-1.56,65.17,42.52
2019-12-11,7224.15,7210.0,30093.091944,-0.2,37.39,34.76
2019-12-12,7210.0,7198.08,42288.600932,-0.17,33.13,29.73
2019-12-13,7197.76,7258.48,27609.873795,0.84,0.0,31.24
2019-12-14,7257.37,7064.05,29561.985967,-2.66,0.24,20.42
2019-12-15,7064.14,7118.59,26395.778137,0.77,20.98,18.29
2019-12-16,7119.6,6891.72,43863.993059,-3.2,9.88,3.72
2019-12-17,6891.44,6623.82,53865.069929,-3.88,0.0,-20.52
2019-12-18,6623.84,7277.83,95636.651251,9.87,62.56,9.34
2019-12-19,7277.83,7150.3,55509.049075,-1.75,41.57,21.64
2019-12-20,7151.31,7187.83,32132.069205,0.51,33.82,32.78
2019-12-21,7188.01,7132.75,19467.174028,-0.77,32.92,36.62
2019-12-22,7131.59,7501.44,39137.45515,5.19,77.01,62.64
2019-12-23,7500.71,7317.09,68051.997203,-2.45,89.51,65.77
2019-12-24,7317.3,7255.77,43629.494188,-0.84,94.51,62.08
2019-12-25,7255.77,7204.63,27492.044323,-0.7,91.01,54.83
2019-12-26,7205.01,7202.0,36259.761076,-0.04,91.88,48.69
2019-12-27,7202.0,7254.74,33642.701861,0.73,91.16,46.99
2019-12-28,7254.77,7316.14,26848.982199,0.85,100.0,48.61
2019-12-29,7315.36,7388.24,31387.106085,1.0,100.0,52.8
2019-12-30,7388.43,7246.0,29605.911782,-1.93,100.0,44.58
2019-12-31,7246.0,7195.23,25954.453533,-0.7,100.0,34.75
2020-01-01,7195.24,7200.85,16792.388165,0.08,0,0.0
2020-01-02,7200.77,6965.71,31951.483932,-3.26,0,-15.01
2020-01-03,6965.49,7344.96,68428.500451,5.45,100.0,0.61
2020-01-04,7345.0,7354.11,29987.974977,0.12,100.0,10.99
2020-01-05,7354.19,7358.75,38331.085604,0.06,100.0,17.22
2020-01-06,7357.64,7758.0,54635.695316,5.44,100.0,45.67
2020-01-07,7758.9,8145.28,91171.684661,4.98,100.0,85.68
2020-01-08,8145.92,8055.98,112622.64264,-1.1,94.06,100.24
2020-01-09,8054.72,7817.76,64239.51983,-2.94,81.2,88.35
2020-01-10,7817.74,8197.02,82406.777448,4.85,88.13,99.71
2020-01-11,8198.86,8020.01,54810.032667,-2.18,81.34,89.32
2020-01-12,8020.01,8184.98,38131.494336,2.06,83.92,87.46
2020-01-13,8184.97,8110.34,31159.755683,-0.91,81.46,75.56
2020-01-14,8110.34,8810.01,120399.126742,8.63,89.77,107.22
2020-01-15,8814.64,8821.41,84816.297606,0.08,89.88,120.37
2020-01-16,8820.01,8720.01,51991.074284,-1.13,75.87,113.75
2020-01-17,8720.15,8913.28,70897.737377,2.21,68.65,113.63
2020-01-18,8913.27,8915.96,38294.746545,0.03,67.99,105.16
2020-01-19,8915.09,8701.7,70676.889259,-2.39,23.8,77.83
2020-01-20,8701.72,8642.35,38896.639746,-0.68,0.0,49.82
2020-01-21,8642.35,8736.03,36494.687659,1.08,0.0,32.5
2020-01-22,8736.04,8682.36,29080.557138,-0.61,5.47,13.31
2020-01-23,8682.77,8404.52,48165.944597,-3.2,0.0,-20.39
2020-01-24,8404.52,8439.0,41687.529529,0.41,0.0,-41.42
2020-01-25,8438.99,8340.58,25521.157932,-1.17,9.32,-61.81
2020-01-26,8340.01,8615.0,31130.485164,3.3,18.7,-56.79
2020-01-27,8614.39,8907.57,53973.542996,3.4,48.58,-34.82
2020-01-28,8907.57,9374.21,74584.853765,5.24,32.68,7.81
2020-01-29,9375.34,9301.53,53864.065122,-0.79,22.77,26.72
2020-01-30,9301.57,9513.21,60626.744259,2.28,53.41,47.86
2020-01-31,9511.52,9352.89,45552.022352,-1.67,18.47,45.44
2020-02-01,9351.71,9384.61,28578.067354,0.35,27.8,40.52
2020-02-02,9384.41,9331.51,45690.91254,-0.56,78.18,28.8
2020-02-03,9331.59,9292.24,50892.133451,-0.42,83.48,14.25
2020-02-04,9291.35,9197.02,53308.175266,-1.02,44.73,-4.93
2020-02-05,9197.02,9612.04,64870.415615,4.51,100.0,6.58
2020-02-06,9612.03,9772.0,64949.706588,1.66,100.0,20.43
2020-02-07,9772.0,9813.73,43966.114632,0.43,100.0,27.43
2020-02-08,9813.87,9895.05,43600.843666,0.83,100.0,32.22
2020-02-09,9895.04,10151.75,43408.475616,2.59,99.43,46.51
2020-02-10,10151.72,9851.83,59573.084619,-2.95,44.85,30.37
2020-02-11,9851.74,10223.08,62422.395224,3.77,39.37,38.76
2020-02-12,10223.08,10326.46,61008.06393,1.01,54.84,44.91
2020-02-13,10325.33,10229.63,79344.358759,-0.93,29.36,36.46
2020-02-14,10227.78,10344.36,47038.480173,1.14,57.68,32.71
2020-02-15,10344.36,9904.72,57657.202947,-4.25,0.0,-3.35
2020-02-16,9904.46,9917.27,60023.999537,0.13,6.55,-28.91
2020-02-17,9910.7,9706.0,70261.011901,-2.07,0.0,-60.75
2020-02-18,9706.0,10164.71,70604.124019,4.73,32.82,-51.98
2020-02-19,10164.78,9593.79,55162.586895,-5.62,0.0,-83.8
2020-02-20,9594.65,9596.42,60152.342914,0.02,0.0,-102.59
2020-02-21,9597.21,9677.05,42181.554524,0.83,1.88,-107.03
2020-02-22,9677.05,9650.86,24636.757623,-0.27,0.0,-108.81
2020-02-23,9650.85,9936.4,37702.089843,2.96,1.88,-88.69
2020-02-24,9936.4,9656.13,55796.59612,-2.82,2.99,-91.8
2020-02-25,9655.52,9315.84,54379.344552,-3.52,0.0,-112.93
2020-02-26,9316.48,8785.25,92130.345482,-5.7,0.0,-156.14
2020-02-27,8786.0,8823.21,72483.578762,0.42,3.53,-174.28
2020-02-28,8823.25,8692.91,71155.208977,-1.48,0.0,-186.09
2020-02-29,8690.8,8523.61,36748.183035,-1.92,5.55,-195.39
2020-03-01,8523.61,8531.88,43892.201779,0.1,5.3,-190.84
2020-03-02,8530.3,8915.24,60401.31773,4.51,30.65,-153.49
2020-03-03,8911.18,8760.07,55154.997282,-1.7,3.48,-131.54
2020-03-04,8760.07,8750.87,38696.482578,-0.11,31.58,-110.79
2020-03-05,8750.99,9054.68,58201.866355,3.47,65.14,-71.65
2020-03-06,9054.64,9131.88,43782.948044,0.85,67.88,-37.33
2020-03-07,9130.89,8886.66,45422.204525,-2.67,53.78,-28.33
2020-03-08,8885.25,8033.31,77537.315166,-9.59,0.0,-74.4
2020-03-09,8034.76,7929.87,116968.863268,-1.31,7.1,-104.56
2020-03-10,7929.87,7894.56,86783.443875,-0.45,21.28,-118.58
2020-03-11,7894.57,7934.52,79942.411172,0.51,60.35,-116.67
2020-03-12,7934.58,4800.0,261505.608653,-39.51,0.0,-307.19
2020-03-13,4800.01,5578.6,402201.673764,16.22,42.3,-357.92
2020-03-14,5576.05,5172.06,136910.135974,-7.25,38.73,-393.19
2020-03-15,5172.48,5361.3,139916.146534,3.65,46.66,-377.99
2020-03-16,5360.33,5028.97,227276.92276,-6.18,25.08,-364.39
2020-03-17,5028.86,5312.64,150089.926318,5.64,39.78,-312.37
2020-03-18,5312.64,5393.04,137127.634894,1.51,43.34,-251.24
2020-03-19,5393.26,6162.37,199020.873439,14.26,61.9,-143.07
2020-03-20,6162.05,6208.36,219298.329514,0.75,68.68,-56.93
2020-03-21,6204.57,6186.98,128913.668363,-0.28,87.26,6.73
2020-03-22,6187.04,5816.19,119115.990527,-5.99,99.21,30.63
2020-03-23,5816.05,6467.31,164674.215785,11.2,100.0,93.52
2020-03-24,6465.25,6744.72,151138.009878,4.32,100.0,153.48
2020-03-25,6744.69,6677.43,132155.734989,-1.0,97.5,186.12
2020-03-26,6677.42,6737.36,83026.555211,0.9,100.0,207.61
2020-03-27,6737.27,6359.11,82914.968354,-5.61,75.87,192.55
2020-03-28,6359.11,6236.65,93159.693429,-1.93,84.92,171.26
2020-03-29,6236.65,5881.42,63311.627714,-5.7,69.84,131.94
2020-03-30,5880.5,6394.38,118889.549992,8.74,88.96,138.47
2020-03-31,6394.45,6410.44,72337.595259,0.25,83.7,141.39
2020-04-01,6412.14,6642.92,97500.7524,3.6,85.26,155.37
2020-04-02,6643.36,6794.09,149299.906871,2.27,70.11,170.0
2020-04-03,6793.86,6734.1,104080.276939,-0.88,65.42,170.42
2020-04-04,6732.97,6856.99,72990.861139,1.84,68.26,173.19
2020-04-05,6857.41,6772.78,49685.356983,-1.23,78.89,163.68
2020-04-06,6772.78,7329.9,118052.000832,8.23,74.18,187.52
2020-04-07,7329.9,7197.32,103585.168918,-1.81,53.24,186.57
2020-04-08,7197.32,7361.28,76059.145838,2.28,30.75,188.64
2020-04-09,7360.26,7283.54,61094.872417,-1.04,23.26,176.63
2020-04-10,7283.54,6858.92,104674.623375,-5.83,14.39,133.9
2020-04-11,6858.92,6876.83,45470.293206,0.26,40.79,102.07
2020-04-12,6876.84,6903.79,73868.666501,0.39,100.0,79.1
2020-04-13,6903.79,6837.91,96415.476573,-0.95,20.72,56.78
2020-04-14,6838.04,6868.7,69068.623285,0.45,23.01,42.07
2020-04-15,6868.57,6621.24,61571.384994,-3.6,0.0,15.06
2020-04-16,6621.25,7101.94,125009.857539,7.26,32.87,28.18
2020-04-17,7101.99,7027.55,54126.509763,-1.05,31.28,30.29
2020-04-18,7026.78,7248.6,49488.542819,3.16,39.47,44.16
2020-04-19,7248.6,7120.74,45664.86393,-1.76,34.81,42.31
2020-04-20,7121.4,6826.83,90149.49137,-4.14,0.0,20.02
2020-04-21,6828.98,6841.37,60109.710808,0.18,8.88,5.71
2020-04-22,6841.36,7125.14,61486.377334,4.15,18.44,14.33
2020-04-23,7125.12,7482.39,102773.569561,5.01,47.02,41.53
2020-04-24,7483.96,7505.0,60182.119939,0.28,81.73,57.49
2020-04-25,7505.0,7538.67,43874.427726,0.45,82.54,66.15
2020-04-26,7539.03,7693.1,50522.616209,2.04,100.0,77.34
2020-04-27,7693.1,7774.62,65441.339576,1.06,100.0,84.69
2020-04-28,7773.51,7738.98,46302.752638,-0.44,95.29,81.58
2020-04-29,7738.58,8778.57,183546.887514,13.44,100.0,140.51
2020-04-30,8778.58,8620.0,206277.214124,-1.81,83.41,158.46
2020-05-01,8620.0,8826.96,91468.815059,2.4,91.35,172.74
2020-05-02,8825.67,8972.05,59002.08755,1.66,90.16,179.64
2020-05-03,8972.58,8894.16,90126.065643,-0.87,93.25,166.9
2020-05-04,8894.15,8871.96,84418.512331,-0.25,100.0,145.7
2020-05-05,8871.92,9021.83,76480.765342,1.69,100.0,130.95
2020-05-06,9021.36,9142.92,105925.30242,1.35,98.14,118.89
2020-05-07,9143.4,9986.4,147154.611378,9.22,100.0,154.98
2020-05-08,9986.3,9800.01,100683.7964,-1.87,79.81,153.27
2020-05-09,9800.02,9539.4,81950.679567,-2.66,51.18,122.88
2020-05-10,9539.1,8722.77,183865.182028,-8.56,0.0,40.33
2020-05-11,8722.77,8561.52,168807.251832,-1.85,0.0,-28.83
2020-05-12,8562.04,8810.79,86522.780066,2.91,8.86,-59.73
2020-05-13,8810.99,9309.37,92466.274018,5.66,0.0,-48.97
2020-05-14,9309.35,9791.98,129565.37747,5.18,21.0,-13.57
2020-05-15,9791.97,9316.42,115890.761516,-4.86,0.0,-25.71
2020-05-16,9315.96,9381.27,59587.627862,0.7,0.0,-32.45
2020-05-17,9380.81,9680.04,68647.764323,3.19,10.73,-20.46
2020-05-18,9681.11,9733.93,82006.603583,0.55,12.84,-12.94
2020-05-19,9733.93,9775.53,78539.760454,0.43,10.14,-9.36
2020-05-20,9775.13,9511.43,74923.73809,-2.7,0.0,-27.94
2020-05-21,9511.43,9068.65,108928.780969,-4.66,0.0,-70.77
2020-05-22,9067.51,9170.0,58943.131024,1.13,8.12,-91.66
2020-05-23,9170.0,9179.15,43526.296966,0.1,24.96,-103.38
2020-05-24,9179.01,8720.34,70379.86645,-5.0,43.35,-138.38
2020-05-25,8718.14,8900.35,62833.910949,2.09,62.53,-145.04
2020-05-26,8900.35,8841.18,58299.770138,-0.66,45.29,-148.52
2020-05-27,8841.0,9204.07,68910.355514,4.11,36.98,-122.56
2020-05-28,9204.07,9575.89,74110.787662,4.04,36.58,-78.65
2020-05-29,9575.87,9427.07,57374.362961,-1.55,63.32,-58.85
2020-05-30,9426.6,9697.72,55665.27254,2.88,79.53,-28.28
2020-05-31,9697.72,9448.27,48333.786403,-2.57,34.31,-25.71
2020-06-01,9448.27,10200.77,76649.12696,7.96,89.51,23.2
2020-06-02,10202.71,9518.04,108970.773151,-6.71,45.52,6.93
2020-06-03,9518.02,9666.24,46252.644939,1.56,73.71,3.67
2020-06-04,9666.32,9789.06,57456.100969,1.27,100.0,7.12
2020-06-05,9788.14,9621.16,47788.05005,-1.71,74.3,-3.99
2020-06-06,9621.17,9666.3,32752.950893,0.47,75.95,-10.03
2020-06-07,9666.85,9746.99,57952.848385,0.83,100.0,-10.28
2020-06-08,9746.99,9782.01,40664.664125,0.36,91.7,-9.79
2020-06-09,9782.0,9772.43,46024.001289,-0.1,96.72,-11.67
2020-06-10,9772.44,9885.0,47130.762982,1.15,80.79,-7.13
2020-06-11,9885.22,9280.4,94418.98473,-6.12,0.0,-44.55
2020-06-12,9278.88,9465.13,50119.066932,2.01,26.39,-55.84
2020-06-13,9464.96,9473.34,27759.784851,0.09,4.38,-61.29
2020-06-14,9473.34,9342.1,30055.506608,-1.39,14.06,-71.55
2020-06-15,9342.1,9426.02,86107.924707,0.9,0.0,-70.4
2020-06-16,9426.05,9525.59,52052.446927,1.06,53.89,-61.0
2020-06-17,9526.97,9465.14,48046.411152,-0.65,34.09,-57.0
2020-06-18,9465.13,9386.32,37381.953765,-0.83,13.93,-57.62
2020-06-19,9386.32,9310.23,45330.983673,-0.81,21.16,-60.81
2020-06-20,9310.23,9358.95,30329.065384,0.52,21.6,-57.34
2020-06-21,9358.95,9294.69,24316.926234,-0.69,6.34,-56.95
2020-06-22,9294.69,9685.69,57895.468343,4.21,45.92,-29.34
2020-06-23,9685.69,9624.89,41031.02938,-0.63,46.29,-14.87
2020-06-24,9624.33,9296.49,61571.561464,-3.41,16.74,-26.44
2020-06-25,9298.33,9249.49,55831.619156,-0.53,91.08,-35.71
2020-06-26,9249.49,9162.21,50292.298277,-0.94,39.13,-45.54
2020-06-27,9162.21,9012.0,46290.930113,-1.64,15.51,-59.12
2020-06-28,9012.0,9116.35,30688.176421,1.16,57.36,-57.96
2020-06-29,9116.16,9192.56,42120.293261,0.84,49.98,-49.28
2020-06-30,9192.93,9138.55,31463.162801,-0.59,17.12,-44.54
2020-07-01,9138.08,9232.0,38488.528699,1.03,53.95,-33.01
2020-07-02,9231.99,9086.54,45725.168076,-1.58,41.41,-33.0
2020-07-03,9086.54,9058.26,28943.420177,-0.31,50.3,-32.65
2020-07-04,9057.79,9135.46,26441.968484,0.86,57.55,-25.31
2020-07-05,9135.0,9069.41,34073.653627,-0.72,55.01,-23.05
2020-07-06,9069.41,9344.2,54463.132277,3.03,22.2,-2.29
2020-07-07,9342.47,9257.39,34587.336678,-0.91,17.18,5.9
2020-07-08,9257.4,9436.06,56140.517781,1.93,100.0,22.72
2020-07-09,9436.06,9232.43,48044.450645,-2.16,71.12,19.61
2020-07-10,9232.42,9288.34,38295.494006,0.61,95.65,20.7
2020-07-11,9288.34,9234.03,22561.366,-0.58,100.0,17.27
2020-07-12,9234.02,9302.75,30872.702286,0.74,94.63,19.01
2020-07-13,9303.31,9242.62,42740.069115,-0.65,70.58,15.63
2020-07-14,9242.61,9255.85,45772.552509,0.14,82.74,13.86
2020-07-15,9255.85,9197.6,39053.579665,-0.63,53.82,8.61
2020-07-16,9197.6,9133.72,43375.571191,-0.69,70.26,1.06
2020-07-17,9133.72,9154.32,28054.358741,0.23,80.49,-2.14
2020-07-18,9154.31,9170.28,22554.541457,0.17,68.11,-2.73
2020-07-19,9170.3,9208.99,26052.019417,0.42,91.69,-0.21
2020-07-20,9208.99,9160.78,35458.764082,-0.52,9.93,-1.4
2020-07-21,9160.78,9390.0,60413.582486,2.5,91.54,12.84
2020-07-22,9390.0,9518.16,48815.004107,1.36,79.11,29.53
2020-07-23,9518.16,9603.27,51856.2335,0.89,100.0,44.06
2020-07-24,9603.27,9537.8,43931.136205,-0.68,77.44,46.78
2020-07-25,9538.1,9700.42,40679.545416,1.7,100.0,56.39
2020-07-26,9700.42,9931.54,65279.269319,2.38,100.0,74.06
2020-07-27,9931.54,11029.96,150188.933144,11.06,100.0,151.05
2020-07-28,11029.96,10906.27,97267.734187,-1.12,90.35,182.83
2020-07-29,10906.27,11100.53,76838.094233,1.78,96.77,204.49
2020-07-30,11100.52,11099.61,60794.826456,-0.01,100.0,205.75
2020-07-31,11099.79,11335.46,70063.660974,2.12,100.0,208.79
2020-08-01,11335.46,11801.17,85087.485126,4.11,100.0,226.99
2020-08-02,11801.17,11071.35,97553.077604,-6.18,65.61,176.92
2020-08-03,11071.36,11219.81,56931.841475,1.34,58.59,142.34
2020-08-04,11219.68,11191.97,58629.113709,-0.25,53.29,107.69
2020-08-05,11191.99,11744.91,74970.256852,4.94,47.53,111.64
2020-08-06,11744.91,11762.46,63529.08502,0.15,46.22,105.16
2020-08-07,11762.47,11594.23,65755.926022,-1.43,13.29,80.37
2020-08-08,11594.36,11761.41,41858.16104,1.44,2.18,66.64
2020-08-09,11761.02,11681.68,41493.067342,-0.67,0.0,44.65
2020-08-10,11681.69,11892.92,84952.337887,1.81,0.0,37.1
2020-08-11,11892.9,11392.08,90748.284634,-4.21,0.0,-6.53
2020-08-12,11392.09,11564.33,64909.613644,1.51,0.0,-27.51
2020-08-13,11564.34,11780.0,70132.491502,1.86,7.13,-30.37
2020-08-14,11779.77,11760.54,59818.852697,-0.16,0.0,-36.66
2020-08-15,11760.55,11852.4,56237.90505,0.78,0.0,-37.58
2020-08-16,11852.4,11911.0,41368.236906,0.49,62.78,-37.12
2020-08-17,11910.99,12281.13,84734.21154,3.11,73.22,-15.85
2020-08-18,12281.15,11945.01,75923.835527,-2.74,45.4,-27.69
2020-08-19,11945.1,11754.59,73940.169606,-1.59,0.0,-50.31
2020-08-20,11754.38,11853.55,46085.254351,0.84,6.16,-59.91
2020-08-21,11853.54,11531.34,64448.306142,-2.72,0.0,-87.58
2020-08-22,11531.23,11662.96,43678.701646,1.14,0.0,-95.98
2020-08-23,11663.51,11648.13,37900.00469,-0.13,5.26,-100.98
2020-08-24,11648.12,11748.2,46212.391867,0.86,0.0,-96.02
2020-08-25,11748.19,11318.42,69590.923272,-3.66,5.78,-118.68
2020-08-26,11318.42,11461.43,53998.231231,1.26,3.16,-120.64
2020-08-27,11461.42,11330.38,63246.036383,-1.14,0.0,-126.73
2020-08-28,11330.38,11526.91,45953.908365,1.73,16.27,-113.9
2020-08-29,11526.9,11465.84,32973.7992,-0.53,5.96,-106.06
2020-08-30,11465.84,11711.16,43177.879054,2.14,19.22,-81.97
2020-08-31,11711.17,11649.51,55353.617744,-0.53,0.0,-68.36
2020-09-01,11649.51,11921.97,78148.193668,2.34,84.99,-40.55
2020-09-02,11921.97,11388.54,87221.845602,-4.47,42.34,-56.64
2020-09-03,11388.54,10140.85,121950.106015,-10.96,0.0,-144.85
2020-09-04,10138.29,10446.25,92733.599113,3.04,37.18,-174.19
2020-09-05,10446.25,10166.69,90001.605568,-2.68,15.83,-202.04
2020-09-06,10166.69,10256.2,56368.788815,0.88,23.32,-203.48
2020-09-07,10255.89,10373.44,62620.230676,1.15,24.62,-186.05
2020-09-08,10373.45,10126.65,73491.878418,-2.38,31.82,-180.52
2020-09-09,10126.66,10219.2,49347.113776,0.91,27.88,-160.67
2020-09-10,10219.29,10336.87,58253.75375,1.15,42.56,-130.92
2020-09-11,10336.86,10387.89,43830.254467,0.49,31.15,-100.47
2020-09-12,10387.89,10440.92,35379.153096,0.51,38.13,-70.82
2020-09-13,10440.67,10332.83,43837.609865,-1.03,12.72,-53.36
2020-09-14,10332.84,10671.77,67059.291361,3.28,43.3,-15.79
2020-09-15,10671.77,10785.31,61822.452786,1.06,43.21,18.05
2020-09-16,10785.23,10954.01,64991.51244,1.56,100.0,51.27
2020-09-17,10954.01,10939.99,55601.614529,-0.13,100.0,70.58
2020-09-18,10940.0,10933.39,47266.728275,-0.06,85.62,80.47
2020-09-19,10933.4,11080.65,38440.036858,1.35,100.0,93.57
2020-09-20,11080.64,10920.28,39157.922565,-1.45,82.2,88.16
2020-09-21,10920.28,10417.22,70683.431179,-4.61,43.46,49.35
2020-09-22,10417.22,10529.61,43991.235476,1.08,62.95,30.81
2020-09-23,10529.61,10241.46,51876.568079,-2.74,42.34,0.31
2020-09-24,10241.46,10736.32,57676.619427,4.83,57.95,13.89
2020-09-25,10736.33,10686.67,48101.117008,-0.46,53.75,19.6
2020-09-26,10686.57,10728.6,28420.836659,0.39,53.34,25.88
2020-09-27,10728.59,10774.25,30549.483253,0.43,56.65,32.36
2020-09-28,10774.26,10696.12,50095.251734,-0.73,37.19,30.66
2020-09-29,10696.11,10840.48,41874.898399,1.35,22.81,38.05
2020-09-30,10840.58,10776.59,39596.027322,-0.59,0.0,37.37
2020-10-01,10776.59,10619.13,60866.332893,-1.46,0.0,25.61
2020-10-02,10619.13,10570.4,50130.393705,-0.46,0.0,14.41
2020-10-03,10570.4,10542.06,22298.221341,-0.27,0.0,5.41
2020-10-04,10542.07,10666.63,23212.001595,1.18,28.41,8.01
2020-10-05,10666.62,10792.21,34025.761653,1.18,100.0,17.78
2020-10-06,10792.2,10599.66,48674.740471,-1.78,62.13,11.21
2020-10-07,10599.65,10666.39,32811.990279,0.63,100.0,11.24
2020-10-08,10666.4,10925.57,51959.691572,2.43,75.34,27.68
2020-10-09,10925.44,11050.64,48240.073237,1.15,97.33,44.91
2020-10-10,11050.64,11293.22,43648.036943,2.2,100.0,69.14
2020-10-11,11293.22,11369.02,29043.851339,0.67,100.0,85.68
2020-10-12,11369.02,11528.25,52825.28371,1.4,100.0,101.66
2020-10-13,11528.24,11420.56,42205.283709,-0.93,81.14,99.19
2020-10-14,11420.57,11417.89,41415.106015,-0.02,87.88,91.75
2020-10-15,11417.89,11505.12,48760.717679,0.76,100.0,87.13
2020-10-16,11505.13,11319.32,48797.749502,-1.62,84.86,66.89
2020-10-17,11319.24,11360.2,22368.915241,0.36,87.38,52.23
2020-10-18,11360.31,11503.14,23284.041191,1.26,84.61,48.23
2020-10-19,11503.14,11751.47,47414.534692,2.16,91.42,57.74
2020-10-20,11751.46,11909.99,62134.750663,1.35,100.0,69.36
2020-10-21,11910.0,12780.96,114584.456767,7.31,100.0,127.0
2020-10-22,12780.75,12968.52,70038.824144,1.47,98.9,166.56
2020-10-23,12968.84,12923.07,50386.999841,-0.35,89.33,177.46
2020-10-24,12923.06,13111.73,35952.20907,1.46,88.07,184.36
2020-10-25,13111.73,13028.83,38481.579504,-0.63,73.71,170.65
2020-10-26,13029.64,13052.19,60951.672986,0.17,69.44,151.12
2020-10-27,13052.15,13636.17,80811.01945,4.47,99.12,164.41
2020-10-28,13636.16,13266.4,94440.561226,-2.71,42.83,136.33
2020-10-29,13266.4,13455.7,74872.602132,1.43,46.46,119.16
2020-10-30,13455.69,13560.1,70657.778881,0.78,72.68,104.04
2020-10-31,13560.1,13791.0,67339.238515,1.7,77.54,98.83
2020-11-01,13791.0,13761.5,36285.648526,-0.21,65.15,83.26
2020-11-02,13761.49,13549.37,64566.421908,-1.54,0.0,50.18
2020-11-03,13549.63,14023.53,74115.630787,3.5,17.05,51.52
2020-11-04,14023.53,14144.01,93016.988262,0.86,0.0,51.7
2020-11-05,14144.01,15590.02,143741.522673,10.22,53.58,135.6
2020-11-06,15590.02,15579.92,122618.197695,-0.06,58.36,174.35
2020-11-07,15579.93,14818.3,101431.206553,-4.89,0.0,134.4
2020-11-08,14818.3,15475.1,65547.178574,4.43,24.75,137.45
2020-11-09,15475.1,15328.41,108976.334134,-0.95,14.32,115.69
2020-11-10,15328.41,15297.21,61681.919606,-0.2,0.0,86.62
2020-11-11,15297.21,15684.24,78469.746458,2.53,43.2,81.0
2020-11-12,15684.25,16291.86,102196.356592,3.87,54.19,104.26
2020-11-13,16291.85,16320.7,75691.881014,0.18,52.34,107.22
2020-11-14,16320.04,16070.45,59116.347179,-1.53,28.2,79.26
2020-11-15,16069.56,15957.0,43596.841513,-0.7,23.25,41.92
2020-11-16,15957.0,16713.57,81300.675924,4.74,65.03,56.1
2020-11-17,16713.08,17659.38,115221.403102,5.66,76.19,113.77
2020-11-18,17659.38,17776.12,149019.788134,0.66,76.11,142.51
2020-11-19,17777.75,17802.82,93009.561008,0.14,35.91,145.53
2020-11-20,17802.81,18655.67,88423.018489,4.79,83.16,184.67
2020-11-21,18655.66,18703.8,75577.458394,0.26,100.0,192.63
2020-11-22,18703.8,18414.43,81645.737778,-1.55,67.06,158.63
2020-11-23,18413.88,18368.0,82961.506093,-0.25,75.46,115.28
2020-11-24,18368.01,19160.01,113581.509241,4.31,86.83,121.57
2020-11-25,19160.0,18719.11,93266.576887,-2.3,41.94,79.69
2020-11-26,18718.83,17149.47,181005.246693,-8.38,0.0,-62.4
2020-11-27,17149.47,17139.52,85297.024787,-0.06,0.0,-160.18
2020-11-28,17139.53,17719.85,64910.69997,3.39,18.35,-187.02
2020-11-29,17719.84,18184.99,55329.016303,2.63,29.21,-174.91
2020-11-30,18185.0,19695.87,115463.466888,8.31,39.43,-71.9
2020-12-01,19695.87,18764.96,127698.762652,-4.73,2.02,-72.97
2020-12-02,18764.96,19204.09,75911.013478,2.34,7.31,-51.62
2020-12-03,19204.08,19421.9,66689.391279,1.13,10.26,-31.35
2020-12-04,19422.34,18650.52,71283.6682,-3.97,0.0,-75.87
2020-12-05,18650.51,19147.66,42922.748573,2.67,7.14,-77.54
2020-12-06,19147.66,19359.4,37043.091861,1.11,15.25,-70.3
2020-12-07,19358.67,19166.9,41372.296293,-0.99,12.69,-83.5
2020-12-08,19166.9,18324.11,61626.947614,-4.4,0.0,-150.12
2020-12-09,18324.11,18541.28,79585.553801,1.19,15.56,-178.75
2020-12-10,18541.29,18254.63,52890.675094,-1.55,51.74,-213.81
2020-12-11,18254.81,18036.53,72610.724259,-1.2,45.02,-246.2
2020-12-12,18036.53,18808.69,49519.978432,4.28,49.61,-211.46
2020-12-13,18808.69,19174.99,56560.821744,1.95,47.27,-161.89
2020-12-14,19174.99,19273.14,47257.201294,0.51,9.04,-122.36
2020-12-15,19273.69,19426.43,61834.366011,0.79,75.36,-87.41
2020-12-16,19426.43,21335.52,114306.33557,9.83,100.0,55.1
2020-12-17,21335.52,22797.16,184882.476748,6.85,100.0,228.88
2020-12-18,22797.15,23107.39,79646.134315,1.36,100.0,339.13
2020-12-19,23107.39,23821.61,86045.064677,3.09,100.0,428.8
2020-12-20,23821.6,23455.52,76690.145685,-1.54,87.87,430.95
2020-12-21,23455.54,22719.71,88030.297243,-3.14,73.91,353.55
2020-12-22,22719.88,23810.79,87033.12616,4.8,100.0,346.14
2020-12-23,23810.79,23232.76,119047.259733,-2.43,83.88,275.67
2020-12-24,23232.39,23729.2,69013.834252,2.14,94.27,237.31
2020-12-25,23728.99,24712.47,79519.943569,4.14,100.0,251.62
2020-12-26,24712.47,26493.39,97806.513386,7.21,100.0,348.52
2020-12-27,26493.4,26281.66,148455.586214,-0.8,94.36,364.14
2020-12-28,26281.54,27079.41,79721.742496,3.04,96.1,391.6
2020-12-29,27079.42,27385.0,69411.592606,1.13,95.27,392.74
2020-12-30,27385.0,28875.54,95356.057826,5.44,89.14,452.04
2020-12-31,28875.55,28923.63,75508.505152,0.17,71.84,451.61
2021-01-01,28923.63,29331.69,54182.925011,1.41,0,0.0
2021-01-02,29331.7,32178.33,129993.873362,9.7,0,181.67
2021-01-03,32176.45,33000.05,120957.56675,2.56,0,338.03
2021-01-04,33000.05,31988.71,140899.88569,-3.06,0.0,352.6
2021-01-05,31989.75,33949.53,116049.997038,6.13,29.53,466.39
2021-01-06,33949.53,36769.36,127139.20131,8.31,50.53,690.16
2021-01-07,36769.36,39432.28,132825.700437,7.24,61.4,959.56
2021-01-08,39432.48,40582.81,139789.957499,2.92,64.74,1144.72
2021-01-09,40586.96,40088.22,75785.979675,-1.23,49.39,1159.79
2021-01-10,40088.22,38150.02,118209.544503,-4.83,0.0,972.68
2021-01-11,38150.02,35404.47,251156.138287,-7.2,0.0,614.92
2021-01-12,35410.37,34051.24,133948.151996,-3.84,0.0,256.4
2021-01-13,34049.15,37371.38,124477.914938,9.76,14.36,213.87
2021-01-14,37371.38,39144.5,102950.389421,4.74,20.46,272.4
2021-01-15,39145.21,36742.22,118300.920916,-6.14,4.35,124.12
2021-01-16,36737.43,35994.98,86348.431508,-2.02,0.0,-40.67
2021-01-17,35994.98,35828.61,80157.727384,-0.46,0.0,-170.0
2021-01-18,35824.99,36631.27,70698.11875,2.25,10.31,-208.11
2021-01-19,36622.46,35891.49,79611.307769,-2.0,0.0,-285.0
2021-01-20,35901.94,35468.23,89368.422918,-1.21,0.0,-361.32
2021-01-21,35468.23,30850.13,135004.076658,-13.02,0.0,-700.16
2021-01-22,30851.99,32945.17,142971.684049,6.78,4.75,-755.77
2021-01-23,32950.0,32078.0,64595.287675,-2.65,4.75,-818.25
2021-01-24,32078.0,32259.9,57978.037966,0.57,14.7,-812.97
2021-01-25,32259.45,32254.2,88499.226921,-0.02,28.07,-775.59
2021-01-26,32254.19,32467.77,84972.20691,0.66,37.82,-704.3
2021-01-27,32464.01,30366.15,95911.961711,-6.46,0.0,-761.64
2021-01-28,30362.19,33364.86,92621.145617,9.89,13.82,-569.37
2021-01-29,33368.18,34252.2,231827.005626,2.65,43.53,-364.17
2021-01-30,34246.28,34262.88,84889.68134,0.05,50.25,-216.74
2021-01-31,34262.89,33092.98,68742.280384,-3.41,41.52,-188.09
2021-02-01,33092.97,33526.37,82718.276882,1.31,45.33,-132.66
2021-02-02,33517.09,35466.24,78056.65988,5.82,100.0,33.11
2021-02-03,35472.71,37618.87,80784.333663,6.05,100.0,272.84
2021-02-04,37620.26,36936.66,92080.735898,-1.82,100.0,364.83
2021-02-05,36936.65,38290.24,66681.334275,3.66,96.19,488.49
2021-02-06,38289.32,39186.94,98757.311183,2.34,100.0,595.23
2021-02-07,39181.01,38795.69,84363.679763,-0.98,95.0,602.24
2021-02-08,38795.69,46374.87,138597.536914,19.54,100.0,1053.64
2021-02-09,46374.86,46420.42,115499.861712,0.1,99.72,1276.74
2021-02-10,46420.42,44807.58,97154.1822,-3.47,100.0,1236.3
2021-02-11,44807.58,47969.51,89561.081454,7.06,100.0,1334.7
2021-02-12,47968.66,47287.6,85870.035697,-1.42,92.27,1266.61
2021-02-13,47298.15,47153.69,63768.097399,-0.31,91.11,1129.83
2021-02-14,47156.78,48577.79,73735.475533,3.01,100.0,1054.02
2021-02-15,48580.47,47911.1,79398.156784,-1.38,92.21,884.56
2021-02-16,47911.1,49133.45,88813.266298,2.55,88.36,783.83
2021-02-17,49133.45,52119.71,85743.637818,6.08,83.86,842.24
2021-02-18,52117.67,51552.6,60758.046954,-1.08,86.35,768.65
2021-02-19,51552.61,55906.0,79659.77802,8.44,98.56,928.43
2021-02-20,55906.0,55841.19,80948.205314,-0.12,92.5,942.05
2021-02-21,55841.19,57408.57,58166.708511,2.81,100.0,965.35
2021-02-22,57412.35,54087.67,134019.434944,-5.79,0.0,679.34
2021-02-23,54087.67,48891.0,169375.025051,-9.61,0.0,93.2
2021-02-24,48891.0,49676.2,91881.209252,1.61,15.21,-268.8
2021-02-25,49676.21,47073.73,83310.673121,-5.24,0.0,-686.91
2021-02-26,47073.73,46276.87,109423.200663,-1.69,0.0,-1001.47
2021-02-27,46276.88,46106.43,66060.834292,-0.37,0.0,-1192.39
2021-02-28,46103.67,45135.66,83055.369042,-2.1,0.0,-1344.16
2021-03-01,45134.11,49587.03,85086.111648,9.87,22.8,-1114.34
2021-03-02,49595.76,48440.65,64221.06214,-2.33,13.21,-1012.1
2021-03-03,48436.61,50349.37,81035.913705,3.95,8.56,-797.9
2021-03-04,50349.37,48374.09,82649.716829,-3.92,3.27,-770.8
2021-03-05,48374.09,48751.71,78192.496372,0.78,0.0,-710.48
2021-03-06,48746.81,48882.2,44399.234242,0.28,0.84,-646.66
2021-03-07,48882.2,50971.75,55235.028032,4.27,5.36,-457.49
2021-03-08,50959.11,52375.17,66987.359664,2.78,45.03,-242.41
2021-03-09,52375.18,54884.5,71656.737076,4.79,100.0,48.76
2021-03-10,54874.67,55851.59,84749.238943,1.78,100.0,273.82
2021-03-11,55851.59,57773.16,81914.812859,3.44,100.0,505.94
2021-03-12,57773.15,57221.72,73405.406047,-0.95,100.0,571.34
2021-03-13,57221.72,61188.39,83245.091346,6.93,100.0,815.85
2021-03-14,61188.38,58968.31,52601.05275,-3.63,91.24,763.12
2021-03-15,58976.08,55605.2,102771.427298,-5.72,58.55,452.17
2021-03-16,55605.2,56900.75,77986.694355,2.33,69.37,291.94
2021-03-17,56900.74,58912.97,70421.620841,3.54,69.67,279.65
2021-03-18,58912.97,57648.16,66580.406675,-2.15,74.08,150.96
2021-03-19,57641.0,58030.01,52392.652961,0.67,73.85,60.81
2021-03-20,58030.01,58102.28,44476.941776,0.12,72.9,-20.37
2021-03-21,58100.02,57351.56,48564.470274,-1.29,51.09,-144.13
2021-03-22,57351.56,54083.25,62581.626169,-5.7,0.0,-448.44
2021-03-23,54083.25,54340.89,59789.365427,0.48,0.0,-623.92
2021-03-24,54342.8,52303.65,83537.465021,-3.75,0.0,-854.48
2021-03-25,52303.66,51293.78,87400.534538,-1.93,0.0,-1039.97
2021-03-26,51293.78,55025.59,63813.774692,7.28,22.36,-882.51
2021-03-27,55025.59,55817.14,50105.475055,1.44,5.96,-703.99
2021-03-28,55817.14,55777.63,39050.387511,-0.07,19.47,-573.05
2021-03-29,55777.65,57635.47,67857.937398,3.33,58.87,-356.4
2021-03-30,57635.46,58746.57,55122.443122,1.93,57.56,-144.24
2021-03-31,58746.57,58740.55,60975.542666,-0.01,41.28,-16.98
2021-04-01,58739.46,58720.44,47415.61722,-0.03,53.2,49.54
2021-04-02,58720.45,58950.01,47382.418781,0.39,51.93,90.33
2021-04-03,58950.01,57051.94,47409.852113,-3.22,39.8,-23.15
2021-04-04,57051.95,58202.01,41314.081973,2.02,85.05,-32.78
2021-04-05,58202.01,59129.99,54258.01579,1.59,100.0,9.08
2021-04-06,59129.99,57991.15,54201.000727,-1.93,82.99,-50.9
2021-04-07,57990.03,55953.45,71228.405659,-3.51,82.98,-228.82
2021-04-08,55953.44,58077.52,44283.147019,3.8,100.0,-205.21
2021-04-09,58077.52,58142.54,40831.884911,0.11,74.1,-187.47
2021-04-10,58142.55,59769.13,69906.424117,2.8,78.4,-74.24
2021-04-11,59769.13,60002.43,41156.715391,0.39,77.21,4.14
2021-04-12,59998.8,59860.0,56375.037117,-0.23,51.55,32.59
2021-04-13,59860.01,63575.0,82848.688746,6.21,82.09,274.36
2021-04-14,63575.01,62959.53,82616.343993,-0.97,71.13,360.16
2021-04-15,62959.53,63159.98,51649.70034,0.32,73.47,394.95
2021-04-16,63158.74,61334.8,91764.139884,-2.89,42.78,265.79
2021-04-17,61334.81,60006.66,58912.256128,-2.17,35.46,71.74
2021-04-18,60006.67,56150.01,124882.131824,-6.43,0.0,-314.33
2021-04-19,56150.01,55633.14,78229.042267,-0.92,0.0,-586.66
2021-04-20,55633.14,56425.0,72744.482151,1.42,16.95,-688.58
2021-04-21,56425.0,53787.63,66984.756909,-4.67,12.11,-895.61
2021-04-22,53787.62,51690.96,104656.631337,-3.9,0.0,-1121.12
2021-04-23,51690.95,51125.14,132230.780719,-1.09,0.0,-1246.15
2021-04-24,51110.56,50047.84,55361.512573,-2.08,0.0,-1331.44
2021-04-25,50047.84,49066.77,58255.645004,-1.96,0.0,-1378.18
2021-04-26,49066.76,54001.39,86310.802124,10.06,35.7,-1017.64
2021-04-27,54001.38,55011.97,54064.034675,1.87,19.16,-668.83
2021-04-28,55011.97,54846.22,55130.459015,-0.3,20.71,-419.2
2021-04-29,54846.23,53555.0,52486.019455,-2.35,17.07,-315.69
2021-04-30,53555.0,57694.27,68578.910045,7.73,55.5,38.09
2021-05-01,57697.25,57800.37,42600.351836,0.18,97.98,272.71
2021-05-02,57797.35,56578.21,36812.878863,-2.11,100.0,334.96
2021-05-03,56578.21,57169.39,57649.931286,1.04,100.0,400.86
2021-05-04,57169.39,53200.01,85324.625903,-6.94,66.93,173.65
2021-05-05,53205.05,57436.11,77263.923439,7.95,100.0,297.88
2021-05-06,57436.11,56393.68,70181.671908,-1.81,100.0,298.34
2021-05-07,56393.68,57314.75,74542.747829,1.63,100.0,345.82
2021-05-08,57315.49,58862.05,69709.906028,2.7,100.0,459.46
2021-05-09,58866.53,58240.84,69806.11991,-1.06,100.0,469.18
2021-05-10,58240.83,55816.14,89586.34925,-4.16,64.02,297.08
2021-05-11,55816.14,56670.02,64329.54055,1.53,63.21,228.6
2021-05-12,56670.02,49631.32,99842.789836,-12.42,31.4,-275.54
2021-05-13,49537.15,49670.97,147332.002121,0.27,7.31,-573.98
2021-05-14,49671.92,49841.45,80082.204306,0.34,0.0,-718.18
2021-05-15,49844.16,46762.99,89437.449359,-6.18,0.0,-963.85
2021-05-16,46762.99,46431.5,114269.812775,-0.71,2.65,-1082.74
2021-05-17,46426.83,43538.04,166657.172736,-6.22,0.0,-1276.97
2021-05-18,43538.02,42849.78,116979.860784,-1.58,8.2,-1364.59
2021-05-19,42849.78,36690.09,354347.243161,-14.38,0.0,-1726.86
2021-05-20,36671.23,40526.64,203017.596923,10.51,20.65,-1600.42
2021-05-21,40525.39,37252.01,202100.888258,-8.08,12.46,-1624.46
2021-05-22,37263.35,37449.73,126542.243689,0.5,6.22,-1516.26
2021-05-23,37458.51,34655.25,217136.046593,-7.48,5.8,-1518.34
2021-05-24,34681.44,38796.29,161630.893971,11.86,32.6,-1143.37
2021-05-25,38810.99,38324.72,111996.228404,-1.25,36.59,-843.49
2021-05-26,38324.72,39241.91,104780.773396,2.39,63.46,-515.84
2021-05-27,39241.92,38529.98,86547.158794,-1.81,86.32,-290.75
2021-05-28,38529.99,35663.49,135377.62972,-7.44,79.42,-278.59
2021-05-29,35661.79,34605.15,112663.092689,-2.96,89.07,-284.48
2021-05-30,34605.15,35641.27,73535.386967,2.99,100.0,-167.08
2021-05-31,35641.26,37253.81,94160.735289,4.52,100.0,58.61
2021-06-01,37253.82,36693.09,81234.66377,-1.51,100.0,201.52
2021-06-02,36694.85,37568.68,67587.372495,2.38,100.0,376.26
2021-06-03,37568.68,39246.79,75889.106011,4.47,87.23,612.14
2021-06-04,39246.78,36829.0,91317.799245,-6.16,92.39,611.19
2021-06-05,36829.15,35513.2,70459.62149,-3.57,83.34,530.79
2021-06-06,35516.07,35796.31,47650.206637,0.79,100.0,505.64
2021-06-07,35796.31,33552.79,77574.952573,-6.27,40.01,354.03
2021-06-08,33556.96,33380.81,123251.189037,-0.52,32.21,262.5
2021-06-09,33380.8,37388.05,136607.597517,12.0,70.49,479.54
2021-06-10,37388.05,36675.72,109527.284943,-1.91,70.49,576.32
2021-06-11,36677.83,37331.98,78466.0053,1.78,100.0,678.68
2021-06-12,37331.98,35546.11,87717.54999,-4.78,90.63,621.77
2021-06-13,35546.12,39020.57,86921.025555,9.77,100.0,802.3
2021-06-14,39020.56,40516.29,108522.391949,3.83,98.98,994.09
2021-06-15,40516.28,40144.04,80679.622838,-0.92,100.0,1061.4
2021-06-16,40143.8,38349.01,87771.976937,-4.47,72.12,953.95
2021-06-17,38349.0,38092.97,79541.307119,-0.67,52.21,838.63
2021-06-18,38092.97,35819.84,95228.042935,-5.97,53.67,593.78
2021-06-19,35820.48,35483.72,68712.449461,-0.94,64.07,402.86
2021-06-20,35483.72,35600.16,89878.17085,0.33,62.19,283.69
2021-06-21,35600.17,31608.93,168778.873159,-11.21,42.79,-47.03
2021-06-22,31614.12,32509.56,204208.179762,2.83,20.44,-180.73
2021-06-23,32509.56,33678.07,126966.100563,3.59,0.0,-166.41
2021-06-24,33675.07,34663.09,86625.80426,2.93,25.32,-71.41
2021-06-25,34663.08,31584.45,116061.130356,-8.88,0.0,-189.98
2021-06-26,31576.09,32283.65,107820.375287,2.24,24.94,-194.68
2021-06-27,32283.65,34700.34,96613.244211,7.49,10.35,-17.7
2021-06-28,34702.49,34494.89,82222.267819,-0.6,0.0,96.56
2021-06-29,34494.89,35911.73,90788.79622,4.11,30.2,268.85
2021-06-30,35911.72,35045.0,77152.197634,-2.41,45.68,322.12
2021-07-01,35045.0,33504.69,71708.266112,-4.4,29.27,254.28
2021-07-02,33502.33,33786.55,56172.181378,0.85,65.42,229.8
2021-07-03,33786.54,34669.13,43044.578641,2.61,89.18,271.59
2021-07-04,34669.12,35286.51,43703.475789,1.78,100.0,335.18
2021-07-05,35288.13,33690.14,64123.874245,-4.53,100.0,267.06
2021-07-06,33690.15,34220.01,58210.596349,1.57,95.56,255.05
2021-07-07,34220.02,33862.12,53807.521675,-1.05,74.81,221.59
2021-07-08,33862.11,32875.71,70136.48032,-2.91,46.42,135.83
2021-07-09,32875.71,33815.81,47153.939899,2.86,100.0,144.42
2021-07-10,33815.81,33502.87,34761.175468,-0.93,85.1,131.4
2021-07-11,33502.87,34258.99,31572.647448,2.26,57.98,173.45
2021-07-12,34259.0,33086.63,48181.403762,-3.42,28.88,124.33
2021-07-13,33086.94,32729.77,41126.361008,-1.08,0.0,72.42
2021-07-14,32729.12,32820.02,46777.823484,0.28,15.65,49.84
2021-07-15,32820.03,31880.0,51639.576353,-2.86,26.3,-19.03
2021-07-16,31874.49,31383.87,48499.864154,-1.54,9.91,-84.94
2021-07-17,31383.86,31520.07,34012.242132,0.43,0.0,-104.99
2021-07-18,31520.07,31778.56,35923.716186,0.82,0.0,-87.19
2021-07-19,31778.57,30839.65,47340.468499,-2.95,8.62,-122.83
2021-07-20,30839.65,29790.35,61034.049017,-3.4,0.0,-196.86
2021-07-21,29790.34,32144.51,82796.265128,7.9,51.35,-73.41
2021-07-22,32144.51,32287.83,46148.092433,0.45,66.26,26.41
2021-07-23,32287.58,33634.09,50112.863626,4.17,81.32,182.9
2021-07-24,33634.1,34258.14,47977.550138,1.86,100.0,320.2
2021-07-25,34261.51,35381.02,47852.928313,3.27,100.0,469.37
2021-07-26,35381.02,37237.6,152452.512724,5.25,100.0,663.93
2021-07-27,37241.33,39457.87,88397.267015,5.95,100.0,898.42
2021-07-28,39456.61,40019.56,101344.528441,1.43,100.0,1037.76
2021-07-29,40019.57,40016.48,53998.439283,-0.01,100.0,1071.75
2021-07-30,40018.49,42206.37,73602.784805,5.47,100.0,1175.43
2021-07-31,42206.36,41461.83,44849.791012,-1.76,93.04,1127.41
2021-08-01,41461.84,39845.44,53953.186326,-3.9,79.75,928.62
2021-08-02,39850.27,39147.82,50837.351954,-1.76,81.5,702.26
2021-08-03,39146.86,38207.05,57117.435853,-2.4,75.46,453.37
2021-08-04,38207.04,39723.18,52329.35243,3.97,69.03,359.17
2021-08-05,39723.17,40862.46,84343.755621,2.87,71.44,342.0
2021-08-06,40862.46,42836.87,75753.941347,4.83,70.28,426.52
2021-08-07,42836.87,44572.54,73396.740808,4.05,73.31,554.14
2021-08-08,44572.54,43794.37,69329.092698,-1.75,30.19,540.39
2021-08-09,43794.36,46253.4,74587.884845,5.61,6.56,644.12
2021-08-10,46248.87,45584.99,53814.643421,-1.44,0.0,614.99
2021-08-11,45585.0,45511.0,52734.901977,-0.16,0.0,540.65
2021-08-12,45510.67,44399.0,55266.108781,-2.44,0.0,374.38
2021-08-13,44400.06,47800.0,48239.370431,7.66,12.17,446.38
2021-08-14,47799.99,47068.51,46114.359022,-1.53,15.63,399.19
2021-08-15,47068.5,46973.82,42110.711334,-0.2,51.85,319.51
2021-08-16,46973.82,45901.29,52480.574014,-2.28,42.34,160.5
2021-08-17,45901.3,44695.95,57039.341629,-2.63,35.88,-48.73
2021-08-18,44695.95,44705.29,54099.415985,0.02,17.29,-200.84
2021-08-19,44699.37,46760.62,53411.75392,4.61,28.97,-178.16
2021-08-20,46760.62,49322.47,56850.352228,5.48,35.84,-14.36
2021-08-21,49322.47,48821.87,46745.136584,-1.01,2.42,33.88
2021-08-22,48821.88,49239.22,37007.887795,0.85,35.62,65.67
2021-08-23,49239.22,49488.85,52462.541954,0.51,0.0,74.64
2021-08-24,49488.85,47674.01,51014.594748,-3.67,0.0,-63.1
2021-08-25,47674.01,48973.32,44655.830342,2.73,26.54,-86.68
2021-08-26,48973.32,46843.87,49371.277774,-4.35,1.03,-256.1
2021-08-27,46843.86,49069.9,42068.104965,4.75,0.0,-229.5
2021-08-28,49069.9,48895.35,26681.063786,-0.36,11.37,-234.11
2021-08-29,48895.35,48767.83,32652.283473,-0.26,11.73,-254.5
2021-08-30,48767.84,46982.91,40288.35083,-3.66,0.0,-388.91
2021-08-31,46982.91,47100.89,48645.52737,0.25,30.47,-465.42
2021-09-01,47100.89,48810.52,49904.65528,3.63,58.75,-398.98
2021-09-02,48810.51,49246.64,54410.770538,0.89,31.96,-326.8
2021-09-03,49246.63,49999.14,59025.644157,1.53,0.0,-233.86
2021-09-04,49998.0,49915.64,34664.65959,-0.16,11.59,-185.6
2021-09-05,49917.54,51756.88,40544.835873,3.68,63.98,-44.63
2021-09-06,51756.88,52663.9,49249.667081,1.75,82.62,87.56
2021-09-07,52666.2,46863.73,123048.802719,-11.02,0.0,-220.94
2021-09-08,46868.57,46048.31,65069.3152,-1.75,0.0,-470.85
2021-09-09,46048.31,46395.14,50651.66002,0.75,32.63,-595.7
2021-09-10,46395.14,44850.91,49048.26618,-3.33,0.0,-754.94
2021-09-11,44842.2,45173.69,30440.4081,0.74,6.51,-806.52
2021-09-12,45173.68,46025.24,32094.28052,1.89,19.81,-752.34
2021-09-13,46025.23,44940.73,65429.15056,-2.36,26.97,-756.54
2021-09-14,44940.72,47111.52,44855.85099,4.83,51.88,-587.65
2021-09-15,47103.28,48121.41,43204.71174,2.16,47.17,-391.87
2021-09-16,48121.4,47737.82,40725.08895,-0.8,37.25,-277.53
2021-09-17,47737.81,47299.98,34461.92776,-0.92,22.31,-223.06
2021-09-18,47299.98,48292.74,30906.47038,2.1,36.51,-117.17
2021-09-19,48292.75,47241.75,29847.24349,-2.18,0.38,-114.75
2021-09-20,47241.75,43015.62,78003.524443,-8.95,0.0,-379.69
2021-09-21,43016.64,40734.38,84534.080485,-5.31,23.68,-673.33
2021-09-22,40734.09,43543.61,58349.05542,6.9,71.92,-643.17
2021-09-23,43546.37,44865.26,48699.57655,3.03,83.61,-505.11
2021-09-24,44865.26,42810.57,84113.426292,-4.58,78.71,-520.97
2021-09-25,42810.58,42670.64,33594.57189,-0.33,73.69,-509.09
2021-09-26,42670.63,43160.9,49879.99765,1.15,69.38,-439.07
2021-09-27,43160.9,42147.35,39776.84383,-2.35,70.03,-431.26
2021-09-28,42147.35,41026.54,43372.2624,-2.66,34.23,-468.69
2021-09-29,41025.01,41524.28,33511.53487,1.22,28.15,-428.17
2021-09-30,41524.29,43824.1,46381.22781,5.54,70.29,-224.94
2021-10-01,43820.01,48141.61,66244.87492,9.86,100.0,198.91
2021-10-02,48141.6,47634.9,30508.98131,-1.05,87.53,430.49
2021-10-03,47634.89,48200.01,30825.05601,1.19,100.0,596.84
2021-10-04,48200.01,49224.94,46796.49372,2.13,100.0,741.57
2021-10-05,49224.93,51471.99,52125.66793,4.56,100.0,941.47
2021-10-06,51471.99,55315.0,79877.545181,7.47,100.0,1265.17
2021-10-07,55315.0,53785.22,54917.37766,-2.77,84.77,1303.73
2021-10-08,53785.22,53951.43,46160.25785,0.31,100.0,1266.81
2021-10-09,53955.67,54949.72,55177.08013,1.84,100.0,1234.74
2021-10-10,54949.72,54659.0,89237.836128,-0.53,96.57,1122.31
2021-10-11,54659.01,57471.35,52933.165751,5.15,100.0,1160.88
2021-10-12,57471.35,55996.93,53471.2855,-2.57,97.46,1015.85
2021-10-13,55996.91,57367.0,55808.44492,2.45,98.41,942.56
2021-10-14,57370.83,57347.94,43053.336781,-0.04,92.93,827.29
2021-10-15,57347.94,61672.42,82512.908022,7.54,92.95,967.04
2021-10-16,61672.42,60875.57,35467.88096,-1.29,88.8,930.28
2021-10-17,60875.57,61528.33,39099.24124,1.07,81.56,875.21
2021-10-18,61528.32,62009.84,51798.44844,0.78,70.82,798.62
2021-10-19,62005.6,64280.59,53628.107744,3.67,70.97,824.92
2021-10-20,64280.59,66001.41,51428.934856,2.68,55.17,877.36
2021-10-21,66001.4,62193.15,68538.64537,-5.77,0.0,588.58
2021-10-22,62193.15,60688.22,52119.35886,-2.42,0.0,246.72
2021-10-23,60688.23,61286.75,27626.93678,0.99,0.0,23.19
2021-10-24,61286.75,60852.22,31226.57676,-0.71,0.0,-180.44
2021-10-25,60852.22,63078.78,36853.83806,3.66,0.0,-190.69
2021-10-26,63078.78,60328.81,40217.50083,-4.36,0.0,-396.34
2021-10-27,60328.81,58413.44,62124.49016,-3.17,0.0,-659.53
2021-10-28,58413.44,60575.89,61056.35301,3.7,13.68,-683.24
2021-10-29,60575.9,62253.71,43973.90414,2.77,0.0,-584.97
2021-10-30,62253.7,61859.19,31478.12566,-0.63,3.08,-546.33
2021-10-31,61859.19,61299.8,39267.63794,-0.9,0.0,-556.36
2021-11-01,61299.81,60911.11,44687.66672,-0.63,0.0,-584.21
2021-11-02,60911.12,63219.99,46368.2841,3.79,0.29,-448.28
2021-11-03,63220.57,62896.48,43336.09049,-0.51,0.0,-383.8
2021-11-04,62896.49,61395.01,35930.93314,-2.39,23.49,-441.77
2021-11-05,61395.01,60937.12,31604.48749,-0.75,37.23,-505.86
2021-11-06,60940.18,61470.61,25590.57408,0.87,37.1,-506.0
2021-11-07,61470.62,63273.59,25515.6883,2.93,67.7,-383.88
2021-11-08,63273.58,67525.83,54442.094554,6.72,100.0,-34.35
2021-11-09,67525.82,66947.66,44661.378068,-0.86,100.0,131.2
2021-11-10,66947.67,64882.43,65171.504046,-3.08,97.86,77.56
2021-11-11,64882.42,64774.26,37237.98058,-0.17,79.27,14.07
2021-11-12,64774.25,64122.23,44490.10816,-1.01,53.12,-87.0
2021-11-13,64122.22,64380.0,22504.97383,0.4,61.61,-148.08
2021-11-14,64380.01,65519.1,25705.07347,1.77,81.29,-124.31
2021-11-15,65519.11,63606.74,37829.37124,-2.92,59.81,-243.05
2021-11-16,63606.73,60058.87,77455.15609,-5.58,0.0,-548.71
2021-11-17,60058.87,60344.87,46289.38491,0.48,6.12,-709.59
2021-11-18,60344.86,56891.62,62146.99931,-5.72,0.0,-1008.3
2021-11-19,56891.62,58052.24,50715.88726,2.04,14.4,-1081.0
2021-11-20,58057.1,59707.51,33811.5901,2.84,24.23,-974.19
2021-11-21,59707.52,58622.02,31902.22785,-1.82,0.71,-933.16
2021-11-22,58617.7,56247.18,51724.32047,-4.04,0.0,-1015.67
2021-11-23,56243.83,57541.27,49917.85017,2.31,12.06,-934.83
2021-11-24,57541.26,57138.29,39612.04964,-0.7,19.12,-862.01
2021-11-25,57138.29,58960.36,42153.51522,3.19,34.39,-654.07
2021-11-26,58960.37,53726.53,65927.87066,-8.88,18.5,-821.15
2021-11-27,53723.72,54721.03,29716.99957,1.86,23.32,-815.17
2021-11-28,54716.47,57274.88,36163.7137,4.68,36.7,-599.66
2021-11-29,57274.89,57776.25,40125.28009,0.88,69.94,-393.74
2021-11-30,57776.25,56950.56,49161.05194,-1.43,88.65,-288.42
2021-12-01,56950.56,57184.07,44956.63656,0.41,88.13,-183.42
2021-12-02,57184.07,56480.34,37574.05976,-1.23,100.0,-143.51
2021-12-03,56484.26,53601.05,58927.69027,-5.1,66.9,-285.02
2021-12-04,53601.05,49152.47,114203.373748,-8.3,26.08,-632.3
2021-12-05,49152.46,49396.33,45580.82012,0.5,33.53,-789.46
2021-12-06,49396.32,50441.92,58571.21575,2.12,46.15,-766.25
2021-12-07,50441.91,50588.95,38253.46877,0.29,25.42,-686.81
2021-12-08,50588.95,50471.19,38425.92466,-0.23,27.68,-591.61
2021-12-09,50471.19,47545.59,37692.68665,-5.8,0.0,-669.37
2021-12-10,47535.9,47140.54,44233.57391,-0.83,27.95,-689.08
2021-12-11,47140.54,49389.99,28889.19358,4.77,46.48,-500.4
2021-12-12,49389.99,50053.9,26017.93421,1.34,17.56,-291.03
2021-12-13,50053.9,46702.75,50869.52093,-6.7,0.0,-335.25
2021-12-14,46702.76,48343.28,39955.98445,3.51,26.23,-216.77
2021-12-15,48336.95,48864.98,51629.181,1.09,29.83,-73.43
2021-12-16,48864.98,47632.38,31949.86739,-2.52,40.76,-33.82
2021-12-17,47632.38,46131.2,43104.4887,-3.15,61.55,-78.35
2021-12-18,46133.83,46834.48,25020.05271,1.52,100.0,-32.43
2021-12-19,46834.47,46681.23,29305.70665,-0.33,93.98,13.19
2021-12-20,46681.24,46914.16,35848.50609,0.5,79.39,80.85
2021-12-21,46914.17,48889.88,37713.92924,4.21,100.0,269.8
2021-12-22,48887.59,48588.16,27004.2022,-0.61,97.94,378.93
2021-12-23,48588.17,50838.81,35192.54046,4.63,100.0,594.32
2021-12-24,50838.82,50820.0,31684.84269,-0.04,100.0,718.83
2021-12-25,50819.99,50399.66,19135.51613,-0.83,80.21,752.6
2021-12-26,50399.67,50775.49,22569.88914,0.75,77.82,776.81
2021-12-27,50775.48,50701.44,28792.21566,-0.15,100.0,763.29
2021-12-28,50701.44,47543.74,45853.33924,-6.23,45.37,528.29
2021-12-29,47543.74,46464.66,39498.87,-2.27,29.98,298.24
2021-12-30,46464.66,47120.87,30352.29569,1.41,45.42,193.42
2021-12-31,47120.88,46216.93,34937.99796,-1.92,40.05,72.57
2022-01-01,46216.93,47722.65,19604.46325,3.26,0,0.0
2022-01-02,47722.66,47286.18,18340.4604,-0.91,0,-27.85
2022-01-03,47286.18,46446.1,27662.0771,-1.78,0,-97.4
2022-01-04,46446.1,45832.01,35491.4136,-1.32,0,-174.79
2022-01-05,45832.01,43451.13,51784.11857,-5.19,0,-365.39
2022-01-06,43451.14,43082.31,38880.37305,-0.85,0,-487.72
2022-01-07,43082.3,41566.48,54836.50818,-3.52,0,-632.94
2022-01-08,41566.48,41679.74,32952.73111,0.27,100.0,-679.48
2022-01-09,41679.74,41864.62,22724.39426,0.44,100.0,-655.61
2022-01-10,41864.62,41822.49,50729.17019,-0.1,99.35,-601.86
2022-01-11,41822.49,42729.29,37296.43729,2.17,100.0,-470.26
2022-01-12,42729.29,43902.66,33943.2928,2.75,100.0,-278.69
2022-01-13,43902.65,42560.11,34910.87762,-3.06,86.47,-219.49
2022-01-14,42558.35,43059.96,32640.88292,1.18,99.62,-128.29
2022-01-15,43059.96,43084.29,21936.05616,0.06,100.0,-51.86
2022-01-16,43084.29,43071.66,20602.35271,-0.03,100.0,9.06
2022-01-17,43071.66,42201.62,27562.08613,-2.02,99.7,2.32
2022-01-18,42201.63,42352.12,29324.08257,0.36,100.0,18.66
2022-01-19,42352.12,41660.01,31685.72159,-1.63,100.0,-5.21
2022-01-20,41660.0,40680.91,42330.33953,-2.35,92.83,-71.33
2022-01-21,40680.92,36445.31,88860.891999,-10.41,68.89,-368.14
2022-01-22,36445.31,35071.42,90471.338961,-3.77,55.62,-610.5
2022-01-23,35071.42,36244.55,44279.52354,3.34,72.08,-642.1
2022-01-24,36244.55,36660.35,91904.753211,1.15,67.41,-586.8
2022-01-25,36660.35,36958.32,49232.40183,0.81,30.87,-486.13
2022-01-26,36958.32,36809.34,69830.16036,-0.4,0.0,-389.7
2022-01-27,36807.24,37160.1,53020.87934,0.96,28.14,-268.21
2022-01-28,37160.11,37716.56,42154.26956,1.5,30.24,-123.65
2022-01-29,37716.57,38166.84,26129.49682,1.19,45.39,21.31
2022-01-30,38166.83,37881.76,21430.66527,-0.75,41.66,111.94
2022-01-31,37881.75,38466.9,36855.2458,1.54,73.85,219.05
2022-02-01,38466.9,38694.59,34574.44663,0.59,76.29,307.55
2022-02-02,38694.59,36896.36,35794.6813,-4.65,70.63,249.77
2022-02-03,36896.37,37311.61,32081.10999,1.13,100.0,244.02
2022-02-04,37311.98,41574.25,64703.95874,11.42,100.0,516.16
2022-02-05,41571.7,41382.59,32532.34372,-0.45,100.0,662.76
2022-02-06,41382.6,42380.87,22405.16704,2.41,99.4,797.43
2022-02-07,42380.87,43839.99,51060.62006,3.44,100.0,945.15
2022-02-08,43839.99,44042.99,64880.29387,0.46,99.73,1010.98
2022-02-09,44043.0,44372.72,34428.16729,0.75,100.0,1027.83
2022-02-10,44372.71,43495.44,62357.29091,-1.98,88.78,933.72
2022-02-11,43495.44,42373.73,44975.1687,-2.58,74.31,757.27
2022-02-12,42373.73,42217.87,26556.85681,-0.37,70.63,598.37
2022-02-13,42217.87,42053.66,17732.08113,-0.39,70.01,456.91
2022-02-14,42053.65,42535.94,34010.1306,1.15,69.46,374.0
2022-02-15,42535.94,44544.86,38095.19576,4.72,77.87,428.72
2022-02-16,44544.85,43873.56,28471.8727,-1.51,88.71,394.81
2022-02-17,43873.56,40515.7,47245.99494,-7.65,0.0,134.77
2022-02-18,40515.71,39974.44,43845.92241,-1.34,0.0,-73.92
2022-02-19,39974.45,40079.17,18042.0551,0.26,3.04,-198.1
2022-02-20,40079.17,38386.89,33439.29011,-4.22,0.0,-377.03
2022-02-21,38386.89,37008.16,62347.68496,-3.59,0.0,-560.02
2022-02-22,37008.16,38230.33,53785.94589,3.3,9.59,-568.7
2022-02-23,38230.33,37250.01,43560.732,-2.56,3.77,-606.95
2022-02-24,37250.02,38327.21,120476.29458,2.89,16.89,-529.02
2022-02-25,38328.68,39219.17,56574.57125,2.32,29.45,-392.98
2022-02-26,39219.16,39116.72,29361.2568,-0.26,29.73,-290.22
2022-02-27,39116.73,37699.07,46229.44719,-3.62,23.79,-296.97
2022-02-28,37699.08,43160.0,73945.63858,14.49,52.81,67.65
2022-03-01,43160.0,44421.2,61743.09873,2.92,49.36,377.74
2022-03-02,44421.2,43892.98,57782.65081,-1.19,72.76,522.35
2022-03-03,43892.99,42454.0,50940.61021,-3.28,100.0,496.34
2022-03-04,42454.0,39148.66,61964.68498,-7.79,76.68,244.52
2022-03-05,39148.65,39397.96,30363.13341,0.64,77.82,90.66
2022-03-06,39397.97,38420.81,39677.26158,-2.48,83.24,-72.22
2022-03-07,38420.8,37988.0,63994.11559,-1.13,90.43,-197.31
2022-03-08,37988.01,38730.63,55583.06638,1.95,86.34,-216.69
2022-03-09,38730.63,41941.71,67392.58799,8.29,100.0,-10.77
2022-03-10,41941.7,39422.0,71962.93154,-6.01,64.94,-40.13
2022-03-11,39422.01,38729.57,59018.7642,-1.76,50.72,-98.73
2022-03-12,38729.57,38807.36,24034.36432,0.2,52.35,-123.19
2022-03-13,38807.35,37777.34,32791.82359,-2.65,16.47,-195.39
2022-03-14,37777.35,39671.37,46945.45375,5.01,0.0,-106.69
2022-03-15,39671.37,39280.33,46015.54926,-0.99,0.0,-67.36
2022-03-16,39280.33,41114.0,88120.76167,4.67,28.29,81.09
2022-03-17,41114.01,40917.9,37189.38087,-0.48,39.98,160.43
2022-03-18,40917.89,41757.51,45408.00969,2.05,90.42,258.03
2022-03-19,41757.51,42201.13,29067.18108,1.06,92.46,336.09
2022-03-20,42201.13,41262.11,30653.33468,-2.23,93.03,308.81
2022-03-21,41262.11,41002.25,39426.24877,-0.63,95.67,259.58
2022-03-22,41002.26,42364.13,59454.94294,3.32,100.0,302.07
2022-03-23,42364.13,42882.76,40828.87039,1.22,69.71,345.33
2022-03-24,42882.76,43991.46,56195.12374,2.59,100.0,423.66
2022-03-25,43991.46,44313.16,54614.43648,0.73,100.0,468.68
2022-03-26,44313.16,44511.27,23041.61741,0.45,100.0,481.51
2022-03-27,44511.27,46827.76,41874.91071,5.2,100.0,607.58
2022-03-28,46827.76,47122.21,58949.2614,0.63,95.94,667.6
2022-03-29,47122.21,47434.8,36772.28457,0.66,100.0,682.69
2022-03-30,47434.79,47067.99,40947.2085,-0.77,85.96,623.94
2022-03-31,47067.99,45510.34,48645.12667,-3.31,52.22,444.55
2022-04-01,45510.35,46283.49,56271.06474,1.7,51.69,346.69
2022-04-02,46283.49,45811.0,37073.53582,-1.02,38.92,224.78
2022-04-03,45810.99,46407.35,33394.67794,1.3,62.37,161.88
2022-04-04,46407.36,46580.51,44641.87514,0.37,69.19,111.89
2022-04-05,46580.5,45497.55,42192.74852,-2.32,35.39,-7.81
2022-04-06,45497.54,43170.47,60849.32936,-5.11,0.0,-244.3
2022-04-07,43170.47,43444.19,37396.54156,0.63,0.0,-375.06
2022-04-08,43444.2,42252.01,42375.04203,-2.74,0.0,-525.4
2022-04-09,42252.02,42753.97,17891.66047,1.19,3.17,-570.81
2022-04-10,42753.96,42158.85,22771.09403,-1.39,0.0,-616.79
2022-04-11,42158.85,39530.45,63560.44721,-6.23,0.0,-789.06
2022-04-12,39530.45,40074.94,57751.01778,1.38,2.31,-827.18
2022-04-13,40074.95,41147.79,41342.27254,2.68,14.3,-743.61
2022-04-14,41147.78,39942.38,36807.01401,-2.93,15.63,-731.85
2022-04-15,39942.37,40551.9,24026.35739,1.53,14.08,-648.22
2022-04-16,40551.9,40378.71,15805.44718,-0.43,15.24,-572.41
2022-04-17,40378.7,39678.12,19988.49259,-1.74,6.75,-537.81
2022-04-18,39678.11,40801.13,54243.49575,2.83,19.83,-413.27
2022-04-19,40801.13,41493.18,35788.85843,1.7,48.32,-265.43
2022-04-20,41493.19,41358.19,40877.35041,-0.33,79.88,-162.92
2022-04-21,41358.19,40480.01,59316.27657,-2.12,77.1,-141.25
2022-04-22,40480.01,39709.18,46664.0196,-1.9,83.21,-164.21
2022-04-23,39709.19,39441.6,20291.42375,-0.67,69.39,-181.46
2022-04-24,39441.61,39450.13,26703.61186,0.02,78.66,-176.18
2022-04-25,39450.12,40426.08,63037.12784,2.47,100.0,-94.92
2022-04-26,40426.08,38112.65,66650.258,-5.72,54.69,-180.0
2022-04-27,38112.64,39235.72,57083.12272,2.95,55.57,-145.16
2022-04-28,39235.72,39742.07,56086.6715,1.29,80.84,-76.01
2022-04-29,39742.06,38596.11,51453.65715,-2.88,54.48,-94.26
2022-04-30,38596.11,37630.8,35321.18989,-2.5,45.35,-154.58
2022-05-01,37630.8,38468.35,38812.24104,2.23,60.6,-122.7
2022-05-02,38468.35,38525.16,53200.92628,0.15,20.54,-84.25
2022-05-03,38525.16,37728.95,40316.45358,-2.07,0.0,-97.95
2022-05-04,37728.95,39690.0,62574.61736,5.2,48.51,32.58
2022-05-05,39690.0,36552.97,88722.43355,-7.9,19.02,-78.77
2022-05-06,36552.97,36013.77,68437.80187,-1.48,21.62,-169.91
2022-05-07,36013.77,35472.39,34281.70682,-1.5,18.55,-243.36
2022-05-08,35472.4,34038.4,72445.64344,-4.04,3.99,-358.28
2022-05-09,34038.39,30076.31,191876.926428,-11.64,0.0,-653.69
2022-05-10,30074.23,31017.1,165532.00311,3.14,27.19,-732.37
2022-05-11,31017.11,29103.94,207063.739278,-6.17,0.0,-851.53
2022-05-12,29103.94,29029.75,204507.263138,-0.25,0.0,-870.53
2022-05-13,29029.74,29287.05,97872.36957,0.89,10.52,-802.61
2022-05-14,29287.05,30086.74,51095.87863,2.73,30.67,-647.33
2022-05-15,30086.74,31328.89,46275.66912,4.13,39.93,-415.72
2022-05-16,31328.89,29874.01,73082.19658,-4.64,28.96,-319.58
2022-05-17,29874.01,30444.93,56724.13307,1.91,43.8,-183.38
2022-05-18,30444.93,28715.32,59749.15799,-5.68,0.0,-175.61
2022-05-19,28715.33,30319.23,67877.36415,5.59,66.59,-35.6
2022-05-20,30319.22,29201.01,60517.25325,-3.69,62.98,6.31
2022-05-21,29201.01,29445.06,20987.13124,0.84,93.75,71.46
2022-05-22,29445.07,30293.94,36158.98748,2.88,100.0,186.2
2022-05-23,30293.93,29109.15,63901.49932,-3.91,100.0,195.79
2022-05-24,29109.14,29654.58,59442.96036,1.87,94.03,248.95
2022-05-25,29654.58,29542.15,59537.38659,-0.38,100.0,284.09
2022-05-26,29542.14,29201.35,94581.65463,-1.15,96.34,290.86
2022-05-27,29201.35,28629.8,90998.5201,-1.96,85.6,264.1
2022-05-28,28629.81,29031.33,34479.35127,1.4,80.02,279.24
2022-05-29,29031.33,29468.1,27567.34764,1.5,67.5,321.45
2022-05-30,29468.1,31734.22,96785.9476,7.69,100.0,494.43
2022-05-31,31734.23,31801.04,62433.11632,0.21,95.02,598.83
2022-06-01,31801.05,29805.83,103395.63382,-6.27,88.47,521.8
2022-06-02,29805.84,30452.62,56961.42928,2.17,73.6,502.52
2022-06-03,30452.63,29700.21,54067.44727,-2.47,78.64,430.01
2022-06-04,29700.21,29864.04,25617.90113,0.55,69.69,385.42
2022-06-05,29864.03,29919.21,23139.9281,0.18,39.56,352.86
2022-06-06,29919.2,31373.1,68836.92456,4.86,100.0,418.01
2022-06-07,31373.1,31125.33,110674.51658,-0.79,80.84,431.43
2022-06-08,31125.32,30204.77,68542.61276,-2.96,58.09,367.81
2022-06-09,30204.77,30109.93,46291.1865,-0.31,64.63,311.09
2022-06-10,30109.93,29091.88,76204.2498,-3.38,52.98,202.04
2022-06-11,29091.87,28424.7,65901.39895,-2.29,27.78,87.85
2022-06-12,28424.71,26574.53,92474.598809,-6.51,0.0,-99.28
2022-06-13,26574.53,22487.41,254611.034966,-15.38,0.0,-464.85
2022-06-14,22485.27,22136.41,187201.64671,-1.55,0.0,-683.6
2022-06-15,22136.42,22583.72,200774.493467,2.02,12.08,-746.36
2022-06-16,22583.72,20401.31,99673.59429,-9.66,0.0,-874.18
2022-06-17,20400.6,20468.81,86694.33663,0.33,2.66,-890.51
2022-06-18,20468.81,18970.79,196441.655524,-7.32,0.0,-933.97
2022-06-19,18970.79,20574.0,128320.87595,8.45,16.91,-792.11
2022-06-20,20574.0,20573.89,109028.94154,-0.0,1.22,-642.06
2022-06-21,20573.9,20723.52,104371.0749,0.73,3.99,-483.72
2022-06-22,20723.51,19987.99,92133.97938,-3.55,4.46,-383.87
2022-06-23,19988.0,21110.13,83127.08716,5.61,20.53,-206.48
2022-06-24,21110.12,21237.69,77430.36622,0.6,29.96,-52.8
2022-06-25,21237.68,21491.19,51431.67794,1.19,50.84,86.13
2022-06-26,21491.18,21038.07,53278.10464,-2.11,100.0,163.23
2022-06-27,21038.08,20742.56,64475.0013,-1.4,100.0,207.23
2022-06-28,20742.57,20281.29,63801.0832,-2.22,98.24,217.12
2022-06-29,20281.28,20123.01,77309.04379,-0.78,84.8,223.96
2022-06-30,20123.0,19942.21,93846.64806,-0.9,100.0,226.57
2022-07-01,19942.21,19279.8,111844.59494,-3.32,86.49,195.15
2022-07-02,19279.8,19252.81,46180.3021,-0.14,100.0,184.16
2022-07-03,19252.82,19315.83,51087.46631,0.33,58.94,191.86
2022-07-04,19315.83,20236.71,74814.04601,4.77,85.79,265.19
2022-07-05,20236.71,20175.83,96041.13756,-0.3,80.42,312.55
2022-07-06,20175.84,20564.51,82439.5808,1.93,100.0,369.13
2022-07-07,20564.51,21624.98,85014.58261,5.16,98.32,470.56
2022-07-08,21624.99,21594.75,403081.57349,-0.14,93.19,524.09
2022-07-09,21594.75,21591.83,178417.84468,-0.01,83.12,545.35
2022-07-10,21592.15,20862.47,192188.21556,-3.38,61.68,497.66
2022-07-11,20861.11,19963.61,137535.40724,-4.3,34.64,397.31
2022-07-12,19963.61,19328.75,139506.45862,-3.18,27.9,285.16
2022-07-13,19331.28,20234.87,209250.24888,4.67,75.14,269.17
2022-07-14,20234.87,20588.84,174809.21696,1.75,95.93,278.45
2022-07-15,20588.84,20830.04,143343.3049,1.17,100.0,295.24
2022-07-16,20830.04,21195.6,121011.67393,1.75,100.0,323.14
2022-07-17,21195.6,20798.16,118229.4525,-1.88,82.48,307.09
2022-07-18,20799.58,22432.58,239942.73132,7.85,98.5,393.32
2022-07-19,22432.58,23396.62,263770.76574,4.3,100.0,495.45
2022-07-20,23398.48,23223.3,238762.17094,-0.75,89.34,528.48
2022-07-21,23223.3,23152.19,184817.68191,-0.31,68.79,521.78
2022-07-22,23152.19,22684.83,171598.43966,-2.02,56.29,464.06
2022-07-23,22684.83,22451.07,122137.77375,-1.03,50.23,391.24
2022-07-24,22448.58,22579.68,115189.67277,0.58,73.17,335.0
2022-07-25,22577.13,21310.9,180344.76643,-5.61,62.38,202.17
2022-07-26,21310.9,21254.67,177817.24326,-0.26,69.49,105.2
2022-07-27,21254.67,22952.45,210971.19796,7.99,86.8,147.5
2022-07-28,22954.31,23842.93,236029.0741,3.87,100.0,223.02
2022-07-29,23845.25,23773.75,198298.50623,-0.3,89.3,253.64
2022-07-30,23777.28,23643.51,151060.13211,-0.56,70.75,250.05
2022-07-31,23644.64,23293.32,127743.32483,-1.49,73.52,210.59
2022-08-01,23296.36,23268.01,144210.16219,-0.12,7.91,170.98
2022-08-02,23266.9,22987.79,158073.28225,-1.2,0.0,116.68
2022-08-03,22985.93,22818.37,145948.80995,-0.73,0.14,62.84
2022-08-04,22816.91,22622.98,154854.67016,-0.85,0.0,10.3
2022-08-05,22622.41,23312.42,175251.69749,3.05,40.68,17.77
2022-08-06,23313.56,22954.21,83911.80307,-1.54,36.04,-4.43
2022-08-07,22954.21,23174.39,88890.00877,0.96,38.85,-7.14
2022-08-08,23174.39,23810.0,170958.44152,2.74,100.0,29.03
2022-08-09,23810.98,23149.95,143182.50858,-2.78,73.98,4.93
2022-08-10,23151.32,23954.05,208916.54953,3.47,52.03,37.73
2022-08-11,23954.05,23934.39,249759.79557,-0.08,20.8,51.83
2022-08-12,23933.09,24403.68,174207.5704,1.97,41.1,84.55
2022-08-13,24401.7,24441.38,152852.25435,0.16,48.1,99.5
2022-08-14,24443.06,24305.24,151206.14473,-0.56,58.24,91.19
2022-08-15,24305.25,24094.82,242539.54758,-0.87,49.42,63.8
2022-08-16,24093.04,23854.74,179324.94821,-0.99,51.27,23.85
2022-08-17,23856.15,23342.66,210668.68766,-2.15,36.36,-39.3
2022-08-18,23342.66,23191.2,144185.97011,-0.65,21.91,-90.57
2022-08-19,23191.45,20834.39,283995.87747,-10.16,0.0,-272.24
2022-08-20,20834.39,21140.07,183041.68363,1.47,11.97,-355.59
2022-08-21,21140.07,21515.61,159200.6841,1.78,15.54,-367.67
2022-08-22,21516.7,21399.83,222222.04526,-0.54,0.0,-364.97
2022-08-23,21400.75,21529.12,200967.77164,0.6,16.97,-336.67
2022-08-24,21529.11,21368.08,174383.22046,-0.75,0.0,-311.57
2022-08-25,21368.05,21559.04,169915.78301,0.89,7.71,-266.62
2022-08-26,21559.04,20241.05,273811.61955,-6.11,0.0,-307.27
2022-08-27,20239.14,20037.6,162582.46032,-1.0,0.0,-327.62
2022-08-28,20037.6,19555.61,139307.95976,-2.41,0.0,-351.21
2022-08-29,19555.61,20285.73,210509.49545,3.73,20.36,-297.43
2022-08-30,20287.2,19811.66,256634.35529,-2.34,20.24,-274.15
2022-08-31,19813.03,20050.02,276946.60765,1.2,30.49,-225.12
2022-09-01,20048.44,20131.46,245289.97263,0.41,59.59,-172.02
2022-09-02,20132.64,19951.86,245986.6033,-0.9,100.0,-135.42
2022-09-03,19950.98,19831.9,146639.03204,-0.6,81.85,-106.96
2022-09-04,19832.45,20000.3,145588.77893,0.85,70.95,-66.46
2022-09-05,20000.3,19796.84,222543.01057,-1.02,68.56,-44.11
2022-09-06,19795.34,18790.61,356315.05718,-5.08,40.01,-85.43
2022-09-07,18790.61,19292.84,287394.7788,2.67,66.79,-68.04
2022-09-08,19292.85,19319.77,262813.28273,0.14,59.44,-44.94
2022-09-09,19320.54,21360.11,428919.74652,10.56,100.0,109.13
2022-09-10,21361.62,21648.34,307997.33504,1.34,100.0,225.13
2022-09-11,21647.21,21826.87,280702.55149,0.83,100.0,303.7
2022-09-12,21826.87,22395.74,395395.61828,2.61,98.13,378.89
2022-09-13,22395.44,20173.57,431915.03333,-9.92,62.91,269.04
2022-09-14,20173.62,20226.71,340826.40151,0.26,60.21,193.57
2022-09-15,20227.17,19701.88,333069.76076,-2.6,51.31,106.27
2022-09-16,19701.88,19803.3,283791.07064,0.51,55.34,55.86
2022-09-17,19803.3,20113.62,179350.24338,1.57,61.52,44.42
2022-09-18,20112.61,19416.18,254217.46904,-3.46,49.7,-6.42
2022-09-19,19417.45,19537.02,380512.40306,0.62,54.0,-27.04
2022-09-20,19537.02,18875.0,324098.3286,-3.39,53.1,-77.54
2022-09-21,18874.31,18461.36,385034.10021,-2.19,38.33,-128.1
2022-09-22,18461.36,19401.63,379321.72111,5.09,23.69,-89.35
2022-09-23,19401.63,19289.91,385886.91829,-0.58,0.0,-63.58
2022-09-24,19288.57,18920.5,239496.56746,-1.91,0.0,-63.6
2022-09-25,18921.99,18807.38,191191.4492,-0.61,0.0,-63.28
2022-09-26,18809.13,19227.82,439239.21943,2.23,0.0,-28.57
2022-09-27,19226.68,19079.13,593260.74161,-0.77,47.45,-10.39
2022-09-28,19078.1,19412.82,521385.45547,1.75,60.9,27.3
2022-09-29,19412.82,19591.51,406424.93256,0.92,88.24,65.28
2022-09-30,19590.54,19422.61,444322.9534,-0.86,77.09,79.12
2022-10-01,19422.61,19310.95,165625.13959,-0.57,61.27,80.58
2022-10-02,19312.24,19056.8,206812.47032,-1.32,79.77,64.92
2022-10-03,19057.74,19629.08,293585.75212,3.0,100.0,91.96
2022-10-04,19629.08,20337.82,327012.00127,3.61,100.0,152.82
2022-10-05,20337.82,20158.26,312239.75224,-0.88,100.0,174.67
2022-10-06,20158.26,19960.67,320122.1702,-0.98,72.63,169.37
2022-10-07,19960.67,19530.09,220874.83913,-2.16,61.96,132.07
2022-10-08,19530.09,19417.96,102480.09842,-0.57,70.44,96.69
2022-10-09,19416.52,19439.02,113900.82681,0.12,75.09,72.66
2022-10-10,19439.96,19131.87,212509.09849,-1.58,32.97,35.88
2022-10-11,19131.87,19060.0,243473.84286,-0.38,30.31,7.97
2022-10-12,19060.0,19155.53,213826.26731,0.5,17.2,-2.24
2022-10-13,19155.1,19375.13,399756.68337,1.15,19.58,7.09
2022-10-14,19375.58,19176.93,351634.32601,-1.03,18.1,1.5
2022-10-15,19176.93,19069.39,113847.64232,-0.56,2.92,-7.36
2022-10-16,19068.4,19262.98,131894.61885,1.02,30.63,1.42
2022-10-17,19262.98,19549.86,222813.87634,1.49,11.31,26.76
2022-10-18,19548.48,19327.44,260313.07848,-1.13,0.0,28.57
2022-10-19,19327.44,19123.97,186137.29538,-1.05,0.0,16.7
2022-10-20,19123.35,19041.92,223530.13068,-0.43,5.02,4.57
2022-10-21,19041.92,19164.37,269310.75769,0.64,40.69,5.97
2022-10-22,19164.37,19204.35,110403.90837,0.21,52.39,10.49
2022-10-23,19204.29,19570.4,167057.20184,1.91,98.18,37.52
2022-10-24,19570.4,19329.72,256168.14467,-1.23,100.0,38.43
2022-10-25,19330.6,20080.07,326370.67061,3.88,100.0,86.08
2022-10-26,20079.02,20771.59,380492.69576,3.45,100.0,156.58
2022-10-27,20771.61,20295.11,328643.57791,-2.29,75.31,162.81
2022-10-28,20295.11,20591.84,287039.94569,1.46,89.4,177.4
2022-10-29,20591.84,20809.67,254881.77755,1.06,97.74,191.03
2022-10-30,20809.68,20627.48,192795.60886,-0.88,86.93,177.38
2022-10-31,20627.48,20490.74,303567.61628,-0.66,75.62,149.84
2022-11-01,20490.74,20483.62,279932.43771,-0.03,84.09,122.97
2022-11-02,20482.81,20151.84,373716.27299,-1.62,78.19,76.93
2022-11-03,20151.84,20207.82,319185.1544,0.28,77.19,45.85
2022-11-04,20207.12,21148.52,453694.39165,4.66,97.23,82.15
2022-11-05,21148.52,21299.37,245621.98525,0.71,99.62,108.17
2022-11-06,21299.37,20905.58,230036.97217,-1.85,54.73,91.38
2022-11-07,20905.58,20591.13,386977.60337,-1.5,11.81,53.5
2022-11-08,20590.67,18547.23,760705.362783,-9.92,0.0,-106.1
2022-11-09,18545.38,15922.81,731926.929729,-14.14,0.0,-370.45
2022-11-10,15922.68,17601.15,608448.36432,10.54,29.83,-411.14
2022-11-11,17602.45,17070.31,393552.86492,-3.02,22.11,-449.58
2022-11-12,17069.98,16812.08,167819.96035,-1.51,17.45,-466.15
2022-11-13,16813.16,16329.85,184960.78846,-2.87,15.73,-481.39
2022-11-14,16331.78,16619.46,380210.7775,1.76,20.48,-444.65
2022-11-15,16617.72,16900.57,282461.84391,1.7,24.17,-376.77
2022-11-16,16900.57,16662.76,261493.40809,-1.41,24.76,-325.19
2022-11-17,16661.61,16692.56,228038.97873,0.19,24.42,-268.72
2022-11-18,16692.56,16700.45,214224.18184,0.05,11.33,-212.92
2022-11-19,16699.43,16700.68,104963.15558,0.01,10.6,-160.48
2022-11-20,16700.68,16280.23,154842.13478,-2.52,10.67,-139.37
2022-11-21,16279.5,15781.29,324096.997753,-3.06,23.22,-143.69
2022-11-22,15781.29,16226.94,239548.06623,2.82,96.51,-103.13
2022-11-23,16227.96,16603.11,264927.70408,2.31,100.0,-40.74
2022-11-24,16603.11,16598.95,206565.92346,-0.03,39.84,7.86
2022-11-25,16599.55,16522.14,182089.49533,-0.47,55.36,40.62
2022-11-26,16521.35,16458.57,181804.81666,-0.38,63.36,62.5
2022-11-27,16457.61,16428.78,162025.47607,-0.18,86.3,78.41
2022-11-28,16428.77,16212.91,252695.40367,-1.31,56.87,77.7
2022-11-29,16212.18,16442.53,248106.25009,1.42,53.33,94.86
2022-11-30,16442.91,17163.64,303019.80719,4.38,100.0,153.47
2022-12-01,17165.53,16977.37,232818.18218,-1.1,89.06,176.73
2022-12-02,16978.0,17092.74,202372.2062,0.68,93.37,195.47
2022-12-03,17092.13,16885.2,154542.57306,-1.21,83.78,189.33
2022-12-04,16885.2,17105.7,178619.13387,1.31,100.0,194.81
2022-12-05,17106.65,16966.35,233703.29225,-0.82,100.0,183.87
2022-12-06,16966.35,17088.96,218730.76883,0.72,88.83,179.52
2022-12-07,17088.96,16836.64,220657.41334,-1.48,53.79,155.19
2022-12-08,16836.64,17224.1,236417.97804,2.3,68.07,160.08
2022-12-09,17224.1,17128.56,238422.06465,-0.55,66.73,151.84
2022-12-10,17128.56,17127.49,140573.97937,-0.01,71.28,141.5
2022-12-11,17127.49,17085.05,155286.47871,-0.25,70.34,127.41
2022-12-12,17085.05,17209.83,226227.49694,0.73,92.81,122.09
2022-12-13,17208.93,17774.7,284462.9139,3.29,100.0,150.35
2022-12-14,17775.82,17803.15,266681.22209,0.15,55.96,163.61
2022-12-15,17804.01,17356.34,223701.96882,-2.51,23.54,136.07
2022-12-16,17356.96,16632.12,253379.04116,-4.18,0.0,66.38
2022-12-17,16631.5,16776.52,144825.66684,0.87,18.74,29.21
2022-12-18,16777.54,16738.21,112619.31646,-0.23,3.44,2.64
2022-12-19,16739.0,16438.88,179094.28305,-1.79,0.0,-32.55
2022-12-20,16438.88,16895.56,248808.92324,2.78,18.55,-22.98
2022-12-21,16896.15,16824.67,156810.96362,-0.42,27.19,-19.47
2022-12-22,16824.68,16821.43,176044.27235,-0.02,4.96,-15.59
2022-12-23,16821.9,16778.5,161612.00947,-0.26,7.59,-14.17
2022-12-24,16778.52,16836.12,100224.29096,0.34,11.29,-7.92
2022-12-25,16835.73,16832.11,125441.07202,-0.02,13.29,-2.88
2022-12-26,16832.11,16919.39,124564.00656,0.52,10.92,6.96
2022-12-27,16919.39,16706.36,173749.58616,-1.26,0.0,0.12
2022-12-28,16706.06,16547.31,193037.56577,-0.95,0.0,-13.38
2022-12-29,16547.32,16633.47,160998.47158,0.52,34.0,-14.66
2022-12-30,16633.47,16607.48,164916.31174,-0.16,97.55,-15.34
2022-12-31,16607.48,16542.4,114490.42864,-0.39,68.7,-18.07
2023-01-01,16541.77,16616.75,96925.41374,0.45,0,0.0
2023-01-02,16617.17,16672.87,121888.57191,0.34,0,3.58
2023-01-03,16672.78,16675.18,159541.53733,0.01,0,5.78
2023-01-04,16675.65,16850.36,220362.18862,1.05,0,18.01
2023-01-05,16850.36,16831.85,163473.56641,-0.11,0.0,23.49
2023-01-06,16831.85,16950.65,207401.28415,0.71,32.03,33.16
2023-01-07,16950.31,16943.57,104526.5688,-0.04,7.79,36.84
2023-01-08,16943.83,17127.83,135155.89695,1.09,38.01,48.69
2023-01-09,17127.83,17178.26,266211.52723,0.29,43.11,56.41
2023-01-10,17179.04,17440.66,221382.42581,1.52,60.17,74.51
2023-01-11,17440.64,17943.26,262221.60653,2.88,74.7,113.35
2023-01-12,17943.26,18846.62,454568.32178,5.03,84.72,188.45
2023-01-13,18846.62,19930.01,368615.87823,5.75,89.64,293.41
2023-01-14,19930.01,20954.92,393913.74951,5.14,92.06,407.19
2023-01-15,20952.76,20871.5,178542.22549,-0.39,66.8,448.86
2023-01-16,20872.99,21185.65,293078.08262,1.5,68.61,467.5
2023-01-17,21185.65,21134.81,275407.74409,-0.24,54.44,446.38
2023-01-18,21132.29,20677.47,350916.01949,-2.15,0.0,374.48
2023-01-19,20677.47,21071.59,251385.84925,1.91,10.19,328.0
2023-01-20,21071.59,22667.21,338079.13659,7.57,30.44,375.83
2023-01-21,22666.0,22783.55,346445.48432,0.52,32.47,385.0
2023-01-22,22783.35,22707.88,253577.75286,-0.33,21.91,356.32
2023-01-23,22706.02,22916.45,293588.37938,0.93,23.77,322.76
2023-01-24,22917.81,22632.89,293158.78254,-1.24,0.0,255.75
2023-01-25,22631.94,23060.94,346042.83223,1.9,0.0,216.11
2023-01-26,23060.42,23009.65,288924.43581,-0.22,0.0,164.64
2023-01-27,23009.65,23074.16,280833.86315,0.28,0.0,115.45
2023-01-28,23074.16,23022.6,148115.71085,-0.22,0.0,62.6
2023-01-29,23021.4,23742.3,295688.79204,3.13,22.11,59.32
2023-01-30,23743.37,22826.15,302405.90121,-3.86,0.0,-17.27
2023-01-31,22827.38,23125.13,264649.34909,1.3,9.18,-58.2
2023-02-01,23125.13,23732.66,310790.42271,2.63,42.13,-54.81
2023-02-02,23731.41,23488.94,364177.20751,-1.02,23.45,-78.02
2023-02-03,23489.33,23431.9,332571.02904,-0.24,0.0,-104.59
2023-02-04,23431.9,23326.84,166126.47295,-0.45,0.0,-134.7
2023-02-05,23327.66,22932.91,209251.33917,-1.69,0.0,-183.59
2023-02-06,22932.91,22762.52,265371.6069,-0.74,0.0,-226.99
2023-02-07,22762.52,23240.46,308006.72482,2.1,21.93,-222.78
2023-02-08,23242.42,22963.0,280056.30717,-1.2,1.83,-236.66
2023-02-09,22961.85,21796.35,402894.6955,-5.08,0.0,-317.36
2023-02-10,21797.83,21625.19,338591.94247,-0.79,0.0,-371.45
2023-02-11,21625.19,21862.55,177021.58433,1.1,6.75,-379.1
2023-02-12,21862.02,21783.54,204435.65163,-0.36,0.0,-376.59
2023-02-13,21782.37,21773.97,295730.76791,-0.04,14.58,-362.53
2023-02-14,21774.63,22199.84,361958.40109,1.95,18.54,-313.37
2023-02-15,22199.84,24324.05,375669.16111,9.57,59.25,-135.68
2023-02-16,24322.87,23517.72,450080.68366,-3.31,67.78,-73.46
2023-02-17,23517.72,24569.97,496813.21376,4.47,100.0,31.91
2023-02-18,24568.24,24631.95,216917.25213,0.26,100.0,95.52
2023-02-19,24632.05,24271.76,300395.99542,-1.46,100.0,102.47
2023-02-20,24272.51,24842.2,346938.56997,2.35,100.0,132.7
2023-02-21,24843.89,24452.16,376000.82868,-1.58,83.0,114.33
2023-02-22,24450.67,24182.21,379425.75365,-1.1,83.17,73.87
2023-02-23,24182.21,23940.2,398400.45437,-1.0,100.0,23.31
2023-02-24,23940.2,23185.29,343582.57453,-3.15,84.97,-63.73
2023-02-25,23184.04,23157.07,191311.8101,-0.12,80.51,-122.55
2023-02-26,23157.07,23554.85,202323.73623,1.72,85.92,-133.12
2023-02-27,23554.85,23492.09,283706.0859,-0.27,83.3,-142.0
2023-02-28,23492.09,23141.57,264140.99894,-1.49,39.13,-167.38
2023-03-01,23141.57,23628.97,315287.41737,2.11,0.0,-147.92
2023-03-02,23629.76,23465.32,239315.45219,-0.7,25.1,-142.59
2023-03-03,23465.32,22354.34,319954.19785,-4.73,0.0,-206.53
2023-03-04,22354.34,22346.57,121257.38132,-0.03,0.0,-239.65
2023-03-05,22346.57,22430.24,154841.75786,0.37,8.67,-245.34
2023-03-06,22430.24,22410.0,203751.82957,-0.09,0.0,-239.61
2023-03-07,22409.41,22197.96,292519.80912,-0.94,2.16,-238.72
2023-03-08,22198.56,21705.44,301460.57272,-2.22,0.0,-258.27
2023-03-09,21704.37,20362.22,443658.28584,-6.18,0.0,-343.3
2023-03-10,20362.21,20150.69,618456.4671,-1.04,4.34,-391.91
2023-03-11,20150.69,20455.73,427831.82133,1.51,15.15,-381.28
2023-03-12,20455.73,21997.11,430944.94288,7.54,46.22,-254.32
2023-03-13,21998.05,24113.48,687889.31259,9.62,93.23,-23.82
2023-03-14,24112.27,24670.41,699360.93423,2.31,100.0,160.03
2023-03-15,24670.41,24285.66,581450.72984,-1.56,87.9,244.53
2023-03-16,24285.66,24998.78,439421.32998,2.94,99.01,331.85
2023-03-17,24998.78,27395.13,624460.68091,9.59,100.0,523.02
2023-03-18,27395.13,26907.49,371238.97174,-1.78,94.22,584.01
2023-03-19,26907.49,27972.87,372066.99054,3.96,98.45,658.0
2023-03-20,27972.87,27717.01,477378.23373,-0.91,95.93,650.43
2023-03-21,27717.01,28105.47,420929.7422,1.4,99.69,631.78
2023-03-22,28107.81,27250.97,224113.41296,-3.05,95.94,526.4
2023-03-23,27250.97,28295.41,128649.60818,3.83,100.0,492.17
2023-03-24,28295.42,27454.47,86242.06544,-2.97,93.1,382.88
2023-03-25,27454.46,27462.95,50844.08102,0.03,89.85,285.62
2023-03-26,27462.96,27968.05,49671.70353,1.84,77.22,232.03
2023-03-27,27968.05,27124.91,88039.46898,-3.01,37.79,122.06
2023-03-28,27124.9,27261.07,78602.44341,0.5,32.49,44.73
2023-03-29,27261.06,28348.6,89486.16008,3.99,44.98,52.52
2023-03-30,28348.6,28028.53,98865.43256,-1.13,9.14,23.31
2023-03-31,28028.53,28465.36,78198.12139,1.56,0.0,20.69
2023-04-01,28465.36,28452.73,30238.44753,-0.04,13.37,6.14
2023-04-02,28452.74,28171.87,37365.65692,-0.99,0.0,-32.25
2023-04-03,28171.87,27800.0,79180.01405,-1.32,0.0,-89.31
2023-04-04,27800.0,28165.47,49722.55691,1.31,0.0,-107.82
2023-04-05,28165.47,28170.01,60737.64732,0.02,21.78,-123.99
2023-04-06,28170.01,28033.82,40118.94963,-0.48,0.0,-146.54
2023-04-07,28033.83,27906.33,24762.09387,-0.45,24.29,-171.01
2023-04-08,27906.34,27938.38,19479.96735,0.11,26.82,-184.85
2023-04-09,27938.38,28323.76,32531.16101,1.38,29.51,-168.31
2023-04-10,28323.76,29637.34,67754.0622,4.64,100.0,-73.99
2023-04-11,29637.35,30200.42,67990.07621,1.9,100.0,16.42
2023-04-12,30200.43,29888.07,62049.48451,-1.03,64.31,43.73
2023-04-13,29888.07,30373.84,51934.11731,1.63,90.7,80.89
2023-04-14,30373.84,30466.93,75984.19452,0.31,84.02,97.03
2023-04-15,30466.93,30295.09,25429.81247,-0.56,75.6,82.03
2023-04-16,30295.1,30304.65,26431.99322,0.03,91.05,59.68
2023-04-17,30304.66,29430.27,56441.81127,-2.89,65.03,-22.65
2023-04-18,29430.27,30380.01,62004.89434,3.23,77.11,-21.8
2023-04-19,30380.01,28797.1,86575.48656,-5.21,23.41,-130.43
2023-04-20,28797.1,28243.65,76879.09372,-1.92,0.0,-235.99
2023-04-21,28243.65,27262.84,77684.7679,-3.47,0.0,-360.83
2023-04-22,27262.84,27816.85,36023.69686,2.03,10.31,-392.44
2023-04-23,27816.85,27590.6,34812.09581,-0.81,0.0,-412.86
2023-04-24,27590.59,27510.93,53111.56874,-0.29,0.0,-414.9
2023-04-25,27510.93,28300.79,52325.14637,2.87,4.92,-348.87
2023-04-26,28300.8,28415.29,129228.40403,0.4,11.46,-285.95
2023-04-27,28415.29,29472.77,95430.82431,3.72,22.47,-167.44
2023-04-28,29472.77,29311.7,54298.16578,-0.55,18.53,-97.68
2023-04-29,29311.69,29230.45,20466.83058,-0.28,19.79,-56.83
2023-04-30,29230.45,29233.21,39752.5372,0.01,22.0,-30.73
2023-05-01,29233.2,28068.26,64433.65958,-3.98,17.61,-89.72
2023-05-02,28068.26,28669.86,50824.5224,2.14,18.89,-85.99
2023-05-03,28669.85,29026.16,64615.79213,1.24,100.0,-58.6
2023-05-04,29026.16,28838.16,42575.47501,-0.65,100.0,-52.43
2023-05-05,28838.16,29505.61,58415.83048,2.31,100.0,-5.17
2023-05-06,29505.6,28848.2,49249.28459,-2.23,69.06,-19.16
2023-05-07,28848.19,28430.1,30003.41028,-1.45,63.68,-55.51
2023-05-08,28430.09,27668.79,68244.36179,-2.68,43.68,-125.73
2023-05-09,27668.8,27628.27,40113.31069,-0.15,18.41,-167.21
2023-05-10,27628.28,27598.75,71155.11355,-0.11,14.18,-187.43
2023-05-11,27598.74,26968.62,47635.31365,-2.28,0.0,-231.16
2023-05-12,26968.61,26795.01,67207.93494,-0.64,0.0,-257.68
2023-05-13,26795.01,26775.28,22814.90421,-0.07,0.75,-261.61
2023-05-14,26775.27,26917.62,21594.8036,0.53,4.98,-240.23
2023-05-15,26917.61,27162.14,40430.08333,0.91,31.25,-197.05
2023-05-16,27162.15,27033.84,33270.45451,-0.47,8.54,-165.8
2023-05-17,27033.85,27405.61,42958.97785,1.38,9.12,-111.39
2023-05-18,27405.62,26821.28,49198.65143,-2.13,2.69,-106.07
2023-05-19,26821.28,26880.26,28754.13544,0.22,0.0,-90.5
2023-05-20,26880.26,27102.43,14434.54718,0.83,21.35,-58.7
2023-05-21,27102.42,26747.78,21347.87279,-1.31,26.46,-55.08
2023-05-22,26747.78,26849.27,26458.83828,0.38,69.16,-40.07
2023-05-23,26849.28,27219.61,38700.83858,1.38,100.0,-1.46
2023-05-24,27219.61,26329.01,54393.0657,-3.27,64.46,-30.55
2023-05-25,26329.0,26473.79,37435.44895,0.55,97.81,-34.4
2023-05-26,26473.8,26705.92,35061.18713,0.88,100.0,-16.58
2023-05-27,26705.93,26854.27,15095.6867,0.56,100.0,8.58
2023-05-28,26854.28,28065.0,43916.00855,4.51,100.0,104.81
2023-05-29,28065.01,27736.4,42385.41945,-1.17,86.35,142.05
2023-05-30,27736.39,27694.4,32686.75371,-0.15,88.6,158.34
2023-05-31,27694.39,27210.35,46588.80573,-1.75,68.63,132.07
2023-06-01,27210.36,26817.93,39217.8088,-1.44,73.03,86.05
2023-06-02,26817.93,27242.59,36380.90269,1.58,76.74,82.01
2023-06-03,27242.59,27069.22,16595.34117,-0.64,65.44,66.15
2023-06-04,27069.22,27115.21,19258.41049,0.17,70.72,57.55
2023-06-05,27115.2,25728.2,65805.60305,-5.12,22.42,-37.63
2023-06-06,25728.2,27230.08,68392.60438,5.84,56.89,2.37
2023-06-07,27230.07,26339.34,59619.44364,-3.27,44.43,-27.7
2023-06-08,26339.34,26498.61,31075.51083,0.6,44.91,-33.05
2023-06-09,26498.62,26477.81,27934.7097,-0.08,36.28,-34.02
2023-06-10,26477.8,25841.21,64944.60108,-2.4,11.61,-71.44
2023-06-11,25841.22,25925.55,30014.29595,0.33,0.0,-83.55
2023-06-12,25925.54,25905.19,29900.50893,-0.08,7.28,-85.67
2023-06-13,25905.2,25934.25,41065.60853,0.11,11.01,-78.06
2023-06-14,25934.24,25128.6,45077.31608,-3.11,2.2,-117.84
2023-06-15,25128.6,25598.49,48664.86063,1.87,35.61,-103.58
2023-06-16,25598.49,26345.0,51596.91662,2.92,49.3,-38.29
2023-06-17,26345.01,26516.99,27842.2195,0.65,61.71,18.98
2023-06-18,26516.99,26339.97,21538.31022,-0.67,65.79,45.89
2023-06-19,26339.98,26844.35,35872.65974,1.91,100.0,95.76
2023-06-20,26844.35,28307.99,69666.95525,5.45,98.99,218.4
2023-06-21,28308.0,29993.89,108926.40412,5.96,100.0,393.91
2023-06-22,29993.89,29884.92,59054.5646,-0.36,95.89,477.91
2023-06-23,29884.92,30688.5,73931.89635,2.69,100.0,557.3
2023-06-24,30688.51,30527.43,30513.30135,-0.52,100.0,566.8
2023-06-25,30527.44,30462.66,30223.44801,-0.21,98.04,536.86
2023-06-26,30462.67,30267.99,45180.41489,-0.64,94.05,474.26
2023-06-27,30267.99,30692.44,42699.64157,1.4,96.21,432.89
2023-06-28,30692.44,30077.41,40463.51937,-2.0,100.0,339.67
2023-06-29,30077.4,30447.31,36330.62903,1.23,99.4,280.93
2023-06-30,30447.31,30472.0,89419.07618,0.08,94.45,224.2
2023-07-01,30471.99,30585.9,17501.75075,0.37,94.0,176.89
2023-07-02,30585.9,30617.03,23286.41019,0.1,99.9,132.28
2023-07-03,30617.02,31156.2,43761.64311,1.76,100.0,123.82
2023-07-04,31156.2,30766.51,33206.11943,-1.25,0.0,78.91
2023-07-05,30766.52,30504.81,33215.67122,-0.85,0.0,21.48
2023-07-06,30504.8,29895.43,71319.6261,-2.0,0.0,-63.01
2023-07-07,29895.42,30344.7,34070.53895,1.5,0.0,-92.34
2023-07-08,30344.7,30284.63,13094.59042,-0.2,3.05,-117.84
2023-07-09,30284.63,30160.71,15388.50196,-0.41,1.25,-143.42
2023-07-10,30160.71,30411.57,41262.87652,0.83,15.61,-143.45
2023-07-11,30411.57,30622.1,28476.83311,0.69,8.66,-129.73
2023-07-12,30622.1,30380.0,38108.99669,-0.79,22.23,-136.69
2023-07-13,30380.0,31454.23,70772.51836,3.54,42.33,-71.93
2023-07-14,31454.23,30312.01,60749.48424,-3.63,7.06,-106.9
2023-07-15,30312.0,30289.52,14118.55329,-0.07,3.56,-130.84
2023-07-16,30289.52,30231.99,15760.1281,-0.19,1.37,-148.56
2023-07-17,30232.0,30138.0,30882.76839,-0.31,0.0,-163.43
2023-07-18,30138.01,29859.13,30003.8601,-0.93,4.17,-187.16
2023-07-19,29859.14,29909.21,25657.36137,0.17,17.62,-193.78
2023-07-20,29909.21,29800.0,37540.68193,-0.37,41.76,-199.06
2023-07-21,29800.0,29901.72,23881.40865,0.34,20.3,-189.31
2023-07-22,29901.72,29794.0,14660.40467,-0.36,17.79,-183.57
2023-07-23,29793.99,30083.75,18292.78637,0.97,42.64,-154.87
2023-07-24,30083.75,29176.5,39628.99691,-3.02,0.0,-189.33
2023-07-25,29176.5,29228.91,21565.7478,0.18,0.0,-199.88
2023-07-26,29228.91,29351.96,33931.63366,0.42,13.86,-189.93
2023-07-27,29351.95,29222.78,22476.47626,-0.44,0.0,-183.32
2023-07-28,29222.78,29314.14,23993.61627,0.31,36.91,-164.66
2023-07-29,29314.14,29352.9,10851.36844,0.13,41.39,-142.41
2023-07-30,29352.9,29281.09,15706.97441,-0.24,40.81,-125.79
2023-07-31,29281.09,29232.25,22605.48964,-0.17,42.65,-111.84
2023-08-01,29232.26,29705.99,44719.65162,1.62,93.61,-66.68
2023-08-02,29705.99,29186.01,48181.65141,-1.75,65.29,-67.58
2023-08-03,29186.0,29193.64,26476.91994,0.03,70.31,-63.5
2023-08-04,29193.65,29113.99,23551.95217,-0.27,60.19,-61.92
2023-08-05,29114.0,29072.13,11645.52018,-0.14,62.87,-59.44
2023-08-06,29072.13,29088.42,13178.1972,0.06,44.68,-52.69
2023-08-07,29088.43,29211.06,30966.87746,0.42,100.0,-36.69
2023-08-08,29211.06,29770.42,45700.53392,1.91,100.0,12.2
2023-08-09,29770.41,29581.99,38003.88725,-0.63,84.41,31.41
2023-08-10,29581.99,29455.75,23463.45373,-0.43,79.05,34.89
2023-08-11,29455.76,29426.03,20637.0443,-0.1,70.27,34.43
2023-08-12,29426.02,29430.17,8971.48068,0.01,67.96,33.59
2023-08-13,29430.18,29303.84,11101.70947,-0.43,63.72,24.16
2023-08-14,29303.85,29430.93,31443.11532,0.43,75.47,25.95
2023-08-15,29430.92,29200.0,27503.87691,-0.78,24.45,11.78
2023-08-16,29200.01,28730.51,32996.69854,-1.61,27.4,-26.9
2023-08-17,28730.51,26623.41,100271.54033,-7.33,0.0,-183.37
2023-08-18,26623.41,26054.0,69790.65711,-2.14,0.0,-306.91
2023-08-19,26054.0,26100.01,26160.75343,0.18,2.18,-363.36
2023-08-20,26100.01,26189.99,19056.91209,0.34,5.01,-371.17
2023-08-21,26190.0,26126.92,30267.24233,-0.24,0.0,-357.0
2023-08-22,26126.92,26056.0,34247.06688,-0.27,0.0,-329.49
2023-08-23,26055.99,26432.72,44023.69978,1.45,16.92,-265.74
2023-08-24,26432.71,26180.05,30205.22116,-0.96,16.36,-222.18
2023-08-25,26180.05,26060.01,27753.33772,-0.46,15.79,-184.58
2023-08-26,26060.0,26017.37,10022.22322,-0.16,15.36,-147.33
2023-08-27,26017.38,26101.77,12099.64216,0.32,19.42,-103.81
2023-08-28,26101.78,26120.0,22692.62655,0.07,21.99,-62.63
2023-08-29,26120.0,27716.34,74251.99488,6.11,94.35,75.78
2023-08-30,27716.34,27299.99,35448.25848,-1.5,100.0,139.26
2023-08-31,27299.99,25940.78,51032.80401,-4.98,100.0,91.96
2023-09-01,25940.77,25805.05,41032.15056,-0.52,100.0,55.57
2023-09-02,25805.04,25869.51,16250.77698,0.25,100.0,40.58
2023-09-03,25869.52,25971.21,17474.47667,0.39,100.0,42.07
2023-09-04,25971.21,25826.02,21777.59609,-0.56,98.02,37.96
2023-09-05,25826.03,25792.1,21323.39337,-0.13,98.67,37.57
2023-09-06,25792.11,25759.95,27262.52386,-0.12,84.43,39.56
2023-09-07,25759.95,26255.0,27687.49567,1.92,100.0,76.49
2023-09-08,26255.0,25910.5,28999.76471,-1.31,93.71,79.64
2023-09-09,25910.5,25901.61,10980.62277,-0.03,94.62,82.67
2023-09-10,25901.6,25841.61,18738.26914,-0.23,90.58,82.04
2023-09-11,25841.6,25162.52,41682.32,-2.63,28.51,39.43
2023-09-12,25162.53,25840.1,56434.38537,2.69,0.0,59.25
2023-09-13,25840.1,26222.0,31610.82753,1.48,40.52,98.14
2023-09-14,26222.0,26522.73,38333.1725,1.15,100.0,141.55
2023-09-15,26522.73,26600.0,26227.29369,0.29,100.0,170.93
2023-09-16,26599.99,26559.67,13960.93351,-0.15,95.45,182.09
2023-09-17,26559.67,26527.51,12998.10277,-0.12,89.85,181.34
2023-09-18,26527.5,26762.51,43000.43256,0.89,100.0,189.81
2023-09-19,26762.5,27210.26,36190.52187,1.67,100.0,216.75
2023-09-20,27210.25,27125.0,34207.21867,-0.31,97.6,219.35
2023-09-21,27125.01,26568.08,34476.82662,-2.05,62.72,175.96
2023-09-22,26568.08,26580.14,18198.2292,0.05,76.31,141.93
2023-09-23,26580.14,26575.96,9440.7026,-0.02,76.51,114.18
2023-09-24,26575.97,26248.38,15706.65771,-1.23,66.0,70.94
2023-09-25,26248.39,26304.81,26266.2039,0.21,97.59,44.58
2023-09-26,26304.8,26221.67,18495.35066,-0.32,62.74,21.19
2023-09-27,26221.68,26372.99,34771.57978,0.58,0.0,15.8
2023-09-28,26373.0,27021.39,44517.83491,2.46,38.2,53.66
2023-09-29,27021.39,26906.96,28478.76219,-0.42,15.25,67.83
2023-09-30,26906.96,26962.56,12804.62307,0.21,26.09,77.12
2023-10-01,26962.57,27992.57,24602.81468,3.82,100.0,144.86
2023-10-02,27992.58,27494.51,57071.14241,-1.78,36.37,147.85
2023-10-03,27494.51,27426.46,28928.96555,-0.25,0.0,137.19
2023-10-04,27426.45,27778.57,29816.142,1.28,32.67,145.04
2023-10-05,27778.57,27410.39,30681.49619,-1.33,50.55,117.79
2023-10-06,27410.39,27931.09,37983.24277,1.9,78.86,126.41
2023-10-07,27931.1,27956.67,13348.83825,0.09,80.5,125.19
2023-10-08,27956.67,27917.05,19693.56921,-0.14,100.0,113.42
2023-10-09,27917.06,27590.12,31534.74639,-1.17,67.6,77.05
2023-10-10,27590.12,27390.12,22776.84383,-0.72,57.93,35.1
2023-10-11,27390.12,26875.52,37349.44706,-1.88,13.14,-28.31
2023-10-12,26875.52,26759.63,23428.64112,-0.43,0.0,-76.33
2023-10-13,26759.63,26862.0,24115.76499,0.38,10.72,-98.09
2023-10-14,26862.0,26852.48,10417.25576,-0.04,7.43,-109.17
2023-10-15,26852.48,27154.15,15274.6917,1.12,0.0,-92.86
2023-10-16,27154.14,28500.78,78399.22445,4.96,72.48,6.66
2023-10-17,28500.77,28395.91,38428.44532,-0.37,70.89,60.47
2023-10-18,28395.91,28320.0,32162.47591,-0.27,57.18,84.52
2023-10-19,28320.0,28713.71,35895.50179,1.39,85.39,118.43
2023-10-20,28713.71,29669.04,59422.0992,3.33,95.33,192.32
2023-10-21,29669.05,29909.8,27517.51897,0.81,99.57,241.35
2023-10-22,29909.8,29992.46,22852.54563,0.28,100.0,261.59
2023-10-23,29992.46,33069.99,93513.64246,10.26,100.0,453.25
2023-10-24,33069.99,33922.73,115265.02418,2.58,100.0,599.29
2023-10-25,33922.73,34496.05,54887.02529,1.69,100.0,689.9
2023-10-26,34496.05,34151.66,39744.66255,-1.0,95.55,680.86
2023-10-27,34151.66,33892.02,32330.40106,-0.76,90.6,613.7
2023-10-28,33892.01,34081.0,16880.13144,0.56,91.1,540.86
2023-10-29,34081.01,34525.89,20685.52176,1.31,87.23,483.38
2023-10-30,34525.88,34474.73,33657.95976,-0.15,81.78,405.78
2023-10-31,34474.74,34639.77,32737.89822,0.48,85.43,332.51
2023-11-01,34639.78,35421.43,53473.28165,2.26,86.57,304.39
2023-11-02,35421.43,34941.59,48015.57732,-1.35,64.34,224.84
2023-11-03,34941.58,34716.78,39071.20644,-0.64,46.19,132.99
2023-11-04,34716.78,35062.07,18377.55545,0.99,44.74,74.33
2023-11-05,35062.06,35011.88,24528.73376,-0.14,0.0,14.13
2023-11-06,35011.89,35046.09,22346.47086,0.1,0.0,-38.52
2023-11-07,35046.09,35399.12,38688.73692,1.01,0.0,-63.24
2023-11-08,35399.13,35624.72,33401.34137,0.64,0.0,-77.16
2023-11-09,35624.72,36701.09,82537.88885,3.02,46.35,-29.09
2023-11-10,36701.1,37301.63,43414.04898,1.64,70.41,24.99
2023-11-11,37301.63,37130.0,22984.97235,-0.46,57.93,30.69
2023-11-12,37129.99,37064.13,17687.18874,-0.18,47.09,12.43
2023-11-13,37064.13,36462.93,32798.18252,-1.62,17.61,-54.07
2023-11-14,36462.93,35551.19,45503.68416,-2.5,0.0,-167.03
2023-11-15,35551.2,37858.2,53569.13385,6.49,29.93,-97.38
2023-11-16,37858.2,36163.51,47490.39566,-4.48,0.0,-172.09
2023-11-17,36163.51,36613.92,38283.61112,1.25,13.46,-196.07
2023-11-18,36613.91,36568.1,17102.24186,-0.13,6.38,-218.23
2023-11-19,36568.11,37359.86,21246.34648,2.17,20.56,-184.12
2023-11-20,37359.85,37448.78,36022.70291,0.24,21.37,-160.98
2023-11-21,37448.79,35741.65,47646.54804,-4.56,0.0,-260.18
2023-11-22,35741.65,37408.34,45051.30697,4.66,17.7,-214.95
2023-11-23,37408.35,37294.28,23827.92882,-0.3,3.24,-194.72
2023-11-24,37294.27,37713.57,44680.80646,1.12,0.94,-156.74
2023-11-25,37713.57,37780.67,11396.14464,0.18,5.34,-131.75
2023-11-26,37780.67,37447.43,21264.53723,-0.88,0.66,-141.45
2023-11-27,37447.42,37242.7,30001.07376,-0.55,13.64,-163.87
2023-11-28,37242.7,37818.87,37544.46667,1.55,62.56,-142.88
2023-11-29,37818.88,37854.64,32994.19107,0.09,0.0,-129.93
2023-11-30,37854.65,37723.96,24740.29147,-0.35,91.92,-133.04
2023-12-01,37723.97,38682.52,43415.66324,2.54,100.0,-76.23
2023-12-02,38682.51,39450.35,26696.92161,1.98,100.0,3.17
2023-12-03,39450.35,39972.26,26710.65335,1.32,93.87,76.85
2023-12-04,39972.26,41991.1,79272.33059,5.05,100.0,238.44
2023-12-05,41991.1,44073.32,67490.74644,4.96,100.0,450.17
2023-12-06,44073.82,43762.69,51431.10492,-0.71,88.38,528.49
2023-12-07,43762.69,43273.14,47103.26845,-1.12,79.66,506.46
2023-12-08,43273.15,44170.99,42900.37556,2.07,81.66,510.07
2023-12-09,44171.0,43713.6,24925.97008,-1.04,72.04,441.93
2023-12-10,43713.59,43789.51,18956.61758,0.17,79.08,365.39
2023-12-11,43789.5,41253.4,76663.89804,-5.79,40.2,120.1
2023-12-12,41253.41,41492.39,42722.69773,0.58,37.9,-41.3
2023-12-13,41492.38,42869.03,45865.99773,3.32,25.48,-68.94
2023-12-14,42869.03,43022.26,42047.05709,0.36,22.0,-89.23
2023-12-15,43022.26,41940.3,33421.7932,-2.51,0.0,-182.46
2023-12-16,41940.29,42278.03,24118.85747,0.81,0.0,-225.51
2023-12-17,42278.02,41374.65,27722.11452,-2.14,0.0,-313.54
2023-12-18,41374.64,42657.8,46734.0925,3.1,0.0,-284.89
2023-12-19,42657.8,42275.99,40927.86444,-0.9,0.0,-290.22
2023-12-20,42275.99,43668.93,48710.2947,3.29,18.96,-202.65
2023-12-21,43668.92,43861.8,34624.29384,0.44,25.97,-137.55
2023-12-22,43861.79,43969.04,32783.19638,0.24,18.12,-95.11
2023-12-23,43969.04,43702.16,16557.1293,-0.61,20.29,-92.76
2023-12-24,43702.15,42991.5,25144.33496,-1.63,16.84,-143.76
2023-12-25,42991.5,43576.13,27021.23992,1.36,73.63,-142.54
2023-12-26,43576.12,42508.93,41010.04282,-2.45,47.1,-213.75
2023-12-27,42508.93,43428.85,36191.21136,2.16,39.6,-199.31
2023-12-28,43428.86,42563.76,35150.52485,-1.99,29.26,-245.42
2023-12-29,42563.76,42066.95,42597.18912,-1.17,42.96,-302.99
2023-12-30,42066.94,42140.28,22906.57818,0.17,36.38,-327.66
2023-12-31,42140.29,42283.58,23585.91603,0.34,64.85,-325.2
