Open time,Open,High,Low,Close,Volume,Close time,Base asset volume,Number of trades,Taker buy volume,Taker buy base asset volume,Ignore
2017-08-17 04:00:00,4261.48000000,4349.99000000,4261.32000000,4349.99000000,82.08886500,2017-08-17 07:59:59.999,353194.33293028,334,64.01372700,275647.42191079,0
2017-08-17 08:00:00,4333.32000000,4485.39000000,4333.32000000,4427.30000000,63.61988200,2017-08-17 11:59:59.999,282501.15774965,248,58.78763300,261054.05115395,0
2017-08-17 12:00:00,4436.06000000,4485.39000000,4333.42000000,4352.34000000,174.56200100,2017-08-17 15:59:59.999,774238.79831726,858,125.18413300,555419.75806110,0
2017-08-17 16:00:00,4352.33000000,4354.84000000,4200.74000000,4325.23000000,225.10971600,2017-08-17 19:59:59.999,965291.09880366,986,165.03636300,707808.20092154,0
2017-08-17 20:00:00,4307.56000000,4369.69000000,4258.56000000,4285.08000000,249.76991300,2017-08-17 23:59:59.999,1079544.66293121,1001,203.22668500,878286.96855663,0
2017-08-18 00:00:00,4285.08000000,4340.62000000,4134.61000000,4292.39000000,276.19304300,2017-08-18 03:59:59.999,1175805.57438953,1036,214.65557000,915578.05399653,0
2017-08-18 04:00:00,4292.39000000,4340.62000000,4234.43000000,4300.25000000,248.38902900,2017-08-18 07:59:59.999,1063954.72616754,1135,203.64669900,872408.75176393,0
2017-08-18 08:00:00,4285.00000000,4371.52000000,4259.85000000,4340.31000000,196.14012900,2017-08-18 11:59:59.999,845595.86604280,880,167.10573200,720161.34080559,0
2017-08-18 12:00:00,4320.52000000,4340.31000000,4193.70000000,4236.89000000,175.96938400,2017-08-18 15:59:59.999,749458.52575861,697,147.07831200,626284.07432919,0
2017-08-18 16:00:00,4234.54000000,4297.75000000,4015.70000000,4136.28000000,193.64697000,2017-08-18 19:59:59.999,807331.06009917,753,153.45894400,641094.96292248,0
2017-08-18 20:00:00,4135.00000000,4136.48000000,3938.77000000,4108.37000000,109.54970900,2017-08-18 23:59:59.999,444812.55371386,732,86.92345300,353596.13270036,0
2017-08-19 00:00:00,4108.37000000,4184.69000000,4084.28000000,4138.55000000,108.51044800,2017-08-19 03:59:59.999,449351.42223461,585,92.39917400,382661.64455272,0
2017-08-19 04:00:00,4138.50000000,4156.00000000,3933.21000000,4033.47000000,112.75207900,2017-08-19 07:59:59.999,457214.75420634,493,76.67902700,310960.50822565,0
2017-08-19 08:00:00,4033.47000000,4082.25000000,3850.00000000,3957.60000000,77.25604200,2017-08-19 11:59:59.999,307816.36811400,481,44.21958400,177045.86484426,0
2017-08-19 12:00:00,3945.12000000,4100.00000000,3928.89000000,3972.05000000,47.51557800,2017-08-19 15:59:59.999,192323.93679216,320,33.81475900,137030.52729860,0
2017-08-19 16:00:00,4036.19000000,4103.92000000,3953.40000000,4076.12000000,25.92505600,2017-08-19 19:59:59.999,104478.70292304,161,20.09867300,81056.62024693,0
2017-08-19 20:00:00,4088.71000000,4149.99000000,4051.47000000,4139.98000000,9.35056000,2017-08-19 23:59:59.999,38298.55115136,113,7.12482500,29246.70491919,0
2017-08-20 00:00:00,4120.98000000,4139.98000000,4044.00000000,4094.62000000,6.61128300,2017-08-20 03:59:59.999,27090.32379014,79,5.75838500,23607.94873166,0
2017-08-20 04:00:00,4094.62000000,4156.56000000,4081.19000000,4155.87000000,28.60391000,2017-08-20 07:59:59.999,117539.17487370,275,20.14808700,82819.22457595,0
2017-08-20 08:00:00,4155.87000000,4211.08000000,4032.62000000,4106.53000000,36.01994300,2017-08-20 11:59:59.999,148442.01320702,268,20.25905500,83560.55317922,0
2017-08-20 12:00:00,4106.53000000,4125.43000000,4063.35000000,4125.00000000,29.11326600,2017-08-20 15:59:59.999,119507.05568627,128,22.33098600,91722.20319178,0
2017-08-20 16:00:00,4125.00000000,4185.94000000,4091.59000000,4164.60000000,169.99551700,2017-08-20 19:59:59.999,703376.44563256,689,146.82569800,607419.74852118,0
2017-08-20 20:00:00,4161.59000000,4171.62000000,4069.13000000,4086.29000000,196.73910300,2017-08-20 23:59:59.999,814409.37713677,882,161.47373600,668271.65553751,0
2017-08-21 00:00:00,4069.13000000,4119.62000000,4039.00000000,4084.76000000,220.83814300,2017-08-21 03:59:59.999,901616.43215732,931,192.38554200,785426.80240148,0
2017-08-21 04:00:00,4079.26000000,4104.68000000,3953.40000000,4043.63000000,222.57512900,2017-08-21 07:59:59.999,897752.76476758,1200,179.07342500,722314.65230777,0
2017-08-21 08:00:00,4043.63000000,4088.12000000,4000.01000000,4023.11000000,78.87831400,2017-08-21 11:59:59.999,318369.89414274,454,63.70572200,257161.36030859,0
2017-08-21 12:00:00,4023.11000000,4023.11000000,3911.79000000,4022.00000000,43.76279600,2017-08-21 15:59:59.999,174413.62639185,479,17.95457400,71741.59675776,0
2017-08-21 16:00:00,4005.99000000,4042.11000000,3918.80000000,4027.05000000,24.46693000,2017-08-21 19:59:59.999,97897.65595292,330,17.92331300,71826.65385753,0
2017-08-21 20:00:00,4027.05000000,4070.49000000,3950.00000000,4016.00000000,101.22174800,2017-08-21 23:59:59.999,407181.34061487,578,86.31353100,347191.48752524,0
2017-08-22 00:00:00,4016.00000000,4016.00000000,3688.97000000,3862.39000000,114.68534600,2017-08-22 03:59:59.999,442744.57170483,731,79.20673000,306369.37780113,0
2017-08-22 04:00:00,3863.00000000,3868.57000000,3400.00000000,3798.08000000,167.22151900,2017-08-22 07:59:59.999,627645.60716665,935,109.43445400,413851.45400960,0
2017-08-22 08:00:00,3798.08000000,3920.31000000,3750.08000000,3866.48000000,221.73123600,2017-08-22 11:59:59.999,854175.43470761,1466,138.50272700,532978.70005289,0
2017-08-22 12:00:00,3866.48000000,3990.12000000,3786.81000000,3858.23000000,179.35842100,2017-08-22 15:59:59.999,698287.50405772,1471,42.15569300,164971.01764635,0
2017-08-22 16:00:00,3858.23000000,4104.82000000,3853.47000000,3984.24000000,159.53565500,2017-08-22 19:59:59.999,634541.12778918,1017,28.13859100,112421.52695131,0
2017-08-22 20:00:00,3984.50000000,4061.54000000,3944.03000000,4040.00000000,124.15268100,2017-08-22 23:59:59.999,495111.52671452,874,26.55698600,106596.29288098,0
2017-08-23 00:00:00,4040.00000000,4127.99000000,4013.89000000,4100.41000000,159.65838400,2017-08-23 03:59:59.999,651005.60763807,997,23.42049300,95805.17621647,0
2017-08-23 04:00:00,4084.54000000,4115.87000000,4035.32000000,4074.88000000,141.83960300,2017-08-23 07:59:59.999,578320.10546274,1111,27.28419900,111713.50015777,0
2017-08-23 08:00:00,4081.63000000,4242.32000000,4057.00000000,4237.99000000,135.02402200,2017-08-23 11:59:59.999,562615.54910386,1053,36.19523000,151733.19746311,0
2017-08-23 12:00:00,4205.98000000,4265.80000000,4150.65000000,4197.05000000,237.36056900,2017-08-23 15:59:59.999,997806.79953809,2601,128.94771500,543061.81819453,0
2017-08-23 16:00:00,4226.94000000,4259.58000000,4103.51000000,4117.07000000,174.63758500,2017-08-23 19:59:59.999,731256.24764675,1856,53.98407800,227813.43154504,0
2017-08-23 20:00:00,4136.48000000,4178.65000000,4069.80000000,4114.01000000,152.61640200,2017-08-23 23:59:59.999,627682.15643017,1011,39.58737700,163439.97161771,0
2017-08-24 00:00:00,4147.00000000,4204.55000000,4085.01000000,4113.58000000,123.52015000,2017-08-24 03:59:59.999,511550.36438993,903,27.06074300,112391.45240915,0
2017-08-24 04:00:00,4113.58000000,4177.64000000,4090.39000000,4153.32000000,123.17946000,2017-08-24 07:59:59.999,509864.53980426,789,21.65614900,89962.47513220,0
2017-08-24 08:00:00,4153.80000000,4250.94000000,4150.00000000,4202.00000000,171.48648800,2017-08-24 11:59:59.999,718060.12124621,1714,73.05585000,306499.16391631,0
2017-08-24 12:00:00,4211.78000000,4250.90000000,4136.33000000,4222.00000000,146.99734200,2017-08-24 15:59:59.999,615368.84552887,1264,43.38273200,181977.61101503,0
2017-08-24 16:00:00,4223.06000000,4250.77000000,4178.22000000,4216.07000000,111.57935800,2017-08-24 19:59:59.999,469850.39412688,839,16.24123000,68603.33868704,0
2017-08-24 20:00:00,4216.10000000,4371.68000000,4193.17000000,4316.01000000,110.65595500,2017-08-24 23:59:59.999,471782.14806861,738,25.42370800,108945.02297147,0
2017-08-25 00:00:00,4316.01000000,4370.00000000,4295.75000000,4312.69000000,141.10452600,2017-08-25 03:59:59.999,611984.04895229,1511,28.50808800,123930.30981983,0
2017-08-25 04:00:00,4312.69000000,4362.00000000,4267.50000000,4329.00000000,101.50954300,2017-08-25 07:59:59.999,437863.45460033,925,18.26273600,79005.68235136,0
2017-08-25 08:00:00,4317.81000000,4361.28000000,4298.74000000,4361.27000000,74.43306000,2017-08-25 11:59:59.999,322437.97728068,694,15.95957100,69337.48965379,0
2017-08-25 12:00:00,4361.27000000,4422.29000000,4261.13000000,4394.36000000,164.20665600,2017-08-25 15:59:59.999,710205.00769493,2407,23.93043100,103694.08634920,0
2017-08-25 16:00:00,4394.36000000,4453.91000000,4284.11000000,4307.17000000,52.39933000,2017-08-25 19:59:59.999,230331.50713670,518,8.16205100,35850.76446313,0
2017-08-25 20:00:00,4326.00000000,4365.00000000,4247.48000000,4280.68000000,39.95962500,2017-08-25 23:59:59.999,171815.35369834,499,5.27509700,22758.80310914,0
2017-08-26 00:00:00,4280.71000000,4315.00000000,4228.99000000,4297.94000000,41.63856800,2017-08-26 03:59:59.999,178220.54844697,425,5.69084600,24444.92494631,0
2017-08-26 04:00:00,4297.94000000,4319.70000000,4252.44000000,4319.70000000,28.70728800,2017-08-26 07:59:59.999,123253.55557526,264,7.44095800,32017.76138539,0
2017-08-26 08:00:00,4319.70000000,4319.70000000,4260.88000000,4288.72000000,36.15308100,2017-08-26 11:59:59.999,155418.86316773,242,6.65041700,28663.45445840,0
2017-08-26 12:00:00,4288.72000000,4306.74000000,4221.14000000,4275.00000000,34.65498400,2017-08-26 15:59:59.999,147798.52539778,364,11.24579900,48069.60621030,0
2017-08-26 16:00:00,4275.00000000,4351.32000000,4212.41000000,4293.52000000,47.43110800,2017-08-26 19:59:59.999,202533.71619518,550,16.11948900,69037.42708171,0
2017-08-26 20:00:00,4293.52000000,4367.00000000,4279.00000000,4337.44000000,39.52303900,2017-08-26 23:59:59.999,170640.52454918,415,9.04263200,39130.62642034,0
2017-08-27 00:00:00,4332.51000000,4400.00000000,4314.91000000,4314.91000000,62.98038800,2017-08-27 03:59:59.999,274219.29999526,731,18.20244800,79393.00611610,0
2017-08-27 04:00:00,4329.19000000,4370.85000000,4293.42000000,4313.84000000,47.47819900,2017-08-27 07:59:59.999,205503.40860345,500,7.93059100,34370.62024775,0
2017-08-27 08:00:00,4331.29000000,4352.34000000,4285.56000000,4323.37000000,57.13868200,2017-08-27 11:59:59.999,246810.84707828,863,20.35779400,88196.52071802,0
2017-08-27 12:00:00,4340.00000000,4340.00000000,4285.54000000,4325.00000000,35.27742400,2017-08-27 15:59:59.999,152269.97962719,448,6.56283500,28386.25051276,0
2017-08-27 16:00:00,4290.01000000,4386.78000000,4290.01000000,4368.41000000,72.11126000,2017-08-27 19:59:59.999,313605.68114778,588,30.33178400,132177.57760319,0
2017-08-27 20:00:00,4336.12000000,4386.79000000,4309.60000000,4310.01000000,75.70663200,2017-08-27 23:59:59.999,329170.84557361,540,18.26590600,79918.20417433,0
2017-08-28 00:00:00,4310.01000000,4330.36000000,4239.36000000,4239.37000000,73.29535500,2017-08-28 03:59:59.999,314379.26640406,629,12.49560200,53849.44762769,0
2017-08-28 04:00:00,4239.36000000,4297.11000000,4124.54000000,4261.90000000,94.39719800,2017-08-28 07:59:59.999,396586.34938988,913,47.61399900,200858.55109728,0
2017-08-28 08:00:00,4261.90000000,4365.40000000,4226.93000000,4308.00000000,121.72203400,2017-08-28 11:59:59.999,521484.88036312,670,38.24161800,164794.32887094,0
2017-08-28 12:00:00,4309.00000000,4347.00000000,4271.03000000,4273.59000000,121.85855100,2017-08-28 15:59:59.999,524244.46820398,779,24.12777000,104303.25268809,0
2017-08-28 16:00:00,4317.20000000,4370.45000000,4273.59000000,4321.65000000,107.22567700,2017-08-28 19:59:59.999,464100.18749907,757,9.15892900,39831.37853162,0
2017-08-28 20:00:00,4321.65000000,4399.82000000,4290.18000000,4386.69000000,85.34280100,2017-08-28 23:59:59.999,370865.37393942,601,11.14986400,48727.24729572,0
2017-08-29 00:00:00,4353.65000000,4386.69000000,4314.35000000,4376.99000000,78.86207400,2017-08-29 03:59:59.999,343403.76715806,618,15.82229300,69206.25729621,0
2017-08-29 04:00:00,4363.48000000,4404.07000000,4313.55000000,4329.02000000,128.45695900,2017-08-29 07:59:59.999,560654.32401162,894,31.05963800,136160.41910731,0
2017-08-29 08:00:00,4328.12000000,4417.61000000,4328.12000000,4368.50000000,88.05142900,2017-08-29 11:59:59.999,383494.55741863,701,16.67762100,72955.90404663,0
2017-08-29 12:00:00,4368.50000000,4625.85000000,4347.59000000,4570.00000000,128.76457100,2017-08-29 15:59:59.999,578421.24775572,839,37.76182300,171204.94731794,0
2017-08-29 16:00:00,4569.65000000,4584.00000000,4496.95000000,4555.55000000,127.21423000,2017-08-29 19:59:59.999,576878.63766550,751,25.85803400,117677.81217246,0
2017-08-29 20:00:00,4540.00000000,4624.99000000,4535.09000000,4587.48000000,52.19576500,2017-08-29 23:59:59.999,239631.20182038,356,16.26315800,74776.68074603,0
2017-08-30 00:00:00,4564.52000000,4619.99000000,4527.45000000,4583.61000000,119.42503000,2017-08-30 03:59:59.999,547729.40792655,771,12.76524800,58703.78257008,0
2017-08-30 04:00:00,4600.00000000,4647.51000000,4550.01000000,4550.02000000,149.55145100,2017-08-30 07:59:59.999,687373.88670707,787,31.59110200,145750.54088494,0
2017-08-30 08:00:00,4550.00000000,4597.00000000,4416.01000000,4498.35000000,176.15182800,2017-08-30 11:59:59.999,794966.16105540,1337,57.17184000,258275.01388180,0
2017-08-30 12:00:00,4537.00000000,4592.76000000,4416.16000000,4546.77000000,163.01348100,2017-08-30 15:59:59.999,740107.03804100,1200,58.28380700,265961.08849956,0
2017-08-30 16:00:00,4555.00000000,4609.92000000,4532.80000000,4536.82000000,84.84527800,2017-08-30 19:59:59.999,387465.99565689,721,16.29861500,74755.97196937,0
2017-08-30 20:00:00,4536.82000000,4579.91000000,4516.87000000,4555.14000000,115.48170300,2017-08-30 23:59:59.999,526072.19727432,735,19.95164000,91173.83970308,0
2017-08-31 00:00:00,4555.14000000,4606.00000000,4555.14000000,4593.66000000,109.65088100,2017-08-31 03:59:59.999,502542.55326566,814,21.24280200,97476.01131777,0
2017-08-31 04:00:00,4596.54000000,4628.12000000,4572.64000000,4592.16000000,102.99892500,2017-08-31 07:59:59.999,473170.50313892,630,10.38480200,47821.15132303,0
2017-08-31 08:00:00,4603.58000000,4678.57000000,4572.64000000,4656.67000000,111.87481100,2017-08-31 11:59:59.999,516656.43133365,652,21.14636300,97933.04863915,0
2017-08-31 12:00:00,4674.97000000,4685.55000000,4631.41000000,4648.82000000,106.99719500,2017-08-31 15:59:59.999,499150.40445549,899,30.60983300,143098.32887941,0
2017-08-31 16:00:00,4648.82000000,4745.42000000,4638.98000000,4698.77000000,66.80316300,2017-08-31 19:59:59.999,313070.97548359,603,29.56175300,138691.07484036,0
2017-08-31 20:00:00,4688.47000000,4724.89000000,4666.84000000,4724.89000000,58.63182700,2017-08-31 23:59:59.999,275287.85633453,563,19.00177200,89322.91890262,0
2017-09-01 00:00:00,4689.89000000,4767.00000000,4689.89000000,4714.73000000,75.64797800,2017-09-01 03:59:59.999,357791.71792980,623,23.54104800,111765.17181294,0
2017-09-01 04:00:00,4714.73000000,4734.99000000,4654.88000000,4707.50000000,101.22613400,2017-09-01 07:59:59.999,475248.79840836,541,11.09909400,52212.74541346,0
2017-09-01 08:00:00,4715.00000000,4798.46000000,4708.09000000,4775.00000000,130.96665500,2017-09-01 11:59:59.999,621598.36937374,810,27.87413500,132414.87942116,0
2017-09-01 12:00:00,4775.00000000,4839.92000000,4725.81000000,4803.83000000,68.88771200,2017-09-01 15:59:59.999,328391.46774726,518,16.25931100,77822.23938244,0
2017-09-01 16:00:00,4756.46000000,4815.67000000,4738.94000000,4813.24000000,96.95162300,2017-09-01 19:59:59.999,463263.55204882,893,14.84757000,71123.26954435,0
2017-09-01 20:00:00,4808.79000000,4885.55000000,4760.01000000,4834.91000000,86.98626400,2017-09-01 23:59:59.999,418871.65373818,615,25.03894500,120916.12532299,0
2017-09-02 00:00:00,4796.16000000,4939.19000000,4764.88000000,4788.07000000,145.53852800,2017-09-02 03:59:59.999,706334.73106411,1036,57.07112200,277235.82578057,0
2017-09-02 04:00:00,4765.01000000,4814.49000000,4473.35000000,4697.71000000,178.76960800,2017-09-02 07:59:59.999,829631.97200522,1708,91.28187900,423365.20995340,0
2017-09-02 08:00:00,4701.02000000,4709.40000000,4549.77000000,4630.01000000,142.23987600,2017-09-02 11:59:59.999,657144.19168782,1097,45.67762000,211553.37352716,0
2017-09-02 12:00:00,4669.75000000,4675.00000000,4354.61000000,4460.19000000,187.30448500,2017-09-02 15:59:59.999,843199.13422133,1300,75.69250900,340724.58123853,0
2017-09-02 16:00:00,4465.12000000,4554.98000000,4377.43000000,4509.77000000,139.61552200,2017-09-02 19:59:59.999,625129.00160315,980,42.65496300,190833.32959699,0
2017-09-02 20:00:00,4509.77000000,4509.96000000,4286.87000000,4472.14000000,135.68057600,2017-09-02 23:59:59.999,596284.91423537,1354,66.82177000,294621.76532070,0
2017-09-03 00:00:00,4508.50000000,4618.40000000,4467.88000000,4569.54000000,112.56875800,2017-09-03 03:59:59.999,512530.06458622,1012,47.18065700,215101.88523211,0
2017-09-03 04:00:00,4584.78000000,4714.76000000,4584.78000000,4620.87000000,119.75288400,2017-09-03 07:59:59.999,558337.04935228,937,42.73811300,199571.64851088,0
2017-09-03 08:00:00,4610.52000000,4674.86000000,4456.80000000,4486.00000000,103.21351900,2017-09-03 11:59:59.999,471069.62343805,1042,33.16705200,151307.81697271,0
2017-09-03 12:00:00,4475.23000000,4557.25000000,4298.33000000,4384.15000000,170.27151900,2017-09-03 15:59:59.999,746548.00705860,1470,72.89517000,320462.29227562,0
2017-09-03 16:00:00,4351.02000000,4530.00000000,4345.01000000,4529.00000000,106.29429700,2017-09-03 19:59:59.999,475155.63765136,903,32.21492800,144105.38291622,0
2017-09-03 20:00:00,4529.00000000,4583.84000000,4445.15000000,4509.08000000,79.11522100,2017-09-03 23:59:59.999,357412.37021530,658,30.73861600,139095.66568940,0
2017-09-04 00:00:00,4505.00000000,4527.49000000,4340.50000000,4340.51000000,81.33112200,2017-09-04 03:59:59.999,359550.90608499,773,25.24894400,111946.49421763,0
2017-09-04 04:00:00,4340.53000000,4493.15000000,4052.00000000,4186.96000000,275.91359400,2017-09-04 07:59:59.999,1189009.11616251,1616,101.98017200,441055.13826096,0
2017-09-04 08:00:00,4102.05000000,4437.68000000,4075.00000000,4153.00000000,464.68003800,2017-09-04 11:59:59.999,1991735.49125297,2493,216.54128300,930426.87802512,0
2017-09-04 12:00:00,4153.00000000,4311.14000000,4014.76000000,4015.03000000,276.24122700,2017-09-04 15:59:59.999,1148497.80654432,1997,122.46421800,512214.60380079,0
2017-09-04 16:00:00,4015.03000000,4224.99000000,3972.51000000,4203.67000000,155.04256600,2017-09-04 19:59:59.999,629753.80805287,1131,60.25440300,245807.07461521,0
2017-09-04 20:00:00,4187.00000000,4300.95000000,4100.11000000,4100.11000000,141.43606700,2017-09-04 23:59:59.999,591400.36199208,1307,52.11183100,218912.42399693,0
2017-09-05 00:00:00,4106.97000000,4121.33000000,3603.00000000,3988.04000000,286.73729500,2017-09-05 03:59:59.999,1124065.32804944,2349,124.31296500,491199.97879329,0
2017-09-05 04:00:00,3996.24000000,4190.40000000,3943.10000000,4190.40000000,213.83442100,2017-09-05 07:59:59.999,863207.89625731,2062,81.51473100,329482.20367227,0
2017-09-05 08:00:00,4190.00000000,4248.60000000,4050.00000000,4246.82000000,222.11440900,2017-09-05 11:59:59.999,920695.13763823,1777,98.20795900,407817.47862320,0
2017-09-05 12:00:00,4248.64000000,4298.00000000,4116.65000000,4151.00000000,245.07646500,2017-09-05 15:59:59.999,1038279.28745130,1804,107.77447300,457049.63742323,0
2017-09-05 16:00:00,4140.00000000,4459.55000000,4096.06000000,4442.48000000,125.58457500,2017-09-05 19:59:59.999,540714.49592313,1091,65.68710100,282354.63357668,0
2017-09-05 20:00:00,4442.09000000,4484.99000000,4351.01000000,4366.47000000,135.59099200,2017-09-05 23:59:59.999,596491.04143130,1001,55.97883600,246393.90752379,0
2017-09-06 00:00:00,4366.49000000,4522.81000000,4365.73000000,4430.02000000,187.42056900,2017-09-06 03:59:59.999,836042.03160931,2090,95.93009600,429028.95978482,0
2017-09-06 04:00:00,4448.10000000,4505.96000000,4335.26000000,4461.29000000,166.30794200,2017-09-06 07:59:59.999,734060.92994898,1510,79.00881300,349102.46296538,0
2017-09-06 08:00:00,4476.13000000,4597.79000000,4469.82000000,4548.13000000,175.29482000,2017-09-06 11:59:59.999,793406.98682728,1753,98.25274600,445363.81861372,0
2017-09-06 12:00:00,4544.59000000,4619.47000000,4422.28000000,4619.43000000,261.59679700,2017-09-06 15:59:59.999,1185456.99647709,2560,144.11303000,653752.68879593,0
2017-09-06 16:00:00,4619.43000000,4619.43000000,4619.43000000,4619.43000000,0.00000000,2017-09-06 16:00:00.000,0.00000000,0,0.00000000,0.00000000,0
2017-09-06 20:00:00,4619.43000000,4662.87000000,4610.00000000,4619.77000000,16.74359800,2017-09-06 23:59:59.999,77379.11058057,43,5.61837800,25983.81075555,0
2017-09-07 00:00:00,4619.77000000,4661.93000000,4438.19000000,4484.03000000,87.17508600,2017-09-07 03:59:59.999,393294.50278117,411,39.45666600,178328.66087398,0
2017-09-07 04:00:00,4489.48000000,4561.90000000,4452.00000000,4510.25000000,65.94424700,2017-09-07 07:59:59.999,297836.04453649,431,26.34609700,119226.85336529,0
2017-09-07 08:00:00,4475.01000000,4649.92000000,4458.00000000,4613.94000000,92.51027700,2017-09-07 11:59:59.999,422327.08597411,572,51.49474800,235606.92564684,0
2017-09-07 12:00:00,4616.79000000,4759.25000000,4587.65000000,4755.00000000,165.20968200,2017-09-07 15:59:59.999,771294.05530707,986,80.05145100,373949.59684327,0
2017-09-07 16:00:00,4755.00000000,4788.59000000,4672.35000000,4754.21000000,52.12825200,2017-09-07 19:59:59.999,246704.49904326,326,28.62136500,135702.13251973,0
2017-09-07 20:00:00,4716.61000000,4752.12000000,4586.13000000,4691.61000000,37.46243100,2017-09-07 23:59:59.999,174338.94874105,344,14.71362200,68485.07432555,0
2017-09-08 00:00:00,4691.66000000,4735.39000000,4586.13000000,4605.05000000,45.90090300,2017-09-08 03:59:59.999,212248.66521330,371,18.61278000,86010.83814007,0
2017-09-08 04:00:00,4633.47000000,4633.47000000,4587.08000000,4619.01000000,44.83000000,2017-09-08 07:59:59.999,206873.49632987,382,16.55932100,76532.17866644,0
2017-09-08 08:00:00,4625.36000000,4699.77000000,4611.48000000,4647.53000000,36.30542500,2017-09-08 11:59:59.999,169014.14200082,254,20.44651500,95238.48820084,0
2017-09-08 12:00:00,4653.92000000,4690.83000000,4028.93000000,4348.65000000,492.15534100,2017-09-08 15:59:59.999,2109067.74588639,1609,216.28386400,921629.97331233,0
2017-09-08 16:00:00,4330.68000000,4396.49000000,4190.00000000,4190.01000000,225.12769600,2017-09-08 19:59:59.999,965859.39445523,938,96.35146100,414479.93040649,0
2017-09-08 20:00:00,4195.87000000,4334.15000000,4060.00000000,4282.80000000,287.93568100,2017-09-08 23:59:59.999,1203463.78250776,1179,97.70817800,410385.88069138,0
2017-09-09 00:00:00,4282.80000000,4338.28000000,4150.06000000,4242.01000000,204.10096800,2017-09-09 03:59:59.999,863722.63956162,990,100.62014100,426091.93190436,0
2017-09-09 04:00:00,4254.44000000,4426.62000000,4200.02000000,4321.52000000,119.28349000,2017-09-09 07:59:59.999,515861.57125896,694,62.31486700,270453.83645174,0
2017-09-09 08:00:00,4336.19000000,4345.38000000,4262.75000000,4327.63000000,59.71621000,2017-09-09 11:59:59.999,257308.09212237,390,20.14807200,86958.79568024,0
2017-09-09 12:00:00,4331.82000000,4400.60000000,4245.94000000,4276.00000000,124.77800000,2017-09-09 15:59:59.999,538079.14939324,608,59.21518300,256216.57508695,0
2017-09-09 16:00:00,4276.00000000,4281.32000000,4159.64000000,4253.70000000,100.39021500,2017-09-09 19:59:59.999,424639.00316748,580,32.87765600,139122.59689959,0
2017-09-09 20:00:00,4267.51000000,4300.00000000,4241.25000000,4258.81000000,50.51406900,2017-09-09 23:59:59.999,215773.01018331,515,12.81388600,54783.27172121,0
2017-09-10 00:00:00,4258.81000000,4279.70000000,4087.62000000,4144.00000000,97.96286900,2017-09-10 03:59:59.999,408289.85255180,578,30.25345200,125781.53462997,0
2017-09-10 04:00:00,4144.00000000,4149.00000000,3801.00000000,3988.95000000,208.62893500,2017-09-10 07:59:59.999,833080.28133361,834,67.29795000,269292.94132440,0
2017-09-10 08:00:00,3988.89000000,4100.00000000,3900.05000000,4098.79000000,105.95262300,2017-09-10 11:59:59.999,426297.26514777,510,73.40090700,295505.69053673,0
2017-09-10 12:00:00,4069.43000000,4135.48000000,4043.17000000,4094.93000000,80.23849700,2017-09-10 15:59:59.999,328349.09300526,448,49.59645200,203050.35686600,0
2017-09-10 16:00:00,4086.92000000,4283.00000000,4072.45000000,4274.32000000,103.90989800,2017-09-10 19:59:59.999,437468.94007686,528,51.88642800,218825.11185864,0
2017-09-10 20:00:00,4269.36000000,4274.32000000,4100.00000000,4130.37000000,63.68045300,2017-09-10 23:59:59.999,266886.37607681,537,19.35169800,81428.40128875,0
2017-09-11 00:00:00,4153.62000000,4334.43000000,4098.91000000,4312.05000000,234.25515700,2017-09-11 03:59:59.999,995569.74979276,1117,116.41659300,494715.39720597,0
2017-09-11 04:00:00,4320.46000000,4325.99000000,4101.32000000,4178.73000000,191.22518800,2017-09-11 07:59:59.999,803505.46020881,889,75.22658800,316318.58864925,0
2017-09-11 08:00:00,4186.88000000,4221.63000000,4115.39000000,4191.53000000,69.23985700,2017-09-11 11:59:59.999,289675.95585684,581,38.76371100,162392.34254617,0
2017-09-11 12:00:00,4191.54000000,4313.18000000,4174.97000000,4251.29000000,88.42250700,2017-09-11 15:59:59.999,375730.14714415,601,46.17504700,196230.78117173,0
2017-09-11 16:00:00,4246.43000000,4280.00000000,4158.84000000,4182.27000000,86.75553000,2017-09-11 19:59:59.999,366294.16517112,635,30.70605800,129715.79875302,0
2017-09-11 20:00:00,4187.99000000,4225.00000000,4158.85000000,4208.47000000,30.09082600,2017-09-11 23:59:59.999,126067.28432779,405,14.91033300,62496.80491792,0
2017-09-12 00:00:00,4208.60000000,4305.01000000,4201.90000000,4294.25000000,92.67635300,2017-09-12 03:59:59.999,394677.90182919,1052,59.71360100,254600.82702814,0
2017-09-12 04:00:00,4294.54000000,4394.59000000,4279.77000000,4361.00000000,152.58768400,2017-09-12 07:59:59.999,662988.89908967,1382,91.32115500,396496.93530567,0
2017-09-12 08:00:00,4361.04000000,4373.67000000,4228.50000000,4340.10000000,99.70079600,2017-09-12 11:59:59.999,429374.12544912,782,35.23525000,151947.37555851,0
2017-09-12 12:00:00,4343.01000000,4345.92000000,4230.00000000,4258.72000000,189.74054300,2017-09-12 15:59:59.999,808614.91910202,1327,66.54222600,283487.55445665,0
2017-09-12 16:00:00,4249.49000000,4280.00000000,4040.80000000,4165.50000000,284.98242900,2017-09-12 19:59:59.999,1180531.31083914,1406,172.82632700,715770.32853057,0
2017-09-12 20:00:00,4158.27000000,4202.53000000,4101.69000000,4163.72000000,59.94251400,2017-09-12 23:59:59.999,249003.46698038,552,26.14211100,108712.24549112,0
2017-09-13 00:00:00,4159.72000000,4165.38000000,3916.00000000,3936.84000000,186.04492700,2017-09-13 03:59:59.999,748504.10483702,1105,70.73913800,285159.87154159,0
2017-09-13 04:00:00,3933.21000000,3991.01000000,3796.80000000,3933.76000000,193.79314600,2017-09-13 07:59:59.999,756284.45117731,793,99.69416900,390072.48761102,0
2017-09-13 08:00:00,3914.01000000,3970.00000000,3820.00000000,3832.00000000,136.03347600,2017-09-13 11:59:59.999,527009.53039618,805,36.66100400,143385.52899131,0
2017-09-13 12:00:00,3831.01000000,3976.19000000,3760.00000000,3795.00000000,208.44724500,2017-09-13 15:59:59.999,800215.07967988,1422,57.00622000,220783.78950197,0
2017-09-13 16:00:00,3775.47000000,3991.01000000,3765.13000000,3879.81000000,136.24608900,2017-09-13 19:59:59.999,531095.39018083,584,69.01433300,269090.55296143,0
2017-09-13 20:00:00,3879.81000000,3991.01000000,3845.03000000,3944.69000000,52.89766200,2017-09-13 23:59:59.999,207257.36944547,310,29.93854900,117494.21030593,0
2017-09-14 00:00:00,3944.00000000,3993.00000000,3800.02000000,3806.00000000,112.91651400,2017-09-14 03:59:59.999,438156.27108047,454,44.56770300,173961.11367705,0
2017-09-14 04:00:00,3800.01000000,3890.00000000,3800.00000000,3869.99000000,110.94663500,2017-09-14 07:59:59.999,425836.36189146,816,51.91166100,199434.31389752,0
2017-09-14 08:00:00,3846.58000000,3889.98000000,3418.00000000,3481.02000000,473.81776300,2017-09-14 11:59:59.999,1733255.43633448,2435,176.95688000,654600.28575879,0
2017-09-14 12:00:00,3481.02000000,3666.00000000,3395.00000000,3518.00000000,423.17729000,2017-09-14 15:59:59.999,1489372.27534429,2146,255.15907400,898900.67534330,0
2017-09-14 16:00:00,3522.00000000,3533.97000000,3263.00000000,3370.00000000,326.16051500,2017-09-14 19:59:59.999,1106714.97380294,1686,132.86548400,453546.64740594,0
2017-09-14 20:00:00,3368.73000000,3450.00000000,3165.13000000,3189.02000000,218.00282600,2017-09-14 23:59:59.999,720926.08615461,1529,99.69317400,331129.40026809,0
2017-09-15 00:00:00,3188.01000000,3460.00000000,3152.01000000,3370.00000000,251.70264800,2017-09-15 03:59:59.999,847379.59733367,1731,119.92117500,404677.17480693,0
2017-09-15 04:00:00,3369.99000000,3380.00000000,3031.00000000,3148.00000000,304.93512600,2017-09-15 07:59:59.999,965684.24154397,1434,101.99236800,324432.42955703,0
2017-09-15 08:00:00,3148.00000000,3148.00000000,2817.00000000,2919.00000000,364.65350500,2017-09-15 11:59:59.999,1079492.71677013,1709,188.23582300,557622.43204406,0
2017-09-15 12:00:00,2870.90000000,3856.00000000,2870.90000000,3830.00000000,682.85976000,2017-09-15 15:59:59.999,2362499.27091550,3101,407.53362500,1405140.37899089,0
2017-09-15 16:00:00,3839.94000000,3839.98000000,3483.00000000,3702.66000000,245.94793000,2017-09-15 19:59:59.999,892142.32001716,1425,100.03615900,363707.01479934,0
2017-09-15 20:00:00,3702.30000000,3799.90000000,3658.04000000,3700.00000000,118.76752300,2017-09-15 23:59:59.999,441569.04011403,1045,48.40309500,180746.23818481,0
2017-09-16 00:00:00,3674.01000000,3950.00000000,3658.04000000,3770.00000000,170.70604100,2017-09-16 03:59:59.999,649331.15746060,1698,97.83620400,372528.56541642,0
2017-09-16 04:00:00,3769.94000000,3935.93000000,3753.23000000,3847.90000000,257.80477800,2017-09-16 07:59:59.999,985971.08398530,1488,117.80815600,451013.59328554,0
2017-09-16 08:00:00,3847.92000000,3850.00000000,3470.66000000,3630.06000000,408.64999300,2017-09-16 11:59:59.999,1492553.71555960,2008,171.66154200,626249.40092848,0
2017-09-16 12:00:00,3630.06000000,3800.00000000,3531.01000000,3567.11000000,210.07850100,2017-09-16 15:59:59.999,766451.69427410,1722,87.83475400,320517.78618056,0
2017-09-16 16:00:00,3567.03000000,3714.99000000,3531.05000000,3664.00000000,172.87763300,2017-09-16 19:59:59.999,626059.51856367,1209,122.23835600,442886.48677809,0
2017-09-16 20:00:00,3664.01000000,3715.00000000,3600.60000000,3714.95000000,77.44700700,2017-09-16 23:59:59.999,284511.07736956,684,27.50883000,101340.20012999,0
2017-09-17 00:00:00,3685.23000000,3709.94000000,3580.00000000,3580.00000000,125.95759900,2017-09-17 03:59:59.999,456179.25320811,955,33.82690200,122953.25761938,0
2017-09-17 04:00:00,3568.07000000,3604.79000000,3550.00000000,3559.00000000,85.89339800,2017-09-17 07:59:59.999,305999.53271408,821,19.98146900,71300.92511414,0
2017-09-17 08:00:00,3559.00000000,3609.39000000,3499.02000000,3499.03000000,160.75557200,2017-09-17 11:59:59.999,568689.56449441,1576,57.23650000,203022.56335512,0
2017-09-17 12:00:00,3499.03000000,3660.00000000,3499.03000000,3637.33000000,135.94399000,2017-09-17 15:59:59.999,491585.18123360,1076,81.11483700,293709.53596260,0
2017-09-17 16:00:00,3649.49000000,3748.21000000,3638.05000000,3720.00000000,85.07421700,2017-09-17 19:59:59.999,315462.37170888,992,42.29016900,157034.03456378,0
2017-09-17 20:00:00,3700.13000000,3739.00000000,3679.15000000,3699.99000000,88.54643400,2017-09-17 23:59:59.999,328574.37523558,935,39.48209900,146823.31384447,0
2017-09-18 00:00:00,3690.00000000,3850.00000000,3690.00000000,3830.00000000,129.76367800,2017-09-18 03:59:59.999,491232.77865682,1272,59.40041700,224747.15241752,0
2017-09-18 04:00:00,3830.00000000,4000.00000000,3760.00000000,3950.32000000,227.68471300,2017-09-18 07:59:59.999,885643.34212919,1647,103.43735600,406387.67516436,0
2017-09-18 08:00:00,3976.58000000,3976.58000000,3848.33000000,3929.33000000,150.27891500,2017-09-18 11:59:59.999,590682.93559886,1170,55.52643100,219172.29977782,0
2017-09-18 12:00:00,3932.98000000,4123.20000000,3890.00000000,4030.33000000,291.97629100,2017-09-18 15:59:59.999,1179529.36972604,2225,129.15852100,520975.78782388,0
2017-09-18 16:00:00,4048.99000000,4048.99000000,3928.33000000,3969.48000000,113.49421300,2017-09-18 19:59:59.999,450874.49343967,1062,42.11152100,167544.71404805,0
2017-09-18 20:00:00,3969.50000000,4085.00000000,3951.00000000,4035.01000000,116.80864500,2017-09-18 23:59:59.999,471070.13760805,844,28.00447600,113035.74202713,0
2017-09-19 00:00:00,4060.00000000,4089.97000000,3901.00000000,3971.02000000,163.64375100,2017-09-19 03:59:59.999,652061.07838061,1271,56.41637300,224915.55362872,0
2017-09-19 04:00:00,3972.00000000,3981.19000000,3830.91000000,3936.28000000,181.78173000,2017-09-19 07:59:59.999,711443.67286928,1364,50.78027000,198797.37938981,0
2017-09-19 08:00:00,3880.06000000,4032.02000000,3873.00000000,3969.01000000,125.44811500,2017-09-19 11:59:59.999,497852.70825689,931,42.04258800,167561.56035015,0
2017-09-19 12:00:00,3969.32000000,4029.99000000,3901.02000000,3965.01000000,171.19427200,2017-09-19 15:59:59.999,679036.93149045,1315,49.74448100,197430.65269814,0
2017-09-19 16:00:00,3970.00000000,4014.56000000,3871.99000000,3890.01000000,122.48017600,2017-09-19 19:59:59.999,484441.10193394,1165,23.47532000,92965.34363314,0
2017-09-19 20:00:00,3890.02000000,3920.00000000,3830.91000000,3910.04000000,137.78408500,2017-09-19 23:59:59.999,533479.70450755,1296,34.86132000,135133.39207536,0
2017-09-20 00:00:00,3910.04000000,3923.26000000,3843.00000000,3875.93000000,110.32137900,2017-09-20 03:59:59.999,428527.76527492,1042,22.14478400,86305.59439135,0
2017-09-20 04:00:00,3875.91000000,3988.83000000,3820.00000000,3913.89000000,147.87468800,2017-09-20 07:59:59.999,575758.49062031,1643,84.23624400,330081.80370461,0
2017-09-20 08:00:00,3913.91000000,3979.99000000,3859.31000000,3927.77000000,108.22949800,2017-09-20 11:59:59.999,425661.74015598,1189,83.56381800,329073.52963125,0
2017-09-20 12:00:00,3927.77000000,4046.08000000,3912.08000000,4005.00000000,127.93275800,2017-09-20 15:59:59.999,510343.63572449,1239,59.01214700,234583.86055165,0
2017-09-20 16:00:00,3997.50000000,4039.99000000,3962.76000000,3962.93000000,105.22165500,2017-09-20 19:59:59.999,421163.63706076,1016,76.01773300,304438.43332311,0
2017-09-20 20:00:00,3962.93000000,4000.00000000,3860.09000000,3900.00000000,121.35509800,2017-09-20 23:59:59.999,478129.18425158,1102,70.30041200,277726.92823719,0
2017-09-21 00:00:00,3889.99000000,3910.00000000,3816.63000000,3827.66000000,167.38987300,2017-09-21 03:59:59.999,645251.86768680,1331,90.74489100,349912.62418954,0
2017-09-21 04:00:00,3820.02000000,3903.28000000,3800.00000000,3885.23000000,109.78335700,2017-09-21 07:59:59.999,423758.90541540,1151,65.05501400,251242.39321431,0
2017-09-21 08:00:00,3885.23000000,3904.81000000,3835.88000000,3864.95000000,69.45838900,2017-09-21 11:59:59.999,268824.24750125,1047,49.45140000,191576.61623989,0
2017-09-21 12:00:00,3862.99000000,3879.99000000,3668.60000000,3727.44000000,274.62028600,2017-09-21 15:59:59.999,1034122.59777983,1916,118.14030600,447632.21139868,0
2017-09-21 16:00:00,3730.00000000,3747.48000000,3592.62000000,3605.03000000,205.53549000,2017-09-21 19:59:59.999,750607.12594148,1719,97.73275500,356734.33227378,0
2017-09-21 20:00:00,3605.03000000,3678.26000000,3567.00000000,3609.99000000,174.86668900,2017-09-21 23:59:59.999,634478.33388788,1550,96.13456000,349140.46142127,0
2017-09-22 00:00:00,3592.84000000,3697.51000000,3592.84000000,3697.51000000,131.71382300,2017-09-22 03:59:59.999,480636.26820385,1273,96.29838600,351351.09304513,0
2017-09-22 04:00:00,3693.01000000,3750.00000000,3658.46000000,3658.46000000,139.67406800,2017-09-22 07:59:59.999,518551.57673377,1403,77.73737300,288692.79159414,0
2017-09-22 08:00:00,3658.46000000,3669.00000000,3522.22000000,3539.97000000,151.96023800,2017-09-22 11:59:59.999,546803.52178793,1258,70.33917300,253758.07145864,0
2017-09-22 12:00:00,3528.36000000,3645.99000000,3505.55000000,3514.07000000,179.87463300,2017-09-22 15:59:59.999,641642.93430202,1740,104.81093400,374662.12320316,0
2017-09-22 16:00:00,3527.97000000,3590.00000000,3514.08000000,3590.00000000,109.50090700,2017-09-22 19:59:59.999,389028.77766810,1192,79.54452900,282760.17268733,0
2017-09-22 20:00:00,3590.00000000,3645.18000000,3574.70000000,3595.87000000,126.24275600,2017-09-22 23:59:59.999,455108.35423282,1286,82.32947400,296880.36055334,0
2017-09-23 00:00:00,3595.88000000,3628.00000000,3542.91000000,3605.00000000,95.78610200,2017-09-23 03:59:59.999,343942.60159434,1000,44.16568100,158519.40561191,0
2017-09-23 04:00:00,3614.87000000,3717.44000000,3600.90000000,3689.38000000,129.20937700,2017-09-23 07:59:59.999,475124.16032098,1256,80.11181700,294688.24885670,0
2017-09-23 08:00:00,3689.38000000,3798.90000000,3688.00000000,3798.00000000,125.64298500,2017-09-23 11:59:59.999,469984.97012570,1308,82.32057400,308272.98960280,0
2017-09-23 12:00:00,3798.90000000,3817.19000000,3717.57000000,3746.36000000,147.82602600,2017-09-23 15:59:59.999,556883.44838119,1385,84.69321800,319086.72301172,0
2017-09-23 16:00:00,3746.37000000,3779.52000000,3700.00000000,3779.50000000,146.83802400,2017-09-23 19:59:59.999,549727.91852777,1880,77.14261700,289312.49222195,0
2017-09-23 20:00:00,3766.41000000,3790.00000000,3718.12000000,3780.00000000,107.49027700,2017-09-23 23:59:59.999,404043.90056513,1573,63.51280300,238799.28396964,0
2017-09-24 00:00:00,3779.54000000,3789.99000000,3731.54000000,3782.90000000,113.26816000,2017-09-24 03:59:59.999,426526.67390034,1528,50.59508200,190794.65773763,0
2017-09-24 04:00:00,3782.90000000,3783.99000000,3622.76000000,3669.00000000,183.59275600,2017-09-24 07:59:59.999,677042.41748016,2006,74.40789800,275020.27344124,0
2017-09-24 08:00:00,3668.00000000,3698.40000000,3627.19000000,3683.36000000,105.67391700,2017-09-24 11:59:59.999,387069.83337905,1596,45.78720500,168104.20857605,0
2017-09-24 12:00:00,3674.22000000,3730.00000000,3674.21000000,3691.31000000,124.79452900,2017-09-24 15:59:59.999,461724.07451370,1722,63.09760000,233884.01329272,0
2017-09-24 16:00:00,3707.89000000,3707.90000000,3624.38000000,3687.36000000,93.45859200,2017-09-24 19:59:59.999,343255.72268610,1344,35.70271900,131448.35790020,0
2017-09-24 20:00:00,3665.68000000,3707.94000000,3650.70000000,3660.02000000,40.84843600,2017-09-24 23:59:59.999,150169.71424106,528,21.34866600,78712.81543304,0
2017-09-25 00:00:00,3660.02000000,3772.00000000,3653.69000000,3751.00000000,143.24213400,2017-09-25 03:59:59.999,532271.55829549,1526,61.67352000,229852.64365274,0
2017-09-25 04:00:00,3750.01000000,3815.74000000,3750.00000000,3780.60000000,142.48230200,2017-09-25 07:59:59.999,539364.59364075,1726,50.39766000,190946.66652865,0
2017-09-25 08:00:00,3789.50000000,3807.53000000,3747.94000000,3781.05000000,88.75499800,2017-09-25 11:59:59.999,335044.08034376,1494,45.64123100,172305.69577787,0
2017-09-25 12:00:00,3781.05000000,3945.00000000,3770.00000000,3910.01000000,165.38751500,2017-09-25 15:59:59.999,638366.40095710,2212,69.67328000,269803.03731689,0
2017-09-25 16:00:00,3915.01000000,3979.87000000,3887.80000000,3930.36000000,109.06407500,2017-09-25 19:59:59.999,427759.78737824,1680,44.59343500,175295.62719829,0
2017-09-25 20:00:00,3934.68000000,3963.00000000,3904.19000000,3920.75000000,79.06368900,2017-09-25 23:59:59.999,311364.43256788,1102,26.86003300,105885.50917437,0
2017-09-26 00:00:00,3928.00000000,3959.56000000,3886.67000000,3896.02000000,122.99707400,2017-09-26 03:59:59.999,483677.63337344,1727,60.56266600,238210.01200358,0
2017-09-26 04:00:00,3896.02000000,3940.00000000,3850.05000000,3925.00000000,127.30311200,2017-09-26 07:59:59.999,494825.66472989,1714,54.39604100,211584.48623406,0
2017-09-26 08:00:00,3925.00000000,3949.92000000,3888.28000000,3949.45000000,75.04834500,2017-09-26 11:59:59.999,294169.98155557,1406,32.65925100,128221.11329212,0
2017-09-26 12:00:00,3950.00000000,3976.99000000,3892.51000000,3920.00000000,53.80083200,2017-09-26 15:59:59.999,211935.18322922,822,17.38766100,68712.66687910,0
2017-09-26 16:00:00,3925.00000000,3939.99000000,3890.98000000,3906.13000000,40.08771700,2017-09-26 19:59:59.999,156769.05006488,881,17.31750200,67763.24727778,0
2017-09-26 20:00:00,3911.06000000,3935.00000000,3880.00000000,3882.35000000,107.49090700,2017-09-26 23:59:59.999,419818.06572709,1421,43.24716200,169433.49287666,0
2017-09-27 00:00:00,3882.36000000,3973.00000000,3872.81000000,3947.00000000,67.90405600,2017-09-27 03:59:59.999,266290.37466370,1009,26.85857900,105674.07805070,0
2017-09-27 04:00:00,3931.00000000,3968.00000000,3930.00000000,3968.00000000,46.26267400,2017-09-27 07:59:59.999,182682.71620704,831,19.38731200,76691.23388315,0
2017-09-27 08:00:00,3952.10000000,4099.95000000,3931.00000000,4073.00000000,164.50711000,2017-09-27 11:59:59.999,663728.06683748,1776,116.72366200,471374.15738670,0
2017-09-27 12:00:00,4072.20000000,4119.00000000,4053.40000000,4090.00000000,148.35929900,2017-09-27 15:59:59.999,606915.32030156,1942,79.41872400,325613.63072330,0
2017-09-27 16:00:00,4099.80000000,4200.00000000,4075.05000000,4190.00000000,135.40617900,2017-09-27 19:59:59.999,558905.22630977,1705,75.11458400,310471.68394637,0
2017-09-27 20:00:00,4189.00000000,4249.94000000,4152.01000000,4193.00000000,65.73164800,2017-09-27 23:59:59.999,276108.11015146,1110,30.58078000,128697.24713103,0
2017-09-28 00:00:00,4192.11000000,4219.99000000,4140.01000000,4200.00000000,135.34760500,2017-09-28 03:59:59.999,565746.21137835,1761,61.23526500,255953.09829433,0
2017-09-28 04:00:00,4200.00000000,4300.00000000,4185.00000000,4246.00000000,125.83259200,2017-09-28 07:59:59.999,534020.20468359,1863,47.88880100,203437.96850398,0
2017-09-28 08:00:00,4247.00000000,4272.45000000,4136.00000000,4180.00000000,147.33694300,2017-09-28 11:59:59.999,619341.14466620,2180,64.76198200,272635.32757940,0
2017-09-28 12:00:00,4170.19000000,4210.00000000,4101.00000000,4168.00000000,192.32478700,2017-09-28 15:59:59.999,799432.85879561,2225,79.56207100,331078.87912749,0
2017-09-28 16:00:00,4133.03000000,4209.68000000,4110.00000000,4149.99000000,118.43587800,2017-09-28 19:59:59.999,493032.27578454,1808,43.21797700,180363.70001381,0
2017-09-28 20:00:00,4143.12000000,4194.99000000,4114.03000000,4174.50000000,130.50752000,2017-09-28 23:59:59.999,541606.17506525,1589,67.85135600,281998.38428666,0
2017-09-29 00:00:00,4178.98000000,4215.00000000,3952.01000000,4032.87000000,569.97341700,2017-09-29 03:59:59.999,2312361.89428117,3538,271.26533400,1101076.26399963,0
2017-09-29 04:00:00,4000.00000000,4113.81000000,3970.00000000,4090.10000000,332.35110000,2017-09-29 07:59:59.999,1345054.30321188,3032,142.80798300,578348.41847447,0
2017-09-29 08:00:00,4090.10000000,4248.00000000,4060.02000000,4220.01000000,185.56311200,2017-09-29 11:59:59.999,765702.97400890,2072,98.05470600,405515.94002063,0
2017-09-29 12:00:00,4234.99000000,4251.00000000,4131.68000000,4143.02000000,204.60817600,2017-09-29 15:59:59.999,857939.90114679,2528,49.33280000,206816.67745936,0
2017-09-29 16:00:00,4145.03000000,4259.99000000,4101.01000000,4179.99000000,152.93841700,2017-09-29 19:59:59.999,638820.42821087,1827,54.92169100,230185.78552474,0
2017-09-29 20:00:00,4146.96000000,4263.86000000,4106.00000000,4174.69000000,156.87534300,2017-09-29 23:59:59.999,651866.85814115,1837,44.02572100,184210.73003551,0
2017-09-30 00:00:00,4175.00000000,4298.00000000,4138.10000000,4214.00000000,123.32713100,2017-09-30 03:59:59.999,517797.13760480,1425,54.54096000,229644.02620296,0
2017-09-30 04:00:00,4216.01000000,4300.00000000,4180.81000000,4300.00000000,169.84607300,2017-09-30 07:59:59.999,721872.15834440,1997,73.91484100,315289.73934788,0
2017-09-30 08:00:00,4310.00000000,4345.00000000,4266.11000000,4324.99000000,109.08362700,2017-09-30 11:59:59.999,470177.31633367,1731,38.38454100,165796.86494604,0
2017-09-30 12:00:00,4320.21000000,4358.99000000,4275.35000000,4353.98000000,119.09083700,2017-09-30 15:59:59.999,514758.31564780,1515,42.87348900,185714.37200872,0
2017-09-30 16:00:00,4349.00000000,4380.00000000,4307.50000000,4368.98000000,130.61823600,2017-09-30 19:59:59.999,566338.67846666,1618,60.62196800,263482.48381795,0
2017-09-30 20:00:00,4343.18000000,4379.95000000,4310.25000000,4378.51000000,68.38727900,2017-09-30 23:59:59.999,297410.79444803,1038,22.63089400,98612.73620639,0
2017-10-01 00:00:00,4378.49000000,4378.49000000,4265.02000000,4312.58000000,133.36814600,2017-10-01 03:59:59.999,576654.31393933,1718,57.70793500,250055.88537120,0
2017-10-01 04:00:00,4312.77000000,4335.82000000,4275.00000000,4335.82000000,85.83980900,2017-10-01 07:59:59.999,369550.49224680,1568,34.42813100,148419.85214687,0
2017-10-01 08:00:00,4335.82000000,4359.60000000,4288.00000000,4337.01000000,87.25464400,2017-10-01 11:59:59.999,377788.88240885,1360,31.64419100,137362.03689427,0
2017-10-01 12:00:00,4337.01000000,4356.99000000,4240.04000000,4299.99000000,198.52547400,2017-10-01 15:59:59.999,852070.19349668,2404,56.72644600,243451.76295932,0
2017-10-01 16:00:00,4290.17000000,4329.99000000,4270.01000000,4329.52000000,109.85291400,2017-10-01 19:59:59.999,472468.84719096,1279,43.72758000,188309.73176535,0
2017-10-01 20:00:00,4307.00000000,4406.52000000,4300.00000000,4378.48000000,112.12269800,2017-10-01 23:59:59.999,488611.16256195,1487,67.74162100,295866.59753317,0
2017-10-02 00:00:00,4400.00000000,4560.00000000,4380.01000000,4419.85000000,127.64884100,2017-10-02 03:59:59.999,566070.54666564,1259,71.24922800,316787.57051675,0
2017-10-02 04:00:00,4411.00000000,4465.43000000,4405.15000000,4424.01000000,100.32652200,2017-10-02 07:59:59.999,445516.46763726,1601,42.73832400,189975.41169015,0
2017-10-02 08:00:00,4434.22000000,4479.90000000,4401.00000000,4410.01000000,112.98376300,2017-10-02 11:59:59.999,502131.06921940,1506,51.02186700,227340.00600491,0
2017-10-02 12:00:00,4419.99000000,4561.63000000,4390.00000000,4409.09000000,175.60836300,2017-10-02 15:59:59.999,778846.41796141,1646,78.32368000,348938.11559190,0
2017-10-02 16:00:00,4409.09000000,4433.11000000,4378.51000000,4419.94000000,85.91720700,2017-10-02 19:59:59.999,378448.87052818,1334,34.69282200,153002.21075240,0
2017-10-02 20:00:00,4410.00000000,4431.78000000,4360.00000000,4380.00000000,53.27227800,2017-10-02 23:59:59.999,234269.40369656,839,11.51548500,50743.57596014,0
2017-10-03 00:00:00,4380.00000000,4467.33000000,4361.00000000,4405.00000000,78.75788600,2017-10-03 03:59:59.999,346441.53182210,1494,42.33375900,186208.44823178,0
2017-10-03 04:00:00,4405.00000000,4417.00000000,4213.21000000,4271.00000000,331.17132700,2017-10-03 07:59:59.999,1419875.62634834,3235,165.71679300,709835.60527136,0
2017-10-03 08:00:00,4280.00000000,4310.00000000,4189.71000000,4297.99000000,206.96890400,2017-10-03 11:59:59.999,881734.07527842,2474,112.51362400,479333.67893187,0
2017-10-03 12:00:00,4290.00000000,4297.66000000,4180.80000000,4258.57000000,220.85849500,2017-10-03 15:59:59.999,933667.56248863,1753,100.91272500,426923.06199872,0
2017-10-03 16:00:00,4258.58000000,4295.99000000,4235.00000000,4235.01000000,139.01207300,2017-10-03 19:59:59.999,593728.17419700,1891,30.80994400,131662.43592750,0
2017-10-03 20:00:00,4235.02000000,4329.86000000,4222.02000000,4310.00000000,105.55487800,2017-10-03 23:59:59.999,451975.77270430,1532,40.44833600,173498.88003788,0
2017-10-04 00:00:00,4314.90000000,4360.00000000,4274.00000000,4290.01000000,100.11478500,2017-10-04 03:59:59.999,431175.75597201,1478,29.69389100,128224.31698218,0
2017-10-04 04:00:00,4290.01000000,4373.00000000,4280.00000000,4310.01000000,142.21163400,2017-10-04 07:59:59.999,616168.89665941,1863,29.90441300,129547.03534922,0
2017-10-04 08:00:00,4310.01000000,4328.00000000,4185.01000000,4228.00000000,189.10341900,2017-10-04 11:59:59.999,800967.05717850,2255,64.19947800,272094.33361129,0
2017-10-04 12:00:00,4230.00000000,4248.97000000,4142.00000000,4211.01000000,205.85977400,2017-10-04 15:59:59.999,861259.43628039,1897,69.60059100,291515.07576272,0
2017-10-04 16:00:00,4211.01000000,4225.50000000,4153.02000000,4173.11000000,123.21485500,2017-10-04 19:59:59.999,514884.54200205,1955,44.73318500,186786.67154819,0
2017-10-04 20:00:00,4170.05000000,4236.63000000,4156.00000000,4208.59000000,107.96063400,2017-10-04 23:59:59.999,451959.41245655,1558,54.79721900,229384.93605236,0
2017-10-05 00:00:00,4208.59000000,4235.00000000,4142.00000000,4143.04000000,104.55874600,2017-10-05 03:59:59.999,439397.03542120,1244,32.99290700,139042.49952434,0
2017-10-05 04:00:00,4143.06000000,4174.49000000,4110.00000000,4154.10000000,191.09844700,2017-10-05 07:59:59.999,791036.28219642,2222,103.12027200,427250.49106944,0
2017-10-05 08:00:00,4154.10000000,4234.77000000,4112.23000000,4226.05000000,161.84566700,2017-10-05 11:59:59.999,679402.77108484,1586,98.32842500,413661.90021463,0
2017-10-05 12:00:00,4226.05000000,4335.00000000,4226.05000000,4314.49000000,156.27019000,2017-10-05 15:59:59.999,671233.49066818,1769,62.85358000,270352.24172375,0
2017-10-05 16:00:00,4288.00000000,4340.00000000,4275.00000000,4327.63000000,102.13128400,2017-10-05 19:59:59.999,440590.29231439,1473,25.62971300,110809.04183844,0
2017-10-05 20:00:00,4345.00000000,4355.00000000,4292.43000000,4292.43000000,63.23430400,2017-10-05 23:59:59.999,273872.95229276,864,28.11712200,121920.65923546,0
2017-10-06 00:00:00,4318.99000000,4348.00000000,4292.00000000,4316.98000000,69.28789500,2017-10-06 03:59:59.999,299010.60542520,1188,30.01893300,129632.99641123,0
2017-10-06 04:00:00,4316.98000000,4410.00000000,4300.02000000,4392.36000000,118.21006800,2017-10-06 07:59:59.999,516542.86186393,1058,80.07939800,350289.17796209,0
2017-10-06 08:00:00,4396.00000000,4417.00000000,4370.45000000,4405.00000000,85.30042100,2017-10-06 11:59:59.999,375572.16433485,1331,35.89381200,158210.21590460,0
2017-10-06 12:00:00,4391.11000000,4416.78000000,4312.57000000,4382.07000000,132.61291300,2017-10-06 15:59:59.999,580096.50120682,1554,42.73110800,186522.30108374,0
2017-10-06 16:00:00,4382.07000000,4400.00000000,4315.95000000,4379.73000000,73.69641300,2017-10-06 19:59:59.999,321146.94782960,929,22.35563500,97632.25177833,0
2017-10-06 20:00:00,4331.02000000,4399.00000000,4330.06000000,4369.00000000,27.42146600,2017-10-06 23:59:59.999,119666.04348199,486,15.06929100,65819.65950064,0
2017-10-07 00:00:00,4369.00000000,4399.00000000,4362.02000000,4381.00000000,71.61948000,2017-10-07 03:59:59.999,313763.74258882,1144,44.84472800,196565.51513686,0
2017-10-07 04:00:00,4381.00000000,4389.48000000,4330.09000000,4334.00000000,40.81473900,2017-10-07 07:59:59.999,178223.60202193,810,9.85405900,43055.98746122,0
2017-10-07 08:00:00,4335.00000000,4388.54000000,4312.56000000,4335.90000000,50.76727900,2017-10-07 11:59:59.999,220425.29972612,731,19.22053500,83620.36083224,0
2017-10-07 12:00:00,4335.90000000,4380.00000000,4326.00000000,4343.01000000,35.61056900,2017-10-07 15:59:59.999,155084.17012193,598,18.99772000,82791.03159183,0
2017-10-07 16:00:00,4343.01000000,4370.86000000,4326.02000000,4335.38000000,35.63567200,2017-10-07 19:59:59.999,155173.39762022,683,14.96549000,65228.56927382,0
2017-10-07 20:00:00,4342.23000000,4479.50000000,4336.01000000,4423.00000000,63.14976100,2017-10-07 23:59:59.999,279863.00251379,838,37.43054400,165885.39379706,0
2017-10-08 00:00:00,4425.00000000,4517.00000000,4425.00000000,4457.62000000,83.05117000,2017-10-08 03:59:59.999,370367.62053552,1564,43.46268900,193959.81480609,0
2017-10-08 04:00:00,4478.00000000,4479.98000000,4437.00000000,4455.99000000,52.94546200,2017-10-08 07:59:59.999,235694.41136461,770,23.96025900,106829.99340969,0
2017-10-08 08:00:00,4454.99000000,4514.99000000,4441.01000000,4487.99000000,88.99148300,2017-10-08 11:59:59.999,398006.60812850,1406,51.92137600,232389.92061718,0
2017-10-08 12:00:00,4487.99000000,4599.00000000,4460.02000000,4590.00000000,112.67062600,2017-10-08 15:59:59.999,512318.90929307,1564,71.79070500,326357.14582586,0
2017-10-08 16:00:00,4590.00000000,4600.00000000,4525.00000000,4575.01000000,99.79749200,2017-10-08 19:59:59.999,456672.19490647,1078,50.06870200,229461.37738806,0
2017-10-08 20:00:00,4597.49000000,4658.00000000,4573.04000000,4640.00000000,81.00577100,2017-10-08 23:59:59.999,374296.72521837,1198,38.89112300,179662.57794510,0
2017-10-09 00:00:00,4640.00000000,4660.00000000,4600.00000000,4659.00000000,62.80978000,2017-10-09 03:59:59.999,290979.64931829,984,35.03840900,162581.50636385,0
2017-10-09 04:00:00,4650.00000000,4660.00000000,4550.00000000,4584.06000000,87.69373300,2017-10-09 07:59:59.999,403396.93215807,1152,43.38427400,199281.87166666,0
2017-10-09 08:00:00,4587.02000000,4630.00000000,4564.32000000,4615.00000000,74.61068200,2017-10-09 11:59:59.999,342670.59127770,1182,40.14298300,184587.53841731,0
2017-10-09 12:00:00,4615.00000000,4699.98000000,4615.00000000,4664.31000000,87.38100400,2017-10-09 15:59:59.999,406533.09517373,1437,33.66086700,156944.10386294,0
2017-10-09 16:00:00,4684.99000000,4889.98000000,4664.11000000,4787.49000000,158.61939900,2017-10-09 19:59:59.999,756744.63522477,2365,91.20213000,436141.58846795,0
2017-10-09 20:00:00,4803.35000000,4852.00000000,4720.12000000,4786.95000000,175.34854700,2017-10-09 23:59:59.999,840184.00121131,3252,107.32789600,514738.02871552,0
2017-10-10 00:00:00,4786.95000000,4888.88000000,4780.00000000,4788.02000000,151.70282200,2017-10-10 03:59:59.999,733619.48902910,3388,60.91443700,295272.12260073,0
2017-10-10 04:00:00,4819.99000000,4879.99000000,4785.78000000,4785.78000000,76.48135600,2017-10-10 07:59:59.999,368517.19027941,1125,36.57070700,176314.06244725,0
2017-10-10 08:00:00,4787.88000000,4839.41000000,4720.16000000,4790.00000000,126.50566700,2017-10-10 11:59:59.999,603784.37061949,1424,71.29316300,339759.80698286,0
2017-10-10 12:00:00,4790.01000000,4880.00000000,4780.02000000,4831.99000000,187.22879500,2017-10-10 15:59:59.999,904609.98398610,2110,142.86492400,690782.25610919,0
2017-10-10 16:00:00,4830.97000000,4960.00000000,4800.07000000,4911.00000000,245.73216800,2017-10-10 19:59:59.999,1202742.03559242,2188,198.43823600,971724.43897342,0
2017-10-10 20:00:00,4910.99000000,4933.14000000,4680.59000000,4783.06000000,255.57096500,2017-10-10 23:59:59.999,1231010.79396930,1732,168.75120700,815761.07362629,0
2017-10-11 00:00:00,4783.06000000,4823.17000000,4710.00000000,4753.16000000,262.17601100,2017-10-11 03:59:59.999,1252187.40178199,1829,206.92728200,988947.45988193,0
2017-10-11 04:00:00,4740.73000000,4840.00000000,4720.02000000,4829.99000000,217.75741700,2017-10-11 07:59:59.999,1039503.79333472,1704,180.84988500,863354.11354106,0
2017-10-11 08:00:00,4820.00000000,4852.22000000,4791.01000000,4818.99000000,132.14910800,2017-10-11 11:59:59.999,636937.38105383,1063,83.98876300,405038.67620490,0
2017-10-11 12:00:00,4804.93000000,4839.99000000,4751.01000000,4825.01000000,68.94699400,2017-10-11 15:59:59.999,329855.46741996,679,27.06323200,129680.75791147,0
2017-10-11 16:00:00,4839.99000000,4881.61000000,4824.74000000,4872.10000000,49.27021000,2017-10-11 19:59:59.999,239036.31481841,396,29.27376100,142088.72311560,0
2017-10-11 20:00:00,4850.42000000,4862.43000000,4800.57000000,4821.43000000,23.12965600,2017-10-11 23:59:59.999,111720.55063028,224,11.98505200,57867.98831949,0
2017-10-12 00:00:00,4821.43000000,4880.00000000,4810.16000000,4843.37000000,49.50170800,2017-10-12 03:59:59.999,240116.86380296,573,31.24240400,151675.54989276,0
2017-10-12 04:00:00,4848.02000000,5010.20000000,4843.21000000,5010.20000000,66.47808600,2017-10-12 07:59:59.999,327236.18872531,696,43.17390900,213114.63796506,0
2017-10-12 08:00:00,5010.20000000,5265.50000000,5010.20000000,5184.00000000,424.78359500,2017-10-12 11:59:59.999,2191460.92595324,2328,318.10300100,1643085.53738698,0
2017-10-12 12:00:00,5184.00000000,5325.00000000,5173.10000000,5305.01000000,236.43423300,2017-10-12 15:59:59.999,1236020.48221317,1581,142.32507600,744103.22507670,0
2017-10-12 16:00:00,5316.42000000,5413.73000000,5239.99000000,5312.43000000,283.42436200,2017-10-12 19:59:59.999,1508376.30464944,1623,153.03748000,815496.78700197,0
2017-10-12 20:00:00,5300.06000000,5439.99000000,5265.05000000,5430.00000000,216.07949800,2017-10-12 23:59:59.999,1156548.52584954,1229,108.71284900,582191.86182767,0
2017-10-13 00:00:00,5439.99000000,5835.00000000,5379.84000000,5748.00000000,501.50699600,2017-10-13 03:59:59.999,2797899.70972424,3449,273.63794300,1520729.09407485,0
2017-10-13 04:00:00,5740.02000000,5846.17000000,5458.84000000,5628.02000000,390.17458100,2017-10-13 07:59:59.999,2203760.16208040,2531,138.92139000,784978.09489577,0
2017-10-13 08:00:00,5631.01000000,5775.00000000,5568.98000000,5649.00000000,252.69496200,2017-10-13 11:59:59.999,1434309.00715109,1630,123.98659800,703941.01840570,0
2017-10-13 12:00:00,5658.97000000,5800.00000000,5566.84000000,5762.25000000,274.27790600,2017-10-13 15:59:59.999,1558579.49712335,1763,145.29151400,826451.99010635,0
2017-10-13 16:00:00,5762.24000000,5779.00000000,5520.00000000,5558.99000000,229.70853900,2017-10-13 19:59:59.999,1305554.53908234,1306,83.64021500,475037.94300434,0
2017-10-13 20:00:00,5533.76000000,5650.00000000,5533.74000000,5649.98000000,231.46463600,2017-10-13 23:59:59.999,1297237.38588845,984,113.16041700,634648.22322934,0
2017-10-14 00:00:00,5650.00000000,5722.87000000,5580.01000000,5700.51000000,176.36598000,2017-10-14 03:59:59.999,996600.82728318,985,70.83634000,400268.35016376,0
2017-10-14 04:00:00,5700.52000000,5721.91000000,5585.02000000,5653.41000000,154.97873800,2017-10-14 07:59:59.999,875145.57215367,932,85.50260300,482733.23718783,0
2017-10-14 08:00:00,5653.40000000,5779.00000000,5600.03000000,5720.02000000,154.14518400,2017-10-14 11:59:59.999,873737.74786092,1118,70.77225400,401459.15593042,0
2017-10-14 12:00:00,5720.02000000,5779.99000000,5686.00000000,5752.04000000,162.37318800,2017-10-14 15:59:59.999,929249.55131130,1019,66.34756200,379775.34577797,0
2017-10-14 16:00:00,5741.03000000,5798.02000000,5685.02000000,5750.00000000,150.84841900,2017-10-14 19:59:59.999,867077.37168521,1117,56.13472200,322245.15546837,0
2017-10-14 20:00:00,5750.01000000,5900.00000000,5735.01000000,5869.99000000,172.04753700,2017-10-14 23:59:59.999,992161.41570042,1088,84.20142300,486293.95993399,0
2017-10-15 00:00:00,5855.03000000,5922.30000000,5770.02000000,5771.07000000,184.16434500,2017-10-15 03:59:59.999,1079582.26272179,1289,91.28231200,534229.34697852,0
2017-10-15 04:00:00,5771.06000000,5805.00000000,5737.27000000,5786.11000000,192.58061400,2017-10-15 07:59:59.999,1111109.22560943,1144,94.95919400,547833.58426955,0
2017-10-15 08:00:00,5786.11000000,5786.11000000,5400.01000000,5400.01000000,325.95927400,2017-10-15 11:59:59.999,1805399.53806455,1846,134.62642300,745452.18086914,0
2017-10-15 12:00:00,5419.00000000,5605.00000000,5404.98000000,5544.14000000,283.57516300,2017-10-15 15:59:59.999,1567460.68127788,1303,126.61596500,699499.71761437,0
2017-10-15 16:00:00,5539.99000000,5569.47000000,5468.01000000,5533.56000000,188.79769300,2017-10-15 19:59:59.999,1043611.57950172,882,77.74256500,429596.94598294,0
2017-10-15 20:00:00,5530.23000000,5756.36000000,5485.00000000,5709.99000000,168.44628600,2017-10-15 23:59:59.999,946486.91415276,988,76.19590200,428164.93080214,0
2017-10-16 00:00:00,5710.00000000,5739.99000000,5600.02000000,5600.05000000,190.57994700,2017-10-16 03:59:59.999,1086329.81522882,1014,69.80862200,398460.76125836,0
2017-10-16 04:00:00,5601.02000000,5694.77000000,5600.01000000,5628.32000000,157.47137100,2017-10-16 07:59:59.999,889323.00280234,1173,61.34727700,346534.36278086,0
2017-10-16 08:00:00,5628.31000000,5749.99000000,5585.19000000,5728.99000000,269.70331300,2017-10-16 11:59:59.999,1528817.14787835,1811,139.86872400,792144.73269229,0
2017-10-16 12:00:00,5739.96000000,5749.80000000,5664.00000000,5681.22000000,339.08054100,2017-10-16 15:59:59.999,1935187.27279677,2017,167.04703700,954425.11923026,0
2017-10-16 16:00:00,5681.22000000,5720.30000000,5642.02000000,5703.27000000,357.04826200,2017-10-16 19:59:59.999,2031339.67799348,1622,185.77056500,1057854.79457900,0
2017-10-16 20:00:00,5718.78000000,5788.91000000,5700.01000000,5760.02000000,215.11302800,2017-10-16 23:59:59.999,1230917.87883559,1516,95.37631300,546866.07663764,0
2017-10-17 00:00:00,5760.00000000,5774.98000000,5590.00000000,5620.01000000,238.57693900,2017-10-17 03:59:59.999,1350631.38760426,1676,118.21906600,669093.99560171,0
2017-10-17 04:00:00,5612.02000000,5687.61000000,5591.01000000,5650.02000000,229.04721400,2017-10-17 07:59:59.999,1291652.85172694,1702,93.22825800,526566.49706860,0
2017-10-17 08:00:00,5657.96000000,5687.61000000,5540.02000000,5579.98000000,192.98990400,2017-10-17 11:59:59.999,1088875.50627373,1335,80.20137600,452623.76049613,0
2017-10-17 12:00:00,5579.89000000,5628.63000000,5508.63000000,5603.01000000,327.21595700,2017-10-17 15:59:59.999,1829212.02174179,1763,169.00300700,944895.93262871,0
2017-10-17 16:00:00,5619.98000000,5649.99000000,5574.21000000,5622.06000000,240.02729700,2017-10-17 19:59:59.999,1348017.18570194,1571,135.35382300,760813.24553239,0
2017-10-17 20:00:00,5622.10000000,5636.53000000,5585.25000000,5595.00000000,202.01206500,2017-10-17 23:59:59.999,1133273.36576189,1708,92.76124900,520636.68656454,0
2017-10-18 00:00:00,5595.00000000,5596.00000000,5422.01000000,5484.86000000,318.19407500,2017-10-18 03:59:59.999,1750084.19998680,3383,103.06761200,567202.92748093,0
2017-10-18 04:00:00,5483.99000000,5561.99000000,5277.22000000,5277.22000000,403.29447900,2017-10-18 07:59:59.999,2196808.77187841,2758,158.15141000,860884.95551737,0
2017-10-18 08:00:00,5267.38000000,5379.00000000,5226.00000000,5273.25000000,510.52802300,2017-10-18 11:59:59.999,2707391.53751443,2723,230.91333000,1225549.39378939,0
2017-10-18 12:00:00,5283.98000000,5368.70000000,5037.95000000,5322.28000000,431.83748800,2017-10-18 15:59:59.999,2245027.98639128,2623,217.06761100,1129743.78945913,0
2017-10-18 16:00:00,5344.00000000,5408.00000000,5320.28000000,5382.98000000,323.96488400,2017-10-18 19:59:59.999,1743709.93294857,1425,153.71187400,828393.13935169,0
2017-10-18 20:00:00,5382.99000000,5588.00000000,5368.12000000,5512.06000000,329.98542400,2017-10-18 23:59:59.999,1813887.54732424,1912,176.71063800,970781.75904827,0
2017-10-19 00:00:00,5513.00000000,5631.30000000,5490.26000000,5585.00000000,273.84836000,2017-10-19 03:59:59.999,1521592.46653204,1972,154.79184000,860484.93205028,0
2017-10-19 04:00:00,5570.24000000,5628.00000000,5490.26000000,5577.98000000,209.56346100,2017-10-19 07:59:59.999,1170951.63942781,1277,73.97788700,413413.25511683,0
2017-10-19 08:00:00,5577.99000000,5706.09000000,5555.00000000,5690.12000000,331.64816800,2017-10-19 11:59:59.999,1874042.53923351,2242,167.45384800,948468.01569147,0
2017-10-19 12:00:00,5710.00000000,5710.00000000,5620.00000000,5625.01000000,399.01050400,2017-10-19 15:59:59.999,2263082.89531418,2432,178.91930900,1016352.81378282,0
2017-10-19 16:00:00,5624.99000000,5690.00000000,5600.00000000,5609.00000000,317.97793700,2017-10-19 19:59:59.999,1795972.81338625,1739,131.93755500,746628.07624170,0
2017-10-19 20:00:00,5608.99000000,5694.00000000,5600.03000000,5683.90000000,349.67367700,2017-10-19 23:59:59.999,1983726.41948980,1891,159.09179500,903907.17488179,0
2017-10-20 00:00:00,5683.31000000,5688.00000000,5632.01000000,5669.08000000,226.08720200,2017-10-20 03:59:59.999,1282772.10284176,1421,107.00136400,607658.11129203,0
2017-10-20 04:00:00,5669.08000000,5697.99000000,5600.00000000,5639.95000000,209.20900200,2017-10-20 07:59:59.999,1183076.43055330,1730,107.55100600,608454.74373327,0
2017-10-20 08:00:00,5639.96000000,5679.99000000,5611.32000000,5662.75000000,290.31322500,2017-10-20 11:59:59.999,1639228.89466643,1879,129.56305000,732963.40803083,0
2017-10-20 12:00:00,5662.75000000,5995.00000000,5602.86000000,5889.99000000,438.33228900,2017-10-20 15:59:59.999,2555899.00210742,2825,232.10542600,1343838.35372231,0
2017-10-20 16:00:00,5889.99000000,6060.54000000,5878.03000000,6060.54000000,498.51609300,2017-10-20 19:59:59.999,2964310.44371391,2039,147.81880100,880351.39605824,0
2017-10-20 20:00:00,6060.91000000,6110.00000000,5937.01000000,6010.01000000,310.51940900,2017-10-20 23:59:59.999,1861265.31492378,1762,108.99781000,654416.42534694,0
2017-10-21 00:00:00,6013.72000000,6124.30000000,5960.00000000,6110.01000000,272.24856600,2017-10-21 03:59:59.999,1648164.09413252,1807,126.40466500,764790.12279271,0
2017-10-21 04:00:00,6110.02000000,6167.99000000,6000.00000000,6091.92000000,329.41967900,2017-10-21 07:59:59.999,2002826.91397635,1949,168.36638400,1024576.45407680,0
2017-10-21 08:00:00,6091.92000000,6118.99000000,6072.06000000,6116.98000000,274.94641200,2017-10-21 11:59:59.999,1676347.04025795,1696,178.83276800,1090700.69701331,0
2017-10-21 12:00:00,6116.98000000,6171.00000000,6075.39000000,6149.99000000,256.41799000,2017-10-21 15:59:59.999,1571053.13194922,1607,100.12254200,613625.89452809,0
2017-10-21 16:00:00,6149.99000000,6169.04000000,5850.03000000,6024.07000000,281.30975200,2017-10-21 19:59:59.999,1700624.70629496,1710,93.12842200,564118.32352242,0
2017-10-21 20:00:00,6024.09000000,6110.00000000,5994.00000000,6024.97000000,249.96529400,2017-10-21 23:59:59.999,1515805.55365251,1413,129.16779400,784740.59811751,0
2017-10-22 00:00:00,6003.27000000,6060.00000000,5911.02000000,5950.24000000,193.66074200,2017-10-22 03:59:59.999,1161579.90299867,1532,59.08218700,354209.99167998,0
2017-10-22 04:00:00,5950.18000000,5954.51000000,5770.00000000,5907.11000000,323.38719400,2017-10-22 07:59:59.999,1893920.30078613,1770,141.95606700,832620.45213892,0
2017-10-22 08:00:00,5907.13000000,5924.97000000,5720.03000000,5819.98000000,237.65944300,2017-10-22 11:59:59.999,1386358.58937198,1600,84.45191800,491578.45626341,0
2017-10-22 12:00:00,5819.98000000,6000.00000000,5770.04000000,5970.27000000,287.46472900,2017-10-22 15:59:59.999,1694052.70224259,1641,118.34697700,697925.06089522,0
2017-10-22 16:00:00,5970.30000000,6000.00000000,5832.07000000,5866.99000000,170.70757400,2017-10-22 19:59:59.999,1015517.50251771,1130,86.17375400,513089.36195840,0
2017-10-22 20:00:00,5879.03000000,6000.00000000,5833.38000000,5950.02000000,149.21253400,2017-10-22 23:59:59.999,883986.37543921,1173,69.06143900,408689.93137941,0
2017-10-23 00:00:00,5975.00000000,6000.02000000,5912.00000000,5950.25000000,262.32089500,2017-10-23 03:59:59.999,1564479.78714471,1658,68.96622700,412470.15396161,0
2017-10-23 04:00:00,5950.25000000,6080.00000000,5860.01000000,5865.05000000,203.20263800,2017-10-23 07:59:59.999,1208516.09095291,1916,83.37403800,496826.94868381,0
2017-10-23 08:00:00,5865.03000000,5909.84000000,5787.98000000,5881.99000000,345.89568500,2017-10-23 11:59:59.999,2022857.49258236,1872,130.05128800,760018.22932351,0
2017-10-23 12:00:00,5881.98000000,5881.99000000,5621.03000000,5762.04000000,427.04031200,2017-10-23 15:59:59.999,2450867.66486719,2193,192.71678400,1107022.67387177,0
2017-10-23 16:00:00,5762.07000000,5930.20000000,5717.01000000,5880.82000000,272.74953400,2017-10-23 19:59:59.999,1584047.56545151,1530,125.29324900,728349.05051255,0
2017-10-23 20:00:00,5880.83000000,5969.98000000,5787.24000000,5915.93000000,301.34865100,2017-10-23 23:59:59.999,1776422.37972827,1567,133.38949300,788284.61766908,0
2017-10-24 00:00:00,5909.47000000,5925.00000000,5482.22000000,5625.03000000,731.22828900,2017-10-24 03:59:59.999,4148666.13220483,3188,286.41546000,1619276.61672758,0
2017-10-24 04:00:00,5630.00000000,5748.98000000,5537.10000000,5721.83000000,439.95925200,2017-10-24 07:59:59.999,2490552.73313885,1924,190.92946100,1081146.38900936,0
2017-10-24 08:00:00,5721.83000000,5740.97000000,5601.01000000,5676.04000000,328.58636000,2017-10-24 11:59:59.999,1862667.87811790,1904,148.83855200,843735.66408578,0
2017-10-24 12:00:00,5680.00000000,5697.97000000,5563.11000000,5637.96000000,377.19487800,2017-10-24 15:59:59.999,2121957.36886670,1982,176.13729900,991630.88728398,0
2017-10-24 16:00:00,5635.02000000,5719.03000000,5633.99000000,5635.07000000,333.48131600,2017-10-24 19:59:59.999,1893792.04630450,1728,185.74157200,1054591.34281428,0
2017-10-24 20:00:00,5635.07000000,5650.00000000,5450.00000000,5477.03000000,369.96867200,2017-10-24 23:59:59.999,2046859.69192754,2349,140.76377300,779127.32122674,0
2017-10-25 00:00:00,5506.92000000,5527.00000000,5286.98000000,5515.96000000,495.41202400,2017-10-25 03:59:59.999,2677087.06110692,2428,202.34331500,1094843.28895575,0
2017-10-25 04:00:00,5515.93000000,5550.00000000,5418.98000000,5541.51000000,376.81001600,2017-10-25 07:59:59.999,2061910.56296460,2042,175.74975300,962200.02221797,0
2017-10-25 08:00:00,5532.02000000,5650.00000000,5440.06000000,5469.98000000,424.89597900,2017-10-25 11:59:59.999,2354260.01242319,2261,207.21236300,1152672.51876806,0
2017-10-25 12:00:00,5469.99000000,5500.01000000,5375.00000000,5456.11000000,330.81603300,2017-10-25 15:59:59.999,1802843.32168365,1647,170.16466700,928108.45217204,0
2017-10-25 16:00:00,5430.22000000,5588.00000000,5430.00000000,5580.07000000,326.46613000,2017-10-25 19:59:59.999,1795747.20663533,1615,167.94880600,924128.11766376,0
2017-10-25 20:00:00,5580.09000000,5704.96000000,5569.03000000,5689.99000000,328.41302300,2017-10-25 23:59:59.999,1852999.72672832,2033,178.67242200,1010878.80186974,0
2017-10-26 00:00:00,5670.10000000,5734.99000000,5670.00000000,5719.99000000,373.63090600,2017-10-26 03:59:59.999,2125246.28055792,2093,112.66700700,642014.19523787,0
2017-10-26 04:00:00,5719.99000000,5735.02000000,5650.00000000,5669.13000000,317.28603800,2017-10-26 07:59:59.999,1806037.85057034,1929,129.16002700,735194.60838096,0
2017-10-26 08:00:00,5669.17000000,5853.99000000,5656.19000000,5853.99000000,327.57454600,2017-10-26 11:59:59.999,1875536.85939587,1941,126.68042900,726056.42927315,0
2017-10-26 12:00:00,5845.03000000,5939.99000000,5845.03000000,5918.99000000,403.64808000,2017-10-26 15:59:59.999,2379525.30042061,2325,212.89284600,1255624.45490299,0
2017-10-26 16:00:00,5918.92000000,5938.58000000,5805.00000000,5834.38000000,281.72654200,2017-10-26 19:59:59.999,1661429.69738449,1638,120.63306800,711959.79776305,0
2017-10-26 20:00:00,5834.59000000,5912.01000000,5757.00000000,5861.77000000,269.09977000,2017-10-26 23:59:59.999,1569350.64769638,1503,77.70662000,453827.11631147,0
2017-10-27 00:00:00,5861.77000000,5980.00000000,5860.06000000,5905.00000000,257.91003300,2017-10-27 03:59:59.999,1525989.41201006,1455,139.77956900,827975.13910466,0
2017-10-27 04:00:00,5904.99000000,5924.96000000,5770.23000000,5874.49000000,218.64571100,2017-10-27 07:59:59.999,1280188.05330502,1455,69.34589100,406666.18457226,0
2017-10-27 08:00:00,5874.43000000,5928.97000000,5808.03000000,5843.18000000,254.01036700,2017-10-27 11:59:59.999,1490123.99292468,1239,143.20518800,839623.82981810,0
2017-10-27 12:00:00,5843.03000000,5843.04000000,5711.22000000,5771.01000000,216.00138800,2017-10-27 15:59:59.999,1244608.59226681,1392,74.17331100,428149.41919954,0
2017-10-27 16:00:00,5771.01000000,5812.03000000,5649.24000000,5740.00000000,239.50851800,2017-10-27 19:59:59.999,1374863.89373251,1476,73.60598200,423074.23091219,0
2017-10-27 20:00:00,5787.97000000,5789.45000000,5715.20000000,5768.83000000,217.63039900,2017-10-27 23:59:59.999,1251295.79211123,1288,123.97746800,714036.94115990,0
2017-10-28 00:00:00,5768.79000000,5850.02000000,5726.87000000,5726.92000000,196.50993200,2017-10-28 03:59:59.999,1138331.06421038,1467,68.65411300,398984.13024583,0
2017-10-28 04:00:00,5726.93000000,5799.96000000,5726.91000000,5781.01000000,141.93009900,2017-10-28 07:59:59.999,817196.87416609,1030,55.53845100,320068.55160595,0
2017-10-28 08:00:00,5781.02000000,5790.10000000,5677.02000000,5680.28000000,197.69659700,2017-10-28 11:59:59.999,1135249.51855022,1677,78.74223300,452351.04950984,0
2017-10-28 12:00:00,5680.27000000,5718.16000000,5630.03000000,5669.97000000,289.10105000,2017-10-28 15:59:59.999,1641334.72992701,1392,148.05891500,841211.03229569,0
2017-10-28 16:00:00,5669.97000000,5733.03000000,5665.01000000,5726.02000000,254.06163500,2017-10-28 19:59:59.999,1448787.13431616,1611,94.36891300,539096.24569497,0
2017-10-28 20:00:00,5726.02000000,5733.03000000,5680.01000000,5719.64000000,197.45509900,2017-10-28 23:59:59.999,1127176.69794198,1379,77.07450300,440752.27894157,0
2017-10-29 00:00:00,5709.98000000,5719.65000000,5648.01000000,5715.01000000,196.72051100,2017-10-29 03:59:59.999,1118699.67606040,1199,127.88962000,727416.27186321,0
2017-10-29 04:00:00,5715.00000000,5815.84000000,5705.02000000,5799.99000000,256.07677500,2017-10-29 07:59:59.999,1474288.67311798,1631,133.41866900,767758.40185787,0
2017-10-29 08:00:00,5790.11000000,5800.00000000,5741.09000000,5784.97000000,230.69661000,2017-10-29 11:59:59.999,1332706.21702396,1316,127.14929400,734790.99212204,0
2017-10-29 12:00:00,5784.99000000,5988.00000000,5730.00000000,5949.01000000,379.17227200,2017-10-29 15:59:59.999,2201085.15160120,2290,209.83835600,1220398.01825810,0
2017-10-29 16:00:00,5949.01000000,6085.00000000,5889.85000000,6085.00000000,324.96854800,2017-10-29 19:59:59.999,1935983.62988121,1745,154.43416600,920368.08754289,0
2017-10-29 20:00:00,6085.00000000,6189.88000000,6034.06000000,6169.98000000,417.14345700,2017-10-29 23:59:59.999,2558204.27690693,2470,201.44009100,1236609.94142311,0
2017-10-30 00:00:00,6133.01000000,6159.99000000,6075.50000000,6155.88000000,333.10247300,2017-10-30 03:59:59.999,2036459.16322028,1828,116.43657200,712539.84603252,0
2017-10-30 04:00:00,6154.99000000,6172.00000000,6096.08000000,6116.19000000,204.40876900,2017-10-30 07:59:59.999,1253555.58223292,1686,96.45335000,592140.29714305,0
2017-10-30 08:00:00,6123.30000000,6248.68000000,6116.18000000,6181.98000000,277.67752200,2017-10-30 11:59:59.999,1716753.51835935,1639,110.66846500,684402.84337903,0
2017-10-30 12:00:00,6179.92000000,6198.98000000,6030.00000000,6070.98000000,280.72900700,2017-10-30 15:59:59.999,1720776.48286738,1491,99.62033900,610420.82008296,0
2017-10-30 16:00:00,6071.95000000,6146.86000000,6055.56000000,6111.58000000,225.64809100,2017-10-30 19:59:59.999,1373077.21624855,1260,45.86181000,279321.88374113,0
2017-10-30 20:00:00,6111.38000000,6135.04000000,6088.88000000,6120.50000000,152.12118100,2017-10-30 23:59:59.999,929597.32380651,1123,99.09243400,605645.27833547,0
2017-10-31 00:00:00,6120.52000000,6172.18000000,6120.52000000,6139.88000000,146.47180700,2017-10-31 03:59:59.999,899156.76117566,1059,46.77041100,287423.21112479,0
2017-10-31 04:00:00,6139.88000000,6172.18000000,6100.00000000,6117.94000000,164.50768200,2017-10-31 07:59:59.999,1010867.86524636,1412,72.40544300,445111.91007092,0
2017-10-31 08:00:00,6117.94000000,6223.33000000,6100.04000000,6223.33000000,218.41435800,2017-10-31 11:59:59.999,1345227.35645849,2140,105.93094000,652783.88127063,0
2017-10-31 12:00:00,6223.41000000,6420.00000000,6201.01000000,6371.28000000,380.13083100,2017-10-31 15:59:59.999,2397411.39140940,3225,173.46454700,1094202.55233090,0
2017-10-31 16:00:00,6371.28000000,6398.88000000,6319.69000000,6329.98000000,309.62345800,2017-10-31 19:59:59.999,1966882.79837312,2132,110.92859800,705511.37581708,0
2017-10-31 20:00:00,6329.98000000,6498.01000000,6322.31000000,6463.00000000,292.62678900,2017-10-31 23:59:59.999,1868094.66743607,2535,157.26362900,1004111.93543511,0
2017-11-01 00:00:00,6463.00000000,6473.88000000,6375.05000000,6458.88000000,208.46515800,2017-11-01 03:59:59.999,1339814.01866967,2196,76.21316300,489944.60784179,0
2017-11-01 04:00:00,6439.05000000,6458.38000000,6338.02000000,6415.00000000,206.24570500,2017-11-01 07:59:59.999,1320395.47287438,2234,87.26193800,558647.97411195,0
2017-11-01 08:00:00,6414.99000000,6645.32000000,6410.01000000,6614.97000000,325.83817800,2017-11-01 11:59:59.999,2133711.93380044,3692,180.34081900,1180617.08962710,0
2017-11-01 12:00:00,6613.92000000,6613.93000000,6455.00000000,6596.99000000,356.51300700,2017-11-01 15:59:59.999,2327734.05282896,3174,133.32469400,870756.02653197,0
2017-11-01 16:00:00,6559.90000000,6644.80000000,6559.90000000,6622.99000000,292.97378400,2017-11-01 19:59:59.999,1934360.25953546,2510,85.69340000,566322.52276052,0
2017-11-01 20:00:00,6622.98000000,6774.67000000,6561.04000000,6753.98000000,285.57935600,2017-11-01 23:59:59.999,1895155.33483150,2969,118.92841000,790156.73806369,0
2017-11-02 00:00:00,6753.98000000,6967.61000000,6730.00000000,6831.00000000,401.24071100,2017-11-02 03:59:59.999,2733194.90569387,4211,211.90590700,1444569.73002289,0
2017-11-02 04:00:00,6840.02000000,6977.00000000,6800.06000000,6934.00000000,290.67755800,2017-11-02 07:59:59.999,2004345.33555249,2261,135.51083500,937923.27791112,0
2017-11-02 08:00:00,6934.00000000,7300.00000000,6685.10000000,6887.81000000,558.23557700,2017-11-02 11:59:59.999,3898599.27274716,5634,287.80706700,2015516.79788582,0
2017-11-02 12:00:00,6887.66000000,7100.00000000,6700.00000000,7019.98000000,571.04565600,2017-11-02 15:59:59.999,3969748.12367601,3766,258.79304300,1801094.07043054,0
2017-11-02 16:00:00,7015.50000000,7041.51000000,6830.00000000,6981.90000000,397.98630100,2017-11-02 19:59:59.999,2757547.51014746,2407,150.20133200,1041693.25846351,0
2017-11-02 20:00:00,6981.07000000,7132.00000000,6965.00000000,7019.98000000,284.42500000,2017-11-02 23:59:59.999,2005566.18310178,1943,107.82485800,761208.67104323,0
2017-11-03 00:00:00,7010.31000000,7198.90000000,6923.00000000,7172.41000000,294.87477300,2017-11-03 03:59:59.999,2078329.43548692,2290,126.87870700,896304.56369054,0
2017-11-03 04:00:00,7186.01000000,7259.99000000,7111.02000000,7251.01000000,282.81231800,2017-11-03 07:59:59.999,2032630.76337198,2624,120.00223300,862964.70540509,0
2017-11-03 08:00:00,7251.02000000,7346.34000000,7162.60000000,7230.95000000,440.02580400,2017-11-03 11:59:59.999,3198907.59750182,3471,184.62817600,1341779.90452410,0
2017-11-03 12:00:00,7230.95000000,7298.98000000,7138.18000000,7284.98000000,327.85219500,2017-11-03 15:59:59.999,2368391.99161627,2829,175.67305100,1268614.15767206,0
2017-11-03 16:00:00,7284.98000000,7299.99000000,7190.02000000,7234.00000000,277.16689700,2017-11-03 19:59:59.999,2013753.32780537,1955,80.44619800,585130.66108136,0
2017-11-03 20:00:00,7269.73000000,7275.00000000,7032.00000000,7115.04000000,268.76560500,2017-11-03 23:59:59.999,1922438.63075890,2206,102.55797900,734208.22244880,0
2017-11-04 00:00:00,7115.02000000,7160.22000000,6901.00000000,7125.12000000,314.04757300,2017-11-04 03:59:59.999,2214032.27148935,2531,138.43316200,976212.05459232,0
2017-11-04 04:00:00,7150.00000000,7192.99000000,7095.52000000,7174.99000000,225.47998000,2017-11-04 07:59:59.999,1611823.88282818,2000,92.95684900,664996.68706965,0
2017-11-04 08:00:00,7174.99000000,7199.99000000,7070.12000000,7085.02000000,215.48631600,2017-11-04 11:59:59.999,1535756.30069670,2785,92.70900800,660195.66804408,0
2017-11-04 12:00:00,7085.02000000,7308.02000000,7085.00000000,7300.00000000,225.91739600,2017-11-04 15:59:59.999,1628975.52863775,2508,127.43437300,920570.35265409,0
2017-11-04 16:00:00,7300.00000000,7375.50000000,7262.06000000,7360.04000000,230.32152600,2017-11-04 19:59:59.999,1684719.87482175,2026,98.23948000,719720.59733409,0
2017-11-04 20:00:00,7360.02000000,7480.99000000,7300.00000000,7357.09000000,187.93897600,2017-11-04 23:59:59.999,1389230.53811665,1545,88.61439600,655617.59342032,0
2017-11-05 00:00:00,7357.27000000,7424.49000000,7280.00000000,7409.93000000,141.51458500,2017-11-05 03:59:59.999,1040953.86229372,1235,68.39969300,503559.30737623,0
2017-11-05 04:00:00,7399.98000000,7457.90000000,7349.98000000,7398.69000000,151.92559000,2017-11-05 07:59:59.999,1125436.09662963,1792,61.78474000,457806.47568074,0
2017-11-05 08:00:00,7398.70000000,7513.82000000,7320.00000000,7513.82000000,211.43076200,2017-11-05 11:59:59.999,1572152.37882796,2219,115.87103500,862986.14178578,0
2017-11-05 12:00:00,7513.80000000,7590.25000000,7455.00000000,7499.87000000,317.56240800,2017-11-05 15:59:59.999,2394904.81045692,2851,111.82578700,842909.84260696,0
2017-11-05 16:00:00,7499.87000000,7548.00000000,7450.11000000,7536.01000000,164.19314100,2017-11-05 19:59:59.999,1231289.28504165,1184,91.33310100,685136.66116916,0
2017-11-05 20:00:00,7536.01000000,7548.00000000,7279.02000000,7345.01000000,221.20584400,2017-11-05 23:59:59.999,1635667.43248300,1809,91.46083900,674940.44900055,0
2017-11-06 00:00:00,7345.10000000,7401.00000000,7186.78000000,7215.54000000,251.29393500,2017-11-06 03:59:59.999,1834627.41967936,1972,79.46230900,580321.88957434,0
2017-11-06 04:00:00,7226.98000000,7328.18000000,7101.00000000,7275.00000000,278.24742400,2017-11-06 07:59:59.999,2015414.11630506,2370,106.12712700,769769.22637318,0
2017-11-06 08:00:00,7274.98000000,7349.00000000,7258.01000000,7304.11000000,209.27864800,2017-11-06 11:59:59.999,1528181.34628190,1821,117.68329300,859907.55934449,0
2017-11-06 12:00:00,7324.97000000,7400.98000000,7202.07000000,7232.03000000,244.50574200,2017-11-06 15:59:59.999,1787686.93400436,2227,124.89810800,915137.08540684,0
2017-11-06 16:00:00,7235.02000000,7270.56000000,6957.00000000,7028.95000000,412.16378200,2017-11-06 19:59:59.999,2915454.11860217,2941,176.66248700,1250235.33540260,0
2017-11-06 20:00:00,7006.01000000,7155.00000000,6906.00000000,6960.12000000,367.52973000,2017-11-06 23:59:59.999,2592160.68676695,2194,125.17046300,883055.86959003,0
2017-11-07 00:00:00,6981.72000000,7135.00000000,6909.01000000,7120.17000000,297.98859600,2017-11-07 03:59:59.999,2101121.07611001,1969,121.81887700,859571.86483574,0
2017-11-07 04:00:00,7120.18000000,7198.49000000,7070.21000000,7159.98000000,197.98960400,2017-11-07 07:59:59.999,1413945.60054911,1756,96.85794100,691934.35081511,0
2017-11-07 08:00:00,7157.97000000,7182.99000000,7080.59000000,7160.55000000,178.41924300,2017-11-07 11:59:59.999,1275635.89113694,1490,69.36374000,496132.81063449,0
2017-11-07 12:00:00,7160.54000000,7195.00000000,6901.00000000,7038.20000000,310.83934300,2017-11-07 15:59:59.999,2187156.73572171,3443,131.34997800,925962.45939386,0
2017-11-07 16:00:00,7009.27000000,7078.40000000,6966.94000000,7059.78000000,255.73866000,2017-11-07 19:59:59.999,1794845.89373631,2469,98.91472900,694581.68659587,0
2017-11-07 20:00:00,7059.66000000,7080.01000000,6966.93000000,7064.04000000,199.28404800,2017-11-07 23:59:59.999,1400567.14055396,2005,72.88272700,513004.22075727,0
2017-11-08 00:00:00,7070.00000000,7368.99000000,7035.02000000,7331.71000000,244.34122900,2017-11-08 03:59:59.999,1769778.15013231,2313,132.72797200,960370.06571347,0
2017-11-08 04:00:00,7331.71000000,7394.00000000,7280.00000000,7303.01000000,300.13378400,2017-11-08 07:59:59.999,2198208.02452951,2434,131.73334600,966081.99194605,0
2017-11-08 08:00:00,7303.02000000,7420.00000000,7303.01000000,7396.00000000,265.15842300,2017-11-08 11:59:59.999,1946362.28603115,2354,100.99922500,742634.63121591,0
2017-11-08 12:00:00,7406.47000000,7489.99000000,7361.49000000,7442.38000000,309.69016200,2017-11-08 15:59:59.999,2301214.33804417,4128,122.22963500,908074.45176052,0
2017-11-08 16:00:00,7468.99000000,7770.02000000,6651.00000000,7070.00000000,1097.67204600,2017-11-08 19:59:59.999,7993235.10239599,8370,526.56791200,3855091.88499405,0
2017-11-08 20:00:00,7070.00000000,7320.07000000,6895.02000000,7303.00000000,605.30315800,2017-11-08 23:59:59.999,4282488.29727509,4782,277.08638200,1962281.39817506,0
2017-11-09 00:00:00,7303.01000000,7392.00000000,7130.01000000,7276.00000000,445.30313700,2017-11-09 03:59:59.999,3247123.78000286,3364,187.15399700,1364499.03634160,0
2017-11-09 04:00:00,7277.94000000,7382.01000000,7260.01000000,7345.05000000,344.18637700,2017-11-09 07:59:59.999,2522585.61525974,2404,109.51994300,803515.70044912,0
2017-11-09 08:00:00,7345.05000000,7374.00000000,7040.00000000,7076.00000000,428.60784400,2017-11-09 11:59:59.999,3075983.92789243,3043,151.78736400,1089191.14428153,0
2017-11-09 12:00:00,7076.00000000,7179.00000000,7015.00000000,7134.99000000,323.45081600,2017-11-09 15:59:59.999,2302833.07296479,2599,133.54553000,950573.31582012,0
2017-11-09 16:00:00,7134.99000000,7189.89000000,7100.00000000,7130.00000000,209.69075600,2017-11-09 19:59:59.999,1497403.49142192,1373,80.03457300,572412.57704428,0
2017-11-09 20:00:00,7150.02000000,7184.38000000,7035.64000000,7079.99000000,162.15937800,2017-11-09 23:59:59.999,1152604.45967568,1035,62.11347100,441108.85468850,0
2017-11-10 00:00:00,7079.00000000,7264.42000000,7050.01000000,7213.41000000,239.92338900,2017-11-10 03:59:59.999,1730313.01477258,1467,121.23131000,873909.06512717,0
2017-11-10 04:00:00,7223.79000000,7279.91000000,7118.61000000,7149.18000000,266.03160100,2017-11-10 07:59:59.999,1917818.53583806,1697,92.66419800,668461.23840533,0
2017-11-10 08:00:00,7149.19000000,7185.00000000,6800.00000000,6831.20000000,587.07192600,2017-11-10 11:59:59.999,4118578.20123856,3278,250.06654100,1752315.81213853,0
2017-11-10 12:00:00,6831.20000000,6858.78000000,6508.00000000,6760.02000000,921.50341100,2017-11-10 15:59:59.999,6198839.18263628,5354,485.28895800,3268033.97368946,0
2017-11-10 16:00:00,6760.02000000,6910.00000000,6351.00000000,6526.31000000,644.36713400,2017-11-10 19:59:59.999,4257739.19840832,3850,327.38991500,2163734.12016017,0
2017-11-10 20:00:00,6526.31000000,6699.99000000,6255.01000000,6506.98000000,595.80664400,2017-11-10 23:59:59.999,3860057.05106778,3243,288.62051700,1868002.00163545,0
2017-11-11 00:00:00,6503.00000000,6797.98000000,6453.03000000,6730.00000000,428.53114700,2017-11-11 03:59:59.999,2863246.98922027,2475,205.34238900,1370783.84357176,0
2017-11-11 04:00:00,6730.02000000,6766.99000000,6553.35000000,6578.74000000,272.00945700,2017-11-11 07:59:59.999,1813712.92320268,1782,101.40789300,677081.67463799,0
2017-11-11 08:00:00,6578.74000000,6708.68000000,6402.01000000,6410.02000000,291.65121900,2017-11-11 11:59:59.999,1917691.52403508,2038,138.84863200,912837.77217057,0
2017-11-11 12:00:00,6410.02000000,6478.00000000,6125.00000000,6285.84000000,827.87588500,2017-11-11 15:59:59.999,5233444.99329722,5556,347.65122500,2202305.15143563,0
2017-11-11 16:00:00,6230.47000000,6358.99000000,6100.00000000,6240.03000000,556.30866100,2017-11-11 19:59:59.999,3475891.91954938,3684,195.66796000,1224516.59033737,0
2017-11-11 20:00:00,6234.11000000,6415.45000000,6105.00000000,6245.05000000,377.78049200,2017-11-11 23:59:59.999,2377457.11544536,2305,138.55804900,872857.58552361,0
2017-11-12 00:00:00,6245.05000000,6245.05000000,5830.00000000,5956.02000000,820.32713000,2017-11-12 03:59:59.999,4943322.79545746,5195,342.65801100,2059374.08284773,0
2017-11-12 04:00:00,5956.00000000,6310.00000000,5325.01000000,6060.00000000,1569.69949700,2017-11-12 07:59:59.999,9060993.38293763,8925,692.86253900,4014958.47662437,0
2017-11-12 08:00:00,6089.77000000,6630.00000000,5784.22000000,6241.71000000,1096.56208700,2017-11-12 11:59:59.999,6792245.96776806,6792,575.44062800,3571771.58566140,0
2017-11-12 12:00:00,6241.71000000,6320.00000000,5983.51000000,6200.02000000,589.73619300,2017-11-12 15:59:59.999,3625359.08325084,4985,259.96503900,1602939.68417151,0
2017-11-12 16:00:00,6219.80000000,6219.96000000,5911.00000000,6020.06000000,335.98261600,2017-11-12 19:59:59.999,2049557.63709574,1859,150.73854400,922225.13020992,0
2017-11-12 20:00:00,6020.07000000,6099.37000000,5600.00000000,5811.03000000,556.17554600,2017-11-12 23:59:59.999,3240029.73433698,3313,245.74598300,1436335.45683826,0
2017-11-13 00:00:00,5839.94000000,6054.94000000,5699.99000000,5983.99000000,442.70839200,2017-11-13 03:59:59.999,2618783.56141774,2768,236.36702700,1399643.57145514,0
2017-11-13 04:00:00,5983.99000000,6350.00000000,5958.11000000,6196.66000000,501.19063800,2017-11-13 07:59:59.999,3098084.89021680,3083,232.71866700,1440740.61961992,0
2017-11-13 08:00:00,6200.14000000,6497.99000000,6150.33000000,6426.02000000,348.20821300,2017-11-13 11:59:59.999,2216588.87451199,1770,185.23049100,1178765.12268177,0
2017-11-13 12:00:00,6426.03000000,6697.47000000,6357.01000000,6589.99000000,669.66125500,2017-11-13 15:59:59.999,4364618.36110457,4073,363.52450000,2373408.43157657,0
2017-11-13 16:00:00,6582.01000000,6599.61000000,6190.00000000,6366.97000000,461.79222700,2017-11-13 19:59:59.999,2935091.73431049,3037,180.24739700,1144755.89659332,0
2017-11-13 20:00:00,6337.01000000,6500.00000000,6256.54000000,6465.99000000,197.68231400,2017-11-13 23:59:59.999,1264968.67757777,1434,101.90883700,652809.90353391,0
2017-11-14 00:00:00,6465.99000000,6684.98000000,6465.99000000,6590.90000000,322.32377700,2017-11-14 03:59:59.999,2126648.76575041,2148,156.65192200,1034619.69815482,0
2017-11-14 04:00:00,6590.90000000,6646.22000000,6500.00000000,6545.33000000,169.23622100,2017-11-14 07:59:59.999,1110383.22187109,1608,86.23763900,566512.31609126,0
2017-11-14 08:00:00,6545.33000000,6563.08000000,6400.00000000,6410.00000000,265.74156600,2017-11-14 11:59:59.999,1720232.46972370,2675,115.92907200,750937.61741708,0
2017-11-14 12:00:00,6410.03000000,6510.00000000,6311.07000000,6436.00000000,243.20845800,2017-11-14 15:59:59.999,1557559.97942938,1892,111.78380700,716759.83129954,0
2017-11-14 16:00:00,6430.00000000,6549.00000000,6391.00000000,6532.06000000,145.01050700,2017-11-14 19:59:59.999,940373.03247542,1006,90.54258800,587472.98772496,0
2017-11-14 20:00:00,6533.45000000,6593.00000000,6520.69000000,6574.99000000,108.77200200,2017-11-14 23:59:59.999,713532.50197799,1147,50.99117400,334810.28002504,0
2017-11-15 00:00:00,6575.99000000,6899.99000000,6575.99000000,6815.09000000,314.09446900,2017-11-15 03:59:59.999,2124515.25118887,1913,163.92587200,1107701.95638486,0
2017-11-15 04:00:00,6815.06000000,6908.00000000,6749.98000000,6850.23000000,290.52981100,2017-11-15 07:59:59.999,1983309.54182295,1738,146.57523400,1000647.29267929,0
2017-11-15 08:00:00,6850.23000000,6998.00000000,6825.00000000,6998.00000000,226.08121100,2017-11-15 11:59:59.999,1558306.25004472,1304,130.55305500,900805.23255066,0
2017-11-15 12:00:00,6998.00000000,7248.00000000,6998.00000000,7245.00000000,408.34805500,2017-11-15 15:59:59.999,2897575.64139333,2608,268.33951600,1905007.30813493,0
2017-11-15 16:00:00,7248.98000000,7249.99000000,7057.00000000,7182.00000000,326.87166800,2017-11-15 19:59:59.999,2335401.02896998,1620,143.52558700,1026194.27848212,0
2017-11-15 20:00:00,7181.98000000,7298.00000000,7154.21000000,7240.06000000,213.68063100,2017-11-15 23:59:59.999,1547078.73750836,1130,105.67272600,765601.96435554,0
2017-11-16 00:00:00,7240.14000000,7279.99000000,7076.00000000,7239.00000000,221.62406600,2017-11-16 03:59:59.999,1586366.46940154,1435,111.59779400,798437.71219095,0
2017-11-16 04:00:00,7219.52000000,7390.00000000,7145.00000000,7369.99000000,198.16476400,2017-11-16 07:59:59.999,1435819.89591419,1260,101.18006600,735183.36507023,0
2017-11-16 08:00:00,7369.99000000,7546.70000000,7360.00000000,7380.54000000,521.59524600,2017-11-16 11:59:59.999,3883182.54058348,3375,256.31506000,1909428.47624581,0
2017-11-16 12:00:00,7380.53000000,7509.72000000,7313.00000000,7427.00000000,453.56710000,2017-11-16 15:59:59.999,3367123.28119879,2997,240.16358800,1782393.95414126,0
2017-11-16 16:00:00,7427.01000000,7800.19000000,7393.38000000,7735.96000000,517.91137100,2017-11-16 19:59:59.999,3955858.49934420,2969,281.77543200,2143324.56974669,0
2017-11-16 20:00:00,7735.95000000,7940.00000000,7665.12000000,7864.50000000,419.09420300,2017-11-16 23:59:59.999,3271226.57171747,2925,205.37877700,1604446.49284146,0
2017-11-17 00:00:00,7876.98000000,7989.00000000,7755.00000000,7890.00000000,570.40017200,2017-11-17 03:59:59.999,4511857.21526519,4062,289.44908100,2290507.00516951,0
2017-11-17 04:00:00,7894.98000000,7930.80000000,7472.31000000,7498.00000000,706.90322200,2017-11-17 07:59:59.999,5496139.95497997,4293,400.48651900,3113511.75622771,0
2017-11-17 08:00:00,7497.98000000,7900.00000000,7451.00000000,7765.08000000,619.46079500,2017-11-17 11:59:59.999,4785876.01369534,4042,289.22853200,2233188.67763762,0
2017-11-17 12:00:00,7769.17000000,7948.99000000,7627.87000000,7928.96000000,784.85224400,2017-11-17 15:59:59.999,6129943.24118261,4314,374.99160100,2932253.34629257,0
2017-11-17 16:00:00,7928.96000000,7950.00000000,7692.58000000,7799.37000000,628.19220700,2017-11-17 19:59:59.999,4910287.85145362,2444,257.01882800,2012232.07615102,0
2017-11-17 20:00:00,7799.38000000,7819.63000000,7608.00000000,7699.19000000,672.58728500,2017-11-17 23:59:59.999,5189988.34293506,2857,299.03367600,2311376.10701720,0
2017-11-18 00:00:00,7680.01000000,7697.35000000,7422.00000000,7588.72000000,689.15914600,2017-11-18 03:59:59.999,5199015.43635270,4132,354.50103100,2672708.46521992,0
2017-11-18 04:00:00,7588.59000000,7699.96000000,7519.79000000,7674.97000000,628.62494700,2017-11-18 07:59:59.999,4795970.40126950,2440,284.78629900,2175920.19615723,0
2017-11-18 08:00:00,7674.97000000,7759.48000000,7656.98000000,7747.96000000,635.75657500,2017-11-18 11:59:59.999,4900387.91554653,3485,314.59781200,2425016.74039172,0
2017-11-18 12:00:00,7747.00000000,7747.00000000,7602.02000000,7676.09000000,609.55349200,2017-11-18 15:59:59.999,4678933.04229510,2988,282.46272100,2167723.28770673,0
2017-11-18 16:00:00,7676.81000000,7758.96000000,7603.00000000,7726.14000000,663.64784600,2017-11-18 19:59:59.999,5110138.72132356,3063,291.16861500,2245129.90894356,0
2017-11-18 20:00:00,7726.12000000,7819.99000000,7705.20000000,7761.94000000,727.52447100,2017-11-18 23:59:59.999,5650052.79846973,2275,363.82384600,2826071.29003417,0
2017-11-19 00:00:00,7761.94000000,7818.93000000,7750.66000000,7779.99000000,548.70717800,2017-11-19 03:59:59.999,4273062.81496525,1942,254.98329800,1986098.36163735,0
2017-11-19 04:00:00,7777.82000000,7808.94000000,7650.33000000,7690.01000000,576.95950600,2017-11-19 07:59:59.999,4467809.21528949,2470,289.30574400,2238850.94078429,0
2017-11-19 08:00:00,7690.06000000,7789.24000000,7675.62000000,7753.83000000,674.66236900,2017-11-19 11:59:59.999,5221749.30992650,2312,413.64017000,3202110.71685075,0
2017-11-19 12:00:00,7735.49000000,7780.00000000,7700.00000000,7750.02000000,583.15694900,2017-11-19 15:59:59.999,4516571.41544194,2315,262.21697100,2032432.57074433,0
2017-11-19 16:00:00,7750.06000000,8044.23000000,7737.17000000,8024.98000000,664.98152000,2017-11-19 19:59:59.999,5260255.75128307,3259,459.49691700,3629865.18755052,0
2017-11-19 20:00:00,8024.98000000,8123.15000000,7938.01000000,8038.00000000,818.87292200,2017-11-19 23:59:59.999,6583187.26203945,2599,417.97024600,3359520.07014983,0
2017-11-20 00:00:00,8057.11000000,8083.49000000,7962.00000000,7972.55000000,602.42350400,2017-11-20 03:59:59.999,4831693.61717226,2122,273.72261800,2196176.30630354,0
2017-11-20 04:00:00,7971.07000000,8050.00000000,7954.00000000,8014.01000000,645.03903100,2017-11-20 07:59:59.999,5161396.45627724,2711,394.35839100,3156369.67871428,0
2017-11-20 08:00:00,8014.02000000,8076.88000000,8014.01000000,8057.01000000,685.34085000,2017-11-20 11:59:59.999,5512429.23681191,2623,299.74737700,2411541.46201878,0
2017-11-20 12:00:00,8066.98000000,8239.98000000,8057.53000000,8217.31000000,665.47882700,2017-11-20 15:59:59.999,5437004.28323294,3421,284.50706900,2324281.65743990,0
2017-11-20 16:00:00,8217.98000000,8290.00000000,8177.30000000,8237.77000000,732.36696900,2017-11-20 19:59:59.999,6030540.78903442,3048,296.94539900,2446535.37216420,0
2017-11-20 20:00:00,8237.77000000,8319.99000000,8201.00000000,8212.00000000,555.98516700,2017-11-20 23:59:59.999,4594071.00478418,6176,267.08548500,2206548.25249342,0
2017-11-21 00:00:00,8212.49000000,8290.00000000,7801.00000000,7894.41000000,974.70187700,2017-11-21 03:59:59.999,7896316.79642748,5329,517.38650200,4192912.92239902,0
2017-11-21 04:00:00,7894.41000000,8184.99000000,7821.00000000,8165.55000000,1135.11711300,2017-11-21 07:59:59.999,9114442.19912892,5067,562.55325900,4521354.29943511,0
2017-11-21 08:00:00,8165.38000000,8270.05000000,8155.08000000,8241.06000000,700.34660600,2017-11-21 11:59:59.999,5748659.57902143,2195,280.68215500,2306404.56617448,0
2017-11-21 12:00:00,8252.25000000,8400.00000000,8125.00000000,8370.01000000,683.13431000,2017-11-21 15:59:59.999,5662014.88718320,3080,329.99696500,2737035.83218666,0
2017-11-21 16:00:00,8383.44000000,8384.98000000,8070.00000000,8109.83000000,653.59866000,2017-11-21 19:59:59.999,5417319.20058589,2881,309.67240100,2565956.80677719,0
2017-11-21 20:00:00,8109.85000000,8248.89000000,8070.03000000,8119.51000000,397.57545000,2017-11-21 23:59:59.999,3236244.91856213,2246,221.99993300,1808229.68669678,0
2017-11-22 00:00:00,8091.09000000,8221.30000000,8091.09000000,8189.89000000,488.86945200,2017-11-22 03:59:59.999,3997179.56138260,1925,283.70924200,2320468.36826201,0
2017-11-22 04:00:00,8172.04000000,8289.94000000,8130.01000000,8289.88000000,680.18347800,2017-11-22 07:59:59.999,5580753.68639682,2417,344.99301500,2830121.35728117,0
2017-11-22 08:00:00,8289.89000000,8322.68000000,8248.77000000,8270.02000000,773.28278100,2017-11-22 11:59:59.999,6413069.05257598,2873,455.04124700,3774023.65659001,0
2017-11-22 12:00:00,8270.12000000,8290.00000000,8108.00000000,8205.02000000,740.72936900,2017-11-22 15:59:59.999,6079109.75797171,3701,341.90524100,2806254.67450319,0
2017-11-22 16:00:00,8200.54000000,8240.14000000,8110.00000000,8199.98000000,377.64304000,2017-11-22 19:59:59.999,3084058.16257489,1776,181.68031500,1485885.73188339,0
2017-11-22 20:00:00,8199.99000000,8258.73000000,8108.00000000,8205.92000000,484.29759000,2017-11-22 23:59:59.999,3969908.25127524,2060,216.53131400,1776013.38795168,0
2017-11-23 00:00:00,8233.03000000,8258.65000000,8138.43000000,8181.73000000,580.48177800,2017-11-23 03:59:59.999,4760562.10884835,2502,329.31990200,2703257.15594297,0
2017-11-23 04:00:00,8181.75000000,8260.00000000,8130.00000000,8140.00000000,670.99568600,2017-11-23 07:59:59.999,5510537.51524569,2961,349.94494000,2875342.33665443,0
2017-11-23 08:00:00,8139.98000000,8180.07000000,8031.01000000,8099.97000000,796.35128500,2017-11-23 11:59:59.999,6469051.05457986,3826,456.59472400,3710558.75707550,0
2017-11-23 12:00:00,8099.95000000,8197.35000000,8072.43000000,8168.12000000,853.66521300,2017-11-23 15:59:59.999,6958005.37693886,2943,509.74037600,4155484.06340230,0
2017-11-23 16:00:00,8167.31000000,8200.00000000,8100.00000000,8148.43000000,640.84236400,2017-11-23 19:59:59.999,5221641.82317643,2366,343.66849100,2801071.11121239,0
2017-11-23 20:00:00,8140.22000000,8182.86000000,8000.00000000,8019.99000000,551.61636100,2017-11-23 23:59:59.999,4480905.12078710,2027,174.48669800,1419316.82440463,0
2017-11-24 00:00:00,8019.97000000,8149.99000000,7850.00000000,8115.88000000,678.63624900,2017-11-24 03:59:59.999,5434549.13421771,3366,314.90405200,2523290.19719147,0
2017-11-24 04:00:00,8100.76000000,8280.00000000,8002.02000000,8280.00000000,652.73739600,2017-11-24 07:59:59.999,5313947.51004491,2919,317.49216800,2589259.28513737,0
2017-11-24 08:00:00,8262.02000000,8369.00000000,7950.00000000,8130.73000000,1293.29220000,2017-11-24 11:59:59.999,10521278.66740827,5105,680.07655700,5535268.00628690,0
2017-11-24 12:00:00,8165.00000000,8197.44000000,8079.00000000,8110.02000000,811.38065300,2017-11-24 15:59:59.999,6600862.00515987,3466,406.84408400,3312287.04638215,0
2017-11-24 16:00:00,8110.02000000,8240.00000000,8090.62000000,8224.98000000,549.14943700,2017-11-24 19:59:59.999,4474031.28960366,2779,265.59652600,2164812.98847006,0
2017-11-24 20:00:00,8214.98000000,8250.00000000,8116.01000000,8138.00000000,426.59317700,2017-11-24 23:59:59.999,3495595.85160609,2119,181.51188800,1488436.21590731,0
2017-11-25 00:00:00,8138.99000000,8205.62000000,8090.00000000,8174.99000000,541.58037400,2017-11-25 03:59:59.999,4411545.70255995,3176,259.35667800,2114298.13882479,0
2017-11-25 04:00:00,8168.82000000,8296.83000000,8141.01000000,8280.89000000,734.40139100,2017-11-25 07:59:59.999,6032515.85098137,2961,385.15869600,3165336.52638393,0
2017-11-25 08:00:00,8280.00000000,8448.99000000,8276.00000000,8419.54000000,732.99138800,2017-11-25 11:59:59.999,6145493.52802052,3890,453.79629500,3805544.23730266,0
2017-11-25 12:00:00,8419.54000000,8550.55000000,8394.49000000,8542.99000000,898.60899600,2017-11-25 15:59:59.999,7625851.73312213,3626,488.81511800,4153419.33639331,0
2017-11-25 16:00:00,8542.98000000,8602.62000000,8500.00000000,8545.97000000,852.48628600,2017-11-25 19:59:59.999,7291495.36904221,2687,520.01778100,4449132.35043969,0
2017-11-25 20:00:00,8545.98000000,8734.78000000,8529.00000000,8700.01000000,532.55524700,2017-11-25 23:59:59.999,4586103.01767569,2292,187.77873200,1619173.61559827,0
2017-11-26 00:00:00,8700.04000000,8806.00000000,8604.72000000,8805.88000000,645.68898700,2017-11-26 03:59:59.999,5639984.07647525,2950,353.09269300,3086028.97750295,0
2017-11-26 04:00:00,8805.88000000,8978.90000000,8770.00000000,8864.00000000,661.94342200,2017-11-26 07:59:59.999,5868785.44552716,3257,326.41937800,2895960.47444593,0
2017-11-26 08:00:00,8884.00000000,8941.29000000,8786.45000000,8903.01000000,654.95744800,2017-11-26 11:59:59.999,5806148.96008147,2603,282.94094600,2508288.11438259,0
2017-11-26 12:00:00,8903.03000000,9078.00000000,8870.01000000,9075.01000000,762.34985700,2017-11-26 15:59:59.999,6830930.29242348,3357,381.25067900,3417755.24679403,0
2017-11-26 16:00:00,9078.00000000,9350.00000000,8952.04000000,9099.99000000,697.08103700,2017-11-26 19:59:59.999,6393149.77321328,4269,347.44182600,3186634.26927869,0
2017-11-26 20:00:00,9099.98000000,9239.99000000,9000.58000000,9128.02000000,725.35948600,2017-11-26 23:59:59.999,6599535.29169809,2832,344.14623300,3131814.80713092,0
2017-11-27 00:00:00,9128.00000000,9573.98000000,9112.04000000,9459.02000000,689.39420200,2017-11-27 03:59:59.999,6502926.16556901,4309,335.51258500,3167537.03525215,0
2017-11-27 04:00:00,9473.99000000,9645.55000000,9401.00000000,9645.55000000,731.94765800,2017-11-27 07:59:59.999,6981628.87853745,3685,404.52963300,3859214.17667743,0
2017-11-27 08:00:00,9640.02000000,9654.28000000,9166.00000000,9498.99000000,1005.22255700,2017-11-27 11:59:59.999,9484807.07370499,5327,553.60669400,5231340.30887728,0
2017-11-27 12:00:00,9485.02000000,9639.99000000,9444.70000000,9568.94000000,740.34129300,2017-11-27 15:59:59.999,7074627.90861870,3384,374.71747800,3584242.48005997,0
2017-11-27 16:00:00,9567.99000000,9612.30000000,9355.01000000,9499.99000000,743.82191900,2017-11-27 19:59:59.999,7058349.19343944,3141,378.00008900,3590048.26099298,0
2017-11-27 20:00:00,9499.99000000,9650.00000000,9458.03000000,9650.00000000,610.89807800,2017-11-27 23:59:59.999,5858725.73215975,2960,387.08109600,3712941.38762032,0
2017-11-28 00:00:00,9650.00000000,9740.00000000,9570.50000000,9712.06000000,702.88679300,2017-11-28 03:59:59.999,6784598.56525530,3242,382.32085000,3689961.67127955,0
2017-11-28 04:00:00,9712.07000000,9869.84000000,9637.20000000,9817.00000000,797.86747600,2017-11-28 07:59:59.999,7809487.23106377,3384,383.34086100,3752182.46679156,0
2017-11-28 08:00:00,9816.98000000,9930.00000000,9701.01000000,9915.00000000,920.91791900,2017-11-28 11:59:59.999,9043528.52615287,3507,509.25178600,5003549.89660209,0
2017-11-28 12:00:00,9919.61000000,9939.00000000,9658.00000000,9822.33000000,1059.01627400,2017-11-28 15:59:59.999,10405371.52495928,4014,506.64150000,4982712.86466184,0
2017-11-28 16:00:00,9833.98000000,9925.00000000,9820.12000000,9899.99000000,770.91196800,2017-11-28 19:59:59.999,7611327.08024219,2626,322.81397700,3190338.61041609,0
2017-11-28 20:00:00,9899.98000000,9919.87000000,9836.01000000,9896.80000000,665.61055500,2017-11-28 23:59:59.999,6581331.12998199,2150,326.76952800,3232390.26309585,0
2017-11-29 00:00:00,9896.79000000,10350.00000000,9873.68000000,10249.03000000,875.89826400,2017-11-29 03:59:59.999,8786171.82348380,4941,484.17238600,4854798.19528440,0
2017-11-29 04:00:00,10249.03000000,10800.00000000,9900.00000000,10429.98000000,1787.89591200,2017-11-29 07:59:59.999,18530407.35985485,8224,973.87789600,10086703.30587677,0
2017-11-29 08:00:00,10429.98000000,10900.00000000,10413.07000000,10776.30000000,951.87500700,2017-11-29 11:59:59.999,10157724.80990318,3798,526.87372900,5627656.31086581,0
2017-11-29 12:00:00,10798.53000000,11300.03000000,10326.05000000,10770.89000000,2793.37726900,2017-11-29 15:59:59.999,30354213.87451970,8278,2052.96082000,22350415.56662297,0
2017-11-29 16:00:00,10764.49000000,10975.00000000,8520.00000000,9306.00000000,3346.16354500,2017-11-29 19:59:59.999,33417065.45548420,10063,2231.76552400,22415519.48683759,0
2017-11-29 20:00:00,9300.00000000,10100.00000000,9060.00000000,9687.88000000,3597.32871800,2017-11-29 23:59:59.999,34730584.13433361,12590,2392.98200700,23088878.42394291,0
2017-11-30 00:00:00,9687.88000000,10449.98000000,9532.88000000,10404.98000000,1863.82067300,2017-11-30 03:59:59.999,18880541.09701797,6690,1248.80370900,12629463.10278505,0
2017-11-30 04:00:00,10404.99000000,10900.00000000,9801.00000000,10070.00000000,1695.99019500,2017-11-30 07:59:59.999,17274657.12263255,6930,1006.14664000,10250686.10761299,0
2017-11-30 08:00:00,10051.56000000,10296.00000000,9402.15000000,9600.00000000,1414.07809800,2017-11-30 11:59:59.999,13978184.98596626,6699,781.63840900,7735400.69939074,0
2017-11-30 12:00:00,9610.01000000,9810.04000000,8850.80000000,8980.00000000,2122.50127300,2017-11-30 15:59:59.999,19532931.91411727,9647,1027.88075700,9473154.33195987,0
2017-11-30 16:00:00,8979.99000000,9780.00000000,8910.01000000,9761.00000000,1193.51157900,2017-11-30 19:59:59.999,11098439.53742595,5672,712.48617800,6627636.28705349,0
2017-11-30 20:00:00,9761.02000000,10089.99000000,9340.00000000,9838.96000000,1099.67251100,2017-11-30 23:59:59.999,10666149.68400388,5515,583.70454900,5667997.50717562,0
2017-12-01 00:00:00,9837.00000000,9900.03000000,9510.00000000,9698.23000000,967.91950900,2017-12-01 03:59:59.999,9364959.94945796,5381,505.67175400,4897750.68412505,0
2017-12-01 04:00:00,9666.28000000,9924.99000000,9380.00000000,9540.00000000,852.48639700,2017-12-01 07:59:59.999,8199433.41349702,4771,442.27781000,4257048.80269011,0
2017-12-01 08:00:00,9540.00000000,10000.00000000,9540.00000000,9956.24000000,974.13978900,2017-12-01 11:59:59.999,9582483.76718932,4853,537.52630200,5286206.26376420,0
2017-12-01 12:00:00,9960.01000000,10740.00000000,9960.01000000,10460.00000000,1674.09086400,2017-12-01 15:59:59.999,17443432.48090342,8612,937.23485500,9765346.42402396,0
2017-12-01 16:00:00,10460.00000000,10607.40000000,10354.01000000,10529.10000000,808.31033500,2017-12-01 19:59:59.999,8473229.33367749,4084,395.86066300,4149122.69594316,0
2017-12-01 20:00:00,10529.10000000,10898.00000000,10527.54000000,10782.99000000,857.97673900,2017-12-01 23:59:59.999,9197158.63819030,4674,451.29720400,4838197.29537461,0
2017-12-02 00:00:00,10775.04000000,11100.00000000,10751.00000000,10900.46000000,982.67860400,2017-12-02 03:59:59.999,10764722.77298069,5518,520.93387500,5707229.77689825,0
2017-12-02 04:00:00,10895.68000000,10977.98000000,10650.00000000,10931.04000000,899.37465200,2017-12-02 07:59:59.999,9734173.92725756,4610,460.87689000,4988903.65998790,0
2017-12-02 08:00:00,10926.38000000,11190.00000000,10797.15000000,10940.98000000,1014.95819800,2017-12-02 11:59:59.999,11184650.85121280,5966,504.04949000,5556752.52190120,0
2017-12-02 12:00:00,10949.00000000,11111.10000000,10620.00000000,10709.73000000,901.66110200,2017-12-02 15:59:59.999,9823590.81494273,6151,419.10805200,4569977.02999684,0
2017-12-02 16:00:00,10709.76000000,10990.00000000,10689.07000000,10882.12000000,465.53195100,2017-12-02 19:59:59.999,5051819.34182471,3208,248.41655900,2695643.92370915,0
2017-12-02 20:00:00,10882.66000000,11050.00000000,10861.33000000,10890.01000000,501.23525000,2017-12-02 23:59:59.999,5487732.13185102,4241,236.80940900,2592545.06655018,0
2017-12-03 00:00:00,10902.69000000,11010.20000000,10799.00000000,10980.00000000,578.69278200,2017-12-03 03:59:59.999,6310712.28595266,5662,276.47742100,3015168.93696994,0
2017-12-03 04:00:00,10980.00000000,11169.04000000,10900.11000000,11146.02000000,644.68558200,2017-12-03 07:59:59.999,7131599.49576889,4763,301.40944600,3334092.95632326,0
2017-12-03 08:00:00,11150.49000000,11620.00000000,11066.01000000,11615.99000000,859.42305300,2017-12-03 11:59:59.999,9666383.74895739,5563,446.96337200,5040547.47621903,0
2017-12-03 12:00:00,11601.97000000,11820.66000000,11520.01000000,11710.00000000,1038.17609100,2017-12-03 15:59:59.999,12090079.78369295,6479,529.42811900,6166622.91445401,0
2017-12-03 16:00:00,11710.00000000,11777.36000000,11618.00000000,11735.00000000,713.81893500,2017-12-03 19:59:59.999,8354415.49376598,4637,339.49760500,3973852.44356168,0
2017-12-03 20:00:00,11735.00000000,11825.00000000,10500.00000000,11165.41000000,1511.84008100,2017-12-03 23:59:59.999,16797517.48518996,12231,680.47022400,7559895.43537637,0
2017-12-04 00:00:00,11165.41000000,11444.45000000,11163.78000000,11369.96000000,855.66514500,2017-12-04 03:59:59.999,9666325.04299503,5987,436.57801800,4930273.09707196,0
2017-12-04 04:00:00,11383.27000000,11600.00000000,11314.43000000,11544.76000000,504.78435400,2017-12-04 07:59:59.999,5791475.10843171,4423,259.79449200,2981094.50733864,0
2017-12-04 08:00:00,11538.39000000,11600.00000000,11003.00000000,11120.82000000,570.96326400,2017-12-04 11:59:59.999,6496633.88797743,5218,284.64389000,3237071.73208508,0
2017-12-04 12:00:00,11120.70000000,11437.00000000,10802.00000000,11301.07000000,838.37466900,2017-12-04 15:59:59.999,9395639.29836616,7548,433.05148600,4854447.92957836,0
2017-12-04 16:00:00,11309.02000000,11345.00000000,11051.00000000,11149.25000000,941.22378500,2017-12-04 19:59:59.999,10559981.33415987,4545,531.56726600,5966590.20667961,0
2017-12-04 20:00:00,11149.25000000,11579.00000000,11144.04000000,11579.00000000,952.41334500,2017-12-04 23:59:59.999,10904930.96800047,4511,571.21987900,6543273.99886924,0
2017-12-05 00:00:00,11571.03000000,11660.00000000,11447.68000000,11609.99000000,897.40260100,2017-12-05 03:59:59.999,10383567.15045621,5807,553.07861800,6400973.59221104,0
2017-12-05 04:00:00,11607.72000000,11798.00000000,11450.00000000,11780.00000000,987.14385400,2017-12-05 07:59:59.999,11424697.79102138,4638,524.21540200,6071778.56315799,0
2017-12-05 08:00:00,11765.50000000,11795.00000000,11450.00000000,11664.00000000,861.78427500,2017-12-05 11:59:59.999,10055537.89974354,5792,518.39458300,6046877.08538088,0
2017-12-05 12:00:00,11652.00000000,11853.00000000,11620.00000000,11800.00000000,888.80215100,2017-12-05 15:59:59.999,10445706.76557001,5790,549.59694700,6461562.94172645,0
2017-12-05 16:00:00,11800.00000000,11800.00000000,11561.01000000,11694.00000000,1061.25466700,2017-12-05 19:59:59.999,12396584.31243221,4858,532.57545800,6221859.31215376,0
2017-12-05 20:00:00,11716.99000000,11791.00000000,11662.00000000,11699.99000000,854.34450700,2017-12-05 23:59:59.999,10015159.12605507,4432,457.76955700,5367448.16079351,0
2017-12-06 00:00:00,11699.99000000,12300.00000000,11665.58000000,12217.96000000,974.17112000,2017-12-06 03:59:59.999,11577466.35739884,6017,540.61699500,6441499.70029085,0
2017-12-06 04:00:00,12249.97000000,12531.06000000,12136.00000000,12426.93000000,1118.47531300,2017-12-06 07:59:59.999,13774644.89827619,5387,711.35711000,8766045.73127328,0
2017-12-06 08:00:00,12432.77000000,12920.00000000,12381.99000000,12593.96000000,1190.62412400,2017-12-06 11:59:59.999,15014988.45771455,8111,686.35113500,8662213.50626466,0
2017-12-06 12:00:00,12620.00000000,12848.49000000,12250.00000000,12322.40000000,1153.75023500,2017-12-06 15:59:59.999,14627377.29269935,6923,615.90759100,7814086.03258001,0
2017-12-06 16:00:00,12322.41000000,13055.00000000,12220.00000000,13054.99000000,1020.15375000,2017-12-06 19:59:59.999,12869495.88953310,5971,572.63494000,7230373.62295931,0
2017-12-06 20:00:00,13033.05000000,13615.23000000,12724.42000000,13550.05000000,1250.77177700,2017-12-06 23:59:59.999,16545553.80013976,7787,703.23061000,9308966.97250095,0
2017-12-07 00:00:00,13541.01000000,14060.86000000,13050.00000000,13634.99000000,1608.26913200,2017-12-07 03:59:59.999,22080952.37218290,11432,882.43599100,12118741.62469158,0
2017-12-07 04:00:00,13634.97000000,14318.44000000,13600.00000000,14302.84000000,834.58844200,2017-12-07 07:59:59.999,11701789.61844743,5774,436.23298100,6121051.96053922,0
2017-12-07 08:00:00,14311.44000000,14788.00000000,13700.00000000,13799.98000000,1203.12614200,2017-12-07 11:59:59.999,17487900.33317038,8565,586.12590700,8533196.43742183,0
2017-12-07 12:00:00,13799.95000000,15500.00000000,13702.00000000,15310.01000000,1324.93201600,2017-12-07 15:59:59.999,19654648.13635258,11846,741.82983100,10995438.82927131,0
2017-12-07 16:00:00,15310.02000000,15955.00000000,14450.01000000,15007.01000000,1607.29643500,2017-12-07 19:59:59.999,24353757.05304950,12499,816.78008400,12389874.19450485,0
2017-12-07 20:00:00,15007.01000000,16649.96000000,14701.00000000,16599.00000000,908.85352800,2017-12-07 23:59:59.999,14276277.83329484,7425,467.63658200,7343156.72712538,0
2017-12-08 00:00:00,16599.00000000,17204.99000000,15500.00000000,16398.85000000,1911.05574000,2017-12-08 03:59:59.999,31590831.43771916,14935,1098.64083200,18193883.33657186,0
2017-12-08 04:00:00,16350.04000000,16696.94000000,14120.00000000,15880.00000000,3618.39757300,2017-12-08 07:59:59.999,56292045.80111741,20065,2233.93930100,34771756.43327579,0
2017-12-08 08:00:00,15881.47000000,15999.99000000,14015.00000000,14834.98000000,3336.84431600,2017-12-08 11:59:59.999,50586085.34042420,13570,2407.98167000,36546856.44856053,0
2017-12-08 12:00:00,14849.99000000,15959.99000000,14412.65000000,15265.70000000,3416.93927100,2017-12-08 15:59:59.999,51829857.68191209,14369,2325.35315400,35200605.08947106,0
2017-12-08 16:00:00,15265.69000000,15777.18000000,14790.02000000,15199.96000000,2903.27035200,2017-12-08 19:59:59.999,44077377.13423163,13188,2277.53995500,34531083.76422187,0
2017-12-08 20:00:00,15196.84000000,15998.98000000,14921.65000000,15880.00000000,2402.50588400,2017-12-08 23:59:59.999,37210279.22373864,8600,1606.83690000,24836218.06586934,0
2017-12-09 00:00:00,15880.01000000,16269.30000000,15383.00000000,15502.56000000,2280.42694300,2017-12-09 03:59:59.999,35872977.17687440,8758,1628.61462500,25649694.33851013,0
2017-12-09 04:00:00,15502.56000000,15659.69000000,15001.00000000,15340.01000000,2454.62390800,2017-12-09 07:59:59.999,37600233.97283798,8652,1286.45857900,19717448.75327988,0
2017-12-09 08:00:00,15340.05000000,15370.13000000,14203.00000000,14700.01000000,2271.72722400,2017-12-09 11:59:59.999,33687542.88734371,10823,1218.54126300,18033750.93936157,0
2017-12-09 12:00:00,14700.03000000,15100.00000000,14299.95000000,14405.48000000,1944.41895400,2017-12-09 15:59:59.999,28684298.77078506,8919,1134.45659100,16736487.92435592,0
2017-12-09 16:00:00,14405.48000000,14520.00000000,12535.00000000,13908.00000000,2796.64446000,2017-12-09 19:59:59.999,38397092.46345196,19178,1493.98932400,20572311.71622339,0
2017-12-09 20:00:00,13908.00000000,14813.00000000,13859.04000000,14656.07000000,2170.91719800,2017-12-09 23:59:59.999,31130527.71657121,10408,1226.26264100,17599079.90798614,0
2017-12-10 00:00:00,14664.01000000,14699.97000000,12609.62000000,12647.07000000,2417.93103000,2017-12-10 03:59:59.999,32720778.00539388,13656,1285.00389500,17415248.06707471,0
2017-12-10 04:00:00,12609.62000000,13882.40000000,12368.00000000,13419.98000000,3429.60466700,2017-12-10 07:59:59.999,45264574.54496814,13589,1891.89891900,24980301.24206608,0
2017-12-10 08:00:00,13419.98000000,13950.00000000,12900.13000000,13560.55000000,2459.15390900,2017-12-10 11:59:59.999,33064219.91751467,9916,1349.29518500,18138249.56420295,0
2017-12-10 12:00:00,13560.55000000,15612.10000000,13357.98000000,15400.00000000,3078.24735500,2017-12-10 15:59:59.999,44738047.03848037,17533,1595.75614100,23184336.26838477,0
2017-12-10 16:00:00,15410.25000000,15590.00000000,14849.98000000,15465.68000000,2501.70775000,2017-12-10 19:59:59.999,38046762.02180760,10280,1302.33564600,19808985.98568976,0
2017-12-10 20:00:00,15476.68000000,15720.12000000,14150.00000000,14899.98000000,2666.39246200,2017-12-10 23:59:59.999,39933581.93385021,15695,1312.57955800,19649773.35864870,0
2017-12-11 00:00:00,14946.26000000,16689.00000000,14901.08000000,16160.01000000,2441.44929500,2017-12-11 03:59:59.999,38827791.51016471,14412,1261.05244700,20046787.38994460,0
2017-12-11 04:00:00,16173.00000000,16580.00000000,15818.00000000,16431.00000000,2282.19259000,2017-12-11 07:59:59.999,37097304.99005905,11425,1196.26392800,19451112.79765224,0
2017-12-11 08:00:00,16427.00000000,16554.98000000,16022.02000000,16052.02000000,2023.42467400,2017-12-11 11:59:59.999,33112009.96363362,9325,954.28261700,15615374.64911692,0
2017-12-11 12:00:00,16052.05000000,16472.97000000,16000.01000000,16359.80000000,1746.44918600,2017-12-11 15:59:59.999,28377282.86824748,12068,888.96908800,14450398.05154017,0
2017-12-11 16:00:00,16322.01000000,16999.00000000,16210.02000000,16999.00000000,1459.50828200,2017-12-11 19:59:59.999,23933775.55440842,10505,749.24851600,12292933.11244461,0
2017-12-11 20:00:00,16999.00000000,17470.00000000,16400.00000000,16587.97000000,1867.37773500,2017-12-11 23:59:59.999,31696963.01708710,13638,855.41803700,14529769.05746131,0
2017-12-12 00:00:00,16587.97000000,16976.45000000,16200.00000000,16288.00000000,1615.60872100,2017-12-12 03:59:59.999,26811479.07439755,14136,747.90144300,12425315.23421619,0
2017-12-12 04:00:00,16288.00000000,16865.19000000,16209.00000000,16799.97000000,1641.44300400,2017-12-12 07:59:59.999,26980075.90114117,12372,789.79432600,12980507.33357268,0
2017-12-12 08:00:00,16797.16000000,16921.06000000,16343.34000000,16600.00000000,1606.72973300,2017-12-12 11:59:59.999,26849710.22969440,11358,774.35401800,12946864.85185343,0
2017-12-12 12:00:00,16600.00000000,16839.67000000,15875.00000000,16311.68000000,1932.61326300,2017-12-12 15:59:59.999,31766802.05208591,15787,871.20908700,14325305.94998652,0
2017-12-12 16:00:00,16319.94000000,16685.27000000,16000.00000000,16514.00000000,1403.46145600,2017-12-12 19:59:59.999,22961686.44311585,11942,685.92082200,11227570.07272908,0
2017-12-12 20:00:00,16526.25000000,16645.00000000,16100.00000000,16349.99000000,1236.94623400,2017-12-12 23:59:59.999,20346459.39790899,10437,525.87182900,8656244.91299983,0
2017-12-13 00:00:00,16349.99000000,16546.00000000,14666.56000000,15668.11000000,1887.47934200,2017-12-13 03:59:59.999,29900159.52349123,15062,916.18865900,14519322.09253591,0
2017-12-13 04:00:00,15649.72000000,16211.09000000,15400.00000000,16092.34000000,1863.20509300,2017-12-13 07:59:59.999,29670531.16681610,10465,893.71901200,14244581.16887606,0
2017-12-13 08:00:00,16083.08000000,16100.00000000,15654.52000000,15842.17000000,1764.00325300,2017-12-13 11:59:59.999,28013338.00705547,11202,891.17520300,14153746.83125217,0
2017-12-13 12:00:00,15851.07000000,16420.35000000,15700.00000000,15844.21000000,2135.31396600,2017-12-13 15:59:59.999,34372503.47538444,13701,1048.77261600,16880208.33415315,0
2017-12-13 16:00:00,15822.50000000,15916.50000000,14853.68000000,15678.66000000,2409.33971200,2017-12-13 19:59:59.999,37290699.29995739,20790,1209.01335100,18718113.69016772,0
2017-12-13 20:00:00,15656.37000000,16274.98000000,15415.96000000,16033.29000000,2356.98743500,2017-12-13 23:59:59.999,37522442.83882595,12627,1169.08889800,18608655.36876647,0
2017-12-14 00:00:00,16030.34000000,16234.66000000,15560.01000000,15635.09000000,2358.52209400,2017-12-14 03:59:59.999,37509145.36384681,15595,1120.44803100,17801957.61368843,0
2017-12-14 04:00:00,15625.00000000,15980.00000000,15450.00000000,15775.23000000,2057.60960800,2017-12-14 07:59:59.999,32279227.01449129,14096,1065.61712700,16714594.72928901,0
2017-12-14 08:00:00,15756.70000000,16445.00000000,15734.51000000,16099.00000000,2057.70939200,2017-12-14 11:59:59.999,32964848.80860199,13837,1122.94375000,17997987.33455604,0
2017-12-14 12:00:00,16098.95000000,16439.99000000,15651.00000000,16074.54000000,1983.50252900,2017-12-14 15:59:59.999,31990922.08433359,15361,973.51044800,15722839.11491535,0
2017-12-14 16:00:00,16097.98000000,16438.01000000,15967.12000000,16350.00000000,1681.07123700,2017-12-14 19:59:59.999,27319560.00984743,15566,954.41850500,15525557.98199126,0
2017-12-14 20:00:00,16315.06000000,16375.72000000,16106.05000000,16334.98000000,1478.45229100,2017-12-14 23:59:59.999,24028791.90236349,11695,762.13731200,12387425.33062026,0
2017-12-15 00:00:00,16334.98000000,17796.39000000,16298.45000000,17119.00000000,2047.05360300,2017-12-15 03:59:59.999,35026434.47005754,27440,1165.18507700,19944940.11282746,0
2017-12-15 04:00:00,17111.02000000,17350.00000000,16850.00000000,17073.27000000,1475.94827100,2017-12-15 07:59:59.999,25288408.23318963,11863,822.62673600,14088997.67257943,0
2017-12-15 08:00:00,17070.00000000,17982.22000000,16876.89000000,17900.00000000,1666.89373900,2017-12-15 11:59:59.999,29136191.40230976,13886,903.33639200,15779400.90583486,0
2017-12-15 12:00:00,17900.00000000,17991.00000000,17400.00000000,17542.81000000,1663.88819400,2017-12-15 15:59:59.999,29513971.10935783,15027,763.56164100,13549143.14650298,0
2017-12-15 16:00:00,17549.50000000,17850.00000000,17400.10000000,17636.98000000,1308.06805200,2017-12-15 19:59:59.999,22985782.06505888,9677,597.81146600,10506884.72049380,0
2017-12-15 20:00:00,17621.81000000,17780.57000000,17240.00000000,17539.83000000,1019.42208800,2017-12-15 23:59:59.999,17858916.76411309,7585,460.05708800,8054677.38222358,0
2017-12-16 00:00:00,17516.81000000,17638.38000000,17190.01000000,17250.00000000,865.40148100,2017-12-16 03:59:59.999,15102400.62957177,7858,410.67664400,7171744.62784913,0
2017-12-16 04:00:00,17245.00000000,17827.99000000,17240.00000000,17677.54000000,684.28105200,2017-12-16 07:59:59.999,11985059.66119639,7378,378.63855300,6638603.78672661,0
2017-12-16 08:00:00,17677.54000000,17898.00000000,17532.05000000,17829.99000000,325.15332500,2017-12-16 11:59:59.999,5774700.98461777,6226,204.44037700,3631379.29858459,0
2017-12-16 12:00:00,17830.00000000,18800.89000000,17800.01000000,18751.02000000,1038.34456500,2017-12-16 15:59:59.999,18988122.96073650,12522,621.06151400,11355144.07424927,0
2017-12-16 16:00:00,18751.01000000,19219.00000000,18365.00000000,19219.00000000,671.43691500,2017-12-16 19:59:59.999,12566558.54709141,8764,384.61487700,7207951.11459511,0
2017-12-16 20:00:00,19219.00000000,19539.00000000,18900.02000000,19102.66000000,618.01137100,2017-12-16 23:59:59.999,11876878.58186930,9029,309.41519800,5954098.27612516,0
2017-12-17 00:00:00,19120.19000000,19339.54000000,18800.00000000,19017.75000000,1327.84377600,2017-12-17 03:59:59.999,25297633.01922795,12350,582.78165200,11105068.99233813,0
2017-12-17 04:00:00,19017.75000000,19495.00000000,18810.00000000,19462.98000000,1439.87835300,2017-12-17 07:59:59.999,27528729.01289505,12661,637.14382200,12186938.37951853,0
2017-12-17 08:00:00,19495.00000000,19710.00000000,19185.01000000,19709.50000000,1359.01367800,2017-12-17 11:59:59.999,26462665.33702169,12055,652.33278400,12704800.23504510,0
2017-12-17 12:00:00,19709.50000000,19798.68000000,18846.00000000,19220.00000000,1804.54706900,2017-12-17 15:59:59.999,35016169.65799192,17097,855.46555500,16601768.70625001,0
2017-12-17 16:00:00,19220.00000000,19394.00000000,18523.00000000,18845.91000000,1541.48127100,2017-12-17 19:59:59.999,29208864.82945833,15667,686.55136700,13016480.37896709,0
2017-12-17 20:00:00,18845.91000000,19449.48000000,18510.00000000,18860.02000000,1704.41928700,2017-12-17 23:59:59.999,32353377.61385643,14751,783.68565500,14882116.23643632,0
2017-12-18 00:00:00,18860.04000000,18897.16000000,17029.98000000,18570.03000000,3288.87166000,2017-12-18 03:59:59.999,59267210.69813873,26029,1465.79153600,26402531.88772307,0
2017-12-18 04:00:00,18560.03000000,19006.61000000,18510.00000000,18576.99000000,1549.66419800,2017-12-18 07:59:59.999,29156534.88924915,13360,719.77465300,13545350.94052660,0
2017-12-18 08:00:00,18576.99000000,19200.10000000,18510.00000000,19126.66000000,1479.84275400,2017-12-18 11:59:59.999,27850978.08768330,13902,650.80658400,12246397.68024596,0
2017-12-18 12:00:00,19116.11000000,19300.00000000,18021.98000000,18670.00000000,1735.51210100,2017-12-18 15:59:59.999,32374982.66750405,15152,773.59164800,14430503.61098389,0
2017-12-18 16:00:00,18670.00000000,18749.99000000,18100.20000000,18590.00000000,1431.15824400,2017-12-18 19:59:59.999,26470670.91171496,12044,596.86670500,11036570.42896952,0
2017-12-18 20:00:00,18590.00000000,18900.00000000,18447.40000000,18856.25000000,1139.58411400,2017-12-18 23:59:59.999,21218868.49090777,11469,483.47102000,9005334.51560452,0
2017-12-19 00:00:00,18856.25000000,18950.00000000,18500.00000000,18729.17000000,1543.05008800,2017-12-19 03:59:59.999,28800662.11910990,14564,687.59132700,12843249.42563274,0
2017-12-19 04:00:00,18729.17000000,18850.00000000,18501.00000000,18562.01000000,1193.43731800,2017-12-19 07:59:59.999,22257711.21180673,11626,462.25872000,8624097.34674092,0
2017-12-19 08:00:00,18569.52000000,18695.20000000,16300.00000000,17250.00000000,3901.75709400,2017-12-19 11:59:59.999,68281428.97269157,33440,1766.82947100,30877269.99338651,0
2017-12-19 12:00:00,17214.20000000,17946.57000000,16555.00000000,17164.85000000,3128.53591400,2017-12-19 15:59:59.999,54004293.78410368,23308,1313.91884600,22692535.47876531,0
2017-12-19 16:00:00,17164.83000000,18185.18000000,17110.02000000,17622.26000000,1528.88936300,2017-12-19 19:59:59.999,27072749.51870205,14198,682.32816900,12080538.29715797,0
2017-12-19 20:00:00,17622.23000000,17753.76000000,16500.00000000,17295.20000000,1915.07844300,2017-12-19 23:59:59.999,32373780.31695272,19433,827.57965100,14016425.37848114,0
2017-12-20 00:00:00,17295.20000000,17295.20000000,14777.66000000,16700.35000000,5070.57911800,2017-12-20 03:59:59.999,81616623.61597376,47764,2219.11971300,35760944.32831294,0
2017-12-20 04:00:00,16700.34000000,16838.55000000,15806.09000000,16354.17000000,2492.46667400,2017-12-20 07:59:59.999,40786366.98009806,21383,1007.22431500,16492868.48418043,0
2017-12-20 08:00:00,16360.00000000,17450.00000000,16300.00000000,17253.00000000,1902.96617800,2017-12-20 11:59:59.999,32217512.72854999,16305,797.73374700,13524957.18085106,0
2017-12-20 12:00:00,17253.00000000,17720.35000000,16321.00000000,16505.00000000,1565.03722400,2017-12-20 15:59:59.999,26839477.13002872,16427,689.76038600,11875753.22244767,0
2017-12-20 16:00:00,16540.00000000,16970.00000000,16000.00000000,16782.00000000,1380.21851400,2017-12-20 19:59:59.999,22727168.97916942,14863,569.99287800,9411126.78075803,0
2017-12-20 20:00:00,16782.05000000,16900.00000000,15830.13000000,16488.98000000,1039.22898500,2017-12-20 23:59:59.999,17006743.06841896,13020,448.83299600,7338713.82876891,0
2017-12-21 00:00:00,16480.52000000,16990.99000000,16375.29000000,16901.03000000,2409.77044300,2017-12-21 03:59:59.999,40015246.84121080,17167,1363.88886200,22648989.85667879,0
2017-12-21 04:00:00,16901.03000000,17309.50000000,16600.00000000,17038.99000000,1783.39493700,2017-12-21 07:59:59.999,30319236.47516161,16035,1077.78579200,18326938.64991951,0
2017-12-21 08:00:00,17046.02000000,17049.99000000,16249.98000000,16490.99000000,3127.25407100,2017-12-21 11:59:59.999,51961413.96476725,16784,1919.24770900,31904865.76032241,0
2017-12-21 12:00:00,16491.00000000,16658.03000000,14022.00000000,14400.00000000,5385.85209700,2017-12-21 15:59:59.999,84010043.56461073,30264,2837.48130200,44717358.08590506,0
2017-12-21 16:00:00,14400.00000000,15419.07000000,14302.95000000,14700.94000000,4474.43687600,2017-12-21 19:59:59.999,66185981.21728141,23688,2508.71297000,37152353.68013975,0
2017-12-21 20:00:00,14700.94000000,15527.63000000,14691.03000000,15492.64000000,3143.50887600,2017-12-21 23:59:59.999,47684903.22734426,13793,1965.64415400,29787171.75942368,0
2017-12-22 00:00:00,15514.03000000,15699.34000000,13000.00000000,13780.00000000,6560.41342000,2017-12-22 03:59:59.999,92590625.40040955,37516,3319.45091800,47058538.80697447,0
2017-12-22 04:00:00,13789.00000000,14649.00000000,12200.00000000,12726.45000000,8112.47064800,2017-12-22 07:59:59.999,109592316.87053630,43576,3877.72474900,52600441.99071174,0
2017-12-22 08:00:00,12726.45000000,14331.38000000,12400.00000000,13456.00000000,5027.27376400,2017-12-22 11:59:59.999,67080374.54641160,33328,2551.16868800,34034879.97186866,0
2017-12-22 12:00:00,13449.10000000,13724.93000000,10961.00000000,12660.27000000,8544.27695700,2017-12-22 15:59:59.999,104913410.38153048,60428,3929.78506800,48388310.79466590,0
2017-12-22 16:00:00,12696.50000000,13580.00000000,11800.01000000,13178.00000000,4268.69681600,2017-12-22 19:59:59.999,54235032.21196660,37139,2055.56431600,26184134.48545314,0
2017-12-22 20:00:00,13178.00000000,14649.99000000,12840.00000000,13326.61000000,3563.13957000,2017-12-22 23:59:59.999,49098175.30743196,31274,1822.98871000,25169003.59864510,0
2017-12-23 00:00:00,13326.61000000,14300.00000000,13000.00000000,14284.95000000,2637.37308000,2017-12-23 03:59:59.999,36237847.73871351,22451,1364.56218500,18804340.45655017,0
2017-12-23 04:00:00,14284.95000000,14300.00000000,12978.18000000,13609.25000000,2262.56144800,2017-12-23 07:59:59.999,30858655.93108137,22361,1143.64464700,15619661.92930931,0
2017-12-23 08:00:00,13609.25000000,14650.00000000,13480.00000000,14642.99000000,1952.48657800,2017-12-23 11:59:59.999,27324383.83963244,21329,1065.89600200,14933814.83636116,0
2017-12-23 12:00:00,14640.00000000,14950.00000000,13920.00000000,14218.39000000,2506.47303100,2017-12-23 15:59:59.999,36262136.07351303,27672,1217.69823000,17618985.04669609,0
2017-12-23 16:00:00,14218.39000000,14760.00000000,13963.13000000,14434.01000000,1682.74213900,2017-12-23 19:59:59.999,24208003.87216442,18779,788.64863300,11341454.46789597,0
2017-12-23 20:00:00,14434.00000000,14900.00000000,13234.56000000,13300.00000000,2099.90259900,2017-12-23 23:59:59.999,29868657.87696189,22413,967.21762900,13780517.72406480,0
2017-12-24 00:00:00,13300.00000000,13750.42000000,12100.00000000,13271.05000000,6305.88154700,2017-12-24 03:59:59.999,81394798.45389440,42156,3116.03688000,40265416.75440907,0
2017-12-24 04:00:00,13271.05000000,13819.99000000,12723.49000000,13252.12000000,4542.30596900,2017-12-24 07:59:59.999,60556160.36302851,22796,2460.23051400,32837640.09956052,0
2017-12-24 08:00:00,13228.00000000,13600.00000000,11866.38000000,12345.89000000,4881.64259000,2017-12-24 11:59:59.999,62075035.38004516,32121,2452.08216800,31284617.75040811,0
2017-12-24 12:00:00,12345.89000000,13187.94000000,11640.00000000,12543.07000000,5606.46337800,2017-12-24 15:59:59.999,69940449.46550491,35409,3113.65225800,38927706.82310330,0
2017-12-24 16:00:00,12540.00000000,12999.82000000,12030.00000000,12264.33000000,3687.18734200,2017-12-24 19:59:59.999,46338289.18341766,21387,2109.19932500,26521486.01697358,0
2017-12-24 20:00:00,12264.32000000,13570.00000000,12166.61000000,13500.00000000,3534.05416200,2017-12-24 23:59:59.999,45404856.75713833,19688,2113.91240000,27156229.62886617,0
2017-12-25 00:00:00,13500.00000000,13650.00000000,12812.35000000,12957.55000000,2918.22638900,2017-12-25 03:59:59.999,38526019.70833162,21893,1483.27407200,19585638.40462369,0
2017-12-25 04:00:00,12969.22000000,13690.64000000,12708.00000000,13561.14000000,3759.82078000,2017-12-25 07:59:59.999,50399737.59660729,21595,2274.65618700,30505288.54492158,0
2017-12-25 08:00:00,13580.00000000,13970.00000000,13449.98000000,13800.00000000,3260.95238300,2017-12-25 11:59:59.999,44799754.78274934,21109,1932.85188400,26575462.47032698,0
2017-12-25 12:00:00,13808.11000000,14300.00000000,13059.00000000,13473.00000000,2706.28659700,2017-12-25 15:59:59.999,37119359.21833469,24978,1355.85377600,18657854.48320565,0
2017-12-25 16:00:00,13473.00000000,13880.00000000,13400.00000000,13808.08000000,2117.74261900,2017-12-25 19:59:59.999,28909406.29321001,14467,1325.55792100,18095424.98739654,0
2017-12-25 20:00:00,13811.64000000,13885.00000000,13331.00000000,13699.34000000,985.17883900,2017-12-25 23:59:59.999,13385380.02968159,12374,462.45709800,6284179.96915195,0
2017-12-26 00:00:00,13699.34000000,14400.00000000,13533.00000000,14321.99000000,2286.20232800,2017-12-26 03:59:59.999,31563620.05365920,17830,1425.84985900,19687074.78685986,0
2017-12-26 04:00:00,14300.00000000,15350.00000000,14210.79000000,15063.02000000,4687.96124500,2017-12-26 07:59:59.999,69724255.81818626,34323,2673.82658700,39729971.10309077,0
2017-12-26 08:00:00,15073.16000000,15200.00000000,14700.99000000,14849.98000000,2933.17687900,2017-12-26 11:59:59.999,43798399.38673456,18492,1634.47988100,24413495.21259515,0
2017-12-26 12:00:00,14844.00000000,15900.10000000,14660.00000000,15649.00000000,2613.32395300,2017-12-26 15:59:59.999,40113767.05224549,25909,1467.34871200,22519366.34606237,0
2017-12-26 16:00:00,15649.99000000,15987.00000000,15432.06000000,15787.88000000,1482.35689800,2017-12-26 19:59:59.999,23344377.69764326,20759,687.86027300,10842106.16709070,0
2017-12-26 20:00:00,15787.95000000,16050.00000000,15540.01000000,15689.01000000,1031.64680100,2017-12-26 23:59:59.999,16299311.88810008,15820,546.80598600,8650100.17091587,0
2017-12-27 00:00:00,15709.98000000,16015.28000000,15559.54000000,15880.56000000,1381.52330700,2017-12-27 03:59:59.999,21829298.55973137,14777,754.48998600,11924942.72393732,0
2017-12-27 04:00:00,15855.71000000,16498.05000000,15855.61000000,16055.00000000,2363.34181000,2017-12-27 07:59:59.999,38408583.49583282,25285,1303.28477800,21191998.69863956,0
2017-12-27 08:00:00,16073.69000000,16200.00000000,15250.59000000,15570.13000000,2446.34326200,2017-12-27 11:59:59.999,38449222.57561680,22878,1260.00756200,19800556.41992542,0
2017-12-27 12:00:00,15570.11000000,15978.00000000,14876.00000000,15155.01000000,3004.82393900,2017-12-27 15:59:59.999,46531477.62693622,26617,1534.66261400,23796614.43567441,0
2017-12-27 16:00:00,15162.25000000,15310.00000000,14200.15000000,14793.25000000,3609.50769500,2017-12-27 19:59:59.999,53422012.31699378,32342,1849.90819700,27364990.24098011,0
2017-12-27 20:00:00,14793.28000000,15563.63000000,14557.25000000,15459.99000000,2154.32471000,2017-12-27 23:59:59.999,32589337.90692958,20303,1141.06662400,17266997.45306110,0
2017-12-28 00:00:00,15459.97000000,15539.99000000,13417.99000000,14163.42000000,5389.54032000,2017-12-28 03:59:59.999,77656866.89221419,40921,2568.69714800,37168384.75236892,0
2017-12-28 04:00:00,14163.43000000,14557.10000000,13501.05000000,13984.39000000,3968.77459400,2017-12-28 07:59:59.999,55390839.11844452,31892,2087.44208700,29161426.12425915,0
2017-12-28 08:00:00,13984.38000000,14348.22000000,13150.00000000,13578.98000000,3771.25345400,2017-12-28 11:59:59.999,51768998.76588131,29398,2066.67614300,28401579.39397390,0
2017-12-28 12:00:00,13578.98000000,14305.00000000,13335.37000000,14040.00000000,3106.02766900,2017-12-28 15:59:59.999,43077666.63366928,25302,1715.92899900,23812313.00395548,0
2017-12-28 16:00:00,14045.94000000,14126.77000000,13190.00000000,13736.43000000,3297.74368700,2017-12-28 19:59:59.999,45204428.34338092,30740,1815.43006900,24910384.83962960,0
2017-12-28 20:00:00,13736.44000000,14221.99000000,13600.00000000,14182.11000000,2184.51829000,2017-12-28 23:59:59.999,30302428.23292980,19779,1177.61324500,16341803.93584497,0
2017-12-29 00:00:00,14199.14000000,14880.00000000,14008.00000000,14725.00000000,2737.73176000,2017-12-29 03:59:59.999,39583979.95037872,23875,1546.14843800,22355634.16043884,0
2017-12-29 04:00:00,14715.49000000,14981.00000000,14319.99000000,14450.00000000,3102.49861900,2017-12-29 07:59:59.999,45671606.38421634,22568,1775.57598600,26146794.75100348,0
2017-12-29 08:00:00,14456.65000000,14748.00000000,13850.00000000,14280.01000000,3204.21371900,2017-12-29 11:59:59.999,45689666.48279497,25842,1716.75487200,24496729.07350124,0
2017-12-29 12:00:00,14290.00000000,14595.00000000,13900.00000000,14557.49000000,3302.85010300,2017-12-29 15:59:59.999,47040486.11651946,24188,1942.61320600,27648203.98237077,0
2017-12-29 16:00:00,14557.52000000,14797.00000000,14350.00000000,14640.70000000,3121.89503000,2017-12-29 19:59:59.999,45500376.22094092,23417,1879.15110900,27395394.58537519,0
2017-12-29 20:00:00,14640.70000000,14652.52000000,14130.00000000,14378.90000000,2602.81888500,2017-12-29 23:59:59.999,37425514.06322632,22210,1642.45213900,23631193.40938971,0
2017-12-30 00:00:00,14378.99000000,14398.85000000,12900.00000000,13423.64000000,4780.09064500,2017-12-30 03:59:59.999,65001377.10727999,44545,2516.31274700,34268045.78296554,0
2017-12-30 04:00:00,13423.64000000,13705.82000000,12910.00000000,13620.00000000,2072.06116100,2017-12-30 07:59:59.999,27644225.36485358,22294,1135.89126600,15171508.28438087,0
2017-12-30 08:00:00,13620.00000000,13647.95000000,12810.00000000,13150.00000000,2194.08667000,2017-12-30 11:59:59.999,28895637.55321045,25887,1073.63533300,14155097.46547354,0
2017-12-30 12:00:00,13119.03000000,13149.89000000,11821.00000000,12313.99000000,5149.12628200,2017-12-30 15:59:59.999,63580300.27798236,44770,2364.83443100,29240510.13170889,0
2017-12-30 16:00:00,12315.00000000,13099.89000000,11750.00000000,13040.00000000,3413.52220500,2017-12-30 19:59:59.999,42176739.02487642,33677,1660.78511600,20621551.57170830,0
2017-12-30 20:00:00,13043.70000000,13200.00000000,12288.00000000,12440.01000000,1612.27107600,2017-12-30 23:59:59.999,20505674.42428307,19031,779.05896700,9915755.04268363,0
2017-12-31 00:00:00,12345.10000000,13411.02000000,12149.98000000,12962.06000000,2701.71410000,2017-12-31 03:59:59.999,34930852.41547563,29965,1300.55809700,16790127.21715682,0
2017-12-31 04:00:00,12988.04000000,13077.97000000,12459.00000000,12797.46000000,1819.08158200,2017-12-31 07:59:59.999,23242467.86441416,20623,1062.92327100,13584022.05625558,0
2017-12-31 08:00:00,12797.44000000,13080.00000000,12425.98000000,12989.94000000,1523.83642200,2017-12-31 11:59:59.999,19442587.83889727,20150,743.16067900,9489688.36350094,0
2017-12-31 12:00:00,12956.49000000,13421.75000000,12870.01000000,13212.68000000,2138.68529400,2017-12-31 15:59:59.999,28171990.01367064,26042,1113.79134100,14668798.38516698,0
2017-12-31 16:00:00,13226.16000000,14030.00000000,13192.02000000,13780.16000000,2465.24819700,2017-12-31 19:59:59.999,33942392.33994260,26726,1286.13648800,17708917.65945943,0
2017-12-31 20:00:00,13783.09000000,14050.11000000,13645.03000000,13716.36000000,1120.42412300,2017-12-31 23:59:59.999,15552994.89464102,15387,578.95340100,8035613.94375465,0
