Open time,Open,High,Low,Close,Volume,Close time,Base asset volume,Number of trades,Taker buy volume,Taker buy base asset volume,Ignore
2017-08-17 04:00:00,4261.48000000,4313.62000000,4261.32000000,4308.83000000,47.18100900,2017-08-17 04:59:59.999,202366.13839304,171,35.16050300,150952.47794304,0
2017-08-17 05:00:00,4308.83000000,4328.69000000,4291.37000000,4315.32000000,23.23491600,2017-08-17 05:59:59.999,100304.82356749,102,21.44807100,92608.27972836,0
2017-08-17 06:00:00,4330.29000000,4345.45000000,4309.37000000,4324.35000000,7.22969100,2017-08-17 06:59:59.999,31282.31266989,36,4.80286100,20795.31722405,0
2017-08-17 07:00:00,4316.62000000,4349.99000000,4287.41000000,4349.99000000,4.44324900,2017-08-17 07:59:59.999,19241.05829986,25,2.60229200,11291.34701534,0
2017-08-17 08:00:00,4333.32000000,4377.85000000,4333.32000000,4360.69000000,0.97280700,2017-08-17 08:59:59.999,4239.50358563,28,0.81465500,3552.74681715,0
2017-08-17 09:00:00,4360.00000000,4445.78000000,4360.00000000,4444.00000000,10.76362300,2017-08-17 09:59:59.999,47219.35594369,43,10.25840000,44995.37815745,0
2017-08-17 10:00:00,4441.10000000,4470.00000000,4399.81000000,4460.00000000,24.86539900,2017-08-17 10:59:59.999,110290.72898792,82,21.69869300,96225.97305402,0
2017-08-17 11:00:00,4460.00000000,4485.39000000,4427.30000000,4427.30000000,27.01805300,2017-08-17 11:59:59.999,120751.56923241,95,26.01588500,116279.95312533,0
2017-08-17 12:00:00,4436.06000000,4449.56000000,4411.00000000,4411.00000000,23.03239800,2017-08-17 12:59:59.999,102126.51858538,108,15.31299400,67947.83408162,0
2017-08-17 13:00:00,4411.00000000,4459.00000000,4411.00000000,4459.00000000,31.31243600,2017-08-17 13:59:59.999,138976.63943525,118,26.56404200,117910.47559989,0
2017-08-17 14:00:00,4459.00000000,4485.39000000,4435.93000000,4470.82000000,51.73589700,2017-08-17 14:59:59.999,230871.45336595,234,38.80718300,173092.11679983,0
2017-08-17 15:00:00,4470.82000000,4470.82000000,4333.42000000,4352.34000000,68.48127000,2017-08-17 15:59:59.999,302264.18693068,398,44.49991400,196469.33157976,0
2017-08-17 16:00:00,4352.33000000,4354.35000000,4255.30000000,4354.18000000,67.45879100,2017-08-17 16:59:59.999,290623.45048301,398,39.02673700,168418.36937701,0
2017-08-17 17:00:00,4354.18000000,4354.84000000,4235.45000000,4289.24000000,59.66491200,2017-08-17 17:59:59.999,256886.35258979,192,38.96753400,168263.66782268,0
2017-08-17 18:00:00,4289.24000000,4302.45000000,4218.68000000,4256.97000000,51.27516300,2017-08-17 18:59:59.999,218259.35882004,194,45.03123700,191655.18156963,0
2017-08-17 19:00:00,4241.91000000,4335.30000000,4200.74000000,4325.23000000,46.71085000,2017-08-17 19:59:59.999,199521.93691082,202,42.01085500,179470.98215222,0
2017-08-17 20:00:00,4307.56000000,4354.84000000,4258.56000000,4346.74000000,48.97547200,2017-08-17 20:59:59.999,210548.88092307,247,42.88313600,184311.30549668,0
2017-08-17 21:00:00,4346.74000000,4369.69000000,4309.23000000,4333.55000000,61.77303600,2017-08-17 21:59:59.999,268284.94176586,248,51.15261900,222120.07593626,0
2017-08-17 22:00:00,4333.55000000,4359.13000000,4310.00000000,4336.80000000,57.37614200,2017-08-17 22:59:59.999,248368.27973462,236,44.31354400,191898.14848559,0
2017-08-17 23:00:00,4313.39000000,4337.38000000,4280.82000000,4285.08000000,81.64526300,2017-08-17 23:59:59.999,352342.56050766,270,64.87738600,279957.43863810,0
2017-08-18 00:00:00,4285.08000000,4340.62000000,4228.76000000,4286.53000000,82.43547400,2017-08-18 00:59:59.999,353504.41040862,268,70.70359400,303212.28430877,0
2017-08-18 01:00:00,4269.36000000,4269.36000000,4134.61000000,4243.59000000,75.68488300,2017-08-18 01:59:59.999,318327.52941463,243,45.57356800,192407.48893145,0
2017-08-18 02:00:00,4251.95000000,4298.64000000,4234.00000000,4267.59000000,54.07133700,2017-08-18 02:59:59.999,230478.62808651,219,46.31683600,197398.07655664,0
2017-08-18 03:00:00,4244.77000000,4308.70000000,4234.00000000,4292.39000000,64.00134900,2017-08-18 03:59:59.999,273495.00647977,306,52.06157200,222560.20419967,0
2017-08-18 04:00:00,4292.39000000,4292.39000000,4234.43000000,4287.92000000,50.79751500,2017-08-18 04:59:59.999,216512.63303465,267,45.82618700,195365.98936529,0
2017-08-18 05:00:00,4287.92000000,4340.62000000,4250.04000000,4313.56000000,64.16928600,2017-08-18 05:59:59.999,275592.04872693,367,45.88825100,197155.27039055,0
2017-08-18 06:00:00,4313.56000000,4316.98000000,4247.75000000,4279.46000000,64.23542400,2017-08-18 06:59:59.999,275244.60218846,298,47.42860200,203346.94290268,0
2017-08-18 07:00:00,4279.46000000,4304.67000000,4270.48000000,4300.25000000,69.18680400,2017-08-18 07:59:59.999,296605.44221750,203,64.50365900,276540.54910541,0
2017-08-18 08:00:00,4285.00000000,4320.71000000,4259.85000000,4282.73000000,74.82984900,2017-08-18 08:59:59.999,321236.59479609,247,65.77348800,282308.78233271,0
2017-08-18 09:00:00,4265.33000000,4327.25000000,4265.33000000,4304.15000000,45.65315600,2017-08-18 09:59:59.999,196295.12733713,228,40.94698800,176048.32145689,0
2017-08-18 10:00:00,4304.15000000,4371.52000000,4296.04000000,4356.31000000,51.56367500,2017-08-18 10:59:59.999,223589.16829124,227,39.69560500,172070.12165097,0
2017-08-18 11:00:00,4356.31000000,4357.37000000,4302.72000000,4340.31000000,24.09344900,2017-08-18 11:59:59.999,104474.97561834,178,20.68965100,89734.11536502,0
2017-08-18 12:00:00,4320.52000000,4340.31000000,4287.79000000,4331.71000000,15.11895700,2017-08-18 12:59:59.999,65468.18474894,96,13.84160800,59957.88187984,0
2017-08-18 13:00:00,4302.97000000,4318.16000000,4221.05000000,4293.09000000,46.53376700,2017-08-18 13:59:59.999,199050.62300749,177,36.31146700,155292.00404024,0
2017-08-18 14:00:00,4293.09000000,4293.09000000,4193.70000000,4259.40000000,74.36894300,2017-08-18 14:59:59.999,315639.90667257,225,63.98473700,271468.25506762,0
2017-08-18 15:00:00,4259.40000000,4259.40000000,4200.00000000,4236.89000000,39.94771700,2017-08-18 15:59:59.999,169299.81132961,199,32.94050000,139565.93334149,0
2017-08-18 16:00:00,4234.54000000,4283.79000000,4234.54000000,4250.34000000,45.03882400,2017-08-18 16:59:59.999,191824.09143422,197,39.96772000,170218.42018124,0
2017-08-18 17:00:00,4250.34000000,4250.34000000,4066.53000000,4193.35000000,62.69146600,2017-08-18 17:59:59.999,263339.89958132,164,47.39396900,199390.75512451,0
2017-08-18 18:00:00,4171.17000000,4297.75000000,4117.41000000,4117.41000000,25.31865400,2017-08-18 18:59:59.999,105261.88964225,174,23.57619400,98003.74122400,0
2017-08-18 19:00:00,4086.28000000,4136.48000000,4015.70000000,4136.28000000,60.59802600,2017-08-18 19:59:59.999,246905.17944138,218,42.52106100,173482.04639273,0
2017-08-18 20:00:00,4135.00000000,4135.00000000,3981.13000000,4021.11000000,19.96803700,2017-08-18 20:59:59.999,80574.64559965,155,10.89954100,44057.00019520,0
2017-08-18 21:00:00,4015.40000000,4015.40000000,3938.77000000,3975.69000000,14.73863100,2017-08-18 21:59:59.999,58543.24828101,154,10.30475600,40961.50202125,0
2017-08-18 22:00:00,3996.92000000,4131.83000000,3938.77000000,4113.75000000,29.90620500,2017-08-18 22:59:59.999,120902.09262269,209,26.96412500,109214.87055138,0
2017-08-18 23:00:00,4106.35000000,4136.48000000,4085.88000000,4108.37000000,44.93683600,2017-08-18 23:59:59.999,184792.56721051,214,38.75503100,159362.75993253,0
2017-08-19 00:00:00,4108.37000000,4178.31000000,4084.28000000,4163.49000000,41.30887700,2017-08-19 00:59:59.999,170057.40754781,196,34.32518200,141301.03704541,0
2017-08-19 01:00:00,4163.49000000,4184.69000000,4143.11000000,4148.53000000,28.83517700,2017-08-19 01:59:59.999,120196.96993193,146,25.89172100,107902.47709779,0
2017-08-19 02:00:00,4148.53000000,4184.00000000,4148.53000000,4156.39000000,18.75447400,2017-08-19 02:59:59.999,77993.67617113,121,15.10916900,62830.69587890,0
2017-08-19 03:00:00,4180.00000000,4180.00000000,4103.52000000,4138.55000000,19.61192000,2017-08-19 03:59:59.999,81103.36858374,122,17.07310200,70627.43453062,0
2017-08-19 04:00:00,4138.50000000,4156.00000000,4046.26000000,4068.26000000,17.35323200,2017-08-19 04:59:59.999,71543.77215114,98,11.66582400,48288.45650424,0
2017-08-19 05:00:00,4123.95000000,4123.95000000,4027.83000000,4077.00000000,12.51419400,2017-08-19 05:59:59.999,51244.65338363,66,9.50767000,39084.70481770,0
2017-08-19 06:00:00,4077.00000000,4082.00000000,3986.87000000,3986.87000000,51.45543100,2017-08-19 06:59:59.999,208849.63160484,167,31.27553800,126767.85386084,0
2017-08-19 07:00:00,3969.12000000,4033.47000000,3933.21000000,4033.47000000,31.42922200,2017-08-19 07:59:59.999,125576.69706673,162,24.22999500,96819.49304287,0
2017-08-19 08:00:00,4033.47000000,4064.84000000,3964.08000000,3999.00000000,18.00640500,2017-08-19 08:59:59.999,72459.21855918,112,10.75804300,43449.86340955,0
2017-08-19 09:00:00,3999.00000000,4082.25000000,3999.00000000,4068.20000000,5.18422300,2017-08-19 09:59:59.999,20895.48847039,48,3.43730000,13863.39985232,0
2017-08-19 10:00:00,4054.00000000,4082.00000000,3982.08000000,4000.58000000,5.88683100,2017-08-19 10:59:59.999,23709.85973791,59,4.28816600,17280.02248593,0
2017-08-19 11:00:00,4016.00000000,4033.00000000,3850.00000000,3957.60000000,48.17858300,2017-08-19 11:59:59.999,190751.80134652,262,25.73607500,102452.57909646,0
2017-08-19 12:00:00,3945.12000000,4095.00000000,3928.89000000,4095.00000000,22.23098400,2017-08-19 12:59:59.999,89837.07717694,173,15.87464200,64139.15783396,0
2017-08-19 13:00:00,4095.00000000,4100.00000000,4035.49000000,4039.84000000,12.70566400,2017-08-19 13:59:59.999,51761.33454379,54,8.78095100,35874.00302219,0
2017-08-19 14:00:00,4066.00000000,4068.31000000,4013.70000000,4042.41000000,4.33442600,2017-08-19 14:59:59.999,17524.48067602,34,3.39363600,13738.04315812,0
2017-08-19 15:00:00,4036.59000000,4063.44000000,3964.67000000,3972.05000000,8.24450400,2017-08-19 15:59:59.999,33201.04439541,59,5.76553000,23279.32328433,0
2017-08-19 16:00:00,4036.19000000,4049.69000000,3953.40000000,4000.00000000,4.08417700,2017-08-19 16:59:59.999,16307.55382071,39,2.71990200,10896.53006416,0
2017-08-19 17:00:00,3985.00000000,4048.99000000,3976.72000000,4027.37000000,3.06954800,2017-08-19 17:59:59.999,12263.24524165,25,2.20420200,8812.37707512,0
2017-08-19 18:00:00,4013.69000000,4096.00000000,4013.69000000,4086.29000000,17.14820200,2017-08-19 18:59:59.999,69270.61900105,75,13.73536700,55462.50713029,0
2017-08-19 19:00:00,4073.47000000,4103.92000000,4073.47000000,4076.12000000,1.62312900,2017-08-19 19:59:59.999,6637.28485963,22,1.43920200,5885.20597736,0
2017-08-19 20:00:00,4088.71000000,4103.92000000,4051.47000000,4075.98000000,2.98757000,2017-08-19 20:59:59.999,12154.59138449,34,1.39417700,5686.41545392,0
2017-08-19 21:00:00,4075.98000000,4149.99000000,4074.23000000,4074.23000000,3.95219400,2017-08-19 21:59:59.999,16200.70034813,35,3.47919400,14269.59204813,0
2017-08-19 22:00:00,4090.00000000,4141.00000000,4090.00000000,4139.98000000,2.35809700,2017-08-19 22:59:59.999,9725.38785592,36,2.19875500,9072.82585432,0
2017-08-19 23:00:00,4120.78000000,4139.98000000,4120.78000000,4139.98000000,0.05269900,2017-08-19 23:59:59.999,217.87156282,8,0.05269900,217.87156282,0
2017-08-20 00:00:00,4120.98000000,4139.98000000,4044.00000000,4086.09000000,2.34392400,2017-08-20 00:59:59.999,9598.79150213,25,2.17108600,8892.22865013,0
2017-08-20 01:00:00,4086.09000000,4086.09000000,4052.82000000,4082.53000000,1.06115100,2017-08-20 01:59:59.999,4322.95571022,23,0.82209100,3347.57892374,0
2017-08-20 02:00:00,4096.33000000,4124.69000000,4082.62000000,4124.69000000,2.85856100,2017-08-20 02:59:59.999,11740.06128425,28,2.41756100,9939.62586425,0
2017-08-20 03:00:00,4111.26000000,4111.26000000,4094.62000000,4094.62000000,0.34764700,2017-08-20 03:59:59.999,1428.51529354,3,0.34764700,1428.51529354,0
2017-08-20 04:00:00,4094.62000000,4094.62000000,4091.80000000,4093.00000000,0.80924300,2017-08-20 04:59:59.999,3313.40232363,37,0.80924300,3313.40232363,0
2017-08-20 05:00:00,4087.00000000,4142.16000000,4087.00000000,4117.41000000,10.74305600,2017-08-20 05:59:59.999,44122.84421605,69,9.06706700,37226.00388775,0
2017-08-20 06:00:00,4117.41000000,4117.41000000,4081.19000000,4115.41000000,2.91555100,2017-08-20 06:59:59.999,11945.53146419,43,2.36455100,9691.59386419,0
2017-08-20 07:00:00,4081.40000000,4156.56000000,4081.40000000,4155.87000000,14.13606000,2017-08-20 07:59:59.999,58157.39686983,126,7.90722600,32588.22450038,0
2017-08-20 08:00:00,4155.87000000,4211.08000000,4032.62000000,4184.73000000,17.39551600,2017-08-20 08:59:59.999,72103.77553126,142,7.53445500,31378.61174112,0
2017-08-20 09:00:00,4155.00000000,4158.61000000,4155.00000000,4155.00000000,0.39588000,2017-08-20 09:59:59.999,1645.26207811,9,0.17296000,719.02947811,0
2017-08-20 10:00:00,4140.00000000,4142.41000000,4109.84000000,4142.41000000,0.94704400,2017-08-20 10:59:59.999,3915.52036080,11,0.23568900,974.19018080,0
2017-08-20 11:00:00,4104.68000000,4125.44000000,4080.00000000,4106.53000000,17.28150300,2017-08-20 11:59:59.999,70777.45523685,106,12.31595100,50488.72177919,0
2017-08-20 12:00:00,4106.53000000,4125.43000000,4080.00000000,4108.47000000,2.76584000,2017-08-20 12:59:59.999,11339.30919340,48,1.63899400,6723.51095932,0
2017-08-20 13:00:00,4125.00000000,4125.00000000,4063.35000000,4063.35000000,1.25816200,2017-08-20 13:59:59.999,5114.58344535,5,0.01322900,54.56493980,0
2017-08-20 14:00:00,4096.32000000,4096.32000000,4068.50000000,4096.32000000,1.46565000,2017-08-20 14:59:59.999,6001.13573840,14,1.39551400,5714.96853696,0
2017-08-20 15:00:00,4100.00000000,4125.00000000,4100.00000000,4125.00000000,23.62361400,2017-08-20 15:59:59.999,97052.02730912,61,19.28324900,79229.15875570,0
2017-08-20 16:00:00,4125.00000000,4150.00000000,4091.59000000,4131.46000000,23.36697800,2017-08-20 16:59:59.999,96322.09809808,85,19.04470800,78474.37138361,0
2017-08-20 17:00:00,4131.46000000,4138.07000000,4101.40000000,4129.00000000,49.21666400,2017-08-20 17:59:59.999,202834.01217010,232,41.91745100,172687.41235295,0
2017-08-20 18:00:00,4129.32000000,4158.61000000,4116.00000000,4154.56000000,48.08887500,2017-08-20 18:59:59.999,198738.21348253,185,42.70427100,176463.34620586,0
2017-08-20 19:00:00,4154.56000000,4185.94000000,4144.85000000,4164.60000000,49.32300000,2017-08-20 19:59:59.999,205482.12188185,187,43.15926800,179794.61857876,0
2017-08-20 20:00:00,4161.59000000,4171.62000000,4116.00000000,4140.93000000,53.43763500,2017-08-20 20:59:59.999,221127.66956549,208,45.84693200,189677.68647736,0
2017-08-20 21:00:00,4140.93000000,4156.56000000,4128.75000000,4150.00000000,35.72742400,2017-08-20 21:59:59.999,147963.47797392,215,28.49813600,118008.50288210,0
2017-08-20 22:00:00,4162.59000000,4169.98000000,4132.31000000,4169.98000000,38.09857700,2017-08-20 22:59:59.999,158291.24056827,216,28.35679400,117775.34985650,0
2017-08-20 23:00:00,4151.14000000,4171.62000000,4069.13000000,4086.29000000,69.47546700,2017-08-20 23:59:59.999,287026.98902909,243,58.77187400,242810.11632155,0
2017-08-21 00:00:00,4069.13000000,4119.62000000,4062.78000000,4108.28000000,53.09132500,2017-08-21 00:59:59.999,217258.14356334,269,48.23793600,197374.79647379,0
2017-08-21 01:00:00,4108.28000000,4114.86000000,4080.66000000,4094.60000000,55.96914700,2017-08-21 01:59:59.999,229146.59436915,225,50.54702600,206913.31843424,0
2017-08-21 02:00:00,4094.60000000,4109.26000000,4039.00000000,4079.94000000,58.96114900,2017-08-21 02:59:59.999,239947.68149698,212,48.63534400,197913.30633981,0
2017-08-21 03:00:00,4079.94000000,4104.68000000,4048.74000000,4084.76000000,52.81652200,2017-08-21 03:59:59.999,215264.01272785,225,44.96523600,183225.38115364,0
2017-08-21 04:00:00,4079.26000000,4104.68000000,4047.75000000,4104.68000000,39.49077200,2017-08-21 04:59:59.999,161089.99791657,238,31.26235600,127491.98910214,0
2017-08-21 05:00:00,4104.68000000,4104.68000000,4011.02000000,4016.90000000,67.18030200,2017-08-21 05:59:59.999,272054.24394350,277,54.61876600,221044.16990828,0
2017-08-21 06:00:00,4011.04000000,4032.01000000,3953.40000000,3982.96000000,66.69774500,2017-08-21 06:59:59.999,266615.31731919,355,48.36900100,193376.77181416,0
2017-08-21 07:00:00,3982.96000000,4055.92000000,3970.63000000,4043.63000000,49.20631000,2017-08-21 07:59:59.999,197993.20558832,330,44.82330200,180401.72148319,0
2017-08-21 08:00:00,4043.63000000,4055.92000000,4010.78000000,4036.30000000,54.91233500,2017-08-21 08:59:59.999,221558.77651953,198,47.37164100,191104.36780883,0
2017-08-21 09:00:00,4036.30000000,4077.07000000,4035.82000000,4074.00000000,3.90470800,2017-08-21 09:59:59.999,15822.55098374,53,3.30692200,13408.48712314,0
2017-08-21 10:00:00,4066.00000000,4088.12000000,4066.00000000,4088.10000000,5.09050400,2017-08-21 10:59:59.999,20748.78034993,100,4.74074700,19322.44308593,0
2017-08-21 11:00:00,4063.00000000,4063.00000000,4000.01000000,4023.11000000,14.97076700,2017-08-21 11:59:59.999,60239.78628954,103,8.28641200,33326.06229069,0
2017-08-21 12:00:00,4023.11000000,4023.11000000,4000.00000000,4000.00000000,6.47768000,2017-08-21 12:59:59.999,25971.91429993,96,3.53967500,14208.34563302,0
2017-08-21 13:00:00,4000.00000000,4023.11000000,3934.43000000,3951.49000000,22.20798500,2017-08-21 13:59:59.999,88410.18640870,180,4.70077000,18815.19112021,0
2017-08-21 14:00:00,3914.59000000,4023.11000000,3911.79000000,3989.17000000,7.69530100,2017-08-21 14:59:59.999,30441.02270329,103,4.67285600,18508.85128749,0
2017-08-21 15:00:00,3967.50000000,4022.00000000,3920.55000000,4022.00000000,7.38183000,2017-08-21 15:59:59.999,29590.50297993,100,5.04127300,20209.20871704,0
2017-08-21 16:00:00,4005.99000000,4029.05000000,3951.26000000,4029.05000000,7.31654300,2017-08-21 16:59:59.999,29255.73036742,70,4.17266200,16687.55112744,0
2017-08-21 17:00:00,4019.99000000,4029.06000000,3951.26000000,4016.20000000,5.07252800,2017-08-21 17:59:59.999,20279.25427174,66,3.96342300,15873.65834645,0
2017-08-21 18:00:00,3997.57000000,4029.06000000,3918.80000000,3918.80000000,3.88447700,2017-08-21 18:59:59.999,15462.86836218,73,2.14063400,8555.41008629,0
2017-08-21 19:00:00,3918.80000000,4042.11000000,3918.80000000,4027.05000000,8.19338200,2017-08-21 19:59:59.999,32899.80295158,121,7.64659400,30710.03429735,0
2017-08-21 20:00:00,4027.05000000,4042.11000000,3950.00000000,4025.04000000,32.10859900,2017-08-21 20:59:59.999,129107.80195371,164,27.80947200,111872.17790667,0
2017-08-21 21:00:00,4025.04000000,4070.49000000,4007.51000000,4039.10000000,39.35671200,2017-08-21 21:59:59.999,158477.26147012,194,35.71309600,143745.65985353,0
2017-08-21 22:00:00,4039.10000000,4041.23000000,4008.63000000,4041.10000000,18.79265400,2017-08-21 22:59:59.999,75681.93035110,113,14.07962200,56683.43650970,0
2017-08-21 23:00:00,4025.00000000,4031.87000000,3987.50000000,4016.00000000,10.96378300,2017-08-21 23:59:59.999,43914.34683994,107,8.71134100,34890.21325534,0
2017-08-22 00:00:00,4016.00000000,4016.00000000,3789.95000000,3790.00000000,60.33901700,2017-08-22 00:59:59.999,237019.21075116,285,42.47088600,167027.92639288,0
2017-08-22 01:00:00,3790.00000000,3890.51000000,3688.97000000,3700.00000000,30.12650900,2017-08-22 01:59:59.999,112876.96594438,237,18.85303200,70691.36325690,0
2017-08-22 02:00:00,3700.00000000,3849.98000000,3689.00000000,3849.98000000,8.33460400,2017-08-22 02:59:59.999,31846.37262352,130,7.43106100,28462.10620285,0
2017-08-22 03:00:00,3822.50000000,3862.39000000,3802.53000000,3862.39000000,15.88521600,2017-08-22 03:59:59.999,61002.02238577,79,10.45175100,40187.98194850,0
2017-08-22 04:00:00,3863.00000000,3868.57000000,3450.98000000,3500.80000000,28.66603900,2017-08-22 04:59:59.999,105969.34583485,138,9.46381200,35558.67732964,0
2017-08-22 05:00:00,3500.80000000,3695.62000000,3400.00000000,3626.99000000,14.49939000,2017-08-22 05:59:59.999,50947.73083032,93,4.22563200,14969.98538464,0
2017-08-22 06:00:00,3619.95000000,3854.46000000,3619.95000000,3803.00000000,62.09636900,2017-08-22 06:59:59.999,236465.26163966,295,50.24466400,191175.31810546,0
2017-08-22 07:00:00,3803.00000000,3803.00000000,3733.80000000,3798.08000000,61.95972100,2017-08-22 07:59:59.999,234263.26886182,409,45.50034600,172147.47318986,0
2017-08-22 08:00:00,3798.08000000,3805.76000000,3750.08000000,3794.12000000,36.86811100,2017-08-22 08:59:59.999,139546.72382920,265,32.47577600,122889.17011529,0
2017-08-22 09:00:00,3794.12000000,3920.31000000,3775.01000000,3904.56000000,76.17217800,2017-08-22 09:59:59.999,294063.05957005,303,60.95948200,235306.28482601,0
2017-08-22 10:00:00,3904.56000000,3904.56000000,3826.12000000,3844.08000000,59.32218100,2017-08-22 10:59:59.999,229586.80486086,461,35.90987700,139226.63935860,0
2017-08-22 11:00:00,3844.07000000,3905.56000000,3841.18000000,3866.48000000,49.36876600,2017-08-22 11:59:59.999,190978.84644750,437,9.15759200,35556.60575299,0
2017-08-22 12:00:00,3866.48000000,3990.12000000,3853.53000000,3934.01000000,75.78758400,2017-08-22 12:59:59.999,296230.10335466,605,18.88382400,74272.24336796,0
2017-08-22 13:00:00,3949.01000000,3964.75000000,3874.35000000,3920.99000000,38.62387100,2017-08-22 13:59:59.999,150997.34844015,437,6.93754300,27221.66549713,0
2017-08-22 14:00:00,3874.38000000,3920.99000000,3786.81000000,3849.00000000,26.18252800,2017-08-22 14:59:59.999,100888.08334967,236,5.76224700,22271.92939696,0
2017-08-22 15:00:00,3829.50000000,3921.63000000,3810.07000000,3858.23000000,38.76443800,2017-08-22 15:59:59.999,150171.96891324,193,10.57207900,41205.17938430,0
2017-08-22 16:00:00,3858.23000000,3952.89000000,3853.47000000,3905.84000000,34.77977800,2017-08-22 16:59:59.999,135445.83744289,162,4.93791800,19324.57841995,0
2017-08-22 17:00:00,3905.84000000,3998.99000000,3888.79000000,3943.00000000,45.27912800,2017-08-22 17:59:59.999,178848.96035520,234,11.89500100,47345.22389232,0
2017-08-22 18:00:00,3944.00000000,4104.82000000,3944.00000000,4043.76000000,45.13214300,2017-08-22 18:59:59.999,181891.61134117,309,6.52534500,26322.93015794,0
2017-08-22 19:00:00,4071.22000000,4101.24000000,3984.23000000,3984.24000000,34.34460600,2017-08-22 19:59:59.999,138354.71864992,312,4.78032700,19428.79448110,0
2017-08-22 20:00:00,3984.50000000,4061.54000000,3953.13000000,3960.29000000,30.51242400,2017-08-22 20:59:59.999,121695.66128644,187,6.17681100,24898.28608097,0
2017-08-22 21:00:00,3960.29000000,4038.96000000,3946.67000000,3946.67000000,21.28557300,2017-08-22 21:59:59.999,84186.53841976,154,1.58552400,6344.40004567,0
2017-08-22 22:00:00,3999.96000000,4046.11000000,3944.04000000,4002.00000000,31.26490300,2017-08-22 22:59:59.999,124945.30862149,289,6.53300000,26256.37774432,0
2017-08-22 23:00:00,4009.10000000,4045.00000000,3944.03000000,4040.00000000,41.08978100,2017-08-22 23:59:59.999,164284.01838683,244,12.26165100,49097.22901002,0
2017-08-23 00:00:00,4040.00000000,4077.18000000,4013.89000000,4036.00000000,23.85003700,2017-08-23 00:59:59.999,96339.81840902,197,4.42897700,17989.32498604,0
2017-08-23 01:00:00,4048.10000000,4100.00000000,4035.38000000,4100.00000000,46.57641000,2017-08-23 01:59:59.999,189275.59312344,215,7.68148700,31352.38075136,0
2017-08-23 02:00:00,4101.53000000,4127.99000000,4049.74000000,4083.72000000,45.83522600,2017-08-23 02:59:59.999,187993.02773077,369,4.18231700,17170.98352231,0
2017-08-23 03:00:00,4083.72000000,4126.99000000,4050.04000000,4100.41000000,43.39671100,2017-08-23 03:59:59.999,177397.16837484,216,7.12771200,29292.48695676,0
2017-08-23 04:00:00,4084.54000000,4115.87000000,4054.01000000,4083.60000000,37.86941800,2017-08-23 04:59:59.999,154650.91254769,278,9.10240100,37314.59343725,0
2017-08-23 05:00:00,4084.00000000,4110.00000000,4053.18000000,4053.18000000,32.81943100,2017-08-23 05:59:59.999,133793.55309011,230,7.15001200,29280.93253939,0
2017-08-23 06:00:00,4064.00000000,4099.99000000,4035.32000000,4080.00000000,35.94249300,2017-08-23 06:59:59.999,146480.61647680,262,7.13992700,29192.57307617,0
2017-08-23 07:00:00,4089.45000000,4098.88000000,4052.49000000,4074.88000000,35.20826100,2017-08-23 07:59:59.999,143395.02334814,341,3.89185900,15925.40110496,0
2017-08-23 08:00:00,4081.63000000,4124.00000000,4057.00000000,4124.00000000,37.69791800,2017-08-23 08:59:59.999,153734.10470187,252,7.28004800,29803.78858092,0
2017-08-23 09:00:00,4123.88000000,4242.32000000,4100.15000000,4203.12000000,40.18119700,2017-08-23 09:59:59.999,168331.12865980,220,6.70189900,28280.43918166,0
2017-08-23 10:00:00,4208.11000000,4228.02000000,4188.63000000,4228.02000000,24.06287400,2017-08-23 10:59:59.999,101355.70359986,203,5.76633700,24358.36836266,0
2017-08-23 11:00:00,4203.12000000,4237.99000000,4174.09000000,4237.99000000,33.08203300,2017-08-23 11:59:59.999,139194.61214233,378,16.44694600,69290.60133787,0
2017-08-23 12:00:00,4205.98000000,4265.80000000,4174.00000000,4215.68000000,62.63869000,2017-08-23 12:59:59.999,264786.21827334,641,30.04745500,127327.78285044,0
2017-08-23 13:00:00,4215.68000000,4230.92000000,4155.00000000,4211.00000000,81.24825400,2017-08-23 13:59:59.999,341206.92780045,1038,55.16165100,231941.22412850,0
2017-08-23 14:00:00,4166.89000000,4212.29000000,4154.51000000,4174.00000000,58.31394200,2017-08-23 14:59:59.999,244522.26585230,659,33.66504300,141447.36527435,0
2017-08-23 15:00:00,4174.00000000,4226.95000000,4150.65000000,4197.05000000,35.15968300,2017-08-23 15:59:59.999,147291.38761200,263,10.07356600,42345.44594124,0
2017-08-23 16:00:00,4226.94000000,4259.58000000,4197.05000000,4210.03000000,71.14975500,2017-08-23 16:59:59.999,300581.07447514,1103,38.18921000,161649.76503356,0
2017-08-23 17:00:00,4220.56000000,4231.00000000,4166.27000000,4166.27000000,39.17049400,2017-08-23 17:59:59.999,164134.26583127,317,10.01577900,42093.99354774,0
2017-08-23 18:00:00,4166.27000000,4191.71000000,4135.38000000,4143.37000000,31.86493300,2017-08-23 18:59:59.999,132417.82651000,218,1.91005600,7999.35671201,0
2017-08-23 19:00:00,4143.37000000,4168.90000000,4103.51000000,4117.07000000,32.45240300,2017-08-23 19:59:59.999,134123.08083034,218,3.86903300,16070.31625173,0
2017-08-23 20:00:00,4136.48000000,4136.48000000,4073.41000000,4118.40000000,42.75765700,2017-08-23 20:59:59.999,175108.24627081,239,13.21423100,54322.13762495,0
2017-08-23 21:00:00,4105.25000000,4178.65000000,4090.00000000,4090.00000000,41.06808400,2017-08-23 21:59:59.999,169175.35999736,258,10.30798600,42740.96968409,0
2017-08-23 22:00:00,4090.00000000,4152.00000000,4069.80000000,4114.20000000,27.13866400,2017-08-23 22:59:59.999,111340.22703448,249,5.20358100,21432.66413259,0
2017-08-23 23:00:00,4151.88000000,4169.99000000,4113.79000000,4114.01000000,41.65199700,2017-08-23 23:59:59.999,172058.32312752,265,10.86157900,44944.20017608,0
2017-08-24 00:00:00,4147.00000000,4154.55000000,4114.08000000,4131.00000000,30.11173600,2017-08-24 00:59:59.999,124536.56574856,222,4.31983800,17936.33414398,0
2017-08-24 01:00:00,4132.00000000,4195.00000000,4113.90000000,4140.91000000,30.56627800,2017-08-24 01:59:59.999,126792.35126619,206,4.33619900,18059.25547735,0
2017-08-24 02:00:00,4141.88000000,4204.55000000,4131.92000000,4131.92000000,27.82950200,2017-08-24 02:59:59.999,115892.92484727,291,6.41435600,26783.91401755,0
2017-08-24 03:00:00,4146.97000000,4163.59000000,4085.01000000,4113.58000000,35.01263400,2017-08-24 03:59:59.999,144328.52252791,184,11.99035000,49611.94877027,0
2017-08-24 04:00:00,4113.58000000,4148.19000000,4090.39000000,4113.98000000,32.24757100,2017-08-24 04:59:59.999,132792.78946036,224,6.58374900,27262.13723845,0
2017-08-24 05:00:00,4113.98000000,4177.64000000,4113.49000000,4132.09000000,28.15876900,2017-08-24 05:59:59.999,116441.34416359,215,6.10110300,25293.97224734,0
2017-08-24 06:00:00,4132.09000000,4177.18000000,4131.91000000,4133.42000000,29.92153600,2017-08-24 06:59:59.999,124168.41099771,187,3.90791400,16287.10555072,0
2017-08-24 07:00:00,4153.97000000,4173.99000000,4133.41000000,4153.32000000,32.85158400,2017-08-24 07:59:59.999,136461.99518260,163,5.06338300,21119.26009569,0
2017-08-24 08:00:00,4153.80000000,4206.88000000,4153.32000000,4200.00000000,32.27542800,2017-08-24 08:59:59.999,135102.78018894,214,6.28624700,26343.61604714,0
2017-08-24 09:00:00,4200.00000000,4224.00000000,4150.00000000,4165.01000000,38.91634600,2017-08-24 09:59:59.999,163088.88514981,382,14.51980800,61022.35180438,0
2017-08-24 10:00:00,4166.00000000,4250.94000000,4165.01000000,4173.98000000,66.49455200,2017-08-24 10:59:59.999,278471.29594082,774,41.17008800,172680.57009559,0
2017-08-24 11:00:00,4173.98000000,4215.74000000,4166.67000000,4202.00000000,33.80016200,2017-08-24 11:59:59.999,141397.15996664,344,11.07970700,46452.62596920,0
2017-08-24 12:00:00,4211.78000000,4224.64000000,4136.33000000,4150.89000000,31.36047200,2017-08-24 12:59:59.999,131117.03736356,342,11.13367900,46673.84536136,0
2017-08-24 13:00:00,4167.69000000,4184.48000000,4148.78000000,4157.74000000,38.64067800,2017-08-24 13:59:59.999,160719.79290012,353,6.05375500,25209.90106501,0
2017-08-24 14:00:00,4173.11000000,4250.90000000,4157.74000000,4221.00000000,52.31597500,2017-08-24 14:59:59.999,219460.65263933,402,21.28775200,89351.53774648,0
2017-08-24 15:00:00,4235.90000000,4250.78000000,4196.01000000,4222.00000000,24.68021700,2017-08-24 15:59:59.999,104071.36262586,167,4.90754600,20742.32684218,0
2017-08-24 16:00:00,4223.06000000,4250.71000000,4207.86000000,4215.00000000,29.31562000,2017-08-24 16:59:59.999,123831.66620816,231,6.11329200,25857.38544557,0
2017-08-24 17:00:00,4225.50000000,4236.00000000,4178.22000000,4188.18000000,27.54263300,2017-08-24 17:59:59.999,115785.73377483,246,3.37326500,14207.45200284,0
2017-08-24 18:00:00,4188.18000000,4221.00000000,4179.22000000,4221.00000000,28.00058100,2017-08-24 18:59:59.999,117421.77682590,164,2.62941100,11053.85777606,0
2017-08-24 19:00:00,4234.00000000,4250.77000000,4206.61000000,4216.07000000,26.72052400,2017-08-24 19:59:59.999,112811.21731799,198,4.12526200,17484.64346257,0
2017-08-24 20:00:00,4216.10000000,4245.00000000,4193.17000000,4193.50000000,22.59896500,2017-08-24 20:59:59.999,95238.49583730,157,3.55434800,15053.31961850,0
2017-08-24 21:00:00,4208.10000000,4234.00000000,4205.87000000,4207.00000000,23.74329100,2017-08-24 21:59:59.999,100086.46619221,231,5.66632000,23954.10079812,0
2017-08-24 22:00:00,4207.00000000,4330.61000000,4206.11000000,4326.23000000,28.53797900,2017-08-24 22:59:59.999,121486.06277967,163,4.61783300,19686.39048766,0
2017-08-24 23:00:00,4326.24000000,4371.68000000,4297.76000000,4316.01000000,35.77572000,2017-08-24 23:59:59.999,154971.12325943,187,11.58520700,50251.21206719,0
2017-08-25 00:00:00,4316.01000000,4369.00000000,4310.59000000,4366.00000000,48.18978400,2017-08-25 00:59:59.999,208959.64199728,632,6.83178000,29732.00125124,0
2017-08-25 01:00:00,4368.00000000,4370.00000000,4328.58000000,4333.01000000,36.70020400,2017-08-25 01:59:59.999,159681.15788884,475,5.86159400,25535.76703584,0
2017-08-25 02:00:00,4333.01000000,4363.71000000,4328.58000000,4363.71000000,27.69657100,2017-08-25 02:59:59.999,120338.33635291,224,10.64642500,46287.79257977,0
2017-08-25 03:00:00,4346.14000000,4363.71000000,4295.75000000,4312.69000000,28.51796700,2017-08-25 03:59:59.999,123004.91271326,180,5.16828900,22374.74895298,0
2017-08-25 04:00:00,4312.69000000,4362.00000000,4310.20000000,4310.20000000,30.47697300,2017-08-25 04:59:59.999,131963.26608026,322,4.99941600,21708.31301397,0
2017-08-25 05:00:00,4296.63000000,4340.00000000,4281.04000000,4281.04000000,17.86787000,2017-08-25 05:59:59.999,77034.36166927,152,4.80025300,20772.34893265,0
2017-08-25 06:00:00,4294.79000000,4333.96000000,4267.50000000,4302.72000000,31.83984500,2017-08-25 06:59:59.999,136715.17388260,219,3.74189200,16089.80978916,0
2017-08-25 07:00:00,4302.72000000,4335.00000000,4300.00000000,4329.00000000,21.32485500,2017-08-25 07:59:59.999,92150.65296820,232,4.72117500,20435.21061558,0
2017-08-25 08:00:00,4317.81000000,4354.35000000,4316.54000000,4332.17000000,21.36213300,2017-08-25 08:59:59.999,92460.23380881,164,2.76051000,11988.01185592,0
2017-08-25 09:00:00,4332.17000000,4352.00000000,4332.17000000,4344.56000000,12.23636000,2017-08-25 09:59:59.999,53103.19155886,187,2.96786500,12897.90543293,0
2017-08-25 10:00:00,4344.56000000,4344.56000000,4298.74000000,4314.33000000,15.03945300,2017-08-25 10:59:59.999,65063.46297304,127,1.24159700,5384.42350432,0
2017-08-25 11:00:00,4331.67000000,4361.28000000,4313.00000000,4361.27000000,25.79511400,2017-08-25 11:59:59.999,111811.08893997,216,8.98959900,39067.14886062,0
2017-08-25 12:00:00,4361.27000000,4361.27000000,4261.13000000,4309.69000000,110.99860900,2017-08-25 12:59:59.999,479266.24358939,1891,7.91898800,34255.32181097,0
2017-08-25 13:00:00,4311.69000000,4345.00000000,4297.66000000,4312.00000000,20.80101800,2017-08-25 13:59:59.999,89785.16092173,188,4.48226400,19379.58081598,0
2017-08-25 14:00:00,4303.82000000,4340.00000000,4291.52000000,4305.00000000,10.61026600,2017-08-25 14:59:59.999,45804.26802267,139,6.10737800,26391.53326228,0
2017-08-25 15:00:00,4321.50000000,4422.29000000,4321.50000000,4394.36000000,21.79676300,2017-08-25 15:59:59.999,95349.33516114,189,5.42180100,23667.65045997,0
2017-08-25 16:00:00,4394.36000000,4453.91000000,4375.29000000,4447.31000000,17.78478000,2017-08-25 16:59:59.999,78475.08439706,179,3.76292300,16626.93257131,0
2017-08-25 17:00:00,4414.01000000,4424.99000000,4372.29000000,4402.32000000,15.89394400,2017-08-25 17:59:59.999,69953.46661816,163,1.56342200,6859.10023037,0
2017-08-25 18:00:00,4409.44000000,4449.44000000,4388.88000000,4449.44000000,9.30240700,2017-08-25 18:59:59.999,40996.05428988,123,0.60199300,2658.58212944,0
2017-08-25 19:00:00,4406.35000000,4420.00000000,4284.11000000,4307.17000000,9.41819900,2017-08-25 19:59:59.999,40906.90183160,53,2.23371300,9706.14953201,0
2017-08-25 20:00:00,4326.00000000,4326.00000000,4247.48000000,4286.29000000,11.55902200,2017-08-25 20:59:59.999,49429.29263850,142,2.92345300,12601.54390547,0
2017-08-25 21:00:00,4286.29000000,4336.13000000,4250.08000000,4288.99000000,9.57415300,2017-08-25 21:59:59.999,41252.18901309,112,1.91613800,8266.87303060,0
2017-08-25 22:00:00,4288.99000000,4365.00000000,4288.99000000,4303.37000000,8.95275500,2017-08-25 22:59:59.999,38638.16090767,134,0.39288100,1705.25812557,0
2017-08-25 23:00:00,4304.02000000,4343.18000000,4280.68000000,4280.68000000,9.87369500,2017-08-25 23:59:59.999,42495.71113908,111,0.04262500,185.12804750,0
2017-08-26 00:00:00,4280.71000000,4315.00000000,4274.33000000,4281.00000000,5.19870000,2017-08-26 00:59:59.999,22301.66474729,67,0.76902900,3315.16013000,0
2017-08-26 01:00:00,4305.50000000,4315.00000000,4282.00000000,4284.00000000,4.25921800,2017-08-26 01:59:59.999,18283.57366126,41,0.68047300,2931.00807420,0
2017-08-26 02:00:00,4284.00000000,4305.75000000,4260.62000000,4266.04000000,14.61186800,2017-08-26 02:59:59.999,62640.85020169,143,2.77320900,11906.97640217,0
2017-08-26 03:00:00,4245.01000000,4297.94000000,4228.99000000,4297.94000000,17.56878200,2017-08-26 03:59:59.999,74994.45983673,174,1.46813500,6291.78033994,0
2017-08-26 04:00:00,4297.94000000,4297.94000000,4271.51000000,4297.94000000,0.54652600,2017-08-26 04:59:59.999,2345.72182340,15,0.36542100,1570.55738688,0
2017-08-26 05:00:00,4297.94000000,4319.67000000,4252.44000000,4295.75000000,16.85071100,2017-08-26 05:59:59.999,72259.25194890,131,4.21439500,18115.37323181,0
2017-08-26 06:00:00,4307.72000000,4319.70000000,4280.81000000,4319.70000000,8.94314700,2017-08-26 06:59:59.999,38437.88350488,79,1.90168900,8187.28164260,0
2017-08-26 07:00:00,4308.82000000,4319.70000000,4297.94000000,4319.70000000,2.36690400,2017-08-26 07:59:59.999,10210.69829808,39,0.95945300,4144.54912410,0
2017-08-26 08:00:00,4319.70000000,4319.70000000,4318.74000000,4319.70000000,1.61167500,2017-08-26 08:59:59.999,6961.89871254,5,1.55564900,6719.93698530,0
2017-08-26 09:00:00,4318.74000000,4318.74000000,4260.88000000,4274.84000000,14.72579900,2017-08-26 09:59:59.999,63231.23527479,94,1.93769400,8335.01364854,0
2017-08-26 10:00:00,4289.12000000,4317.99000000,4289.12000000,4292.80000000,6.29179100,2017-08-26 10:59:59.999,27054.28174337,47,0.75147200,3242.13540328,0
2017-08-26 11:00:00,4307.50000000,4317.99000000,4287.79000000,4288.72000000,13.52381600,2017-08-26 11:59:59.999,58171.44743703,96,2.40560200,10366.36842128,0
2017-08-26 12:00:00,4288.72000000,4306.74000000,4234.42000000,4243.98000000,15.68753300,2017-08-26 12:59:59.999,66934.74396213,155,5.54025300,23696.85547989,0
2017-08-26 13:00:00,4260.41000000,4295.00000000,4221.14000000,4261.89000000,9.43755900,2017-08-26 13:59:59.999,40211.94348868,78,1.63799800,6999.21574865,0
2017-08-26 14:00:00,4258.53000000,4274.00000000,4242.04000000,4274.00000000,4.29972200,2017-08-26 14:59:59.999,18341.60280509,48,1.19862800,5119.05276340,0
2017-08-26 15:00:00,4274.00000000,4275.00000000,4246.96000000,4275.00000000,5.23017000,2017-08-26 15:59:59.999,22310.23514188,83,2.86892000,12254.48221836,0
2017-08-26 16:00:00,4275.00000000,4275.00000000,4212.41000000,4265.97000000,10.51769600,2017-08-26 16:59:59.999,44554.85763101,65,1.38574400,5915.67715434,0
2017-08-26 17:00:00,4265.97000000,4272.99000000,4230.02000000,4255.19000000,8.88059400,2017-08-26 17:59:59.999,37758.31035254,129,1.72230500,7336.18998304,0
2017-08-26 18:00:00,4255.19000000,4273.00000000,4236.51000000,4272.00000000,5.58172500,2017-08-26 18:59:59.999,23782.71846530,80,2.09090000,8911.47182574,0
2017-08-26 19:00:00,4272.00000000,4351.32000000,4258.51000000,4293.52000000,22.45109300,2017-08-26 19:59:59.999,96437.82974633,276,10.92054000,46874.08811859,0
2017-08-26 20:00:00,4293.52000000,4335.06000000,4279.00000000,4333.56000000,10.69685500,2017-08-26 20:59:59.999,46148.65083722,107,2.92290200,12641.24436118,0
2017-08-26 21:00:00,4345.00000000,4345.00000000,4288.10000000,4313.98000000,12.21551600,2017-08-26 21:59:59.999,52698.60752079,134,2.06463300,8931.25733391,0
2017-08-26 22:00:00,4323.06000000,4330.00000000,4288.09000000,4300.00000000,8.40697200,2017-08-26 22:59:59.999,36264.02395528,87,1.53160100,6621.95248079,0
2017-08-26 23:00:00,4288.10000000,4367.00000000,4288.09000000,4337.44000000,8.20369600,2017-08-26 23:59:59.999,35529.24223589,87,2.52349600,10936.17224446,0
2017-08-27 00:00:00,4332.51000000,4368.20000000,4315.52000000,4354.00000000,18.54133500,2017-08-27 00:59:59.999,80501.07721990,184,5.50415900,23917.94985713,0
2017-08-27 01:00:00,4339.00000000,4383.03000000,4338.93000000,4379.32000000,19.41181800,2017-08-27 01:59:59.999,84588.97083299,227,6.23032900,27158.34242418,0
2017-08-27 02:00:00,4379.50000000,4400.00000000,4368.10000000,4368.10000000,10.68340900,2017-08-27 02:59:59.999,46825.41080745,151,3.96777300,17425.02587282,0
2017-08-27 03:00:00,4379.24000000,4379.24000000,4314.91000000,4314.91000000,14.34382600,2017-08-27 03:59:59.999,62303.84113492,169,2.50018700,10891.68796197,0
2017-08-27 04:00:00,4329.19000000,4370.85000000,4303.02000000,4328.00000000,12.73989500,2017-08-27 04:59:59.999,55169.72638594,211,1.99646700,8666.88827866,0
2017-08-27 05:00:00,4328.00000000,4342.19000000,4293.42000000,4320.52000000,13.12702000,2017-08-27 05:59:59.999,56728.99897238,120,1.69684400,7330.95370551,0
2017-08-27 06:00:00,4314.90000000,4344.90000000,4314.89000000,4314.90000000,13.07694100,2017-08-27 06:59:59.999,56645.72516422,94,2.63649700,11435.82929643,0
2017-08-27 07:00:00,4335.11000000,4342.96000000,4298.75000000,4313.84000000,8.53434300,2017-08-27 07:59:59.999,36958.95808091,75,1.60078300,6936.94896715,0
2017-08-27 08:00:00,4331.29000000,4352.34000000,4302.12000000,4302.14000000,16.11680700,2017-08-27 08:59:59.999,69781.61786025,214,5.78784100,25138.55542853,0
2017-08-27 09:00:00,4323.90000000,4345.81000000,4302.11000000,4320.81000000,12.86874400,2017-08-27 09:59:59.999,55665.87825370,199,8.52938300,36941.46228487,0
2017-08-27 10:00:00,4330.00000000,4330.00000000,4285.56000000,4302.73000000,13.82071400,2017-08-27 10:59:59.999,59503.95863099,264,3.66351200,15813.98702263,0
2017-08-27 11:00:00,4323.87000000,4344.99000000,4285.80000000,4323.37000000,14.33241700,2017-08-27 11:59:59.999,61859.39233334,186,2.37705800,10302.51598199,0
2017-08-27 12:00:00,4340.00000000,4340.00000000,4298.66000000,4298.66000000,11.00003300,2017-08-27 12:59:59.999,47581.28930901,90,2.27893900,9866.05984430,0
2017-08-27 13:00:00,4314.11000000,4333.68000000,4285.54000000,4312.69000000,11.89881600,2017-08-27 13:59:59.999,51332.27802027,170,2.10957700,9115.15688035,0
2017-08-27 14:00:00,4312.69000000,4324.36000000,4295.89000000,4312.19000000,5.18374100,2017-08-27 14:59:59.999,22350.61525580,69,0.34498000,1490.21186178,0
2017-08-27 15:00:00,4312.19000000,4335.00000000,4295.28000000,4325.00000000,7.19483400,2017-08-27 15:59:59.999,31005.79704211,119,1.82933900,7914.82192633,0
2017-08-27 16:00:00,4290.01000000,4339.99000000,4290.01000000,4306.00000000,10.84707100,2017-08-27 16:59:59.999,46940.25959291,131,8.22943100,35676.07426291,0
2017-08-27 17:00:00,4339.99000000,4370.92000000,4306.01000000,4340.00000000,21.11513200,2017-08-27 17:59:59.999,92019.05490668,210,8.22585900,35910.47464677,0
2017-08-27 18:00:00,4369.00000000,4370.92000000,4335.00000000,4368.41000000,5.62445200,2017-08-27 18:59:59.999,24533.28306907,88,4.35719100,19017.31082131,0
2017-08-27 19:00:00,4370.42000000,4386.78000000,4327.62000000,4368.41000000,34.52460500,2017-08-27 19:59:59.999,150113.08357912,159,9.51930300,41573.71787220,0
2017-08-27 20:00:00,4336.12000000,4386.79000000,4336.12000000,4345.00000000,29.23691300,2017-08-27 20:59:59.999,127509.69791340,182,7.76118900,34039.37433508,0
2017-08-27 21:00:00,4386.00000000,4386.00000000,4336.09000000,4370.00000000,16.74650500,2017-08-27 21:59:59.999,72889.26824459,173,4.99200100,21851.31382000,0
2017-08-27 22:00:00,4350.00000000,4371.42000000,4315.16000000,4315.16000000,11.03935400,2017-08-27 22:59:59.999,47964.32814643,63,2.20906100,9655.65544538,0
2017-08-27 23:00:00,4367.40000000,4367.40000000,4309.60000000,4310.01000000,18.68386000,2017-08-27 23:59:59.999,80807.55126919,122,3.30365500,14371.86057387,0
2017-08-28 00:00:00,4310.01000000,4326.99000000,4282.20000000,4282.20000000,29.53245100,2017-08-28 00:59:59.999,126961.60585228,311,2.74702700,11796.91858923,0
2017-08-28 01:00:00,4282.20000000,4317.20000000,4265.45000000,4280.04000000,26.81533400,2017-08-28 01:59:59.999,114885.31802015,143,5.20004400,22412.50795007,0
2017-08-28 02:00:00,4280.04000000,4330.36000000,4258.78000000,4295.00000000,7.80999500,2017-08-28 02:59:59.999,33621.85061654,88,4.40237100,19019.59564374,0
2017-08-28 03:00:00,4295.00000000,4310.00000000,4239.36000000,4239.37000000,9.13757500,2017-08-28 03:59:59.999,38910.49191509,87,0.14616000,620.42544465,0
2017-08-28 04:00:00,4239.36000000,4252.76000000,4124.54000000,4227.00000000,39.35437800,2017-08-28 04:59:59.999,164199.06961561,404,18.76966400,78510.38968252,0
2017-08-28 05:00:00,4251.92000000,4251.92000000,4150.10000000,4169.01000000,21.49009400,2017-08-28 05:59:59.999,89862.20554078,221,8.33641000,35056.26129063,0
2017-08-28 06:00:00,4223.80000000,4282.07000000,4199.01000000,4221.04000000,16.85659700,2017-08-28 06:59:59.999,71504.33549135,156,12.56506100,53376.78886101,0
2017-08-28 07:00:00,4221.04000000,4297.11000000,4207.42000000,4261.90000000,16.69612900,2017-08-28 07:59:59.999,71020.73874214,132,7.94286400,33915.11126312,0
2017-08-28 08:00:00,4261.90000000,4305.00000000,4239.15000000,4252.70000000,22.83495800,2017-08-28 08:59:59.999,97630.85634442,134,12.57628200,53960.05399003,0
2017-08-28 09:00:00,4252.70000000,4298.83000000,4226.93000000,4227.00000000,18.00116100,2017-08-28 09:59:59.999,76494.34955755,145,4.37550400,18705.00255886,0
2017-08-28 10:00:00,4240.00000000,4317.21000000,4240.00000000,4290.77000000,36.98736100,2017-08-28 10:59:59.999,157880.99801294,178,3.41799900,14669.98117782,0
2017-08-28 11:00:00,4290.77000000,4365.40000000,4288.07000000,4308.00000000,43.89855400,2017-08-28 11:59:59.999,189478.67644821,213,17.87183300,77459.29114423,0
2017-08-28 12:00:00,4309.00000000,4347.00000000,4271.86000000,4280.00000000,34.09629900,2017-08-28 12:59:59.999,146755.00798747,218,8.60269400,37189.16130448,0
2017-08-28 13:00:00,4280.00000000,4347.00000000,4279.82000000,4347.00000000,20.36285300,2017-08-28 13:59:59.999,87876.00917768,176,8.30635900,35988.19704499,0
2017-08-28 14:00:00,4295.32000000,4320.90000000,4279.82000000,4291.13000000,32.23260600,2017-08-28 14:59:59.999,138580.96113782,168,3.47194500,14983.94275270,0
2017-08-28 15:00:00,4291.13000000,4315.00000000,4271.03000000,4273.59000000,35.16679300,2017-08-28 15:59:59.999,151032.48990101,217,3.74677200,16141.95158592,0
2017-08-28 16:00:00,4317.20000000,4341.99000000,4273.59000000,4322.65000000,23.26661100,2017-08-28 16:59:59.999,100072.93114145,144,0.83632800,3626.50130276,0
2017-08-28 17:00:00,4322.65000000,4370.45000000,4313.66000000,4324.67000000,41.91569700,2017-08-28 17:59:59.999,182013.92809858,243,3.72915900,16227.47991876,0
2017-08-28 18:00:00,4324.64000000,4362.99000000,4307.22000000,4312.70000000,18.66693800,2017-08-28 18:59:59.999,80815.51404734,163,1.87435000,8165.34939170,0
2017-08-28 19:00:00,4312.69000000,4361.37000000,4312.69000000,4321.65000000,23.37643100,2017-08-28 19:59:59.999,101197.81421170,207,2.71909200,11812.04791840,0
2017-08-28 20:00:00,4321.65000000,4339.80000000,4290.18000000,4312.43000000,13.37158200,2017-08-28 20:59:59.999,57720.15476563,129,0.93150500,4042.54125556,0
2017-08-28 21:00:00,4312.43000000,4349.98000000,4312.43000000,4331.47000000,20.51705900,2017-08-28 21:59:59.999,88877.24150382,165,2.09687700,9107.22313992,0
2017-08-28 22:00:00,4346.76000000,4399.82000000,4331.45000000,4353.32000000,22.74944700,2017-08-28 22:59:59.999,99044.38635426,135,2.15503600,9436.30814238,0
2017-08-28 23:00:00,4353.32000000,4386.69000000,4350.70000000,4386.69000000,28.70471300,2017-08-28 23:59:59.999,125223.59131571,172,5.96644600,26141.17475786,0
2017-08-29 00:00:00,4353.65000000,4386.68000000,4331.46000000,4349.44000000,20.28708600,2017-08-29 00:59:59.999,88357.60709415,144,1.30140900,5703.58495516,0
2017-08-29 01:00:00,4349.44000000,4386.69000000,4331.47000000,4349.54000000,20.22274700,2017-08-29 01:59:59.999,88209.44921995,177,7.66471700,33596.10809858,0
2017-08-29 02:00:00,4349.55000000,4359.99000000,4314.35000000,4314.78000000,17.14654100,2017-08-29 02:59:59.999,74332.06569327,79,1.48877300,6479.73746671,0
2017-08-29 03:00:00,4359.99000000,4383.99000000,4315.93000000,4376.99000000,21.20570000,2017-08-29 03:59:59.999,92504.64515069,218,5.36739400,23426.82677576,0
2017-08-29 04:00:00,4363.48000000,4383.98000000,4358.50000000,4363.16000000,27.49227200,2017-08-29 04:59:59.999,120058.51468144,149,1.01876900,4465.33567465,0
2017-08-29 05:00:00,4363.16000000,4404.05000000,4343.49000000,4356.76000000,30.53829500,2017-08-29 05:59:59.999,133391.24000662,216,7.22480200,31673.68570325,0
2017-08-29 06:00:00,4356.76000000,4389.49000000,4343.48000000,4363.21000000,30.45445000,2017-08-29 06:59:59.999,132985.09133046,213,11.88595100,52111.43042776,0
2017-08-29 07:00:00,4389.44000000,4404.07000000,4313.55000000,4329.02000000,39.97194200,2017-08-29 07:59:59.999,174219.47799310,316,10.93011600,47909.96730165,0
2017-08-29 08:00:00,4328.12000000,4382.99000000,4328.12000000,4352.52000000,25.94743000,2017-08-29 08:59:59.999,112908.81039327,196,4.49430700,19621.27793168,0
2017-08-29 09:00:00,4352.52000000,4379.99000000,4329.59000000,4367.40000000,30.62444400,2017-08-29 09:59:59.999,133125.29240136,189,5.09369500,22211.27390029,0
2017-08-29 10:00:00,4367.40000000,4368.47000000,4329.57000000,4346.86000000,11.08336200,2017-08-29 10:59:59.999,48229.75931477,141,0.99040600,4326.46670588,0
2017-08-29 11:00:00,4346.86000000,4417.61000000,4333.20000000,4368.50000000,20.39619300,2017-08-29 11:59:59.999,89230.69530923,175,6.09921300,26796.88550878,0
2017-08-29 12:00:00,4368.50000000,4436.94000000,4347.59000000,4408.08000000,41.23711200,2017-08-29 12:59:59.999,180821.64364281,237,6.04128700,26716.46432437,0
2017-08-29 13:00:00,4417.07000000,4625.85000000,4408.09000000,4580.00000000,34.37351400,2017-08-29 13:59:59.999,154636.01938812,225,16.09108600,72919.55585520,0
2017-08-29 14:00:00,4581.61000000,4599.96000000,4530.87000000,4545.87000000,19.22064300,2017-08-29 14:59:59.999,87762.17028768,119,8.09259000,37063.02007585,0
2017-08-29 15:00:00,4545.86000000,4597.97000000,4545.75000000,4570.00000000,33.93330200,2017-08-29 15:59:59.999,155201.41443711,258,7.53686000,34505.90706252,0
2017-08-29 16:00:00,4569.65000000,4584.00000000,4503.92000000,4503.92000000,30.89022700,2017-08-29 16:59:59.999,140214.25349696,169,2.58455700,11807.25912519,0
2017-08-29 17:00:00,4505.00000000,4555.55000000,4496.95000000,4555.55000000,36.10073000,2017-08-29 17:59:59.999,163394.14723278,197,4.55486400,20716.83620367,0
2017-08-29 18:00:00,4533.47000000,4555.54000000,4511.45000000,4536.63000000,25.69219900,2017-08-29 18:59:59.999,116484.49488156,164,5.24702300,23863.68454493,0
2017-08-29 19:00:00,4536.64000000,4555.55000000,4521.01000000,4555.55000000,34.53107400,2017-08-29 19:59:59.999,156785.74205420,221,13.47159000,61290.03229867,0
2017-08-29 20:00:00,4540.00000000,4597.00000000,4535.09000000,4577.54000000,13.58793500,2017-08-29 20:59:59.999,62093.40692521,97,5.26045900,24097.65551192,0
2017-08-29 21:00:00,4563.50000000,4624.99000000,4550.09000000,4618.93000000,25.89768300,2017-08-29 21:59:59.999,119290.62302732,128,7.84386700,36158.98357010,0
2017-08-29 22:00:00,4618.92000000,4618.92000000,4564.77000000,4591.88000000,4.53926800,2017-08-29 22:59:59.999,20794.14928433,72,1.12815200,5169.05018523,0
2017-08-29 23:00:00,4590.00000000,4619.60000000,4564.81000000,4587.48000000,8.17087900,2017-08-29 23:59:59.999,37453.02258352,59,2.03068000,9350.99147878,0
2017-08-30 00:00:00,4564.52000000,4599.78000000,4527.45000000,4575.23000000,26.27279700,2017-08-30 00:59:59.999,119852.99008503,219,2.81725300,12926.38581052,0
2017-08-30 01:00:00,4576.23000000,4619.99000000,4576.22000000,4597.55000000,45.78088100,2017-08-30 01:59:59.999,210385.29876600,196,3.85683100,17754.06398939,0
2017-08-30 02:00:00,4597.54000000,4615.55000000,4565.33000000,4604.12000000,25.84694000,2017-08-30 02:59:59.999,118666.24898995,237,4.91414100,22589.10485858,0
2017-08-30 03:00:00,4586.66000000,4618.30000000,4582.60000000,4583.61000000,21.52441200,2017-08-30 03:59:59.999,98824.87008557,119,1.17702300,5434.22791159,0
2017-08-30 04:00:00,4600.00000000,4625.00000000,4579.61000000,4579.61000000,44.07068000,2017-08-30 04:59:59.999,202667.36113290,228,12.70292800,58594.88671421,0
2017-08-30 05:00:00,4599.52000000,4617.00000000,4558.89000000,4590.49000000,34.41904600,2017-08-30 05:59:59.999,157750.30088923,161,3.97381500,18284.30837757,0
2017-08-30 06:00:00,4590.49000000,4647.51000000,4575.55000000,4588.00000000,39.34143600,2017-08-30 06:59:59.999,181384.53520333,184,8.13566500,37637.01574031,0
2017-08-30 07:00:00,4588.00000000,4632.00000000,4550.01000000,4550.02000000,31.72028900,2017-08-30 07:59:59.999,145571.68948161,214,6.77869400,31234.33005285,0
2017-08-30 08:00:00,4550.00000000,4597.00000000,4542.42000000,4552.69000000,22.72769800,2017-08-30 08:59:59.999,103742.44769564,136,2.74160500,12587.82801300,0
2017-08-30 09:00:00,4566.35000000,4589.77000000,4482.00000000,4482.00000000,30.34239500,2017-08-30 09:59:59.999,137734.94768878,154,6.60192600,30174.52382432,0
2017-08-30 10:00:00,4502.17000000,4538.09000000,4416.01000000,4477.10000000,80.92942700,2017-08-30 10:59:59.999,362543.76987336,798,30.43427400,136532.44795075,0
2017-08-30 11:00:00,4538.09000000,4569.00000000,4470.23000000,4498.35000000,42.15230800,2017-08-30 11:59:59.999,190944.99579762,249,17.39403500,78980.21409373,0
2017-08-30 12:00:00,4537.00000000,4592.76000000,4416.16000000,4570.00000000,52.59406000,2017-08-30 12:59:59.999,237124.64967646,359,19.54661400,89074.13307770,0
2017-08-30 13:00:00,4561.06000000,4588.00000000,4532.50000000,4585.31000000,40.35774300,2017-08-30 13:59:59.999,184126.12964575,318,12.97907300,59404.20703479,0
2017-08-30 14:00:00,4584.00000000,4589.67000000,4531.48000000,4558.16000000,33.24882500,2017-08-30 14:59:59.999,151639.50189387,194,12.77846600,58343.71584044,0
2017-08-30 15:00:00,4549.08000000,4575.18000000,4516.95000000,4546.77000000,36.81285300,2017-08-30 15:59:59.999,167216.75682492,329,12.97965400,59139.03254663,0
2017-08-30 16:00:00,4555.00000000,4598.08000000,4546.74000000,4589.99000000,28.32804600,2017-08-30 16:59:59.999,129258.96481065,202,5.25742000,24049.03216978,0
2017-08-30 17:00:00,4546.75000000,4600.00000000,4546.74000000,4600.00000000,21.98594700,2017-08-30 17:59:59.999,100587.25365122,204,8.96946700,41221.29950843,0
2017-08-30 18:00:00,4590.01000000,4609.92000000,4556.00000000,4556.00000000,13.83316500,2017-08-30 18:59:59.999,63398.82209686,156,1.32636000,6097.57833649,0
2017-08-30 19:00:00,4554.07000000,4574.30000000,4532.80000000,4536.82000000,20.69812000,2017-08-30 19:59:59.999,94220.95509816,159,0.74536800,3388.06195467,0
2017-08-30 20:00:00,4536.82000000,4571.87000000,4516.87000000,4547.74000000,17.61370200,2017-08-30 20:59:59.999,80036.81137391,186,0.18512800,845.93586965,0
2017-08-30 21:00:00,4547.74000000,4565.00000000,4531.53000000,4547.26000000,24.53115700,2017-08-30 21:59:59.999,111581.39039642,134,4.41977900,20109.61925477,0
2017-08-30 22:00:00,4561.69000000,4579.91000000,4547.24000000,4547.90000000,32.28917300,2017-08-30 22:59:59.999,147257.26014658,152,6.93150600,31728.13364593,0
2017-08-30 23:00:00,4547.91000000,4579.85000000,4547.81000000,4555.14000000,41.04767100,2017-08-30 23:59:59.999,187196.73535741,263,8.41522700,38490.15093273,0
2017-08-31 00:00:00,4555.14000000,4579.99000000,4555.14000000,4569.66000000,33.39053000,2017-08-31 00:59:59.999,152557.50363479,135,8.32729700,38117.07607021,0
2017-08-31 01:00:00,4579.99000000,4605.99000000,4569.65000000,4574.80000000,27.07516500,2017-08-31 01:59:59.999,124073.91827080,172,6.28351400,28855.33566683,0
2017-08-31 02:00:00,4574.80000000,4600.00000000,4569.60000000,4596.54000000,32.12332500,2017-08-31 02:59:59.999,147481.14816601,306,3.28723900,15118.22193006,0
2017-08-31 03:00:00,4596.54000000,4606.00000000,4592.19000000,4593.66000000,17.06186100,2017-08-31 03:59:59.999,78429.98319406,201,3.34475200,15385.37765067,0
2017-08-31 04:00:00,4596.54000000,4609.00000000,4586.49000000,4591.56000000,38.73800900,2017-08-31 04:59:59.999,178156.32202868,240,4.97606100,22917.78971748,0
2017-08-31 05:00:00,4592.92000000,4628.12000000,4578.17000000,4598.54000000,10.51493000,2017-08-31 05:59:59.999,48376.51667174,82,1.39321400,6433.50458644,0
2017-08-31 06:00:00,4600.00000000,4613.00000000,4572.99000000,4572.99000000,32.27296200,2017-08-31 06:59:59.999,148139.80851983,197,1.70218400,7832.04380666,0
2017-08-31 07:00:00,4572.99000000,4603.34000000,4572.64000000,4592.16000000,21.47302400,2017-08-31 07:59:59.999,98497.85591867,111,2.31334300,10637.81321245,0
2017-08-31 08:00:00,4603.58000000,4615.00000000,4578.00000000,4586.51000000,24.18558000,2017-08-31 08:59:59.999,111161.55845089,132,0.60242400,2780.17998398,0
2017-08-31 09:00:00,4572.64000000,4613.60000000,4572.64000000,4583.02000000,22.89293300,2017-08-31 09:59:59.999,105144.60409862,157,6.35446200,29253.05551877,0
2017-08-31 10:00:00,4596.52000000,4678.57000000,4583.02000000,4632.96000000,32.97073500,2017-08-31 10:59:59.999,152371.08609892,202,8.52529300,39468.41009135,0
2017-08-31 11:00:00,4632.97000000,4675.00000000,4631.41000000,4656.67000000,31.82556300,2017-08-31 11:59:59.999,147979.18268522,161,5.66418400,26431.40304505,0
2017-08-31 12:00:00,4674.97000000,4674.97000000,4631.41000000,4673.87000000,43.41001700,2017-08-31 12:59:59.999,202422.48205906,351,8.18334400,38239.48093840,0
2017-08-31 13:00:00,4673.87000000,4685.55000000,4632.87000000,4685.55000000,24.89700400,2017-08-31 13:59:59.999,116120.26140983,160,8.87415800,41466.23028221,0
2017-08-31 14:00:00,4685.55000000,4685.55000000,4649.69000000,4685.55000000,20.19057100,2017-08-31 14:59:59.999,94256.66385931,309,10.92198900,51083.19345692,0
2017-08-31 15:00:00,4657.76000000,4685.17000000,4648.82000000,4648.82000000,18.49960300,2017-08-31 15:59:59.999,86350.99712729,79,2.63034200,12309.42420188,0
2017-08-31 16:00:00,4648.82000000,4685.56000000,4638.98000000,4684.98000000,16.27078400,2017-08-31 16:59:59.999,76002.85722762,166,11.33440700,53090.69509188,0
2017-08-31 17:00:00,4684.98000000,4684.98000000,4638.98000000,4650.55000000,7.15972700,2017-08-31 17:59:59.999,33427.10966318,106,4.74605600,22205.84619048,0
2017-08-31 18:00:00,4683.90000000,4717.45000000,4650.56000000,4700.13000000,18.48921300,2017-08-31 18:59:59.999,86731.95225751,161,4.51082800,21169.25462785,0
2017-08-31 19:00:00,4703.02000000,4745.42000000,4678.78000000,4698.77000000,24.88343900,2017-08-31 19:59:59.999,116909.05633528,170,8.97046200,42225.27893015,0
2017-08-31 20:00:00,4688.47000000,4717.42000000,4673.10000000,4673.14000000,13.14882700,2017-08-31 20:59:59.999,61790.60150232,95,0.13113100,616.15440887,0
2017-08-31 21:00:00,4685.50000000,4724.71000000,4666.84000000,4724.71000000,16.74069200,2017-08-31 21:59:59.999,78585.41698590,132,3.48422700,16389.03379271,0
2017-08-31 22:00:00,4685.03000000,4700.00000000,4666.84000000,4697.00000000,16.74069000,2017-08-31 22:59:59.999,78514.95706405,174,6.15928100,28940.96766758,0
2017-08-31 23:00:00,4699.00000000,4724.89000000,4683.36000000,4724.89000000,12.00161800,2017-08-31 23:59:59.999,56396.88078226,162,9.22713300,43376.76303346,0
2017-09-01 00:00:00,4689.89000000,4745.35000000,4689.89000000,4721.05000000,15.71167300,2017-09-01 00:59:59.999,74145.73610788,105,2.49420100,11801.62396991,0
2017-09-01 01:00:00,4730.05000000,4766.99000000,4701.11000000,4725.00000000,28.11134400,2017-09-01 01:59:59.999,133018.25068186,270,9.94792500,47251.43870220,0
2017-09-01 02:00:00,4740.99000000,4767.00000000,4723.00000000,4735.96000000,15.14069300,2017-09-01 02:59:59.999,71825.62178620,147,9.18402300,43593.35455910,0
2017-09-01 03:00:00,4767.00000000,4767.00000000,4713.67000000,4714.73000000,16.68426800,2017-09-01 03:59:59.999,78802.10935386,101,1.91489900,9118.75458173,0
2017-09-01 04:00:00,4714.73000000,4734.99000000,4672.00000000,4672.00000000,40.82352800,2017-09-01 04:59:59.999,192087.25782715,215,3.18729400,15069.51447163,0
2017-09-01 05:00:00,4672.00000000,4688.96000000,4654.88000000,4664.14000000,8.74666900,2017-09-01 05:59:59.999,40844.53215299,65,0.44969300,2104.51078250,0
2017-09-01 06:00:00,4664.14000000,4696.99000000,4656.30000000,4666.66000000,14.17155400,2017-09-01 06:59:59.999,66207.59555712,54,0.52759500,2477.89093605,0
2017-09-01 07:00:00,4666.66000000,4713.80000000,4666.66000000,4707.50000000,37.48438300,2017-09-01 07:59:59.999,176109.41287110,207,6.93451200,32560.82922328,0
2017-09-01 08:00:00,4715.00000000,4762.99000000,4708.09000000,4749.99000000,35.02876200,2017-09-01 08:59:59.999,165827.84677742,202,11.27950900,53508.84297061,0
2017-09-01 09:00:00,4731.01000000,4750.00000000,4731.00000000,4742.46000000,34.77183900,2017-09-01 09:59:59.999,164845.23462609,230,7.33742000,34821.87555444,0
2017-09-01 10:00:00,4739.33000000,4778.19000000,4735.98000000,4761.42000000,27.30041500,2017-09-01 10:59:59.999,129856.93642638,189,5.29667800,25163.84311170,0
2017-09-01 11:00:00,4761.42000000,4798.46000000,4725.88000000,4775.00000000,33.86563900,2017-09-01 11:59:59.999,161068.35154385,189,3.96052800,18920.31778441,0
2017-09-01 12:00:00,4775.00000000,4793.00000000,4736.35000000,4793.00000000,8.02987300,2017-09-01 12:59:59.999,38346.40813377,73,6.84243900,32695.01689724,0
2017-09-01 13:00:00,4783.00000000,4839.92000000,4775.99000000,4777.02000000,14.10000000,2017-09-01 13:59:59.999,67525.13473439,150,7.25704100,34786.12431710,0
2017-09-01 14:00:00,4777.02000000,4788.00000000,4725.81000000,4725.81000000,21.60546100,2017-09-01 14:59:59.999,102650.77568090,118,0.46391400,2216.62598771,0
2017-09-01 15:00:00,4748.46000000,4804.12000000,4746.94000000,4803.83000000,25.15237800,2017-09-01 15:59:59.999,119869.14919820,177,1.69591700,8124.47218039,0
2017-09-01 16:00:00,4756.46000000,4803.83000000,4746.94000000,4780.80000000,29.92371000,2017-09-01 16:59:59.999,142778.91551233,275,2.92800800,14049.83229357,0
2017-09-01 17:00:00,4776.93000000,4794.97000000,4738.94000000,4792.97000000,23.41287500,2017-09-01 17:59:59.999,111892.04469397,181,1.84495800,8836.60463430,0
2017-09-01 18:00:00,4792.97000000,4811.82000000,4739.08000000,4771.08000000,18.35303400,2017-09-01 18:59:59.999,87645.54508297,185,6.00283300,28671.87812293,0
2017-09-01 19:00:00,4758.67000000,4815.67000000,4752.77000000,4813.24000000,25.26200400,2017-09-01 19:59:59.999,120947.04675955,252,4.07177100,19564.95449355,0
2017-09-01 20:00:00,4808.79000000,4819.67000000,4776.15000000,4819.67000000,19.79693400,2017-09-01 20:59:59.999,94912.11639949,152,8.05264200,38719.14731425,0
2017-09-01 21:00:00,4819.65000000,4859.44000000,4770.63000000,4770.63000000,23.98814800,2017-09-01 21:59:59.999,115457.63542645,186,6.35798700,30653.18002824,0
2017-09-01 22:00:00,4760.01000000,4857.60000000,4760.01000000,4843.17000000,14.68587700,2017-09-01 22:59:59.999,70564.61866069,84,2.68973900,12990.65706294,0
2017-09-01 23:00:00,4844.24000000,4885.55000000,4796.16000000,4834.91000000,28.51530500,2017-09-01 23:59:59.999,137937.28325155,193,7.93857700,38553.14091756,0
2017-09-02 00:00:00,4796.16000000,4885.55000000,4784.43000000,4885.55000000,21.53272100,2017-09-02 00:59:59.999,104065.10034998,164,10.12794800,49157.52223973,0
2017-09-02 01:00:00,4885.55000000,4932.38000000,4850.01000000,4932.38000000,45.47499600,2017-09-02 01:59:59.999,222465.99556363,369,21.80738100,106721.43672820,0
2017-09-02 02:00:00,4932.38000000,4939.19000000,4837.49000000,4839.96000000,30.98431800,2017-09-02 02:59:59.999,151878.09177408,172,6.14875800,30188.17467753,0
2017-09-02 03:00:00,4839.96000000,4850.00000000,4764.88000000,4788.07000000,47.54649300,2017-09-02 03:59:59.999,227925.54337642,331,18.98703500,91168.69213511,0
2017-09-02 04:00:00,4765.01000000,4814.49000000,4765.01000000,4794.11000000,20.95040000,2017-09-02 04:59:59.999,100439.34211217,223,6.97976200,33545.82413738,0
2017-09-02 05:00:00,4797.45000000,4814.44000000,4473.35000000,4473.35000000,61.95549500,2017-09-02 05:59:59.999,285127.16553006,520,19.10868600,88641.42838870,0
2017-09-02 06:00:00,4493.00000000,4732.86000000,4473.35000000,4696.44000000,66.73917900,2017-09-02 06:59:59.999,306271.82020508,756,53.22075100,244340.68404404,0
2017-09-02 07:00:00,4732.85000000,4780.00000000,4652.13000000,4697.71000000,29.12453400,2017-09-02 07:59:59.999,137793.64415791,209,11.97268000,56837.27338328,0
2017-09-02 08:00:00,4701.02000000,4709.40000000,4549.78000000,4628.86000000,46.81656100,2017-09-02 08:59:59.999,216645.59099751,312,10.55578300,48966.61936661,0
2017-09-02 09:00:00,4628.90000000,4660.29000000,4549.77000000,4604.02000000,34.02785500,2017-09-02 09:59:59.999,156816.17465156,236,7.83349000,36038.29243653,0
2017-09-02 10:00:00,4604.01000000,4654.73000000,4556.71000000,4625.56000000,43.27850000,2017-09-02 10:59:59.999,199548.90765177,335,16.28801500,75402.53530945,0
2017-09-02 11:00:00,4634.95000000,4688.66000000,4617.95000000,4630.01000000,18.11696000,2017-09-02 11:59:59.999,84133.51838698,214,11.00033200,51145.92641457,0
2017-09-02 12:00:00,4669.75000000,4675.00000000,4516.17000000,4604.97000000,46.38153200,2017-09-02 12:59:59.999,213563.26112659,354,17.82352600,82343.43186862,0
2017-09-02 13:00:00,4604.97000000,4637.56000000,4569.65000000,4618.39000000,21.95026700,2017-09-02 13:59:59.999,100971.50283955,194,6.62567300,30605.06006271,0
2017-09-02 14:00:00,4618.39000000,4618.39000000,4418.22000000,4483.94000000,53.05710700,2017-09-02 14:59:59.999,237819.15035943,355,22.03684400,98689.36668105,0
2017-09-02 15:00:00,4433.58000000,4483.62000000,4354.61000000,4460.19000000,65.91557900,2017-09-02 15:59:59.999,290845.21989576,397,29.20646600,129086.72262615,0
2017-09-02 16:00:00,4465.12000000,4508.96000000,4377.43000000,4439.00000000,48.47031700,2017-09-02 16:59:59.999,215738.14689521,366,19.57239300,87145.01011212,0
2017-09-02 17:00:00,4443.00000000,4545.76000000,4377.44000000,4530.01000000,36.50436900,2017-09-02 17:59:59.999,163282.67883821,272,11.11246900,49985.22071775,0
2017-09-02 18:00:00,4554.98000000,4554.98000000,4480.81000000,4486.06000000,31.20194000,2017-09-02 18:59:59.999,141219.81843156,208,1.59884300,7267.15889204,0
2017-09-02 19:00:00,4486.06000000,4509.96000000,4428.66000000,4509.77000000,23.43889600,2017-09-02 19:59:59.999,104888.35743817,134,10.37125800,46435.93987508,0
2017-09-02 20:00:00,4509.77000000,4509.96000000,4286.87000000,4351.19000000,57.06587600,2017-09-02 20:59:59.999,249907.42538909,628,26.14760900,114834.10582460,0
2017-09-02 21:00:00,4351.28000000,4414.59000000,4286.87000000,4299.53000000,25.71493000,2017-09-02 21:59:59.999,111874.24024297,231,9.95660300,43409.21701832,0
2017-09-02 22:00:00,4398.49000000,4492.88000000,4299.47000000,4405.00000000,24.65616600,2017-09-02 22:59:59.999,109164.71660621,222,13.47755600,59890.69208079,0
2017-09-02 23:00:00,4439.92000000,4508.50000000,4392.72000000,4472.14000000,28.24360400,2017-09-02 23:59:59.999,125338.53199710,273,17.24000200,76487.75039699,0
2017-09-03 00:00:00,4508.50000000,4618.38000000,4508.50000000,4600.53000000,29.47028200,2017-09-03 00:59:59.999,134175.64579769,297,10.17319100,46392.37357140,0
2017-09-03 01:00:00,4556.71000000,4609.98000000,4486.19000000,4560.00000000,27.55197200,2017-09-03 01:59:59.999,125350.57265121,308,13.29830900,60556.13881263,0
2017-09-03 02:00:00,4545.00000000,4569.95000000,4467.88000000,4568.91000000,25.62088900,2017-09-03 02:59:59.999,115715.39175567,223,10.90189800,49387.33201525,0
2017-09-03 03:00:00,4568.91000000,4618.40000000,4555.00000000,4569.54000000,29.92561500,2017-09-03 03:59:59.999,137288.45438165,184,12.80725900,58766.04083283,0
2017-09-03 04:00:00,4584.78000000,4714.75000000,4584.78000000,4690.79000000,31.01267700,2017-09-03 04:59:59.999,144575.97418956,241,17.50743800,81818.40699151,0
2017-09-03 05:00:00,4697.72000000,4714.76000000,4651.18000000,4675.12000000,39.94719400,2017-09-03 05:59:59.999,187079.52238565,187,12.99445400,60897.69058204,0
2017-09-03 06:00:00,4684.90000000,4714.33000000,4605.12000000,4605.12000000,21.86611600,2017-09-03 06:59:59.999,102242.32813094,146,6.63136000,30923.80082630,0
2017-09-03 07:00:00,4605.12000000,4658.56000000,4586.29000000,4620.87000000,26.92689700,2017-09-03 07:59:59.999,124439.22464613,363,5.60486100,25931.75011103,0
2017-09-03 08:00:00,4610.52000000,4674.86000000,4610.52000000,4621.44000000,29.75993300,2017-09-03 08:59:59.999,138011.41388014,281,10.78381100,50086.64184382,0
2017-09-03 09:00:00,4628.00000000,4645.84000000,4502.75000000,4523.47000000,37.79473300,2017-09-03 09:59:59.999,172410.12967765,440,7.12040800,32439.90960978,0
2017-09-03 10:00:00,4523.48000000,4554.17000000,4472.49000000,4510.09000000,19.60420800,2017-09-03 10:59:59.999,88523.75535794,174,4.98385600,22574.96794877,0
2017-09-03 11:00:00,4508.98000000,4557.19000000,4456.80000000,4486.00000000,16.05464500,2017-09-03 11:59:59.999,72124.32452232,147,10.27897700,46206.29757034,0
2017-09-03 12:00:00,4475.23000000,4511.00000000,4415.05000000,4510.99000000,23.17597100,2017-09-03 12:59:59.999,103564.92730187,287,9.74256600,43730.76440954,0
2017-09-03 13:00:00,4490.03000000,4557.25000000,4298.33000000,4303.10000000,59.91381500,2017-09-03 13:59:59.999,263192.37099881,404,21.85861100,96317.84635319,0
2017-09-03 14:00:00,4303.31000000,4400.00000000,4298.33000000,4399.93000000,58.22337500,2017-09-03 14:59:59.999,252422.68399309,428,29.09485900,126550.48435457,0
2017-09-03 15:00:00,4388.80000000,4469.14000000,4351.03000000,4384.15000000,28.95835800,2017-09-03 15:59:59.999,127368.02476483,351,12.19913400,53863.19715832,0
2017-09-03 16:00:00,4351.02000000,4475.70000000,4345.01000000,4459.11000000,22.77271300,2017-09-03 16:59:59.999,100820.21392179,214,7.62460600,33790.44300216,0
2017-09-03 17:00:00,4459.11000000,4529.44000000,4459.10000000,4476.13000000,21.94449000,2017-09-03 17:59:59.999,98440.08053763,260,7.09704700,31863.72139023,0
2017-09-03 18:00:00,4500.00000000,4522.45000000,4425.46000000,4482.04000000,38.48420200,2017-09-03 18:59:59.999,171959.80147748,288,11.58238700,51814.86216002,0
2017-09-03 19:00:00,4494.16000000,4530.00000000,4460.06000000,4529.00000000,23.09289200,2017-09-03 19:59:59.999,103935.54171446,141,5.91088800,26636.35636381,0
2017-09-03 20:00:00,4529.00000000,4550.00000000,4496.19000000,4505.18000000,27.45566200,2017-09-03 20:59:59.999,124122.41448053,242,8.58604300,38848.70239283,0
2017-09-03 21:00:00,4496.97000000,4549.00000000,4445.15000000,4549.00000000,18.61022300,2017-09-03 21:59:59.999,83720.94195450,127,10.44485600,47130.51054860,0
2017-09-03 22:00:00,4549.00000000,4583.84000000,4492.73000000,4521.19000000,20.26724700,2017-09-03 22:59:59.999,91752.03113513,175,5.21678300,23699.83112097,0
2017-09-03 23:00:00,4496.55000000,4574.99000000,4496.52000000,4509.08000000,12.78208900,2017-09-03 23:59:59.999,57816.98264514,114,6.49093400,29416.62162700,0
2017-09-04 00:00:00,4505.00000000,4527.49000000,4431.44000000,4438.11000000,18.25542400,2017-09-04 00:59:59.999,81219.17823765,136,5.33514300,23801.89442440,0
2017-09-04 01:00:00,4438.11000000,4460.13000000,4411.80000000,4411.81000000,15.58480100,2017-09-04 01:59:59.999,69067.36550633,178,5.89000100,26144.86083101,0
2017-09-04 02:00:00,4411.97000000,4448.03000000,4406.00000000,4408.00000000,27.71003700,2017-09-04 02:59:59.999,122549.35758093,232,8.86535100,39306.76347464,0
2017-09-04 03:00:00,4408.00000000,4426.67000000,4340.50000000,4340.51000000,19.78086000,2017-09-04 03:59:59.999,86715.00476008,227,5.15844900,22692.97548758,0
2017-09-04 04:00:00,4340.53000000,4460.12000000,4340.53000000,4409.65000000,49.18632400,2017-09-04 04:59:59.999,215829.95510458,281,31.91192300,140163.08158147,0
2017-09-04 05:00:00,4410.05000000,4467.00000000,4394.97000000,4402.00000000,40.73726000,2017-09-04 05:59:59.999,180467.33503656,207,11.96245500,53207.75485572,0
2017-09-04 06:00:00,4402.02000000,4466.89000000,4396.43000000,4459.77000000,27.06639400,2017-09-04 06:59:59.999,119505.57676884,241,5.93964500,26299.60673732,0
2017-09-04 07:00:00,4459.77000000,4493.15000000,4052.00000000,4186.96000000,158.92361600,2017-09-04 07:59:59.999,673206.24925253,887,52.16614900,221384.69508645,0
2017-09-04 08:00:00,4102.05000000,4390.00000000,4075.00000000,4351.95000000,184.92784100,2017-09-04 08:59:59.999,785494.39963766,979,107.36632000,459518.69891488,0
2017-09-04 09:00:00,4365.30000000,4384.14000000,4274.23000000,4336.42000000,85.20182300,2017-09-04 09:59:59.999,369775.19737298,509,46.14773000,200561.05958761,0
2017-09-04 10:00:00,4336.86000000,4437.68000000,4303.06000000,4349.23000000,79.73219800,2017-09-04 10:59:59.999,348335.20872502,507,20.70925900,90697.59958229,0
2017-09-04 11:00:00,4349.23000000,4352.58000000,4114.33000000,4153.00000000,114.81817600,2017-09-04 11:59:59.999,488130.68551731,498,42.31797400,179649.51994034,0
2017-09-04 12:00:00,4153.00000000,4200.01000000,4106.81000000,4106.81000000,60.97992300,2017-09-04 12:59:59.999,253039.88482425,465,25.53021000,106372.82856470,0
2017-09-04 13:00:00,4106.81000000,4311.14000000,4106.81000000,4275.19000000,57.53832300,2017-09-04 13:59:59.999,244460.54454689,301,33.29786100,142034.74182677,0
2017-09-04 14:00:00,4275.19000000,4275.19000000,4112.27000000,4120.01000000,69.49877600,2017-09-04 14:59:59.999,291778.45452878,578,31.33978700,131894.85143810,0
2017-09-04 15:00:00,4120.01000000,4171.00000000,4014.76000000,4015.03000000,88.22420500,2017-09-04 15:59:59.999,359218.92264440,653,32.29636000,131912.18197122,0
2017-09-04 16:00:00,4015.03000000,4115.05000000,4014.76000000,4014.83000000,54.41638800,2017-09-04 16:59:59.999,219758.70773548,409,20.61726900,83395.49734418,0
2017-09-04 17:00:00,4015.01000000,4046.37000000,3972.52000000,3972.53000000,36.94880800,2017-09-04 17:59:59.999,148051.28874289,327,5.98050200,24020.51424368,0
2017-09-04 18:00:00,3972.53000000,4149.98000000,3972.51000000,4115.03000000,30.42634600,2017-09-04 18:59:59.999,123355.91429419,237,19.02514900,77343.39056450,0
2017-09-04 19:00:00,4115.03000000,4224.99000000,4100.03000000,4203.67000000,33.25102400,2017-09-04 19:59:59.999,138587.89728031,158,14.63148300,61047.67246285,0
2017-09-04 20:00:00,4187.00000000,4210.00000000,4121.02000000,4197.24000000,23.21673000,2017-09-04 20:59:59.999,97042.35019473,255,9.75235800,40901.36129215,0
2017-09-04 21:00:00,4197.30000000,4300.95000000,4190.15000000,4258.40000000,41.54551600,2017-09-04 21:59:59.999,175466.93628989,394,21.18309100,89442.03441142,0
2017-09-04 22:00:00,4258.40000000,4258.40000000,4131.88000000,4131.88000000,34.32317600,2017-09-04 22:59:59.999,143691.31660094,284,11.82050300,49784.12615522,0
2017-09-04 23:00:00,4131.88000000,4174.00000000,4100.11000000,4100.11000000,42.35064500,2017-09-04 23:59:59.999,175199.75890652,374,9.35587900,38784.90213814,0
2017-09-05 00:00:00,4106.97000000,4116.08000000,3901.02000000,3999.99000000,74.28718600,2017-09-05 00:59:59.999,297412.80774293,515,28.97106300,116247.09877397,0
2017-09-05 01:00:00,3956.58000000,4121.33000000,3620.00000000,3620.00000000,99.24528500,2017-09-05 01:59:59.999,381148.36547164,567,27.97817000,109401.79516344,0
2017-09-05 02:00:00,3659.50000000,4054.15000000,3603.00000000,4054.11000000,53.83762400,2017-09-05 02:59:59.999,207578.03363900,623,34.39675800,133216.58098834,0
2017-09-05 03:00:00,4054.11000000,4071.83000000,3943.11000000,3988.04000000,59.36720000,2017-09-05 03:59:59.999,237926.12119587,644,32.96697400,132334.50386754,0
2017-09-05 04:00:00,3996.24000000,4070.38000000,3943.10000000,4038.01000000,38.12417800,2017-09-05 04:59:59.999,152671.96531951,333,12.39016600,49679.94007829,0
2017-09-05 05:00:00,4038.01000000,4044.46000000,3943.12000000,3960.01000000,55.23720800,2017-09-05 05:59:59.999,220159.99927128,384,25.19168400,100451.39553084,0
2017-09-05 06:00:00,3966.83000000,4058.27000000,3960.01000000,4013.46000000,56.64619600,2017-09-05 06:59:59.999,227377.59217355,780,13.30471800,53426.69473063,0
2017-09-05 07:00:00,4013.46000000,4190.40000000,4013.46000000,4190.40000000,63.82683900,2017-09-05 07:59:59.999,262998.33949297,565,30.62816300,125924.17333251,0
2017-09-05 08:00:00,4190.00000000,4217.23000000,4084.74000000,4086.80000000,90.40890400,2017-09-05 08:59:59.999,376006.52883715,612,32.83885800,136876.91984367,0
2017-09-05 09:00:00,4099.99000000,4123.00000000,4050.00000000,4120.05000000,65.80265600,2017-09-05 09:59:59.999,269223.70945213,515,29.17728900,119404.33827615,0
2017-09-05 10:00:00,4120.40000000,4188.63000000,4096.07000000,4169.76000000,21.12540700,2017-09-05 10:59:59.999,87409.66748736,246,10.04740500,41673.17727623,0
2017-09-05 11:00:00,4170.24000000,4248.60000000,4136.87000000,4246.82000000,44.77744200,2017-09-05 11:59:59.999,188055.23186159,404,26.14440700,109863.04322715,0
2017-09-05 12:00:00,4248.64000000,4297.63000000,4220.98000000,4221.83000000,69.34632800,2017-09-05 12:59:59.999,295461.31962295,473,30.55059600,130255.98295058,0
2017-09-05 13:00:00,4220.98000000,4277.02000000,4192.29000000,4261.04000000,40.53068300,2017-09-05 13:59:59.999,172233.33811460,319,15.34822800,65222.52722695,0
2017-09-05 14:00:00,4267.23000000,4298.00000000,4192.30000000,4229.00000000,74.44072600,2017-09-05 14:59:59.999,316779.51288891,553,36.15158400,154066.70768138,0
2017-09-05 15:00:00,4229.00000000,4242.06000000,4116.65000000,4151.00000000,60.75872800,2017-09-05 15:59:59.999,253805.11682484,459,25.72406500,107504.41956432,0
2017-09-05 16:00:00,4140.00000000,4219.68000000,4096.06000000,4142.69000000,31.45397500,2017-09-05 16:59:59.999,130674.01236195,287,21.10085100,87807.04045842,0
2017-09-05 17:00:00,4180.31000000,4337.70000000,4170.66000000,4322.47000000,25.60986000,2017-09-05 17:59:59.999,109430.86564616,146,10.76586400,45916.07788447,0
2017-09-05 18:00:00,4317.67000000,4430.00000000,4294.00000000,4390.14000000,38.63024500,2017-09-05 18:59:59.999,168060.16266928,457,21.77068900,95136.02649974,0
2017-09-05 19:00:00,4390.43000000,4459.55000000,4363.51000000,4442.48000000,29.89049500,2017-09-05 19:59:59.999,132549.45524574,201,12.04969700,53495.48873405,0
2017-09-05 20:00:00,4442.09000000,4444.02000000,4363.50000000,4431.61000000,40.57385600,2017-09-05 20:59:59.999,178218.15161711,292,19.20734800,84350.57206395,0
2017-09-05 21:00:00,4410.16000000,4445.72000000,4351.01000000,4374.43000000,28.95600500,2017-09-05 21:59:59.999,126909.78230577,238,13.27505600,58215.66017426,0
2017-09-05 22:00:00,4366.77000000,4430.89000000,4352.53000000,4423.46000000,34.40846700,2017-09-05 22:59:59.999,151410.78925779,259,11.34003000,50058.64166456,0
2017-09-05 23:00:00,4427.31000000,4484.99000000,4352.54000000,4366.47000000,31.65266400,2017-09-05 23:59:59.999,139952.31825063,212,12.15640200,53769.03362102,0
2017-09-06 00:00:00,4366.49000000,4457.18000000,4365.73000000,4442.05000000,42.43505300,2017-09-06 00:59:59.999,186830.69167539,351,18.26347100,80557.66497983,0
2017-09-06 01:00:00,4442.05000000,4521.18000000,4415.15000000,4502.83000000,44.28589000,2017-09-06 01:59:59.999,198446.47592731,614,23.29167000,104511.46408639,0
2017-09-06 02:00:00,4502.83000000,4522.81000000,4444.24000000,4446.00000000,65.30587700,2017-09-06 02:59:59.999,293086.57612376,769,42.41551100,190575.49246078,0
2017-09-06 03:00:00,4453.00000000,4479.95000000,4414.25000000,4430.02000000,35.39374900,2017-09-06 03:59:59.999,157678.28788285,356,11.95944400,53384.33825782,0
2017-09-06 04:00:00,4448.10000000,4466.09000000,4365.73000000,4388.48000000,33.16605600,2017-09-06 04:59:59.999,146492.14484436,250,12.82068900,56539.64489309,0
2017-09-06 05:00:00,4365.73000000,4437.29000000,4335.26000000,4416.17000000,47.48637600,2017-09-06 05:59:59.999,208907.19127473,324,24.53332200,108121.66628791,0
2017-09-06 06:00:00,4416.54000000,4422.36000000,4335.26000000,4385.51000000,30.24016400,2017-09-06 06:59:59.999,132710.38980055,289,11.15753800,48999.40437067,0
2017-09-06 07:00:00,4393.50000000,4505.96000000,4364.93000000,4461.29000000,55.41534600,2017-09-06 07:59:59.999,245951.20402934,647,30.49726400,135441.74741371,0
2017-09-06 08:00:00,4476.13000000,4574.46000000,4474.20000000,4513.52000000,43.46083700,2017-09-06 08:59:59.999,196296.89028944,570,29.42165400,133094.07604799,0
2017-09-06 09:00:00,4559.99000000,4574.46000000,4487.01000000,4492.66000000,37.02798200,2017-09-06 09:59:59.999,167885.86096668,249,18.16006900,82457.61181847,0
2017-09-06 10:00:00,4497.81000000,4538.95000000,4469.82000000,4525.39000000,22.47830600,2017-09-06 10:59:59.999,101073.39578738,238,8.33306100,37446.18361098,0
2017-09-06 11:00:00,4535.29000000,4597.79000000,4485.01000000,4548.13000000,72.32769500,2017-09-06 11:59:59.999,328150.83978378,696,42.33796200,192365.94713628,0
2017-09-06 12:00:00,4544.59000000,4594.90000000,4490.04000000,4527.04000000,124.33702500,2017-09-06 12:59:59.999,565448.18448746,1057,65.03755000,295885.79682008,0
2017-09-06 13:00:00,4526.46000000,4547.77000000,4422.28000000,4502.77000000,48.47581100,2017-09-06 13:59:59.999,217726.03533272,573,21.72088300,97611.54464527,0
2017-09-06 14:00:00,4490.01000000,4546.57000000,4466.20000000,4517.97000000,44.92119300,2017-09-06 14:59:59.999,202622.01277523,489,27.79756600,125500.26534371,0
2017-09-06 15:00:00,4503.00000000,4619.47000000,4488.33000000,4619.43000000,43.86276800,2017-09-06 15:59:59.999,199660.76388168,441,29.55703100,134755.08198687,0
2017-09-06 16:00:00,4619.43000000,4619.43000000,4619.43000000,4619.43000000,0.00000000,2017-09-06 16:00:00.000,0.00000000,0,0.00000000,0.00000000,0
2017-09-06 23:00:00,4619.43000000,4662.87000000,4610.00000000,4619.77000000,16.74359800,2017-09-06 23:59:59.999,77379.11058057,43,5.61837800,25983.81075555,0
2017-09-07 00:00:00,4619.77000000,4661.93000000,4538.10000000,4599.78000000,6.28882700,2017-09-07 00:59:59.999,28795.94778248,21,1.95738100,9014.31832134,0
2017-09-07 01:00:00,4540.01000000,4546.69000000,4451.93000000,4453.01000000,15.79115100,2017-09-07 01:59:59.999,70968.09084097,38,1.46992600,6590.95759044,0
2017-09-07 02:00:00,4465.64000000,4527.10000000,4438.19000000,4499.95000000,29.38468500,2017-09-07 02:59:59.999,132095.60391742,167,16.69674700,75139.42554720,0
2017-09-07 03:00:00,4507.48000000,4572.47000000,4484.03000000,4484.03000000,35.71042300,2017-09-07 03:59:59.999,161434.86024030,185,19.33261200,87583.95941500,0
2017-09-07 04:00:00,4489.48000000,4549.52000000,4482.00000000,4541.17000000,18.43062800,2017-09-07 04:59:59.999,82970.62743334,107,5.28629200,23850.58107338,0
2017-09-07 05:00:00,4542.35000000,4561.90000000,4511.97000000,4519.48000000,20.84716600,2017-09-07 05:59:59.999,94705.40541500,122,9.83372900,44707.44548145,0
2017-09-07 05:00:00,4542.35000000,4561.90000000,4511.97000000,4519.48000000,20.84716600,2017-09-07 05:59:59.999,94705.40541500,122,9.83372900,44707.44548145,0
2017-09-07 06:00:00,4519.47000000,4548.13000000,4498.39000000,4498.40000000,11.89287100,2017-09-07 06:59:59.999,53840.76860252,91,5.61780700,25468.56136240,0
2017-09-07 07:00:00,4515.25000000,4518.81000000,4452.00000000,4510.25000000,14.77358200,2017-09-07 07:59:59.999,66319.24308563,111,5.60826900,25200.26544806,0
2017-09-07 08:00:00,4475.01000000,4561.90000000,4458.00000000,4531.07000000,22.00571600,2017-09-07 08:59:59.999,99219.87239679,107,10.69001300,48359.79886999,0
2017-09-07 09:00:00,4539.19000000,4589.99000000,4511.90000000,4571.66000000,17.93710000,2017-09-07 09:59:59.999,81570.49557132,110,7.60313700,34616.61031893,0
2017-09-07 10:00:00,4580.78000000,4608.43000000,4557.89000000,4589.40000000,27.92364300,2017-09-07 10:59:59.999,128012.60804500,222,14.69777900,67373.37379189,0
2017-09-07 11:00:00,4607.16000000,4649.92000000,4574.01000000,4613.94000000,24.64381800,2017-09-07 11:59:59.999,113524.10996100,133,18.50381900,85257.14266603,0
2017-09-07 12:00:00,4616.79000000,4705.53000000,4587.65000000,4674.00000000,69.92253200,2017-09-07 12:59:59.999,324053.88071682,403,36.47020700,169236.24999733,0
2017-09-07 13:00:00,4674.00000000,4723.32000000,4665.00000000,4710.00000000,34.33813600,2017-09-07 13:59:59.999,160999.73201800,199,19.42992900,91140.60873462,0
2017-09-07 14:00:00,4720.32000000,4743.49000000,4642.84000000,4669.81000000,41.18074500,2017-09-07 14:59:59.999,193402.83825141,199,9.95969100,46849.63238929,0
2017-09-07 15:00:00,4669.00000000,4759.25000000,4642.98000000,4755.00000000,19.76826900,2017-09-07 15:59:59.999,92837.60432084,185,14.19162400,66723.10572203,0
2017-09-07 16:00:00,4755.00000000,4788.59000000,4672.35000000,4705.03000000,25.32262100,2017-09-07 16:59:59.999,120173.02790262,113,15.41625500,73262.93115460,0
2017-09-07 17:00:00,4749.89000000,4771.98000000,4680.01000000,4702.06000000,11.46599700,2017-09-07 17:59:59.999,54142.62265784,95,6.79814300,32213.99241494,0
2017-09-07 18:00:00,4711.25000000,4727.93000000,4688.00000000,4713.67000000,8.08073500,2017-09-07 18:59:59.999,38059.34407621,61,3.44599300,16242.71681265,0
2017-09-07 19:00:00,4720.13000000,4759.99000000,4680.01000000,4754.21000000,7.25889900,2017-09-07 19:59:59.999,34329.50440659,57,2.96097400,13982.49213754,0
2017-09-07 20:00:00,4716.61000000,4716.61000000,4620.00000000,4620.00000000,12.90079500,2017-09-07 20:59:59.999,60191.50618070,147,2.14783600,10038.53160823,0
2017-09-07 21:00:00,4620.00000000,4641.13000000,4586.13000000,4641.13000000,10.29247900,2017-09-07 21:59:59.999,47275.59806616,78,4.40424400,20231.36824267,0
2017-09-07 22:00:00,4632.00000000,4752.12000000,4609.04000000,4670.45000000,8.16356700,2017-09-07 22:59:59.999,38103.92217939,61,6.04034100,28196.66688802,0
2017-09-07 23:00:00,4710.00000000,4737.21000000,4690.01000000,4691.61000000,6.10559000,2017-09-07 23:59:59.999,28767.92231480,58,2.12120100,10018.50758663,0
2017-09-08 00:00:00,4691.66000000,4735.39000000,4586.13000000,4614.49000000,23.59542100,2017-09-08 00:59:59.999,109109.04501318,198,11.57706800,53417.12326723,0
2017-09-08 01:00:00,4616.69000000,4636.79000000,4587.03000000,4601.01000000,6.30535500,2017-09-08 01:59:59.999,29070.18148877,45,2.40156600,11104.84312570,0
2017-09-08 02:00:00,4634.94000000,4653.49000000,4606.01000000,4640.97000000,3.44438800,2017-09-08 02:59:59.999,15960.00784578,39,1.12791600,5232.05450937,0
2017-09-08 03:00:00,4640.96000000,4641.99000000,4605.02000000,4605.05000000,12.55573900,2017-09-08 03:59:59.999,58109.43086557,89,3.50623000,16256.81723777,0
2017-09-08 04:00:00,4633.47000000,4633.47000000,4605.03000000,4605.03000000,6.57381500,2017-09-08 04:59:59.999,30418.02409006,41,4.97768600,23052.11760841,0
2017-09-08 05:00:00,4611.86000000,4630.70000000,4605.02000000,4622.00000000,8.90423000,2017-09-08 05:59:59.999,41120.48877086,64,2.07791300,9607.87863662,0
2017-09-08 06:00:00,4608.00000000,4630.66000000,4587.08000000,4609.46000000,17.76925700,2017-09-08 06:59:59.999,81773.96322555,186,4.49192000,20685.92604762,0
2017-09-08 07:00:00,4621.45000000,4630.70000000,4612.21000000,4619.01000000,11.58269800,2017-09-08 07:59:59.999,53561.02024340,91,5.01180200,23186.25637379,0
2017-09-08 08:00:00,4625.36000000,4683.77000000,4620.00000000,4683.77000000,8.98100100,2017-09-08 08:59:59.999,41840.12635243,53,5.98900100,27922.79314850,0
2017-09-08 09:00:00,4683.77000000,4699.77000000,4646.91000000,4660.72000000,10.17741800,2017-09-08 09:59:59.999,47529.66263772,60,4.31100600,20135.34846119,0
2017-09-08 10:00:00,4650.54000000,4660.75000000,4611.48000000,4659.99000000,8.26903800,2017-09-08 10:59:59.999,38382.67539039,76,3.24139100,15072.92361408,0
2017-09-08 11:00:00,4650.33000000,4660.00000000,4626.23000000,4647.53000000,8.87796800,2017-09-08 11:59:59.999,41261.67762028,65,6.90511700,32107.42297707,0
2017-09-08 12:00:00,4653.92000000,4690.83000000,4647.00000000,4647.01000000,9.90344700,2017-09-08 12:59:59.999,46183.12017482,118,4.72727300,22060.92895599,0
2017-09-08 13:00:00,4655.69000000,4655.69000000,4298.39000000,4353.05000000,118.90277200,2017-09-08 13:59:59.999,526113.44314023,387,34.30612300,150200.83428599,0
2017-09-08 14:00:00,4372.45000000,4398.60000000,4028.93000000,4238.12000000,263.19028800,2017-09-08 14:59:59.999,1112657.21342751,728,123.49147100,522019.09231431,0
2017-09-08 15:00:00,4236.77000000,4375.60000000,4135.87000000,4348.65000000,100.15883400,2017-09-08 15:59:59.999,424113.96914383,376,53.75899700,227349.11775604,0
2017-09-08 16:00:00,4330.68000000,4396.49000000,4259.63000000,4267.01000000,90.50122800,2017-09-08 16:59:59.999,392697.42597235,305,48.28961400,209628.54295288,0
2017-09-08 17:00:00,4263.49000000,4332.23000000,4202.35000000,4238.00000000,48.01642000,2017-09-08 17:59:59.999,204613.97602030,241,11.73532100,49964.84746753,0
2017-09-08 18:00:00,4243.78000000,4301.39000000,4234.27000000,4277.17000000,47.24893200,2017-09-08 18:59:59.999,201359.61391330,217,22.05191100,94048.28683873,0
2017-09-08 19:00:00,4273.66000000,4284.60000000,4190.00000000,4190.01000000,39.36111600,2017-09-08 19:59:59.999,167188.37854928,175,14.27461500,60838.25314735,0
2017-09-08 20:00:00,4195.87000000,4216.80000000,4117.72000000,4183.75000000,129.61315500,2017-09-08 20:59:59.999,539012.05171398,479,30.44561200,126904.72669230,0
2017-09-08 21:00:00,4183.88000000,4206.00000000,4060.00000000,4158.32000000,73.77611300,2017-09-08 21:59:59.999,304911.17807854,260,26.33863600,109118.99548597,0
2017-09-08 22:00:00,4158.38000000,4286.00000000,4144.59000000,4285.99000000,46.99023000,2017-09-08 22:59:59.999,198085.23502682,231,22.59674600,95417.26962382,0
2017-09-08 23:00:00,4285.99000000,4334.15000000,4259.89000000,4282.80000000,37.55618300,2017-09-08 23:59:59.999,161455.31768842,209,18.32718400,78944.88888929,0
2017-09-09 00:00:00,4282.80000000,4338.28000000,4235.60000000,4261.94000000,65.00742600,2017-09-09 00:59:59.999,277712.39483011,234,35.56021700,151719.74733369,0
2017-09-09 01:00:00,4261.94000000,4280.00000000,4171.50000000,4180.10000000,39.15924100,2017-09-09 01:59:59.999,164873.70917792,201,14.87288000,62569.39196971,0
2017-09-09 02:00:00,4180.18000000,4270.65000000,4150.06000000,4230.00000000,64.48558300,2017-09-09 02:59:59.999,270276.54772574,360,31.60812300,132695.39797232,0
2017-09-09 03:00:00,4229.46000000,4306.00000000,4215.00000000,4242.01000000,35.44871800,2017-09-09 03:59:59.999,150859.98782785,195,18.57892100,79107.39462864,0
2017-09-09 04:00:00,4254.44000000,4267.06000000,4200.02000000,4250.00000000,24.23824400,2017-09-09 04:59:59.999,102561.83419506,131,9.28470200,39251.45682748,0
2017-09-09 05:00:00,4255.00000000,4426.62000000,4250.00000000,4385.26000000,56.94405700,2017-09-09 05:59:59.999,247842.57455221,248,38.55917600,168235.53163732,0
2017-09-09 06:00:00,4380.01000000,4400.60000000,4322.70000000,4342.99000000,20.46123600,2017-09-09 06:59:59.999,88908.19419528,160,7.95220100,34646.28784748,0
2017-09-09 07:00:00,4342.99000000,4361.99000000,4306.00000000,4321.52000000,17.63995300,2017-09-09 07:59:59.999,76548.96831641,155,6.51878800,28320.56013946,0
2017-09-09 08:00:00,4336.19000000,4345.38000000,4292.01000000,4292.02000000,5.87083400,2017-09-09 08:59:59.999,25357.76529982,56,2.01456100,8713.65464595,0
2017-09-09 09:00:00,4292.00000000,4337.00000000,4262.75000000,4311.71000000,18.48320300,2017-09-09 09:59:59.999,79280.01294158,78,4.77548200,20567.61530271,0
2017-09-09 10:00:00,4320.88000000,4336.79000000,4282.07000000,4282.07000000,17.69322000,2017-09-09 10:59:59.999,76269.03875903,115,7.11819700,30702.67217451,0
2017-09-09 11:00:00,4312.24000000,4337.00000000,4312.24000000,4327.63000000,17.66895300,2017-09-09 11:59:59.999,76401.27512194,141,6.23983200,26974.85355707,0
2017-09-09 12:00:00,4331.82000000,4382.32000000,4326.74000000,4326.80000000,27.26889400,2017-09-09 12:59:59.999,118560.36155393,119,16.97794000,73865.70003292,0
2017-09-09 13:00:00,4336.57000000,4400.60000000,4262.75000000,4300.16000000,42.81418400,2017-09-09 13:59:59.999,185166.15784222,179,22.02621200,95715.96752493,0
2017-09-09 14:00:00,4302.15000000,4309.99000000,4245.94000000,4286.77000000,24.82102100,2017-09-09 14:59:59.999,106297.54126236,168,10.87095900,46586.12401468,0
2017-09-09 15:00:00,4296.29000000,4305.60000000,4275.62000000,4276.00000000,29.87390100,2017-09-09 15:59:59.999,128055.08873473,142,9.34007200,40048.78351442,0
2017-09-09 16:00:00,4276.00000000,4281.32000000,4258.49000000,4258.49000000,22.25276300,2017-09-09 16:59:59.999,95106.18536610,174,4.61312300,19724.45000996,0
2017-09-09 17:00:00,4269.23000000,4269.23000000,4210.01000000,4220.38000000,16.18366700,2017-09-09 17:59:59.999,68477.71049701,112,3.02297400,12805.48626543,0
2017-09-09 18:00:00,4220.38000000,4233.74000000,4159.64000000,4191.78000000,31.33536900,2017-09-09 18:59:59.999,131653.68945662,166,8.14283000,34125.94462615,0
2017-09-09 19:00:00,4192.08000000,4276.31000000,4182.92000000,4253.70000000,30.61841600,2017-09-09 19:59:59.999,129401.41784775,128,17.09872900,72466.71599805,0
2017-09-09 20:00:00,4267.51000000,4275.44000000,4253.70000000,4267.86000000,11.17837300,2017-09-09 20:59:59.999,47692.44276730,109,2.83775400,12110.25028391,0
2017-09-09 21:00:00,4262.05000000,4273.20000000,4253.69000000,4256.50000000,9.05798200,2017-09-09 21:59:59.999,38578.87606258,101,1.80553000,7694.25429669,0
2017-09-09 22:00:00,4257.76000000,4300.00000000,4241.25000000,4273.03000000,18.04102700,2017-09-09 22:59:59.999,77117.48950036,180,6.43366000,27516.28797409,0
2017-09-09 23:00:00,4273.04000000,4299.98000000,4258.80000000,4258.81000000,12.23668700,2017-09-09 23:59:59.999,52384.20185307,125,1.73694200,7462.47916652,0
2017-09-10 00:00:00,4258.81000000,4279.70000000,4222.26000000,4239.00000000,8.55029100,2017-09-10 00:59:59.999,36354.63171054,86,0.96358200,4102.33134987,0
2017-09-10 01:00:00,4238.66000000,4260.00000000,4228.08000000,4230.00000000,13.79821400,2017-09-10 01:59:59.999,58508.16836499,112,3.48272200,14777.87564971,0
2017-09-10 02:00:00,4238.93000000,4249.39000000,4110.09000000,4130.01000000,25.34198100,2017-09-10 02:59:59.999,105904.83846505,139,4.05670900,16852.16857563,0
2017-09-10 03:00:00,4126.06000000,4166.00000000,4087.62000000,4144.00000000,50.27238300,2017-09-10 03:59:59.999,207522.21401122,241,21.75043900,90049.15905476,0
2017-09-10 04:00:00,4144.00000000,4149.00000000,4111.69000000,4119.11000000,21.57086600,2017-09-10 04:59:59.999,89208.13822749,143,13.72502600,56799.39505726,0
2017-09-10 05:00:00,4119.00000000,4125.99000000,4027.28000000,4054.97000000,77.44131600,2017-09-10 05:59:59.999,312916.33421472,195,11.71070500,47404.24102129,0
2017-09-10 06:00:00,4047.49000000,4054.97000000,3810.05000000,3810.05000000,59.31520300,2017-09-10 06:59:59.999,233997.65384549,238,14.88958100,59140.03961011,0
2017-09-10 07:00:00,3810.07000000,4009.84000000,3801.00000000,3988.95000000,50.30155000,2017-09-10 07:59:59.999,196958.15504591,258,26.97263800,105949.26563574,0
2017-09-10 08:00:00,3988.89000000,4100.00000000,3963.00000000,4006.20000000,36.64857100,2017-09-10 08:59:59.999,148110.04826365,171,27.01811700,109166.82378084,0
2017-09-10 09:00:00,4008.03000000,4082.99000000,4007.00000000,4007.01000000,13.41498700,2017-09-10 09:59:59.999,54113.54029024,96,5.91944200,23906.74034069,0
2017-09-10 10:00:00,4007.01000000,4018.00000000,3925.00000000,4002.67000000,17.00726200,2017-09-10 10:59:59.999,67965.64273142,105,8.92640600,35730.24408287,0
2017-09-10 11:00:00,4002.00000000,4098.79000000,3900.05000000,4098.79000000,38.88180300,2017-09-10 11:59:59.999,156108.03386246,138,31.53694200,126701.88233233,0
2017-09-10 12:00:00,4069.43000000,4100.00000000,4050.01000000,4059.99000000,18.34293900,2017-09-10 12:59:59.999,74791.64172112,141,6.58251800,26905.59400693,0
2017-09-10 13:00:00,4060.00000000,4108.31000000,4043.17000000,4108.31000000,20.83860100,2017-09-10 13:59:59.999,84845.87277391,130,15.87674400,64661.03562767,0
2017-09-10 14:00:00,4108.15000000,4132.00000000,4072.47000000,4111.00000000,28.33025500,2017-09-10 14:59:59.999,116191.98092296,94,20.84315200,85489.58619217,0
2017-09-10 15:00:00,4126.99000000,4135.48000000,4094.93000000,4094.93000000,12.72670200,2017-09-10 15:59:59.999,52519.59758727,83,6.29403800,25994.14103923,0
2017-09-10 16:00:00,4086.92000000,4129.88000000,4072.45000000,4129.88000000,20.46553700,2017-09-10 16:59:59.999,83673.39872264,67,7.40347000,30326.44736704,0
2017-09-10 17:00:00,4115.15000000,4283.00000000,4115.15000000,4247.07000000,54.12153300,2017-09-10 17:59:59.999,229419.32930338,186,35.99032800,152383.66368126,0
2017-09-10 18:00:00,4264.87000000,4282.57000000,4207.27000000,4237.66000000,17.41801000,2017-09-10 18:59:59.999,73839.28890052,156,3.34525300,14250.28274359,0
2017-09-10 19:00:00,4237.68000000,4277.86000000,4209.02000000,4274.32000000,11.90481800,2017-09-10 19:59:59.999,50536.92315032,119,5.14737700,21864.71806675,0
2017-09-10 20:00:00,4269.36000000,4274.32000000,4213.59000000,4234.01000000,9.77266200,2017-09-10 20:59:59.999,41487.38992236,93,4.37518400,18570.24202286,0
2017-09-10 21:00:00,4237.90000000,4241.47000000,4196.20000000,4196.20000000,13.00277900,2017-09-10 21:59:59.999,54786.10031324,147,1.44735900,6113.51576951,0
2017-09-10 22:00:00,4188.23000000,4266.05000000,4186.87000000,4239.74000000,13.31943000,2017-09-10 22:59:59.999,56085.34184990,119,7.39757500,31146.63145162,0
2017-09-10 23:00:00,4231.82000000,4238.20000000,4100.00000000,4130.37000000,27.58558200,2017-09-10 23:59:59.999,114527.54399131,178,6.13158000,25598.01204476,0
2017-09-11 00:00:00,4153.62000000,4176.90000000,4098.91000000,4111.10000000,24.59749400,2017-09-11 00:59:59.999,101867.00543207,169,9.49105300,39439.96456605,0
2017-09-11 01:00:00,4109.51000000,4288.00000000,4109.51000000,4260.00000000,34.31391100,2017-09-11 01:59:59.999,144162.55195240,161,25.67568700,107839.87803976,0
2017-09-11 02:00:00,4259.00000000,4291.98000000,4193.41000000,4272.41000000,54.98523400,2017-09-11 02:59:59.999,233861.59459434,270,31.38689900,133685.11159098,0
2017-09-11 03:00:00,4259.59000000,4334.43000000,4172.01000000,4312.05000000,120.35851800,2017-09-11 03:59:59.999,515678.59781395,517,49.86295400,213750.44300918,0
2017-09-11 04:00:00,4320.46000000,4325.99000000,4128.98000000,4169.02000000,91.35902300,2017-09-11 04:59:59.999,386374.02465329,370,28.90552500,122278.28555816,0
2017-09-11 05:00:00,4193.29000000,4228.38000000,4101.32000000,4162.01000000,40.80162700,2017-09-11 05:59:59.999,169803.29693512,185,16.46037300,68802.74395933,0
2017-09-11 06:00:00,4162.49000000,4244.99000000,4115.05000000,4165.00000000,41.90741000,2017-09-11 06:59:59.999,175500.16541642,214,22.19338900,93151.81082537,0
2017-09-11 07:00:00,4168.23000000,4201.01000000,4167.89000000,4178.73000000,17.15712800,2017-09-11 07:59:59.999,71827.97320398,120,7.66730100,32085.74830639,0
2017-09-11 08:00:00,4186.88000000,4190.96000000,4115.39000000,4166.62000000,18.04761600,2017-09-11 08:59:59.999,75114.61023166,194,7.87993600,32812.56999681,0
2017-09-11 09:00:00,4168.57000000,4198.04000000,4157.01000000,4159.70000000,10.31767200,2017-09-11 09:59:59.999,43162.05191447,97,5.30690900,22227.66786165,0
2017-09-11 10:00:00,4174.84000000,4221.63000000,4159.71000000,4176.24000000,19.52824300,2017-09-11 10:59:59.999,81836.85905255,122,12.83600700,53872.78547011,0
2017-09-11 11:00:00,4185.66000000,4220.33000000,4162.16000000,4191.53000000,21.34632600,2017-09-11 11:59:59.999,89562.43465816,168,12.74085900,53479.31921760,0
2017-09-11 12:00:00,4191.54000000,4206.77000000,4174.97000000,4198.99000000,10.07980700,2017-09-11 12:59:59.999,42276.05808692,66,3.79197400,15897.32458540,0
2017-09-11 13:00:00,4198.99000000,4307.54000000,4188.81000000,4260.41000000,19.97111800,2017-09-11 13:59:59.999,84511.71977096,86,14.46971400,61277.33330541,0
2017-09-11 14:00:00,4260.52000000,4313.18000000,4250.00000000,4256.02000000,31.94406900,2017-09-11 14:59:59.999,136812.24693042,213,13.93899500,59760.37517961,0
2017-09-11 15:00:00,4262.62000000,4269.23000000,4221.64000000,4251.29000000,26.42751300,2017-09-11 15:59:59.999,112130.12235585,236,13.97436400,59295.74810131,0
2017-09-11 16:00:00,4246.43000000,4280.00000000,4221.65000000,4251.03000000,21.13911600,2017-09-11 16:59:59.999,90140.22463655,240,8.47215300,36099.65934296,0
2017-09-11 17:00:00,4252.99000000,4261.22000000,4199.06000000,4200.00000000,11.41538000,2017-09-11 17:59:59.999,48390.55241754,121,2.96680100,12588.09759075,0
2017-09-11 18:00:00,4200.00000000,4233.86000000,4200.00000000,4202.68000000,8.58204000,2017-09-11 18:59:59.999,36078.61074673,105,4.00912000,16851.66357876,0
2017-09-11 19:00:00,4202.70000000,4233.79000000,4158.84000000,4182.27000000,45.61899400,2017-09-11 19:59:59.999,191684.77737030,169,15.25798400,64176.37824055,0
2017-09-11 20:00:00,4187.99000000,4188.00000000,4158.85000000,4164.52000000,9.38229600,2017-09-11 20:59:59.999,39143.77746173,187,4.36377400,18214.24930508,0
2017-09-11 21:00:00,4162.05000000,4188.00000000,4159.16000000,4171.51000000,5.43135500,2017-09-11 21:59:59.999,22666.89052552,81,2.85586600,11927.01674881,0
2017-09-11 22:00:00,4179.77000000,4211.57000000,4171.61000000,4211.07000000,7.52602700,2017-09-11 22:59:59.999,31585.44754692,66,3.69048700,15482.58867378,0
2017-09-11 23:00:00,4211.06000000,4225.00000000,4199.01000000,4208.47000000,7.75114800,2017-09-11 23:59:59.999,32671.16879362,71,4.00020600,16872.95019025,0
2017-09-12 00:00:00,4208.60000000,4245.00000000,4201.90000000,4241.80000000,9.91274000,2017-09-12 00:59:59.999,41883.66197573,106,5.72850500,24228.98896040,0
2017-09-12 01:00:00,4239.40000000,4278.89000000,4236.97000000,4236.97000000,25.71526300,2017-09-12 01:59:59.999,109307.71549720,329,14.20232900,60385.06735770,0
2017-09-12 02:00:00,4237.75000000,4305.01000000,4213.60000000,4269.13000000,40.19781500,2017-09-12 02:59:59.999,171388.96484460,377,28.30279300,120866.12858251,0
2017-09-12 03:00:00,4258.19000000,4299.61000000,4258.19000000,4294.25000000,16.85053500,2017-09-12 03:59:59.999,72097.55951166,240,11.47997400,49120.64212753,0
2017-09-12 04:00:00,4294.54000000,4329.00000000,4279.77000000,4296.18000000,31.42182800,2017-09-12 04:59:59.999,135152.03782916,263,18.17178300,78198.37604839,0
2017-09-12 05:00:00,4301.43000000,4329.00000000,4298.01000000,4325.00000000,21.96596500,2017-09-12 05:59:59.999,94817.70986827,165,15.82924500,68357.26178661,0
2017-09-12 06:00:00,4325.00000000,4378.51000000,4325.00000000,4366.00000000,32.35927100,2017-09-12 06:59:59.999,140520.27475177,563,25.77145900,111897.50056498,0
2017-09-12 07:00:00,4370.10000000,4394.59000000,4329.50000000,4361.00000000,66.84062000,2017-09-12 07:59:59.999,292498.87664047,391,31.54866800,138043.79690569,0
2017-09-12 08:00:00,4361.04000000,4373.67000000,4228.50000000,4293.15000000,50.37369900,2017-09-12 08:59:59.999,216398.11020726,259,19.30862800,83142.73601533,0
2017-09-12 09:00:00,4290.92000000,4329.79000000,4280.01000000,4322.36000000,19.72748900,2017-09-12 09:59:59.999,84888.93011057,152,7.54939700,32533.19490100,0
2017-09-12 10:00:00,4321.02000000,4330.00000000,4298.41000000,4330.00000000,17.26677200,2017-09-12 10:59:59.999,74555.48355231,144,5.64081000,24385.68929335,0
2017-09-12 11:00:00,4332.50000000,4361.99000000,4330.00000000,4340.10000000,12.33283600,2017-09-12 11:59:59.999,53531.60157898,227,2.73641500,11885.75534883,0
2017-09-12 12:00:00,4343.01000000,4345.92000000,4298.00000000,4314.81000000,13.92319200,2017-09-12 12:59:59.999,60386.19732878,147,1.74988000,7583.09912372,0
2017-09-12 13:00:00,4307.44000000,4307.50000000,4234.00000000,4259.44000000,79.22818300,2017-09-12 13:59:59.999,336972.99534668,602,23.42537000,99693.64510179,0
2017-09-12 14:00:00,4266.32000000,4282.70000000,4230.00000000,4273.01000000,77.53799300,2017-09-12 14:59:59.999,329995.43874849,368,33.46472800,142481.83434566,0
2017-09-12 15:00:00,4276.50000000,4279.00000000,4240.01000000,4258.72000000,19.05117500,2017-09-12 15:59:59.999,81260.28767807,210,7.90224800,33728.97588548,0
2017-09-12 16:00:00,4249.49000000,4279.99000000,4213.86000000,4279.99000000,42.36022900,2017-09-12 16:59:59.999,178923.86296681,326,22.49380000,95020.89971841,0
2017-09-12 17:00:00,4279.99000000,4280.00000000,4200.00000000,4201.00000000,21.27323500,2017-09-12 17:59:59.999,90250.37802577,229,6.30272800,26853.02015404,0
2017-09-12 18:00:00,4201.00000000,4202.00000000,4040.80000000,4094.25000000,155.39567100,2017-09-12 18:59:59.999,638462.10796912,587,92.01691100,378170.14088732,0
2017-09-12 19:00:00,4100.00000000,4180.00000000,4076.35000000,4165.50000000,65.95329400,2017-09-12 19:59:59.999,272894.96187744,264,52.01288800,215726.26777080,0
2017-09-12 20:00:00,4158.27000000,4158.27000000,4119.52000000,4150.12000000,9.39729400,2017-09-12 20:59:59.999,38929.52555643,144,4.95309000,20517.58328560,0
2017-09-12 21:00:00,4149.14000000,4202.53000000,4146.13000000,4186.22000000,19.01600400,2017-09-12 21:59:59.999,79214.35869708,97,10.48496300,43695.65589585,0
2017-09-12 22:00:00,4186.50000000,4193.47000000,4167.74000000,4178.52000000,10.12506100,2017-09-12 22:59:59.999,42347.68033640,142,3.03569500,12697.40615456,0
2017-09-12 23:00:00,4176.60000000,4179.50000000,4101.69000000,4163.72000000,21.40415500,2017-09-12 23:59:59.999,88511.90239047,169,7.66836300,31801.60015511,0
2017-09-13 00:00:00,4159.72000000,4165.38000000,4061.69000000,4128.97000000,33.72983700,2017-09-13 00:59:59.999,138304.96787147,252,17.11190800,70149.16899464,0
2017-09-13 01:00:00,4116.50000000,4129.99000000,4088.22000000,4094.18000000,13.60203500,2017-09-13 01:59:59.999,55807.72125451,263,6.91763200,28400.42816151,0
2017-09-13 02:00:00,4094.17000000,4094.17000000,4023.00000000,4023.00000000,47.32724500,2017-09-13 02:59:59.999,191588.20762425,305,11.71196600,47492.18495546,0
2017-09-13 03:00:00,4026.50000000,4059.98000000,3916.00000000,3936.84000000,91.38581000,2017-09-13 03:59:59.999,362803.20808679,285,34.99763200,139118.08942998,0
2017-09-13 04:00:00,3933.21000000,3957.94000000,3796.80000000,3944.93000000,108.61291100,2017-09-13 04:59:59.999,420081.64639148,365,50.09546300,194245.68104894,0
2017-09-13 05:00:00,3933.00000000,3957.98000000,3897.28000000,3939.90000000,26.98711600,2017-09-13 05:59:59.999,106225.04813463,132,12.21816300,48061.15802751,0
2017-09-13 06:00:00,3939.90000000,3977.96000000,3923.91000000,3949.82000000,24.86768900,2017-09-13 06:59:59.999,98061.13348357,202,22.53804100,88865.23659302,0
2017-09-13 07:00:00,3969.99000000,3991.01000000,3874.01000000,3933.76000000,33.32543000,2017-09-13 07:59:59.999,131916.62316763,94,14.84250200,58900.41194155,0
2017-09-13 08:00:00,3914.01000000,3945.01000000,3866.01000000,3938.24000000,19.97723700,2017-09-13 08:59:59.999,78473.41743372,162,12.08674600,47534.68889153,0
2017-09-13 09:00:00,3938.69000000,3970.00000000,3867.50000000,3965.91000000,24.59241900,2017-09-13 09:59:59.999,96816.97092753,139,13.83584400,54669.90638905,0
2017-09-13 10:00:00,3880.01000000,3949.99000000,3820.02000000,3820.02000000,54.89512500,2017-09-13 10:59:59.999,211781.84287707,135,0.93529900,3671.50834589,0
2017-09-13 11:00:00,3821.02000000,3923.93000000,3820.00000000,3832.00000000,36.56869500,2017-09-13 11:59:59.999,139937.29915786,369,9.80311500,37509.42536484,0
2017-09-13 12:00:00,3831.01000000,3940.01000000,3796.80000000,3904.99000000,89.04652600,2017-09-13 12:59:59.999,344008.96459534,746,20.52704000,79854.68695212,0
2017-09-13 13:00:00,3904.99000000,3976.19000000,3831.00000000,3880.00000000,31.21290700,2017-09-13 13:59:59.999,121919.40071286,294,17.84329300,69886.78406631,0
2017-09-13 14:00:00,3878.99000000,3878.99000000,3760.00000000,3791.66000000,72.35371600,2017-09-13 14:59:59.999,273961.43837658,286,9.47151400,36055.53090574,0
2017-09-13 15:00:00,3760.14000000,3848.10000000,3760.14000000,3795.00000000,15.83409600,2017-09-13 15:59:59.999,60325.27599510,96,9.16437300,34986.78757780,0
2017-09-13 16:00:00,3775.47000000,3944.00000000,3765.13000000,3944.00000000,26.40475400,2017-09-13 16:59:59.999,102024.07960874,187,21.30490100,82224.26896829,0
2017-09-13 17:00:00,3935.06000000,3991.01000000,3920.00000000,3950.00000000,38.64347800,2017-09-13 17:59:59.999,152354.96116899,189,21.62073200,85295.34941152,0
2017-09-13 18:00:00,3908.16000000,3983.00000000,3831.00000000,3901.00000000,55.12850200,2017-09-13 18:59:59.999,214342.46741490,125,21.08101400,82077.00820717,0
2017-09-13 19:00:00,3895.10000000,3907.99000000,3831.02000000,3879.81000000,16.06935500,2017-09-13 19:59:59.999,62373.88198820,83,5.00768600,19493.92637445,0
2017-09-13 20:00:00,3879.81000000,3890.94000000,3845.03000000,3890.93000000,9.62935700,2017-09-13 20:59:59.999,37158.57800206,30,3.49702100,13573.71477140,0
2017-09-13 21:00:00,3890.54000000,3890.54000000,3848.65000000,3848.65000000,4.90577600,2017-09-13 21:59:59.999,19070.57612483,9,4.59228100,17864.04359308,0
2017-09-13 22:00:00,3889.99000000,3984.58000000,3889.99000000,3945.01000000,21.78285500,2017-09-13 22:59:59.999,85634.77644809,156,14.17294900,55606.32840537,0
2017-09-13 23:00:00,3945.00000000,3991.01000000,3890.93000000,3944.69000000,16.57967400,2017-09-13 23:59:59.999,65393.43887049,115,7.67629800,30450.12353608,0
2017-09-14 00:00:00,3944.00000000,3949.87000000,3870.02000000,3903.50000000,20.08883500,2017-09-14 00:59:59.999,78778.17848473,151,10.89394900,42723.84552696,0
2017-09-14 01:00:00,3903.50000000,3993.00000000,3903.50000000,3930.00000000,15.72437800,2017-09-14 01:59:59.999,62103.62181628,39,9.67782500,38326.34621152,0
2017-09-14 02:00:00,3940.00000000,3943.98000000,3818.00000000,3850.25000000,52.31023500,2017-09-14 02:59:59.999,202393.04594093,152,16.79489200,65294.30318288,0
2017-09-14 03:00:00,3850.30000000,3850.30000000,3800.02000000,3806.00000000,24.79306600,2017-09-14 03:59:59.999,94881.42483853,112,7.20103700,27616.61875569,0
2017-09-14 04:00:00,3800.01000000,3890.00000000,3800.00000000,3840.00000000,28.73257800,2017-09-14 04:59:59.999,110032.41662820,111,18.91032200,72523.33315169,0
2017-09-14 05:00:00,3850.00000000,3890.00000000,3818.03000000,3856.00000000,6.21081600,2017-09-14 05:59:59.999,24058.06543169,49,4.67574300,18142.65680515,0
2017-09-14 06:00:00,3860.00000000,3870.00000000,3800.00000000,3807.28000000,29.81582400,2017-09-14 06:59:59.999,113819.90147136,278,11.89556400,45509.30887952,0
2017-09-14 07:00:00,3820.00000000,3890.00000000,3813.69000000,3869.99000000,46.18741700,2017-09-14 07:59:59.999,177925.97836021,378,16.43003200,63259.01506116,0
2017-09-14 08:00:00,3846.58000000,3889.98000000,3780.00000000,3810.01000000,82.55803800,2017-09-14 08:59:59.999,315419.43105370,605,45.34462500,173476.55635558,0
2017-09-14 09:00:00,3810.00000000,3820.00000000,3761.01000000,3761.01000000,45.44434700,2017-09-14 09:59:59.999,172584.41937434,364,25.85277900,98463.93657145,0
2017-09-14 10:00:00,3761.01000000,3790.00000000,3620.00000000,3671.14000000,131.24347300,2017-09-14 10:59:59.999,484968.24100849,544,44.94620000,166615.73692356,0
2017-09-14 11:00:00,3700.00000000,3720.02000000,3418.00000000,3481.02000000,214.57190500,2017-09-14 11:59:59.999,760283.34489795,922,60.81327600,216044.05590820,0
2017-09-14 12:00:00,3481.02000000,3666.00000000,3460.01000000,3489.99000000,92.33225500,2017-09-14 12:59:59.999,329295.25263170,465,51.46501100,184494.75274630,0
2017-09-14 13:00:00,3480.00000000,3560.00000000,3395.00000000,3534.99000000,182.37614600,2017-09-14 13:59:59.999,632533.53275087,927,122.21919200,424803.43947098,0
2017-09-14 14:00:00,3534.99000000,3619.99000000,3490.00000000,3596.89000000,112.88094700,2017-09-14 14:59:59.999,401337.26942856,520,68.75987700,244247.16201920,0
2017-09-14 15:00:00,3596.90000000,3596.91000000,3489.04000000,3518.00000000,35.58794200,2017-09-14 15:59:59.999,126206.22053316,234,12.71499400,45355.32110682,0
2017-09-14 16:00:00,3522.00000000,3533.97000000,3439.21000000,3460.00000000,39.34137000,2017-09-14 16:59:59.999,137674.50293759,321,22.94073100,80451.78372791,0
2017-09-14 17:00:00,3459.99000000,3459.99000000,3325.27000000,3325.27000000,132.94549700,2017-09-14 17:59:59.999,447189.43857020,458,27.17158000,91861.94583426,0
2017-09-14 18:00:00,3334.94000000,3485.32000000,3263.00000000,3442.28000000,80.04567900,2017-09-14 18:59:59.999,268025.21881786,479,41.89589900,140304.52150029,0
2017-09-14 19:00:00,3443.00000000,3523.52000000,3340.06000000,3370.00000000,73.82796900,2017-09-14 19:59:59.999,253825.81347729,428,40.85727400,140928.39634348,0
2017-09-14 20:00:00,3368.73000000,3450.00000000,3360.00000000,3386.01000000,36.51014200,2017-09-14 20:59:59.999,124331.92206501,317,22.54063400,76821.79491696,0
2017-09-14 21:00:00,3369.41000000,3376.49000000,3285.00000000,3285.00000000,69.55767600,2017-09-14 21:59:59.999,231594.99806684,444,33.38396500,111126.77622111,0
2017-09-14 22:00:00,3280.10000000,3345.66000000,3273.75000000,3329.00000000,42.49697400,2017-09-14 22:59:59.999,140394.96625891,291,23.01748100,76064.66279113,0
2017-09-14 23:00:00,3327.00000000,3328.69000000,3165.13000000,3189.02000000,69.43803400,2017-09-14 23:59:59.999,224604.19976385,477,20.75109400,67116.16633889,0
2017-09-15 00:00:00,3188.01000000,3380.00000000,3152.01000000,3318.99000000,60.20130100,2017-09-15 00:59:59.999,197837.58309494,499,22.53965500,74246.70740879,0
2017-09-15 01:00:00,3310.00000000,3427.99000000,3298.45000000,3407.00000000,89.83210300,2017-09-15 01:59:59.999,303734.65906310,448,40.76852800,137745.33554196,0
2017-09-15 02:00:00,3407.85000000,3460.00000000,3376.00000000,3390.00000000,62.87298400,2017-09-15 02:59:59.999,215014.27577105,445,36.30998000,124178.67636518,0
2017-09-15 03:00:00,3397.92000000,3399.98000000,3336.20000000,3370.00000000,38.79626000,2017-09-15 03:59:59.999,130793.07940458,339,20.30301200,68506.45549100,0
2017-09-15 04:00:00,3369.99000000,3380.00000000,3292.72000000,3309.81000000,26.26323000,2017-09-15 04:59:59.999,87283.28280186,223,9.69672300,32221.69973270,0
2017-09-15 05:00:00,3308.46000000,3318.69000000,3224.03000000,3300.00000000,54.98680900,2017-09-15 05:59:59.999,178954.72938711,264,17.49032600,57093.79178402,0
2017-09-15 06:00:00,3300.00000000,3324.31000000,3100.00000000,3100.00000000,121.35419700,2017-09-15 06:59:59.999,384986.34020157,578,32.37661500,103966.02760395,0
2017-09-15 07:00:00,3097.91000000,3149.50000000,3031.00000000,3148.00000000,102.33089000,2017-09-15 07:59:59.999,314459.88915343,369,42.42870400,131150.91043636,0
2017-09-15 08:00:00,3148.00000000,3148.00000000,3002.01000000,3110.00000000,66.27783800,2017-09-15 08:59:59.999,202403.58984934,304,27.67408500,85008.20871862,0
2017-09-15 09:00:00,3110.00000000,3143.00000000,2915.01000000,2950.50000000,94.13946700,2017-09-15 09:59:59.999,282426.30944393,352,32.93381000,99406.00224185,0
2017-09-15 10:00:00,2917.07000000,3000.00000000,2900.00000000,2950.00000000,68.96570800,2017-09-15 10:59:59.999,203936.76140141,433,49.92526100,148086.72675002,0
2017-09-15 11:00:00,2947.00000000,2950.00000000,2817.00000000,2919.00000000,135.27049200,2017-09-15 11:59:59.999,390726.05607545,620,77.70266700,225121.49433357,0
2017-09-15 12:00:00,2870.90000000,3370.00000000,2870.90000000,3330.00000000,207.78364400,2017-09-15 12:59:59.999,661634.00176982,814,140.13596600,444297.98240542,0
2017-09-15 13:00:00,3332.99000000,3410.00000000,3134.01000000,3360.02000000,147.93579000,2017-09-15 13:59:59.999,487431.27183961,582,78.31940100,259161.37611219,0
2017-09-15 14:00:00,3389.90000000,3856.00000000,3389.90000000,3780.00000000,200.61488200,2017-09-15 14:59:59.999,741415.45587350,1025,126.33816500,467436.48600890,0
2017-09-15 15:00:00,3750.01000000,3853.00000000,3608.05000000,3830.00000000,126.52544400,2017-09-15 15:59:59.999,472018.54143257,680,62.74009300,234244.53446438,0
2017-09-15 16:00:00,3839.94000000,3839.98000000,3550.31000000,3565.01000000,90.02907800,2017-09-15 16:59:59.999,332486.54907046,475,26.72894700,99493.90711308,0
2017-09-15 17:00:00,3590.00000000,3601.00000000,3483.00000000,3548.00000000,69.61275600,2017-09-15 17:59:59.999,246472.83813346,357,29.01582900,102878.02552073,0
2017-09-15 18:00:00,3548.00000000,3650.00000000,3540.00000000,3560.09000000,39.42182300,2017-09-15 18:59:59.999,141423.19098405,315,15.64098600,56079.95905047,0
2017-09-15 19:00:00,3560.09000000,3740.01000000,3560.09000000,3702.66000000,46.88427300,2017-09-15 19:59:59.999,171759.74182919,278,28.65039700,105255.12311506,0
2017-09-15 20:00:00,3702.30000000,3726.00000000,3670.00000000,3710.00000000,28.10876500,2017-09-15 20:59:59.999,103903.92820767,273,11.21308200,41510.46403452,0
2017-09-15 21:00:00,3710.00000000,3790.00000000,3675.03000000,3790.00000000,37.86108000,2017-09-15 21:59:59.999,142219.04336644,298,24.55136900,92293.57989742,0
2017-09-15 22:00:00,3771.01000000,3799.90000000,3670.00000000,3750.00000000,26.06155100,2017-09-15 22:59:59.999,97191.95993688,212,7.15435700,26762.77334113,0
2017-09-15 23:00:00,3725.12000000,3730.00000000,3658.04000000,3700.00000000,26.73612700,2017-09-15 23:59:59.999,98254.10860304,262,5.48428700,20179.42091174,0
2017-09-16 00:00:00,3674.01000000,3760.00000000,3658.04000000,3735.00000000,26.14259500,2017-09-16 00:59:59.999,96884.21010353,344,12.08733400,44925.00468740,0
2017-09-16 01:00:00,3727.01000000,3950.00000000,3727.01000000,3830.00000000,60.14712400,2017-09-16 01:59:59.999,229123.28104799,422,44.21494400,168308.05621418,0
2017-09-16 02:00:00,3835.00000000,3937.99000000,3779.01000000,3818.98000000,48.40714700,2017-09-16 02:59:59.999,186828.73731721,518,20.12889900,77956.16770560,0
2017-09-16 03:00:00,3810.00000000,3880.00000000,3751.00000000,3770.00000000,36.00917500,2017-09-16 03:59:59.999,136494.92899187,414,21.40502700,81339.33680924,0
2017-09-16 04:00:00,3769.94000000,3830.00000000,3753.23000000,3830.00000000,36.04966900,2017-09-16 04:59:59.999,136636.40586703,237,18.94749200,71891.95419953,0
2017-09-16 05:00:00,3839.99000000,3935.93000000,3778.90000000,3816.01000000,104.97089600,2017-09-16 05:59:59.999,405844.29294571,594,45.43606600,175902.08824453,0
2017-09-16 06:00:00,3816.02000000,3846.00000000,3765.20000000,3792.00000000,86.29034100,2017-09-16 06:59:59.999,326933.13541331,434,36.90964500,139895.76184892,0
2017-09-16 07:00:00,3790.11000000,3849.99000000,3790.00000000,3847.90000000,30.49387200,2017-09-16 07:59:59.999,116557.24975925,223,16.51495300,63323.78899256,0
2017-09-16 08:00:00,3847.92000000,3850.00000000,3807.03000000,3839.75000000,43.27705100,2017-09-16 08:59:59.999,165924.02701173,324,25.38941600,97453.19374735,0
2017-09-16 09:00:00,3816.03000000,3839.75000000,3753.00000000,3753.08000000,76.39283700,2017-09-16 09:59:59.999,288968.98238972,431,19.24199900,72926.08008245,0
2017-09-16 10:00:00,3753.29000000,3753.29000000,3470.66000000,3480.00000000,175.25182600,2017-09-16 10:59:59.999,627740.72777263,778,58.97697900,209869.87939091,0
2017-09-16 11:00:00,3490.00000000,3678.22000000,3490.00000000,3630.06000000,113.72827900,2017-09-16 11:59:59.999,409919.97838552,475,68.05314800,246000.24770777,0
2017-09-16 12:00:00,3630.06000000,3667.99000000,3565.47000000,3630.00000000,51.17254100,2017-09-16 12:59:59.999,185265.72641781,347,23.78811600,86067.34237405,0
2017-09-16 13:00:00,3610.00000000,3729.99000000,3531.01000000,3674.98000000,60.48074500,2017-09-16 13:59:59.999,219448.90518811,413,36.84183500,134235.54031317,0
2017-09-16 14:00:00,3674.98000000,3800.00000000,3630.00000000,3630.00000000,58.98495300,2017-09-16 14:59:59.999,218953.33366806,664,14.24571100,53040.50042808,0
2017-09-16 15:00:00,3639.99000000,3698.00000000,3550.00000000,3567.11000000,39.44026200,2017-09-16 15:59:59.999,142783.72900012,298,12.95909200,47174.40306526,0
2017-09-16 16:00:00,3567.03000000,3650.00000000,3531.05000000,3650.00000000,71.31375700,2017-09-16 16:59:59.999,255626.83882756,339,47.19821800,169280.51287861,0
2017-09-16 17:00:00,3590.76000000,3649.00000000,3550.01000000,3617.01000000,28.20567700,2017-09-16 17:59:59.999,102038.38089482,248,17.45077400,63154.58477245,0
2017-09-16 18:00:00,3626.48000000,3714.99000000,3621.86000000,3681.00000000,59.85456800,2017-09-16 18:59:59.999,218762.98009611,532,50.12392300,182955.21862072,0
2017-09-16 19:00:00,3681.00000000,3714.99000000,3664.00000000,3664.00000000,13.50363100,2017-09-16 19:59:59.999,49631.31874518,90,7.46544100,27496.17050631,0
2017-09-16 20:00:00,3664.01000000,3714.95000000,3662.13000000,3662.13000000,20.57111200,2017-09-16 20:59:59.999,75636.82274661,128,3.13908100,11585.69182440,0
2017-09-16 21:00:00,3662.13000000,3689.99000000,3600.60000000,3675.00000000,15.29059700,2017-09-16 21:59:59.999,55781.42358527,168,4.98058600,18279.39139512,0
2017-09-16 22:00:00,3670.33000000,3712.97000000,3640.00000000,3710.00000000,21.86502600,2017-09-16 22:59:59.999,80179.80428703,234,9.98696800,36658.30761883,0
2017-09-16 23:00:00,3710.00000000,3715.00000000,3672.01000000,3714.95000000,19.72027200,2017-09-16 23:59:59.999,72913.02675065,154,9.40219500,34816.80929164,0
2017-09-17 00:00:00,3685.23000000,3709.94000000,3636.07000000,3670.00000000,20.73136900,2017-09-17 00:59:59.999,76070.17310725,188,8.70877700,32000.51475917,0
2017-09-17 01:00:00,3670.00000000,3670.00000000,3601.00000000,3602.00000000,26.23026500,2017-09-17 01:59:59.999,94953.83460985,254,2.89722100,10510.59110843,0
2017-09-17 02:00:00,3602.00000000,3650.00000000,3601.05000000,3640.02000000,29.22580600,2017-09-17 02:59:59.999,105775.18134274,232,10.35222600,37533.26801802,0
2017-09-17 03:00:00,3641.01000000,3649.67000000,3580.00000000,3580.00000000,49.77015900,2017-09-17 03:59:59.999,179380.06414827,281,11.86867800,42908.88373376,0
2017-09-17 04:00:00,3568.07000000,3604.79000000,3550.00000000,3560.01000000,15.20370400,2017-09-17 04:59:59.999,54156.27486890,262,3.54190300,12638.46096872,0
2017-09-17 05:00:00,3560.00000000,3570.00000000,3550.00000000,3557.75000000,25.62947900,2017-09-17 05:59:59.999,91142.92825865,212,3.82065800,13601.17896787,0
2017-09-17 06:00:00,3557.01000000,3599.84000000,3557.00000000,3563.05000000,21.27399200,2017-09-17 06:59:59.999,75876.76539826,148,5.77757200,20635.73814098,0
2017-09-17 07:00:00,3563.06000000,3584.00000000,3558.00000000,3559.00000000,23.78622300,2017-09-17 07:59:59.999,84823.56418827,199,6.84133600,24425.54703657,0
2017-09-17 08:00:00,3559.00000000,3559.00000000,3502.00000000,3535.01000000,67.28265100,2017-09-17 08:59:59.999,237970.09503979,596,11.10446600,39264.44767826,0
2017-09-17 09:00:00,3535.01000000,3549.98000000,3521.16000000,3549.98000000,34.69423900,2017-09-17 09:59:59.999,122888.53452712,434,23.00401000,81561.28361217,0
2017-09-17 10:00:00,3549.98000000,3609.39000000,3548.99000000,3577.44000000,25.89763800,2017-09-17 10:59:59.999,92245.45107380,364,18.42064500,65623.64081610,0
2017-09-17 11:00:00,3574.99000000,3574.99000000,3499.02000000,3499.03000000,32.88104400,2017-09-17 11:59:59.999,115585.48385370,182,4.70737900,16573.19124859,0
2017-09-17 12:00:00,3499.03000000,3579.99000000,3499.03000000,3538.31000000,11.70138500,2017-09-17 12:59:59.999,41588.49067127,176,5.24556700,18712.68375569,0
2017-09-17 13:00:00,3570.00000000,3649.90000000,3538.31000000,3638.00000000,60.72387800,2017-09-17 13:59:59.999,218643.77199034,322,41.16358400,148472.66667254,0
2017-09-17 14:00:00,3617.45000000,3660.00000000,3590.01000000,3648.86000000,32.54503300,2017-09-17 14:59:59.999,118604.23482729,326,19.56085500,71336.51169239,0
2017-09-17 15:00:00,3630.01000000,3660.00000000,3612.11000000,3637.33000000,30.97369400,2017-09-17 15:59:59.999,112748.68374470,252,15.14483100,55187.67384198,0
2017-09-17 16:00:00,3649.49000000,3730.00000000,3638.05000000,3700.00000000,25.26510500,2017-09-17 16:59:59.999,93434.86590112,215,14.27862600,52778.09697094,0
2017-09-17 17:00:00,3700.00000000,3731.00000000,3680.01000000,3690.02000000,27.22733400,2017-09-17 17:59:59.999,100946.47046242,240,11.54994400,42895.88653500,0
2017-09-17 18:00:00,3719.55000000,3731.00000000,3678.00000000,3715.02000000,16.19536200,2017-09-17 18:59:59.999,59996.03454295,258,5.21823000,19400.28277508,0
2017-09-17 19:00:00,3716.01000000,3748.21000000,3700.00000000,3720.00000000,16.38641600,2017-09-17 19:59:59.999,61085.00080239,279,11.24336900,41959.76828276,0
2017-09-17 20:00:00,3700.13000000,3738.00000000,3680.00000000,3690.00000000,16.35264000,2017-09-17 20:59:59.999,60730.43515661,169,8.74632500,32554.68293882,0
2017-09-17 21:00:00,3690.00000000,3730.00000000,3679.15000000,3720.00000000,19.09681500,2017-09-17 21:59:59.999,70700.67730843,293,6.12273200,22741.96530260,0
2017-09-17 22:00:00,3696.38000000,3739.00000000,3696.37000000,3720.00000000,31.68399100,2017-09-17 22:59:59.999,117605.22437293,191,10.09731600,37563.39964000,0
2017-09-17 23:00:00,3710.00000000,3739.00000000,3683.22000000,3699.99000000,21.41298800,2017-09-17 23:59:59.999,79538.03839761,282,14.51572600,53963.26596305,0
2017-09-18 00:00:00,3690.00000000,3741.00000000,3690.00000000,3731.01000000,18.21158300,2017-09-18 00:59:59.999,67712.72026085,250,11.44013600,42551.79081046,0
2017-09-18 01:00:00,3731.03000000,3748.21000000,3730.25000000,3740.00000000,30.69270100,2017-09-18 01:59:59.999,114820.48618528,195,14.32969700,53693.00765337,0
2017-09-18 02:00:00,3740.00000000,3845.78000000,3730.29000000,3845.78000000,41.96584600,2017-09-18 02:59:59.999,159604.00121173,369,20.17068600,76846.30377637,0
2017-09-18 03:00:00,3845.78000000,3850.00000000,3758.01000000,3830.00000000,38.89354800,2017-09-18 03:59:59.999,149095.57099896,458,13.45989800,51656.05017732,0
2017-09-18 04:00:00,3830.00000000,3839.98000000,3766.02000000,3769.06000000,37.19511700,2017-09-18 04:59:59.999,140934.74812459,373,5.53085400,20982.10116621,0
2017-09-18 05:00:00,3769.07000000,3875.00000000,3760.00000000,3850.02000000,49.16980800,2017-09-18 05:59:59.999,187611.54309074,371,18.07806500,69264.76885603,0
2017-09-18 06:00:00,3850.04000000,3950.03000000,3810.00000000,3950.01000000,51.35749700,2017-09-18 06:59:59.999,198850.33591465,386,24.36135500,94999.28654392,0
2017-09-18 07:00:00,3950.01000000,4000.00000000,3922.02000000,3950.32000000,89.96229100,2017-09-18 07:59:59.999,358246.71499921,517,55.46708200,221141.51859820,0
2017-09-18 08:00:00,3976.58000000,3976.58000000,3926.35000000,3950.32000000,35.92837600,2017-09-18 08:59:59.999,141789.55914855,325,14.89452800,58890.06110506,0
2017-09-18 09:00:00,3951.00000000,3968.00000000,3890.00000000,3906.00000000,42.55296300,2017-09-18 09:59:59.999,167766.69447804,365,13.90306400,54940.78193300,0
2017-09-18 10:00:00,3940.00000000,3940.00000000,3848.33000000,3931.23000000,40.50468300,2017-09-18 10:59:59.999,157535.63927923,224,8.72548700,34130.33093616,0
2017-09-18 11:00:00,3928.00000000,3970.00000000,3911.58000000,3929.33000000,31.29289300,2017-09-18 11:59:59.999,123591.04269304,256,18.00335200,71211.12580360,0
2017-09-18 12:00:00,3932.98000000,4074.35000000,3890.00000000,4040.01000000,86.47948500,2017-09-18 12:59:59.999,347188.71744847,487,47.26808100,189559.90613857,0
2017-09-18 13:00:00,4050.00000000,4123.20000000,4040.08000000,4090.00000000,52.30176400,2017-09-18 13:59:59.999,213728.70342284,513,26.34724200,107787.23025478,0
2017-09-18 14:00:00,4097.98000000,4097.99000000,3988.01000000,3988.01000000,87.26933300,2017-09-18 14:59:59.999,354679.12852567,597,25.86868800,104784.91466276,0
2017-09-18 15:00:00,3988.01000000,4069.99000000,3942.01000000,4030.33000000,65.92570900,2017-09-18 15:59:59.999,263932.82032906,628,29.67451000,118843.73676777,0
2017-09-18 16:00:00,4048.99000000,4048.99000000,3962.01000000,3969.52000000,39.39703600,2017-09-18 16:59:59.999,156799.02366250,308,11.49593700,45804.36996784,0
2017-09-18 17:00:00,3976.99000000,3980.00000000,3928.33000000,3951.30000000,26.31557300,2017-09-18 17:59:59.999,104089.70012633,256,7.44770900,29510.48235400,0
2017-09-18 18:00:00,3951.31000000,3999.00000000,3951.31000000,3980.99000000,24.01532200,2017-09-18 18:59:59.999,95474.16162169,195,16.80519200,66816.70447105,0
2017-09-18 19:00:00,3980.99000000,4039.98000000,3941.05000000,3969.48000000,23.76628200,2017-09-18 19:59:59.999,94511.60802915,303,6.36268300,25413.15725516,0
2017-09-18 20:00:00,3969.50000000,3984.99000000,3951.00000000,3951.50000000,13.69047300,2017-09-18 20:59:59.999,54352.73028745,141,0.83013500,3304.88444473,0
2017-09-18 21:00:00,3984.99000000,4053.59000000,3970.00000000,4047.53000000,31.63375500,2017-09-18 21:59:59.999,127315.43483697,184,15.60652900,62857.72428348,0
2017-09-18 22:00:00,4053.60000000,4085.00000000,4030.06000000,4030.10000000,40.64502800,2017-09-18 22:59:59.999,164974.89465448,282,7.08451700,28760.45504494,0
2017-09-18 23:00:00,4043.49000000,4069.79000000,4010.01000000,4035.01000000,30.83938900,2017-09-18 23:59:59.999,124427.07782915,237,4.48329500,18112.67825398,0
2017-09-19 00:00:00,4060.00000000,4089.97000000,3985.05000000,3985.05000000,41.09099400,2017-09-19 00:59:59.999,166360.75868612,282,13.20494700,53396.16725578,0
2017-09-19 01:00:00,3985.05000000,4019.87000000,3938.00000000,3969.11000000,53.14350500,2017-09-19 01:59:59.999,211160.73595284,343,21.12782700,84072.54317036,0
2017-09-19 02:00:00,3974.56000000,3990.00000000,3901.00000000,3961.00000000,38.74863600,2017-09-19 02:59:59.999,153009.79893638,380,12.84193100,50753.55010028,0
2017-09-19 03:00:00,3960.00000000,3982.58000000,3950.00000000,3971.02000000,30.66061600,2017-09-19 03:59:59.999,121529.78480527,266,9.24166800,36693.29310230,0
2017-09-19 04:00:00,3972.00000000,3981.19000000,3915.52000000,3915.52000000,51.03327600,2017-09-19 04:59:59.999,201831.82521450,351,9.75939500,38652.95620853,0
2017-09-19 05:00:00,3910.00000000,3930.00000000,3830.91000000,3860.00000000,51.62975700,2017-09-19 05:59:59.999,200027.29817043,375,15.57077400,60383.92396347,0
2017-09-19 06:00:00,3860.00000000,3980.00000000,3848.07000000,3964.92000000,42.08739500,2017-09-19 06:59:59.999,164384.70858129,373,18.51712100,72489.01261692,0
2017-09-19 07:00:00,3960.00000000,3960.00000000,3872.83000000,3936.28000000,37.03130200,2017-09-19 07:59:59.999,145199.84090306,265,6.93298000,27271.48660089,0
2017-09-19 08:00:00,3880.06000000,3979.99000000,3873.00000000,3932.02000000,18.59803000,2017-09-19 08:59:59.999,73224.45289716,161,3.76869500,14838.57524955,0
2017-09-19 09:00:00,3932.02000000,3982.23000000,3921.01000000,3940.20000000,27.52615400,2017-09-19 09:59:59.999,108812.45131006,236,11.00212400,43707.88002368,0
2017-09-19 10:00:00,3940.20000000,4000.00000000,3923.15000000,4000.00000000,39.79383700,2017-09-19 10:59:59.999,157479.97052174,247,12.83463600,51045.92079670,0
2017-09-19 11:00:00,3990.13000000,4032.02000000,3969.00000000,3969.01000000,39.53009400,2017-09-19 11:59:59.999,158335.83352793,287,14.43713300,57969.18428022,0
2017-09-19 12:00:00,3969.32000000,4019.96000000,3960.00000000,4016.26000000,36.70729800,2017-09-19 12:59:59.999,146547.18971392,297,6.81057500,27225.85062252,0
2017-09-19 13:00:00,4016.48000000,4029.99000000,3930.00000000,3930.00000000,55.48963100,2017-09-19 13:59:59.999,221012.96259996,363,16.73847700,66744.52579626,0
2017-09-19 14:00:00,3930.00000000,3979.00000000,3901.02000000,3946.37000000,49.16531300,2017-09-19 14:59:59.999,193868.20552771,364,17.67884100,69859.57357363,0
2017-09-19 15:00:00,3933.00000000,3967.00000000,3923.00000000,3965.01000000,29.83203000,2017-09-19 15:59:59.999,117608.57364886,291,8.51658800,33600.70270573,0
2017-09-19 16:00:00,3970.00000000,3990.00000000,3952.87000000,3961.90000000,26.17180700,2017-09-19 16:59:59.999,103870.48371905,252,4.61341800,18333.37281715,0
2017-09-19 17:00:00,3960.02000000,4014.56000000,3960.01000000,3960.01000000,31.98443700,2017-09-19 17:59:59.999,127369.72841471,280,6.28214800,25083.63594239,0
2017-09-19 18:00:00,3960.01000000,3999.15000000,3930.23000000,3960.00000000,20.00668900,2017-09-19 18:59:59.999,79393.43870804,262,1.76781300,7043.71580983,0
2017-09-19 19:00:00,3940.01000000,3970.00000000,3871.99000000,3890.01000000,44.31724300,2017-09-19 19:59:59.999,173807.45109214,371,10.81194100,42504.61906377,0
2017-09-19 20:00:00,3890.02000000,3913.99000000,3830.91000000,3842.04000000,62.78220000,2017-09-19 20:59:59.999,241922.56779261,554,16.58556200,63975.63437549,0
2017-09-19 21:00:00,3869.58000000,3910.00000000,3838.00000000,3848.01000000,25.80095300,2017-09-19 21:59:59.999,100093.02678521,219,6.65451000,25847.59406917,0
2017-09-19 22:00:00,3870.30000000,3905.95000000,3830.93000000,3882.71000000,29.12526100,2017-09-19 22:59:59.999,113065.26675698,278,5.41943700,21042.56659305,0
2017-09-19 23:00:00,3882.70000000,3920.00000000,3882.70000000,3910.04000000,20.07567100,2017-09-19 23:59:59.999,78398.84317275,245,6.20181100,24267.59703765,0
2017-09-20 00:00:00,3910.04000000,3923.26000000,3871.80000000,3875.00000000,24.29417900,2017-09-20 00:59:59.999,94690.14277183,267,8.22516900,32131.94885389,0
2017-09-20 01:00:00,3887.50000000,3919.97000000,3850.50000000,3850.50000000,28.79808700,2017-09-20 01:59:59.999,111848.45897191,290,7.19029100,27985.06827022,0
2017-09-20 02:00:00,3850.50000000,3908.99000000,3843.00000000,3875.38000000,29.72018200,2017-09-20 02:59:59.999,115169.33991248,229,2.23329300,8664.35782337,0
2017-09-20 03:00:00,3876.01000000,3904.87000000,3875.38000000,3875.93000000,27.50893100,2017-09-20 03:59:59.999,106819.82361870,256,4.49603100,17524.21944387,0
2017-09-20 04:00:00,3875.91000000,3875.91000000,3823.00000000,3849.98000000,24.20626300,2017-09-20 04:59:59.999,92888.64219111,274,6.83511700,26248.29009818,0
2017-09-20 05:00:00,3849.98000000,3880.00000000,3820.00000000,3851.00000000,38.98786300,2017-09-20 05:59:59.999,150024.46773887,368,14.04312900,54226.58313460,0
2017-09-20 06:00:00,3851.00000000,3950.00000000,3850.00000000,3950.00000000,42.57477100,2017-09-20 06:59:59.999,166433.52197174,425,31.02528200,121605.85779434,0
2017-09-20 07:00:00,3950.00000000,3988.83000000,3910.71000000,3913.89000000,42.10579100,2017-09-20 07:59:59.999,166411.85871859,576,32.33271600,128001.07267749,0
2017-09-20 08:00:00,3913.91000000,3979.99000000,3913.91000000,3944.80000000,27.81074300,2017-09-20 08:59:59.999,110087.04363323,376,24.68186900,97811.79443491,0
2017-09-20 09:00:00,3928.25000000,3976.17000000,3920.21000000,3927.86000000,28.60161800,2017-09-20 09:59:59.999,112705.08146887,236,20.52230300,80958.59257232,0
2017-09-20 10:00:00,3920.21000000,3930.00000000,3859.31000000,3928.35000000,26.14742900,2017-09-20 10:59:59.999,102280.66512914,274,22.37169700,87589.55643509,0
2017-09-20 11:00:00,3928.35000000,3928.36000000,3885.24000000,3927.77000000,25.66970800,2017-09-20 11:59:59.999,100588.94992474,303,15.98794900,62713.58618893,0
2017-09-20 12:00:00,3927.77000000,3954.17000000,3912.08000000,3912.16000000,18.40659500,2017-09-20 12:59:59.999,72415.20797548,200,13.34729300,52558.52659797,0
2017-09-20 13:00:00,3929.23000000,3992.02000000,3915.02000000,3992.02000000,26.96093400,2017-09-20 13:59:59.999,106419.80992359,318,19.18877200,75738.94193745,0
2017-09-20 14:00:00,3992.02000000,4046.08000000,3992.01000000,4012.98000000,64.17672200,2017-09-20 14:59:59.999,257809.14417583,448,13.23689600,53187.12352927,0
2017-09-20 15:00:00,4012.98000000,4018.34000000,3983.10000000,4005.00000000,18.38850700,2017-09-20 15:59:59.999,73699.47364959,273,13.23918600,53099.26848696,0
2017-09-20 16:00:00,3997.50000000,4029.95000000,3995.00000000,4016.98000000,19.77871700,2017-09-20 16:59:59.999,79338.26062658,235,16.75796300,67244.87627043,0
2017-09-20 17:00:00,4027.74000000,4039.99000000,3997.01000000,4008.49000000,16.67183800,2017-09-20 17:59:59.999,67004.37747550,268,14.08364700,56607.55458650,0
2017-09-20 18:00:00,4008.51000000,4020.01000000,3985.00000000,4015.99000000,38.18400300,2017-09-20 18:59:59.999,152920.06816365,217,27.12583900,108600.25530380,0
2017-09-20 19:00:00,4015.99000000,4016.00000000,3962.76000000,3962.93000000,30.58709700,2017-09-20 19:59:59.999,121900.93079503,296,18.05028400,71985.74716238,0
2017-09-20 20:00:00,3962.93000000,4000.00000000,3960.00000000,3988.32000000,24.21498600,2017-09-20 20:59:59.999,96382.12621128,257,21.01815300,83710.07432033,0
2017-09-20 21:00:00,3980.11000000,3988.32000000,3960.00000000,3960.00000000,16.32570400,2017-09-20 21:59:59.999,64786.76380188,193,7.92819500,31481.53044348,0
2017-09-20 22:00:00,3960.37000000,3988.32000000,3936.16000000,3968.58000000,17.60508000,2017-09-20 22:59:59.999,69801.03865941,258,13.96486800,55396.02342178,0
2017-09-20 23:00:00,3968.58000000,3990.00000000,3860.09000000,3900.00000000,63.20932800,2017-09-20 23:59:59.999,247159.25557901,394,27.38919600,107139.30005160,0
2017-09-21 00:00:00,3889.99000000,3910.00000000,3816.63000000,3830.00000000,78.04862200,2017-09-21 00:59:59.999,300830.18879494,346,33.73173100,130124.34249224,0
2017-09-21 01:00:00,3840.00000000,3867.73000000,3819.01000000,3835.67000000,25.85951300,2017-09-21 01:59:59.999,99405.77706166,302,17.36388400,66801.73008457,0
2017-09-21 02:00:00,3859.97000000,3884.45000000,3858.00000000,3868.00000000,24.92086200,2017-09-21 02:59:59.999,96522.32900212,354,18.36139300,71144.63239081,0
2017-09-21 03:00:00,3868.00000000,3879.10000000,3820.00000000,3827.66000000,38.56087600,2017-09-21 03:59:59.999,148493.57282808,329,21.28788300,81841.91922192,0
2017-09-21 04:00:00,3820.02000000,3860.00000000,3800.00000000,3852.71000000,36.17092800,2017-09-21 04:59:59.999,138673.13621929,290,23.07688200,88496.48775714,0
2017-09-21 05:00:00,3852.71000000,3879.24000000,3828.00000000,3870.00000000,18.42630000,2017-09-21 05:59:59.999,71130.15956007,294,11.08355900,42846.11475613,0
2017-09-21 06:00:00,3851.87000000,3899.00000000,3851.87000000,3864.99000000,21.75073800,2017-09-21 06:59:59.999,84359.86828246,320,16.28887700,63216.71117654,0
2017-09-21 07:00:00,3864.99000000,3903.28000000,3853.01000000,3885.23000000,33.43539100,2017-09-21 07:59:59.999,129595.74135358,247,14.60569600,56683.07952450,0
2017-09-21 08:00:00,3885.23000000,3900.00000000,3853.60000000,3871.99000000,17.80175800,2017-09-21 08:59:59.999,69155.86571920,205,12.23633600,47615.47487798,0
2017-09-21 09:00:00,3871.99000000,3877.76000000,3835.88000000,3860.00000000,19.32237900,2017-09-21 09:59:59.999,74434.89116624,396,13.62114300,52489.43965720,0
2017-09-21 10:00:00,3850.00000000,3904.81000000,3836.39000000,3871.48000000,11.53898300,2017-09-21 10:59:59.999,44687.31894392,212,6.13612000,23815.26302857,0
2017-09-21 11:00:00,3904.68000000,3904.68000000,3850.00000000,3864.95000000,20.79526900,2017-09-21 11:59:59.999,80546.17167189,234,17.45780100,67656.43867614,0
2017-09-21 12:00:00,3862.99000000,3865.00000000,3836.33000000,3858.08000000,23.46931900,2017-09-21 12:59:59.999,90331.53139012,333,12.20679600,47043.70593279,0
2017-09-21 13:00:00,3863.00000000,3879.99000000,3840.24000000,3856.67000000,26.75017000,2017-09-21 13:59:59.999,103405.81804020,321,17.41669000,67383.53520480,0
2017-09-21 14:00:00,3859.53000000,3870.74000000,3780.00000000,3782.55000000,60.41245900,2017-09-21 14:59:59.999,231023.99890489,257,28.86689800,110560.28192210,0
2017-09-21 15:00:00,3782.55000000,3801.46000000,3668.60000000,3727.44000000,163.98833800,2017-09-21 15:59:59.999,609361.24944462,1005,59.64992200,222644.68833899,0
2017-09-21 16:00:00,3730.00000000,3747.48000000,3633.83000000,3670.00000000,57.26399100,2017-09-21 16:59:59.999,210125.22874141,540,28.57099900,104785.20179623,0
2017-09-21 17:00:00,3670.00000000,3731.35000000,3653.95000000,3663.82000000,29.91385800,2017-09-21 17:59:59.999,110246.67757186,370,18.58006500,68536.99139720,0
2017-09-21 18:00:00,3653.99000000,3709.98000000,3653.94000000,3673.65000000,38.23967600,2017-09-21 18:59:59.999,140629.24524730,312,9.09592700,33526.18793517,0
2017-09-21 19:00:00,3673.65000000,3673.65000000,3592.62000000,3605.03000000,80.11796500,2017-09-21 19:59:59.999,289605.97438091,497,41.48576400,149885.95114518,0
2017-09-21 20:00:00,3605.03000000,3660.00000000,3567.00000000,3630.00000000,62.66449800,2017-09-21 20:59:59.999,225928.87448144,641,25.84401000,93241.99227538,0
2017-09-21 21:00:00,3641.00000000,3678.26000000,3616.78000000,3630.00000000,51.28159100,2017-09-21 21:59:59.999,187438.27756349,354,30.89452500,112808.69470952,0
2017-09-21 22:00:00,3640.00000000,3678.25000000,3621.00000000,3627.12000000,29.70592700,2017-09-21 22:59:59.999,108578.18892009,281,19.24694700,70436.07905037,0
2017-09-21 23:00:00,3632.03000000,3632.03000000,3572.86000000,3609.99000000,31.21467300,2017-09-21 23:59:59.999,112532.99292286,274,20.14907800,72653.69538600,0
2017-09-22 00:00:00,3592.84000000,3647.30000000,3592.84000000,3647.29000000,28.47813100,2017-09-22 00:59:59.999,103175.23080511,313,22.05802700,79918.90035645,0
2017-09-22 01:00:00,3647.29000000,3679.28000000,3641.66000000,3651.75000000,40.25049500,2017-09-22 01:59:59.999,147212.86654958,324,28.50829000,104338.48487609,0
2017-09-22 02:00:00,3651.75000000,3669.35000000,3615.11000000,3617.24000000,21.91491300,2017-09-22 02:59:59.999,79893.51954844,269,17.59872800,64163.55431677,0
2017-09-22 03:00:00,3617.24000000,3697.51000000,3617.24000000,3697.51000000,41.07028400,2017-09-22 03:59:59.999,150354.65130072,367,28.13334100,102930.15349582,0
2017-09-22 04:00:00,3693.01000000,3750.00000000,3677.35000000,3732.46000000,59.79978100,2017-09-22 04:59:59.999,222349.06795390,548,37.40280800,139000.87070101,0
2017-09-22 05:00:00,3720.00000000,3732.97000000,3681.17000000,3713.43000000,24.05590600,2017-09-22 05:59:59.999,89200.25935720,327,17.62380000,65358.27139792,0
2017-09-22 06:00:00,3713.42000000,3740.00000000,3698.38000000,3731.54000000,29.29699800,2017-09-22 06:59:59.999,109064.30607577,255,14.02633700,52220.93527634,0
2017-09-22 07:00:00,3740.00000000,3740.00000000,3658.46000000,3658.46000000,26.52138300,2017-09-22 07:59:59.999,97937.94334690,273,8.68442800,32112.71421887,0
2017-09-22 08:00:00,3658.46000000,3669.00000000,3625.75000000,3647.70000000,27.05214600,2017-09-22 08:59:59.999,98670.56204439,323,18.82485800,68658.59378642,0
2017-09-22 09:00:00,3650.00000000,3654.00000000,3600.00000000,3606.95000000,29.54532500,2017-09-22 09:59:59.999,107162.79219008,342,15.74054300,57072.18035385,0
2017-09-22 10:00:00,3620.23000000,3620.23000000,3572.85000000,3572.85000000,42.01998200,2017-09-22 10:59:59.999,150926.42742442,259,17.18613800,61762.24585246,0
2017-09-22 11:00:00,3577.84000000,3602.00000000,3522.22000000,3539.97000000,53.34278500,2017-09-22 11:59:59.999,190043.74012904,334,18.58763400,66265.05146591,0
2017-09-22 12:00:00,3528.36000000,3599.99000000,3520.00000000,3592.12000000,35.73423500,2017-09-22 12:59:59.999,127074.05832238,386,21.34735800,76032.74019507,0
2017-09-22 13:00:00,3599.90000000,3599.90000000,3547.91000000,3566.11000000,24.99218000,2017-09-22 13:59:59.999,89410.47772714,320,16.50564000,59131.22133728,0
2017-09-22 14:00:00,3566.11000000,3645.99000000,3550.07000000,3596.49000000,52.53169300,2017-09-22 14:59:59.999,189163.51292071,553,35.86807900,129239.08044095,0
2017-09-22 15:00:00,3596.00000000,3617.68000000,3505.55000000,3514.07000000,66.61652500,2017-09-22 15:59:59.999,235994.88533179,481,31.08985700,110259.08122986,0
2017-09-22 16:00:00,3527.97000000,3572.14000000,3514.08000000,3550.00000000,26.59720300,2017-09-22 16:59:59.999,94215.55081979,351,18.70970200,66270.25669249,0
2017-09-22 17:00:00,3569.95000000,3569.97000000,3520.00000000,3557.01000000,32.22040700,2017-09-22 17:59:59.999,113970.01885995,304,21.90855900,77486.70418552,0
2017-09-22 18:00:00,3557.01000000,3580.00000000,3545.54000000,3559.99000000,24.30279800,2017-09-22 18:59:59.999,86639.32368666,288,21.01700400,74965.16589634,0
2017-09-22 19:00:00,3559.99000000,3590.00000000,3542.92000000,3590.00000000,26.38049900,2017-09-22 19:59:59.999,94203.88430170,249,17.90926400,64038.04591298,0
2017-09-22 20:00:00,3590.00000000,3626.24000000,3574.70000000,3607.21000000,36.94936800,2017-09-22 20:59:59.999,133211.24073737,319,21.59659900,77837.74100350,0
2017-09-22 21:00:00,3607.21000000,3645.18000000,3574.93000000,3624.21000000,39.70791800,2017-09-22 21:59:59.999,143021.23482443,414,29.18697900,105199.17695521,0
2017-09-22 22:00:00,3624.21000000,3644.25000000,3575.02000000,3597.20000000,31.22359400,2017-09-22 22:59:59.999,112622.88681148,282,17.93367900,64679.22230097,0
2017-09-22 23:00:00,3590.83000000,3630.77000000,3590.00000000,3595.87000000,18.36187600,2017-09-22 23:59:59.999,66252.99185954,271,13.61221700,49164.22029366,0
2017-09-23 00:00:00,3595.88000000,3615.06000000,3559.88000000,3599.72000000,28.29250900,2017-09-23 00:59:59.999,101526.65477934,256,14.83808200,53285.78008262,0
2017-09-23 01:00:00,3599.72000000,3599.72000000,3542.91000000,3584.49000000,27.79796500,2017-09-23 01:59:59.999,99135.37814639,291,15.40496100,54970.93921193,0
2017-09-23 02:00:00,3584.47000000,3620.00000000,3583.24000000,3620.00000000,21.73835100,2017-09-23 02:59:59.999,78322.89243353,193,8.67524900,31234.58017271,0
2017-09-23 03:00:00,3620.00000000,3628.00000000,3600.90000000,3605.00000000,17.95727700,2017-09-23 03:59:59.999,64957.67623508,260,5.24738900,19028.10614465,0
2017-09-23 04:00:00,3614.87000000,3679.80000000,3600.90000000,3677.35000000,44.71204600,2017-09-23 04:59:59.999,163110.80677932,363,26.43314500,96390.40405351,0
2017-09-23 05:00:00,3677.34000000,3717.44000000,3666.67000000,3682.37000000,43.22008100,2017-09-23 05:59:59.999,159520.51019448,313,23.75941900,87734.29050602,0
2017-09-23 06:00:00,3682.37000000,3717.44000000,3670.00000000,3692.75000000,23.54970200,2017-09-23 06:59:59.999,87077.66013808,262,15.61742400,57758.31955834,0
2017-09-23 07:00:00,3696.00000000,3702.41000000,3669.50000000,3689.38000000,17.72754800,2017-09-23 07:59:59.999,65415.18320910,318,14.30182900,52805.23473883,0
2017-09-23 08:00:00,3689.38000000,3738.00000000,3688.00000000,3734.61000000,32.41415000,2017-09-23 08:59:59.999,120508.30208013,326,13.68461100,50848.16415686,0
2017-09-23 09:00:00,3719.01000000,3739.99000000,3704.41000000,3726.83000000,28.91339200,2017-09-23 09:59:59.999,107756.97742134,367,19.23869500,71697.36989204,0
2017-09-23 10:00:00,3711.00000000,3780.00000000,3711.00000000,3770.01000000,33.94960600,2017-09-23 10:59:59.999,127113.79498186,276,25.98894100,97362.40550579,0
2017-09-23 11:00:00,3779.00000000,3798.90000000,3755.01000000,3798.00000000,30.36583700,2017-09-23 11:59:59.999,114605.89564237,339,23.40832700,88365.05004811,0
2017-09-23 12:00:00,3798.90000000,3817.19000000,3766.48000000,3768.01000000,45.47051500,2017-09-23 12:59:59.999,172444.53568162,363,24.88622000,94368.17982705,0
2017-09-23 13:00:00,3779.30000000,3802.63000000,3719.56000000,3780.00000000,37.26858400,2017-09-23 13:59:59.999,139935.64739452,340,16.81126800,63135.75373733,0
2017-09-23 14:00:00,3759.53000000,3796.80000000,3759.53000000,3770.01000000,30.98933000,2017-09-23 14:59:59.999,116996.13226383,328,20.35797400,76921.34176752,0
2017-09-23 15:00:00,3770.01000000,3770.01000000,3717.57000000,3746.36000000,34.09759700,2017-09-23 15:59:59.999,127507.13304122,354,22.63775600,84661.44767982,0
2017-09-23 16:00:00,3746.37000000,3760.39000000,3700.00000000,3750.24000000,45.64304500,2017-09-23 16:59:59.999,170354.93789912,523,28.01090500,104743.45418359,0
2017-09-23 17:00:00,3769.99000000,3769.99000000,3741.11000000,3753.14000000,30.02525400,2017-09-23 17:59:59.999,112673.45509910,468,17.20327100,64617.42768284,0
2017-09-23 18:00:00,3753.16000000,3769.99000000,3724.55000000,3734.61000000,34.61594700,2017-09-23 18:59:59.999,129529.12393819,362,14.66291000,54982.46439496,0
2017-09-23 19:00:00,3734.60000000,3779.52000000,3734.53000000,3779.50000000,36.55377800,2017-09-23 19:59:59.999,137170.40159136,527,17.26553100,64969.14596056,0
2017-09-23 20:00:00,3766.41000000,3785.57000000,3766.41000000,3779.65000000,28.06716600,2017-09-23 20:59:59.999,105998.55930635,424,17.69891600,66909.08321271,0
2017-09-23 21:00:00,3780.00000000,3780.00000000,3725.01000000,3727.45000000,24.24036000,2017-09-23 21:59:59.999,90773.68400640,354,19.29655400,72258.05328660,0
2017-09-23 22:00:00,3725.01000000,3763.52000000,3718.12000000,3731.58000000,20.68411500,2017-09-23 22:59:59.999,77326.91714736,374,12.01046000,44943.61196739,0
2017-09-23 23:00:00,3733.02000000,3790.00000000,3733.02000000,3780.00000000,34.49863600,2017-09-23 23:59:59.999,129944.74010502,421,14.50687300,54688.53550294,0
2017-09-24 00:00:00,3779.54000000,3789.99000000,3749.70000000,3749.70000000,21.81824700,2017-09-24 00:59:59.999,82244.03111991,370,9.79602700,36934.66351364,0
2017-09-24 01:00:00,3749.70000000,3777.39000000,3731.54000000,3767.47000000,38.20929800,2017-09-24 01:59:59.999,143503.58877449,453,15.09914200,56793.67599004,0
2017-09-24 02:00:00,3767.46000000,3779.99000000,3731.88000000,3764.49000000,24.09644600,2017-09-24 02:59:59.999,90709.19604931,403,5.33663000,20116.60622482,0
2017-09-24 03:00:00,3764.49000000,3786.07000000,3764.47000000,3782.90000000,29.14416900,2017-09-24 03:59:59.999,110069.85795663,302,20.36328300,76949.71200913,0
2017-09-24 04:00:00,3782.90000000,3783.99000000,3650.84000000,3672.66000000,84.29686300,2017-09-24 04:59:59.999,313248.94989412,760,36.88745300,137414.43687718,0
2017-09-24 05:00:00,3672.66000000,3703.07000000,3650.82000000,3687.62000000,41.83078500,2017-09-24 05:59:59.999,153767.88543151,586,16.07434300,59127.55487323,0
2017-09-24 06:00:00,3691.45000000,3718.85000000,3635.27000000,3635.27000000,32.09805500,2017-09-24 06:59:59.999,117739.96480386,390,10.88333600,39992.13317172,0
2017-09-24 07:00:00,3635.27000000,3669.00000000,3622.76000000,3669.00000000,25.36705300,2017-09-24 07:59:59.999,92285.61735067,270,10.56276600,38486.14851911,0
2017-09-24 08:00:00,3668.00000000,3675.67000000,3641.72000000,3641.75000000,18.99117700,2017-09-24 08:59:59.999,69528.84957720,326,5.58367700,20489.00018549,0
2017-09-24 09:00:00,3660.00000000,3675.67000000,3627.19000000,3663.68000000,27.49377900,2017-09-24 09:59:59.999,100356.26454016,482,6.18894000,22658.72423013,0
2017-09-24 10:00:00,3669.00000000,3698.31000000,3636.51000000,3647.26000000,33.04706100,2017-09-24 10:59:59.999,121189.76141300,374,13.86299800,50961.12530976,0
2017-09-24 11:00:00,3647.26000000,3698.40000000,3637.82000000,3683.36000000,26.14190000,2017-09-24 11:59:59.999,95994.95784869,414,20.15159000,73995.35885067,0
2017-09-24 12:00:00,3674.22000000,3697.99000000,3674.21000000,3674.65000000,27.12782900,2017-09-24 12:59:59.999,99843.23036386,366,13.82999900,50940.88393544,0
2017-09-24 13:00:00,3674.65000000,3730.00000000,3674.65000000,3716.00000000,40.31813200,2017-09-24 13:59:59.999,149801.71274146,668,26.76841100,99539.56765789,0
2017-09-24 14:00:00,3716.00000000,3728.00000000,3675.66000000,3676.01000000,26.98293400,2017-09-24 14:59:59.999,99932.45680964,379,14.44137100,53541.97698587,0
2017-09-24 15:00:00,3676.01000000,3723.44000000,3675.65000000,3691.31000000,30.36563400,2017-09-24 15:59:59.999,112146.67459874,309,8.05781900,29861.58471352,0
2017-09-24 16:00:00,3707.89000000,3707.90000000,3680.00000000,3690.00000000,21.44807100,2017-09-24 16:59:59.999,79318.91517498,317,5.32677400,19744.51206304,0
2017-09-24 17:00:00,3675.60000000,3700.00000000,3675.60000000,3675.62000000,10.41181700,2017-09-24 17:59:59.999,38438.43241319,139,8.61119000,31815.18135162,0
2017-09-24 18:00:00,3675.62000000,3687.37000000,3624.38000000,3648.84000000,39.73978700,2017-09-24 18:59:59.999,145358.36065462,422,14.11182200,51755.47269734,0
2017-09-24 19:00:00,3672.04000000,3687.37000000,3648.84000000,3687.36000000,21.85891700,2017-09-24 19:59:59.999,80140.01444331,466,7.65293300,28133.19178820,0
2017-09-24 20:00:00,3665.68000000,3707.94000000,3650.70000000,3653.76000000,30.97636400,2017-09-24 20:59:59.999,113915.45512275,266,17.82050100,65737.22497207,0
2017-09-24 21:00:00,3653.76000000,3670.00000000,3653.69000000,3670.00000000,1.98165100,2017-09-24 21:59:59.999,7258.83970709,77,1.13736400,4173.08658827,0
2017-09-24 22:00:00,3662.59000000,3680.00000000,3654.15000000,3670.01000000,1.15632300,2017-09-24 22:59:59.999,4241.47038526,71,0.00400000,14.70000000,0
2017-09-24 23:00:00,3680.01000000,3689.99000000,3660.00000000,3660.02000000,6.73409800,2017-09-24 23:59:59.999,24753.94902596,114,2.38680100,8787.80387270,0
2017-09-25 00:00:00,3660.02000000,3677.92000000,3653.69000000,3656.69000000,20.55995100,2017-09-25 00:59:59.999,75274.53420994,221,4.56596800,16736.54646706,0
2017-09-25 01:00:00,3656.69000000,3682.47000000,3655.00000000,3669.66000000,18.33349500,2017-09-25 01:59:59.999,67315.83058258,317,4.76739600,17529.22610233,0
2017-09-25 02:00:00,3670.00000000,3772.00000000,3669.66000000,3742.07000000,72.62708000,2017-09-25 02:59:59.999,270644.18834803,535,32.38553700,120662.20821328,0
2017-09-25 03:00:00,3742.07000000,3767.53000000,3735.00000000,3751.00000000,31.72160800,2017-09-25 03:59:59.999,119037.00515494,453,19.95461900,74924.66287007,0
2017-09-25 04:00:00,3750.01000000,3815.74000000,3750.00000000,3797.01000000,76.00743300,2017-09-25 04:59:59.999,288554.57691902,642,34.62501600,131367.50039286,0
2017-09-25 05:00:00,3797.01000000,3815.74000000,3770.00000000,3777.00000000,12.44471600,2017-09-25 05:59:59.999,47111.72616314,251,2.92105500,11081.84135088,0
2017-09-25 06:00:00,3770.00000000,3793.19000000,3752.00000000,3768.00000000,29.41285800,2017-09-25 06:59:59.999,110917.53513456,451,5.26882300,19877.14423301,0
2017-09-25 07:00:00,3768.00000000,3793.55000000,3762.97000000,3780.60000000,24.61729500,2017-09-25 07:59:59.999,92780.75542403,382,7.58276600,28620.18055190,0
2017-09-25 08:00:00,3789.50000000,3793.56000000,3750.01000000,3764.00000000,32.92911800,2017-09-25 08:59:59.999,124251.81848820,489,22.82235600,86118.50966268,0
2017-09-25 09:00:00,3753.01000000,3780.00000000,3747.94000000,3760.47000000,18.30329000,2017-09-25 09:59:59.999,68922.98112006,357,8.98461500,33842.90090206,0
2017-09-25 10:00:00,3768.00000000,3803.77000000,3753.00000000,3800.00000000,14.19465700,2017-09-25 10:59:59.999,53567.86787746,230,5.85884900,22096.43437223,0
2017-09-25 11:00:00,3800.00000000,3807.53000000,3770.00000000,3781.05000000,23.32793300,2017-09-25 11:59:59.999,88301.41285804,418,7.97541100,30247.85084090,0
2017-09-25 12:00:00,3781.05000000,3807.52000000,3770.00000000,3791.99000000,21.56001200,2017-09-25 12:59:59.999,81521.45314844,399,6.02907000,22856.28872593,0
2017-09-25 13:00:00,3792.04000000,3800.00000000,3779.00000000,3779.00000000,23.44386700,2017-09-25 13:59:59.999,88809.93339415,525,3.60158500,13668.80583874,0
2017-09-25 14:00:00,3779.00000000,3945.00000000,3779.00000000,3937.75000000,69.70002800,2017-09-25 14:59:59.999,269932.48090014,683,33.40412700,129139.60303571,0
2017-09-25 15:00:00,3937.84000000,3937.84000000,3880.00000000,3910.01000000,50.68360800,2017-09-25 15:59:59.999,198102.53351437,605,26.63849800,104138.33971651,0
2017-09-25 16:00:00,3915.01000000,3979.87000000,3890.00000000,3910.00000000,51.17520900,2017-09-25 16:59:59.999,201612.25018877,654,25.40968800,100238.97628603,0
2017-09-25 17:00:00,3890.00000000,3925.74000000,3887.80000000,3892.31000000,21.03075500,2017-09-25 17:59:59.999,82103.01772741,260,6.76740300,26459.09636059,0
2017-09-25 18:00:00,3892.31000000,3925.75000000,3888.22000000,3906.19000000,27.34960000,2017-09-25 18:59:59.999,106762.53616767,518,8.65791800,33850.49185420,0
2017-09-25 19:00:00,3903.00000000,3939.50000000,3900.01000000,3930.36000000,9.50851100,2017-09-25 19:59:59.999,37281.98329439,248,3.75842600,14747.06269747,0
2017-09-25 20:00:00,3934.68000000,3963.00000000,3920.17000000,3939.00000000,18.18087900,2017-09-25 20:59:59.999,71651.22532611,258,4.39609600,17321.63930774,0
2017-09-25 21:00:00,3939.00000000,3961.43000000,3939.00000000,3941.05000000,17.72555800,2017-09-25 21:59:59.999,70023.04423707,283,7.12230400,28183.27847409,0
2017-09-25 22:00:00,3950.00000000,3957.47000000,3920.22000000,3920.22000000,16.08088700,2017-09-25 22:59:59.999,63427.40112800,232,6.20390300,24506.47940614,0
2017-09-25 23:00:00,3925.28000000,3940.00000000,3904.19000000,3920.75000000,27.07636500,2017-09-25 23:59:59.999,106262.76187670,329,9.13773000,35874.11198640,0
2017-09-26 00:00:00,3928.00000000,3949.00000000,3918.54000000,3949.00000000,25.45077200,2017-09-26 00:59:59.999,99982.06114132,345,8.25816900,32501.97554832,0
2017-09-26 01:00:00,3949.00000000,3954.50000000,3928.18000000,3931.02000000,24.76393800,2017-09-26 01:59:59.999,97555.35171680,453,12.55962600,49563.75424490,0
2017-09-26 02:00:00,3940.00000000,3959.56000000,3930.01000000,3953.01000000,20.97638300,2017-09-26 02:59:59.999,82862.25316811,348,11.44564500,45232.37187602,0
2017-09-26 03:00:00,3953.00000000,3959.56000000,3886.67000000,3896.02000000,51.80598100,2017-09-26 03:59:59.999,203277.96734721,581,28.29922600,110911.91033434,0
2017-09-26 04:00:00,3896.02000000,3937.19000000,3880.00000000,3910.00000000,37.42391800,2017-09-26 04:59:59.999,146224.43537324,487,11.60295100,45432.67815792,0
2017-09-26 05:00:00,3920.00000000,3920.00000000,3850.05000000,3851.00000000,49.35744000,2017-09-26 05:59:59.999,191288.32224297,537,23.89740000,92702.38089967,0
2017-09-26 06:00:00,3865.00000000,3890.00000000,3851.00000000,3870.00000000,24.40819800,2017-09-26 06:59:59.999,94475.80490885,345,11.50289600,44580.28059927,0
2017-09-26 07:00:00,3880.00000000,3940.00000000,3870.00000000,3925.00000000,16.11355600,2017-09-26 07:59:59.999,62837.10220483,345,7.39279400,28869.14657720,0
2017-09-26 08:00:00,3925.00000000,3937.98000000,3888.28000000,3913.00000000,27.04788700,2017-09-26 08:59:59.999,105946.60376729,422,14.59783500,57270.09499975,0
2017-09-26 09:00:00,3910.00000000,3926.00000000,3888.28000000,3892.61000000,20.48409300,2017-09-26 09:59:59.999,79948.01257933,360,6.99576900,27364.85849899,0
2017-09-26 10:00:00,3908.00000000,3944.95000000,3903.51000000,3937.00000000,20.49304300,2017-09-26 10:59:59.999,80613.42257609,367,8.36475800,32937.30426291,0
2017-09-26 11:00:00,3937.00000000,3949.92000000,3928.34000000,3949.45000000,7.02332200,2017-09-26 11:59:59.999,27661.94263286,257,2.70088900,10648.85553047,0
2017-09-26 12:00:00,3950.00000000,3976.99000000,3930.01000000,3941.00000000,16.43693600,2017-09-26 12:59:59.999,65085.77271016,249,6.14033600,24357.45076898,0
2017-09-26 13:00:00,3941.00000000,3950.00000000,3928.33000000,3928.33000000,7.75344400,2017-09-26 13:59:59.999,30537.40440660,152,1.83036100,7220.16346880,0
2017-09-26 14:00:00,3933.66000000,3954.98000000,3910.03000000,3910.29000000,14.96410100,2017-09-26 14:59:59.999,58869.19858265,182,5.95600800,23497.16495102,0
2017-09-26 15:00:00,3948.91000000,3949.84000000,3892.51000000,3920.00000000,14.64635100,2017-09-26 15:59:59.999,57442.80752981,239,3.46095600,13637.88769030,0
2017-09-26 16:00:00,3925.00000000,3939.99000000,3890.98000000,3897.00000000,19.75920700,2017-09-26 16:59:59.999,77362.47714788,387,8.44085100,33070.44867099,0
2017-09-26 17:00:00,3897.00000000,3927.18000000,3890.98000000,3891.03000000,5.84926600,2017-09-26 17:59:59.999,22870.10823735,187,2.12516700,8332.08794174,0
2017-09-26 18:00:00,3891.03000000,3920.00000000,3890.98000000,3900.00000000,4.76465000,2017-09-26 18:59:59.999,18580.82219829,148,3.32139100,12954.84142272,0
2017-09-26 19:00:00,3900.02000000,3925.00000000,3900.02000000,3906.13000000,9.71459400,2017-09-26 19:59:59.999,37955.64248136,159,3.43009300,13405.86924233,0
2017-09-26 20:00:00,3911.06000000,3927.00000000,3880.00000000,3888.70000000,21.74586100,2017-09-26 20:59:59.999,84887.93351508,329,6.30602000,24679.86910531,0
2017-09-26 21:00:00,3918.99000000,3935.00000000,3888.69000000,3930.00000000,14.48647600,2017-09-26 21:59:59.999,56879.73692659,264,10.31482700,40533.18902929,0
2017-09-26 22:00:00,3929.00000000,3934.90000000,3888.67000000,3904.97000000,44.32453200,2017-09-26 22:59:59.999,173207.36893083,411,23.15297800,90652.58416099,0
2017-09-26 23:00:00,3892.26000000,3910.00000000,3882.35000000,3882.35000000,26.93403800,2017-09-26 23:59:59.999,104843.02635459,417,3.47333700,13567.85058107,0
2017-09-27 00:00:00,3882.36000000,3910.00000000,3872.81000000,3901.00000000,10.57701800,2017-09-27 00:59:59.999,41110.57346437,195,2.24212800,8735.46432978,0
2017-09-27 01:00:00,3901.00000000,3927.17000000,3901.00000000,3920.00000000,14.71917200,2017-09-27 01:59:59.999,57594.95019340,246,4.22412400,16567.34283632,0
2017-09-27 02:00:00,3920.00000000,3934.90000000,3900.00000000,3910.01000000,16.26160700,2017-09-27 02:59:59.999,63663.67584345,237,7.86671500,30851.39659268,0
2017-09-27 03:00:00,3925.04000000,3973.00000000,3910.02000000,3947.00000000,26.34625900,2017-09-27 03:59:59.999,103921.17516248,331,12.52561200,49519.87429192,0
2017-09-27 04:00:00,3931.00000000,3964.99000000,3930.00000000,3940.00000000,9.98076500,2017-09-27 04:59:59.999,39395.54664550,253,5.07333500,20049.27485191,0
2017-09-27 05:00:00,3940.00000000,3960.00000000,3930.00000000,3945.00000000,8.58417900,2017-09-27 05:59:59.999,33874.75107392,172,2.12458100,8407.60180300,0
2017-09-27 06:00:00,3950.00000000,3960.00000000,3930.00000000,3950.00000000,11.93786200,2017-09-27 06:59:59.999,47097.33267526,177,4.04678500,15999.90057353,0
2017-09-27 07:00:00,3949.00000000,3968.00000000,3932.00000000,3968.00000000,15.75986800,2017-09-27 07:59:59.999,62315.08581236,229,8.14261100,32234.45665471,0
2017-09-27 08:00:00,3952.10000000,3969.00000000,3931.00000000,3937.51000000,16.88142400,2017-09-27 08:59:59.999,66778.73006665,284,7.09604000,28110.64061270,0
2017-09-27 09:00:00,3939.10000000,3970.00000000,3937.01000000,3970.00000000,10.08332800,2017-09-27 09:59:59.999,39913.70764003,160,6.18525800,24520.53041258,0
2017-09-27 10:00:00,3970.00000000,4075.43000000,3970.00000000,4075.43000000,62.36269000,2017-09-27 10:59:59.999,250437.95884359,500,51.13911800,205122.75447801,0
2017-09-27 11:00:00,4065.00000000,4099.95000000,4050.00000000,4073.00000000,75.17966800,2017-09-27 11:59:59.999,306597.67028721,832,52.30324600,213620.23188341,0
2017-09-27 12:00:00,4072.20000000,4099.95000000,4072.20000000,4096.63000000,27.97729100,2017-09-27 12:59:59.999,114466.59149731,469,15.30317700,62684.72689699,0
2017-09-27 13:00:00,4092.00000000,4095.00000000,4053.40000000,4055.00000000,19.61613800,2017-09-27 13:59:59.999,79878.94815173,348,3.96861000,16199.01310455,0
2017-09-27 14:00:00,4070.00000000,4100.00000000,4056.02000000,4097.00000000,49.78052600,2017-09-27 14:59:59.999,203394.60910991,559,26.36973700,107864.31944098,0
2017-09-27 15:00:00,4091.00000000,4119.00000000,4068.00000000,4090.00000000,50.98534400,2017-09-27 15:59:59.999,209175.17154261,566,33.77720000,138865.57128078,0
2017-09-27 16:00:00,4099.80000000,4119.00000000,4075.05000000,4110.00000000,35.75307600,2017-09-27 16:59:59.999,146348.85141405,454,18.37076800,75377.51369648,0
2017-09-27 17:00:00,4110.01000000,4117.99000000,4088.00000000,4095.00000000,14.77098900,2017-09-27 17:59:59.999,60640.97349514,222,5.58487600,22961.09541015,0
2017-09-27 18:00:00,4096.22000000,4186.96000000,4092.10000000,4156.50000000,63.18267200,2017-09-27 18:59:59.999,261373.06203636,568,39.61941000,163865.03566391,0
2017-09-27 19:00:00,4180.00000000,4200.00000000,4134.00000000,4190.00000000,21.69944200,2017-09-27 19:59:59.999,90542.33936422,461,11.53953000,48268.03917583,0
2017-09-27 20:00:00,4189.00000000,4200.00000000,4164.00000000,4195.00000000,9.75011000,2017-09-27 20:59:59.999,40832.01535852,214,3.89647900,16339.36606581,0
2017-09-27 21:00:00,4176.10000000,4207.54000000,4152.01000000,4207.54000000,15.19310200,2017-09-27 21:59:59.999,63572.49295685,275,7.32148500,30714.62833191,0
2017-09-27 22:00:00,4208.02000000,4249.94000000,4181.72000000,4207.95000000,23.77750800,2017-09-27 22:59:59.999,100126.13990340,337,12.10559800,51069.46915637,0
2017-09-27 23:00:00,4186.00000000,4233.05000000,4185.10000000,4193.00000000,17.01092800,2017-09-27 23:59:59.999,71577.46193269,284,7.25721800,30573.78357694,0
2017-09-28 00:00:00,4192.11000000,4219.99000000,4152.02000000,4152.02000000,39.96542100,2017-09-28 00:59:59.999,167807.09042440,357,13.02409100,54807.64158305,0
2017-09-28 00:00:00,4192.11000000,4219.99000000,4152.02000000,4152.02000000,39.96542100,2017-09-28 00:59:59.999,167807.09042440,357,13.02409100,54807.64158305,0
2017-09-28 01:00:00,4180.00000000,4199.99000000,4160.00000000,4187.99000000,19.11139300,2017-09-28 01:59:59.999,80154.90675260,365,9.27337600,38916.44320319,0
2017-09-28 02:00:00,4178.00000000,4197.97000000,4148.99000000,4170.00000000,41.00898900,2017-09-28 02:59:59.999,170846.02920384,609,18.63784100,77638.09410973,0
2017-09-28 03:00:00,4150.01000000,4200.01000000,4140.01000000,4200.00000000,35.26180200,2017-09-28 03:59:59.999,146938.18499751,430,20.29995700,84590.91939836,0
2017-09-28 04:00:00,4200.00000000,4300.00000000,4185.00000000,4242.01000000,41.16056500,2017-09-28 04:59:59.999,174713.55177177,452,16.34469300,69363.51225600,0
2017-09-28 05:00:00,4242.01000000,4270.00000000,4200.01000000,4230.00000000,26.29468400,2017-09-28 05:59:59.999,111710.32043706,567,12.44600100,52968.00372724,0
2017-09-28 06:00:00,4239.99000000,4258.83000000,4200.02000000,4235.01000000,20.13935900,2017-09-28 06:59:59.999,85419.29592502,253,6.80728000,28920.43753765,0
2017-09-28 07:00:00,4255.00000000,4256.98000000,4223.95000000,4246.00000000,38.23798400,2017-09-28 07:59:59.999,162177.03654974,591,12.29082700,52186.01498309,0
2017-09-28 08:00:00,4247.00000000,4269.99000000,4246.00000000,4267.89000000,26.95757600,2017-09-28 08:59:59.999,114734.57623305,402,18.72846300,79722.83396989,0
2017-09-28 09:00:00,4269.00000000,4272.45000000,4230.00000000,4256.56000000,26.06869800,2017-09-28 09:59:59.999,111030.99909164,471,8.74376500,37289.12696324,0
2017-09-28 10:00:00,4267.99000000,4269.00000000,4136.00000000,4148.00000000,48.85170400,2017-09-28 10:59:59.999,204461.53602881,597,12.68648000,53100.05329504,0
2017-09-28 11:00:00,4140.96000000,4198.98000000,4140.00000000,4180.00000000,45.45896500,2017-09-28 11:59:59.999,189114.03331270,710,24.60327400,102523.31335123,0
2017-09-28 12:00:00,4170.19000000,4201.10000000,4136.10000000,4189.02000000,57.82154200,2017-09-28 12:59:59.999,241152.04703260,555,29.16557400,121696.22269768,0
2017-09-28 13:00:00,4189.02000000,4210.00000000,4150.01000000,4150.05000000,36.66613700,2017-09-28 13:59:59.999,153444.30647186,477,13.28476500,55646.67334312,0
2017-09-28 14:00:00,4180.00000000,4195.00000000,4101.00000000,4128.99000000,55.08342300,2017-09-28 14:59:59.999,228118.79090261,685,15.40264000,63849.05459036,0
2017-09-28 15:00:00,4128.00000000,4169.93000000,4101.00000000,4168.00000000,42.75368500,2017-09-28 15:59:59.999,176717.71438854,508,21.70909200,89886.92849633,0
2017-09-28 16:00:00,4133.03000000,4209.50000000,4133.03000000,4154.00000000,22.30657500,2017-09-28 16:59:59.999,93159.34904580,407,6.79424600,28456.71460807,0
2017-09-28 17:00:00,4162.00000000,4209.68000000,4154.00000000,4187.00000000,38.08912800,2017-09-28 17:59:59.999,159044.01162807,554,18.87831400,78917.02035166,0
2017-09-28 18:00:00,4188.74000000,4190.00000000,4140.07000000,4147.01000000,27.89673500,2017-09-28 18:59:59.999,116252.70719834,488,9.40833500,39265.76023981,0
2017-09-28 19:00:00,4147.01000000,4169.95000000,4110.00000000,4149.99000000,30.14344000,2017-09-28 19:59:59.999,124576.20791233,359,8.13708200,33724.20481427,0
2017-09-28 20:00:00,4143.12000000,4169.96000000,4114.03000000,4129.99000000,38.91445200,2017-09-28 20:59:59.999,160719.29386478,506,16.31964100,67472.89577767,0
2017-09-28 21:00:00,4131.87000000,4194.99000000,4130.00000000,4184.98000000,26.89248200,2017-09-28 21:59:59.999,111693.32882082,369,16.65527300,69236.78878410,0
2017-09-28 22:00:00,4184.98000000,4190.00000000,4136.26000000,4150.00000000,50.53118100,2017-09-28 22:59:59.999,210374.97866558,517,33.51058700,139603.02084562,0
2017-09-28 23:00:00,4150.00000000,4179.30000000,4140.05000000,4174.50000000,14.16940500,2017-09-28 23:59:59.999,58818.57371407,197,1.36585500,5685.67887927,0
2017-09-29 00:00:00,4178.98000000,4195.99000000,4170.00000000,4195.98000000,23.60684100,2017-09-29 00:59:59.999,98869.35436039,317,16.32824500,68425.34254317,0
2017-09-29 01:00:00,4190.37000000,4215.00000000,4150.00000000,4150.00000000,41.90138400,2017-09-29 01:59:59.999,175613.84429940,505,22.46367100,94206.93357712,0
2017-09-29 02:00:00,4160.00000000,4189.96000000,4006.00000000,4008.01000000,180.81185500,2017-09-29 02:59:59.999,734799.39641952,1187,61.69242000,250343.60462225,0
2017-09-29 03:00:00,4025.00000000,4113.00000000,3952.01000000,4032.87000000,323.65333700,2017-09-29 03:59:59.999,1303079.29920186,1529,170.78099800,688100.38325709,0
2017-09-29 04:00:00,4000.00000000,4113.81000000,4000.00000000,4100.00000000,138.87320300,2017-09-29 04:59:59.999,562584.15092412,903,79.93028500,323719.46274715,0
2017-09-29 05:00:00,4100.00000000,4113.81000000,3970.00000000,4030.00000000,85.94067100,2017-09-29 05:59:59.999,345594.02148980,794,24.25947200,97648.13142157,0
2017-09-29 06:00:00,4030.00000000,4079.99000000,4010.10000000,4053.15000000,47.48236600,2017-09-29 06:59:59.999,191399.93400399,678,18.84704900,76039.70227054,0
2017-09-29 07:00:00,4053.15000000,4109.96000000,4051.01000000,4090.10000000,60.05486000,2017-09-29 07:59:59.999,245476.19679397,657,19.77117700,80941.12203521,0
2017-09-29 08:00:00,4090.10000000,4135.00000000,4060.02000000,4129.98000000,44.17599400,2017-09-29 08:59:59.999,181420.07174083,536,25.16363800,103423.13770183,0
2017-09-29 09:00:00,4119.68000000,4129.98000000,4060.05000000,4063.01000000,35.79853300,2017-09-29 09:59:59.999,146396.29715432,521,13.80714200,56552.04012145,0
2017-09-29 10:00:00,4063.03000000,4145.30000000,4063.01000000,4145.30000000,57.23197000,2017-09-29 10:59:59.999,235353.21168595,506,28.33057700,116592.84409848,0
2017-09-29 11:00:00,4145.30000000,4248.00000000,4145.30000000,4220.01000000,48.35661500,2017-09-29 11:59:59.999,202533.39342780,509,30.75334900,128947.91809887,0
2017-09-29 12:00:00,4234.99000000,4251.00000000,4180.53000000,4247.00000000,55.52283200,2017-09-29 12:59:59.999,235052.88228157,811,16.63899000,70417.56385839,0
2017-09-29 13:00:00,4247.11000000,4248.01000000,4131.68000000,4158.00000000,77.25939400,2017-09-29 13:59:59.999,323215.76230142,779,16.21253300,67448.89422735,0
2017-09-29 14:00:00,4158.00000000,4210.00000000,4145.00000000,4146.01000000,38.11915100,2017-09-29 14:59:59.999,159202.59158448,491,10.64287600,44557.67603810,0
2017-09-29 15:00:00,4146.01000000,4180.00000000,4142.01000000,4143.02000000,33.70679900,2017-09-29 15:59:59.999,140468.66497932,447,5.83840100,24392.54333552,0
2017-09-29 16:00:00,4145.03000000,4259.99000000,4144.00000000,4200.01000000,47.85336500,2017-09-29 16:59:59.999,201283.36118482,558,19.94530900,84080.74676433,0
2017-09-29 17:00:00,4200.01000000,4234.00000000,4132.04000000,4158.41000000,48.23833100,2017-09-29 17:59:59.999,201546.07816338,414,15.55851200,65269.50850251,0
2017-09-29 18:00:00,4132.05000000,4188.47000000,4132.05000000,4140.38000000,25.97201700,2017-09-29 18:59:59.999,107831.54139254,535,10.67510200,44419.42731524,0
2017-09-29 19:00:00,4140.38000000,4180.00000000,4101.01000000,4179.99000000,30.87470400,2017-09-29 19:59:59.999,128159.44747013,320,8.74276800,36416.10294266,0
2017-09-29 20:00:00,4146.96000000,4263.86000000,4146.58000000,4160.00000000,28.25099000,2017-09-29 20:59:59.999,118144.35324316,335,12.72763500,53469.59487012,0
2017-09-29 21:00:00,4160.00000000,4214.99000000,4148.22000000,4151.66000000,23.92438100,2017-09-29 21:59:59.999,99797.52036002,221,9.11499500,38197.66859956,0
2017-09-29 22:00:00,4209.99000000,4213.70000000,4106.00000000,4120.01000000,46.53309300,2017-09-29 22:59:59.999,193173.08072361,626,5.70708800,23760.74043254,0
2017-09-29 23:00:00,4120.01000000,4250.00000000,4108.00000000,4174.69000000,58.16687900,2017-09-29 23:59:59.999,240751.90381436,655,16.47600300,68782.72613329,0
2017-09-30 00:00:00,4175.00000000,4179.99000000,4138.10000000,4169.91000000,20.18084300,2017-09-30 00:59:59.999,83895.78172903,297,5.06890100,21117.17102530,0
2017-09-30 01:00:00,4169.67000000,4230.00000000,4162.02000000,4200.00000000,44.40947800,2017-09-30 01:59:59.999,186429.81214597,346,22.91613900,96301.14345090,0
2017-09-30 02:00:00,4200.00000000,4227.02000000,4186.90000000,4220.00000000,17.49774500,2017-09-30 02:59:59.999,73525.32611028,340,5.92850600,24973.27922708,0
2017-09-30 03:00:00,4220.00000000,4298.00000000,4186.79000000,4214.00000000,41.23906500,2017-09-30 03:59:59.999,173946.21761952,442,20.62741400,87252.43249968,0
2017-09-30 04:00:00,4216.01000000,4263.86000000,4180.81000000,4200.00000000,44.76936900,2017-09-30 04:59:59.999,188593.77385133,646,14.44522500,60996.83666313,0
2017-09-30 05:00:00,4190.12000000,4256.79000000,4185.02000000,4256.22000000,34.52091200,2017-09-30 05:59:59.999,145453.12764491,494,12.15962400,51307.96607129,0
2017-09-30 06:00:00,4256.22000000,4299.00000000,4230.00000000,4280.00000000,40.78728600,2017-09-30 06:59:59.999,174154.01078579,416,14.98009700,64035.89962044,0
2017-09-30 07:00:00,4280.00000000,4300.00000000,4275.10000000,4300.00000000,49.76850600,2017-09-30 07:59:59.999,213671.24606237,441,32.32989500,138949.03699302,0
2017-09-30 08:00:00,4310.00000000,4344.90000000,4290.00000000,4290.00000000,28.90404500,2017-09-30 08:59:59.999,124463.48948615,439,6.49145700,28063.14973422,0
2017-09-30 09:00:00,4290.00000000,4319.00000000,4266.11000000,4296.00000000,21.06337200,2017-09-30 09:59:59.999,90462.47269338,395,5.13747400,22104.98177233,0
2017-09-30 10:00:00,4280.00000000,4345.00000000,4266.12000000,4340.00000000,32.07625100,2017-09-30 10:59:59.999,138206.39120447,481,15.90502300,68611.95690094,0
2017-09-30 11:00:00,4340.00000000,4340.00000000,4301.09000000,4324.99000000,27.03995900,2017-09-30 11:59:59.999,117044.96294967,416,10.85058700,47016.77653855,0
2017-09-30 12:00:00,4320.21000000,4332.00000000,4305.04000000,4306.00000000,21.04390700,2017-09-30 12:59:59.999,90813.89140917,326,4.30323600,18594.51683584,0
2017-09-30 13:00:00,4306.00000000,4322.19000000,4280.00000000,4297.32000000,25.23149500,2017-09-30 13:59:59.999,108602.19944847,443,5.93939100,25610.47222101,0
2017-09-30 14:00:00,4286.82000000,4329.50000000,4275.35000000,4322.58000000,27.60609300,2017-09-30 14:59:59.999,119036.67284873,275,9.67766100,41791.21497691,0
2017-09-30 15:00:00,4315.23000000,4358.99000000,4315.08000000,4353.98000000,45.20934200,2017-09-30 15:59:59.999,196305.55194143,471,22.95320100,99718.16797496,0
2017-09-30 16:00:00,4349.00000000,4349.00000000,4307.50000000,4310.20000000,49.84307000,2017-09-30 16:59:59.999,215748.55403391,558,19.68670200,85373.29779360,0
2017-09-30 17:00:00,4311.66000000,4339.86000000,4307.51000000,4318.07000000,25.25687300,2017-09-30 17:59:59.999,109119.93990905,442,4.22959400,18324.55980647,0
2017-09-30 18:00:00,4329.96000000,4380.00000000,4312.88000000,4359.87000000,42.28087200,2017-09-30 18:59:59.999,183806.97069221,356,29.71181800,129269.91828615,0
2017-09-30 19:00:00,4359.87000000,4371.00000000,4335.14000000,4368.98000000,13.23742100,2017-09-30 19:59:59.999,57663.21383149,262,6.99385400,30514.70793173,0
2017-09-30 20:00:00,4343.18000000,4371.99000000,4330.18000000,4336.00000000,17.32896500,2017-09-30 20:59:59.999,75450.92966317,272,2.69713900,11768.19282316,0
2017-09-30 21:00:00,4335.99000000,4371.34000000,4317.88000000,4317.88000000,15.42302300,2017-09-30 21:59:59.999,66902.63965232,244,5.17042800,22458.73757146,0
2017-09-30 22:00:00,4318.00000000,4377.00000000,4310.25000000,4360.00000000,14.45177500,2017-09-30 22:59:59.999,62767.92349452,246,6.30173800,27465.95323514,0
2017-09-30 23:00:00,4360.00000000,4379.95000000,4321.68000000,4378.51000000,21.18351600,2017-09-30 23:59:59.999,92289.30163802,276,8.46158900,36919.85257663,0
2017-10-01 00:00:00,4378.49000000,4378.49000000,4337.00000000,4345.95000000,48.97065000,2017-10-01 00:59:59.999,212805.54447394,522,32.83915800,142695.74544516,0
2017-10-01 01:00:00,4350.00000000,4350.00000000,4311.00000000,4335.00000000,27.75001700,2017-10-01 01:59:59.999,120016.50717205,420,10.86084200,47014.82343979,0
2017-10-01 02:00:00,4336.00000000,4336.00000000,4311.00000000,4311.00000000,24.46004800,2017-10-01 02:59:59.999,105635.11468263,337,3.58611200,15535.26323890,0
2017-10-01 03:00:00,4308.00000000,4335.94000000,4265.02000000,4312.58000000,32.18743100,2017-10-01 03:59:59.999,138197.14761071,439,10.42182300,44810.05324735,0
2017-10-01 04:00:00,4312.77000000,4330.48000000,4297.02000000,4297.04000000,26.17542700,2017-10-01 04:59:59.999,112906.54235095,463,11.81476800,50957.64390874,0
2017-10-01 05:00:00,4297.04000000,4312.90000000,4275.00000000,4310.00000000,21.51104000,2017-10-01 05:59:59.999,92463.86871094,372,10.45939300,44996.90589455,0
2017-10-01 06:00:00,4281.07000000,4312.95000000,4280.00000000,4312.95000000,21.96981700,2017-10-01 06:59:59.999,94406.13916468,382,7.34121200,31647.83439460,0
2017-10-01 07:00:00,4295.00000000,4335.82000000,4280.00000000,4335.82000000,16.18352500,2017-10-01 07:59:59.999,69773.94202023,351,4.81275800,20817.46794898,0
2017-10-01 08:00:00,4335.82000000,4349.69000000,4302.01000000,4302.02000000,22.54427400,2017-10-01 08:59:59.999,97491.56985855,325,6.64897800,28835.12768662,0
2017-10-01 09:00:00,4302.02000000,4339.87000000,4288.00000000,4305.03000000,17.28280000,2017-10-01 09:59:59.999,74546.09536772,300,4.89424000,21180.06512713,0
2017-10-01 10:00:00,4305.03000000,4359.60000000,4305.03000000,4359.54000000,26.99285100,2017-10-01 10:59:59.999,116945.87206510,386,12.87707900,55871.17085294,0
2017-10-01 11:00:00,4332.01000000,4359.44000000,4332.00000000,4337.01000000,20.43471900,2017-10-01 11:59:59.999,88805.34511748,349,7.22389400,31475.67322758,0
2017-10-01 12:00:00,4337.01000000,4356.99000000,4270.02000000,4280.00000000,85.77134200,2017-10-01 12:59:59.999,369578.78120590,598,17.99771100,77553.99453950,0
2017-10-01 13:00:00,4279.00000000,4297.00000000,4240.04000000,4265.00000000,51.72857200,2017-10-01 13:59:59.999,220657.72681943,691,16.55485600,70632.78838630,0
2017-10-01 14:00:00,4279.00000000,4338.12000000,4250.10000000,4305.01000000,29.22395000,2017-10-01 14:59:59.999,125661.09195024,542,11.46752800,49338.53237653,0
2017-10-01 15:00:00,4305.01000000,4311.99000000,4265.61000000,4299.99000000,31.80161000,2017-10-01 15:59:59.999,136172.59352111,573,10.70635100,45926.44765699,0
2017-10-01 16:00:00,4290.17000000,4325.00000000,4270.01000000,4291.83000000,30.71602700,2017-10-01 16:59:59.999,132009.77855128,310,16.36937900,70466.47629443,0
2017-10-01 17:00:00,4298.42000000,4310.00000000,4291.84000000,4291.84000000,31.07857500,2017-10-01 17:59:59.999,133572.95418595,302,7.02824400,30273.06162826,0
2017-10-01 18:00:00,4291.84000000,4319.99000000,4291.84000000,4311.01000000,29.26149300,2017-10-01 18:59:59.999,125845.34346597,339,16.54809500,71224.23736602,0
2017-10-01 19:00:00,4311.01000000,4329.99000000,4300.00000000,4329.52000000,18.79681900,2017-10-01 19:59:59.999,81040.77098776,328,3.78186200,16345.95647664,0
2017-10-01 20:00:00,4307.00000000,4357.98000000,4300.00000000,4338.51000000,20.96342100,2017-10-01 20:59:59.999,90543.25775911,313,5.93528800,25686.29689133,0
2017-10-01 21:00:00,4338.51000000,4374.99000000,4311.05000000,4347.04000000,43.08166400,2017-10-01 21:59:59.999,187314.56819066,407,29.62048600,129009.74636845,0
2017-10-01 22:00:00,4348.01000000,4400.00000000,4320.00000000,4378.48000000,30.41699500,2017-10-01 22:59:59.999,133205.15753881,513,20.85557700,91391.18969117,0
2017-10-01 23:00:00,4378.96000000,4406.52000000,4378.48000000,4378.48000000,17.66061800,2017-10-01 23:59:59.999,77548.17907337,254,11.33027000,49779.36458222,0
2017-10-02 00:00:00,4400.00000000,4430.00000000,4380.01000000,4430.00000000,17.48501300,2017-10-02 00:59:59.999,76989.83637810,216,8.22550300,36235.69886639,0
2017-10-02 01:00:00,4420.00000000,4560.00000000,4404.49000000,4437.98000000,55.77129500,2017-10-02 01:59:59.999,248410.92593024,385,38.88662600,173617.71597401,0
2017-10-02 02:00:00,4410.01000000,4482.72000000,4409.01000000,4419.99000000,28.92183400,2017-10-02 02:59:59.999,128374.33511966,375,13.30799400,59106.96606589,0
2017-10-02 03:00:00,4414.05000000,4440.00000000,4390.00000000,4419.85000000,25.47069900,2017-10-02 03:59:59.999,112295.44923764,283,10.82910500,47827.18961046,0
2017-10-02 04:00:00,4411.00000000,4459.82000000,4405.15000000,4427.95000000,17.16591500,2017-10-02 04:59:59.999,75891.19090643,307,5.70710900,25251.47464814,0
2017-10-02 05:00:00,4410.02000000,4458.88000000,4408.00000000,4458.48000000,24.46271800,2017-10-02 05:59:59.999,108507.58625138,378,10.56716500,46880.05185419,0
2017-10-02 06:00:00,4435.26000000,4458.48000000,4421.05000000,4452.87000000,30.28439100,2017-10-02 06:59:59.999,134574.43203824,583,16.01835300,71292.92642696,0
2017-10-02 07:00:00,4452.86000000,4465.43000000,4423.04000000,4424.01000000,28.41349800,2017-10-02 07:59:59.999,126543.25844121,333,10.44569700,46550.95876086,0
2017-10-02 08:00:00,4434.22000000,4459.58000000,4401.00000000,4449.02000000,44.19424700,2017-10-02 08:59:59.999,195524.18482002,356,16.47776700,73057.61047050,0
2017-10-02 09:00:00,4448.02000000,4477.94000000,4448.01000000,4475.96000000,19.68117100,2017-10-02 09:59:59.999,87846.42654601,346,12.52859900,55921.59317543,0
2017-10-02 10:00:00,4477.48000000,4479.90000000,4456.01000000,4458.01000000,26.77516900,2017-10-02 10:59:59.999,119665.02740562,571,17.87368300,79930.59898872,0
2017-10-02 11:00:00,4458.01000000,4470.00000000,4410.01000000,4410.01000000,22.33317600,2017-10-02 11:59:59.999,99095.43044775,233,4.14181800,18430.20337026,0
2017-10-02 12:00:00,4419.99000000,4439.50000000,4390.00000000,4400.03000000,56.38940700,2017-10-02 12:59:59.999,248714.20624156,461,16.02940900,70732.42263183,0
2017-10-02 13:00:00,4400.03000000,4437.30000000,4390.01000000,4413.01000000,29.17139000,2017-10-02 13:59:59.999,128575.15256056,343,15.07933200,66506.44814263,0
2017-10-02 14:00:00,4413.01000000,4561.63000000,4413.01000000,4469.98000000,50.67942600,2017-10-02 14:59:59.999,227157.15317138,484,37.62434100,169148.18859751,0
2017-10-02 15:00:00,4469.97000000,4476.00000000,4404.00000000,4409.09000000,39.36814000,2017-10-02 15:59:59.999,174399.90598791,358,9.59059800,42551.05621993,0
2017-10-02 16:00:00,4409.09000000,4433.11000000,4392.01000000,4419.47000000,24.43028800,2017-10-02 16:59:59.999,107745.02908664,271,8.25229500,36445.15738985,0
2017-10-02 17:00:00,4395.00000000,4432.29000000,4385.00000000,4385.00000000,22.45261600,2017-10-02 17:59:59.999,98833.20541628,326,4.78743100,21156.07881316,0
2017-10-02 18:00:00,4385.00000000,4414.90000000,4378.51000000,4404.93000000,21.81636200,2017-10-02 18:59:59.999,95928.45126548,445,13.15824000,57892.70552105,0
2017-10-02 19:00:00,4403.95000000,4421.99000000,4387.01000000,4419.94000000,17.21794100,2017-10-02 19:59:59.999,75942.18475978,292,8.49485600,37508.26902834,0
2017-10-02 20:00:00,4410.00000000,4424.99000000,4395.00000000,4397.07000000,5.27906400,2017-10-02 20:59:59.999,23261.00683030,119,1.45672000,6433.66325062,0
2017-10-02 21:00:00,4407.03000000,4431.78000000,4397.07000000,4401.50000000,17.04863400,2017-10-02 21:59:59.999,75152.89229360,238,5.18246700,22876.92108234,0
2017-10-02 22:00:00,4400.00000000,4429.00000000,4360.00000000,4379.83000000,21.33563700,2017-10-02 22:59:59.999,93677.60808818,296,1.30369300,5732.31045400,0
2017-10-02 23:00:00,4379.83000000,4417.68000000,4363.33000000,4380.00000000,9.60894300,2017-10-02 23:59:59.999,42177.89648448,186,3.57260500,15700.68117318,0
2017-10-03 00:00:00,4380.00000000,4400.00000000,4361.01000000,4382.79000000,13.44663900,2017-10-03 00:59:59.999,58894.63105270,222,7.90484000,34641.49981267,0
2017-10-03 01:00:00,4387.07000000,4400.00000000,4361.00000000,4399.00000000,20.24323900,2017-10-03 01:59:59.999,88769.16768358,467,12.85569400,56394.59458657,0
2017-10-03 02:00:00,4399.50000000,4467.33000000,4394.00000000,4410.00000000,22.62973000,2017-10-03 02:59:59.999,99898.77544117,342,9.78771800,43260.16609782,0
2017-10-03 03:00:00,4410.00000000,4430.11000000,4388.06000000,4405.00000000,22.43827800,2017-10-03 03:59:59.999,98878.95764465,463,11.78550700,51912.18773472,0
2017-10-03 04:00:00,4405.00000000,4417.00000000,4390.00000000,4400.06000000,16.27467300,2017-10-03 04:59:59.999,71705.72400280,407,8.10088000,35714.10232039,0
2017-10-03 05:00:00,4400.06000000,4400.06000000,4265.61000000,4280.00000000,68.28554700,2017-10-03 05:59:59.999,294887.53218882,733,25.59907600,110069.45603447,0
2017-10-03 06:00:00,4280.00000000,4330.00000000,4213.21000000,4280.00000000,185.77245000,2017-10-03 06:59:59.999,793134.04357118,1504,102.07644600,435837.68658549,0
2017-10-03 07:00:00,4278.00000000,4300.96000000,4230.00000000,4271.00000000,60.83865700,2017-10-03 07:59:59.999,260148.32658554,591,29.94039100,128214.36033101,0
2017-10-03 08:00:00,4280.00000000,4310.00000000,4230.00000000,4300.00000000,72.55426600,2017-10-03 08:59:59.999,309081.88126575,547,44.65282400,190085.50998410,0
2017-10-03 09:00:00,4302.00000000,4302.00000000,4235.20000000,4261.05000000,44.30458600,2017-10-03 09:59:59.999,189062.94225019,600,19.83850500,84626.31674124,0
2017-10-03 10:00:00,4271.97000000,4272.00000000,4189.71000000,4271.00000000,57.45024000,2017-10-03 10:59:59.999,243765.92265676,743,30.53440900,129715.34999277,0
2017-10-03 11:00:00,4271.00000000,4298.90000000,4259.90000000,4297.99000000,32.65981200,2017-10-03 11:59:59.999,139823.32910572,584,17.48788600,74906.50221376,0
2017-10-03 12:00:00,4290.00000000,4297.66000000,4212.11000000,4212.11000000,35.18504000,2017-10-03 12:59:59.999,149887.65205918,313,9.34510400,39932.59151884,0
2017-10-03 13:00:00,4213.03000000,4239.18000000,4180.80000000,4208.00000000,53.87819300,2017-10-03 13:59:59.999,226626.61502796,493,18.44965600,77705.40671772,0
2017-10-03 14:00:00,4208.00000000,4249.99000000,4185.56000000,4242.70000000,94.40927000,2017-10-03 14:59:59.999,398385.72493957,519,55.58427700,234739.23122466,0
2017-10-03 15:00:00,4240.00000000,4268.91000000,4225.00000000,4258.57000000,37.38599200,2017-10-03 15:59:59.999,158767.57046192,428,17.53368800,74545.83253750,0
2017-10-03 16:00:00,4258.58000000,4280.00000000,4235.00000000,4275.00000000,40.75500300,2017-10-03 16:59:59.999,173772.00318767,371,10.78162600,46033.58102400,0
2017-10-03 17:00:00,4275.00000000,4295.99000000,4240.00000000,4285.69000000,34.84535200,2017-10-03 17:59:59.999,148827.84663271,465,9.66689900,41300.48443453,0
2017-10-03 18:00:00,4282.85000000,4288.02000000,4278.00000000,4278.00000000,25.08528300,2017-10-03 18:59:59.999,107387.67549854,458,5.32230000,22800.71327903,0
2017-10-03 19:00:00,4278.00000000,4287.80000000,4235.00000000,4235.01000000,38.32643500,2017-10-03 19:59:59.999,163740.64887808,597,5.03911900,21527.65718994,0
2017-10-03 20:00:00,4235.02000000,4290.00000000,4222.02000000,4270.01000000,21.44879400,2017-10-03 20:59:59.999,91519.49980260,334,9.56701100,40954.35107422,0
2017-10-03 21:00:00,4280.00000000,4319.94000000,4270.01000000,4280.00000000,28.19738300,2017-10-03 21:59:59.999,121157.35891494,462,14.73524000,63318.88066855,0
2017-10-03 22:00:00,4271.02000000,4290.00000000,4241.61000000,4276.99000000,33.91147900,2017-10-03 22:59:59.999,144730.31869647,321,8.11209900,34653.50147177,0
2017-10-03 23:00:00,4278.99000000,4329.86000000,4265.01000000,4310.00000000,21.99722200,2017-10-03 23:59:59.999,94568.59529029,415,8.03398600,34572.14682334,0
2017-10-04 00:00:00,4314.90000000,4329.69000000,4283.01000000,4291.01000000,27.74027900,2017-10-04 00:59:59.999,119557.31425951,433,9.66718300,41721.00490805,0
2017-10-04 01:00:00,4306.00000000,4334.42000000,4303.01000000,4315.00000000,25.03802400,2017-10-04 01:59:59.999,108090.61798368,351,7.55833000,32675.80906195,0
2017-10-04 02:00:00,4315.00000000,4360.00000000,4274.00000000,4280.07000000,21.18098100,2017-10-04 02:59:59.999,91223.15971432,354,7.62622100,33003.73866915,0
2017-10-04 03:00:00,4297.99000000,4314.85000000,4280.03000000,4290.01000000,26.15550100,2017-10-04 03:59:59.999,112304.66401450,340,4.84215700,20823.76434303,0
2017-10-04 04:00:00,4290.01000000,4309.99000000,4280.00000000,4308.00000000,26.35996400,2017-10-04 04:59:59.999,113106.13203271,373,8.24015300,35415.01307747,0
2017-10-04 05:00:00,4308.00000000,4368.27000000,4281.01000000,4342.01000000,24.68344100,2017-10-04 05:59:59.999,106599.11360852,403,6.66082400,28887.45061789,0
2017-10-04 06:00:00,4342.01000000,4373.00000000,4301.12000000,4363.86000000,61.94144400,2017-10-04 06:59:59.999,270057.30711576,555,8.03659700,35075.16713289,0
2017-10-04 07:00:00,4363.86000000,4363.86000000,4302.01000000,4310.01000000,29.22678500,2017-10-04 07:59:59.999,126406.34390242,532,6.96683900,30169.40452097,0
2017-10-04 08:00:00,4310.01000000,4328.00000000,4245.00000000,4246.10000000,45.07759300,2017-10-04 08:59:59.999,192778.90673528,392,10.00118200,42763.00344346,0
2017-10-04 09:00:00,4246.10000000,4279.94000000,4214.76000000,4228.00000000,46.55200500,2017-10-04 09:59:59.999,197797.43599134,618,22.13394600,94148.48679517,0
2017-10-04 10:00:00,4229.99000000,4237.98000000,4185.01000000,4212.39000000,49.18634400,2017-10-04 10:59:59.999,207067.36785187,691,16.00311000,67534.96187931,0
2017-10-04 11:00:00,4212.40000000,4230.00000000,4190.04000000,4228.00000000,48.28747700,2017-10-04 11:59:59.999,203323.34660001,554,16.06124000,67647.88149335,0
2017-10-04 12:00:00,4230.00000000,4248.97000000,4161.00000000,4161.00000000,48.20488700,2017-10-04 12:59:59.999,202202.90508846,481,9.14466600,38605.73177116,0
2017-10-04 13:00:00,4170.00000000,4190.00000000,4142.00000000,4190.00000000,77.47244800,2017-10-04 13:59:59.999,322875.04119192,644,35.07935000,146287.03073428,0
2017-10-04 14:00:00,4194.79000000,4220.00000000,4162.01000000,4190.80000000,48.90042000,2017-10-04 14:59:59.999,204876.31554083,381,14.71249300,61720.41884711,0
2017-10-04 15:00:00,4209.99000000,4245.00000000,4178.64000000,4211.01000000,31.28201900,2017-10-04 15:59:59.999,131305.17445918,391,10.66408200,44901.89441017,0
2017-10-04 16:00:00,4211.01000000,4225.50000000,4168.05000000,4181.00000000,39.06085500,2017-10-04 16:59:59.999,163647.41614710,350,6.21798400,25997.75564061,0
2017-10-04 17:00:00,4181.00000000,4223.98000000,4165.00000000,4198.00000000,26.61777400,2017-10-04 17:59:59.999,111252.56592467,530,6.23424900,26103.25574265,0
2017-10-04 18:00:00,4198.00000000,4220.00000000,4153.02000000,4163.03000000,24.60708300,2017-10-04 18:59:59.999,102774.23015783,342,11.64351300,48647.31770965,0
2017-10-04 19:00:00,4163.03000000,4173.12000000,4156.00000000,4173.11000000,32.92914300,2017-10-04 19:59:59.999,137210.32977245,733,20.63743900,86038.34245528,0
2017-10-04 20:00:00,4170.05000000,4173.11000000,4156.00000000,4162.55000000,29.13823300,2017-10-04 20:59:59.999,121406.13311140,508,14.87967000,62045.08173017,0
2017-10-04 21:00:00,4165.00000000,4215.89000000,4158.08000000,4199.99000000,37.25234800,2017-10-04 21:59:59.999,155743.90063487,401,22.25075900,92954.37651242,0
2017-10-04 22:00:00,4187.56000000,4220.00000000,4185.63000000,4215.00000000,23.89651900,2017-10-04 22:59:59.999,100463.16863726,302,12.60878400,53056.48756983,0
2017-10-04 23:00:00,4215.00000000,4236.63000000,4193.07000000,4208.59000000,17.67353400,2017-10-04 23:59:59.999,74346.21007302,347,5.05800600,21328.99023994,0
2017-10-05 00:00:00,4208.59000000,4235.00000000,4197.04000000,4215.00000000,19.88165700,2017-10-05 00:59:59.999,83880.08127427,313,7.61467700,32185.04725394,0
2017-10-05 01:00:00,4234.00000000,4234.77000000,4205.12000000,4218.00000000,15.14771600,2017-10-05 01:59:59.999,63965.82150174,264,6.19773300,26212.91610878,0
2017-10-05 02:00:00,4218.00000000,4234.77000000,4206.55000000,4225.00000000,26.20684700,2017-10-05 02:59:59.999,110682.51429078,350,11.23664600,47529.01271949,0
2017-10-05 03:00:00,4220.00000000,4230.00000000,4142.00000000,4143.04000000,43.32252600,2017-10-05 03:59:59.999,180868.61835441,317,7.94385100,33115.52344213,0
2017-10-05 04:00:00,4143.06000000,4161.00000000,4120.00000000,4145.01000000,52.44047500,2017-10-05 04:59:59.999,217156.67978949,562,30.71195700,127249.94135379,0
2017-10-05 05:00:00,4155.00000000,4159.99000000,4121.22000000,4150.00000000,35.06954700,2017-10-05 05:59:59.999,145186.68591507,428,15.05917500,62333.97507047,0
2017-10-05 06:00:00,4122.05000000,4152.00000000,4110.00000000,4135.02000000,59.67560200,2017-10-05 06:59:59.999,246160.76096945,843,28.65839100,118329.85768925,0
2017-10-05 07:00:00,4137.11000000,4174.49000000,4135.04000000,4154.10000000,43.91282300,2017-10-05 07:59:59.999,182532.15552241,389,28.69074900,119336.71695593,0
2017-10-05 08:00:00,4154.10000000,4158.98000000,4112.23000000,4115.00000000,29.79604100,2017-10-05 08:59:59.999,123281.91747689,406,10.52972500,43554.98214339,0
2017-10-05 09:00:00,4114.23000000,4202.99000000,4114.23000000,4199.12000000,49.58918400,2017-10-05 09:59:59.999,207285.78218495,452,32.16081400,134600.77971180,0
2017-10-05 10:00:00,4182.06000000,4234.77000000,4182.06000000,4234.77000000,51.50458800,2017-10-05 10:59:59.999,217840.97616817,396,37.83400400,160120.14979876,0
2017-10-05 11:00:00,4234.77000000,4234.77000000,4225.00000000,4226.05000000,30.95585400,2017-10-05 11:59:59.999,130994.09525483,332,17.80388200,75385.98856068,0
2017-10-05 12:00:00,4226.05000000,4334.40000000,4226.05000000,4312.28000000,61.04258100,2017-10-05 12:59:59.999,261797.95333711,649,26.86515600,115377.61606213,0
2017-10-05 13:00:00,4309.14000000,4312.28000000,4268.00000000,4310.01000000,31.13087400,2017-10-05 13:59:59.999,133823.91364842,355,8.80455100,37913.54799354,0
2017-10-05 14:00:00,4311.13000000,4329.00000000,4275.00000000,4275.06000000,25.68144700,2017-10-05 14:59:59.999,110449.03431331,411,6.81587500,29348.90557572,0
2017-10-05 15:00:00,4275.06000000,4335.00000000,4267.92000000,4314.49000000,38.41528800,2017-10-05 15:59:59.999,165162.58936934,354,20.36799800,87712.17209236,0
2017-10-05 16:00:00,4288.00000000,4331.86000000,4280.06000000,4300.00000000,25.41561600,2017-10-05 16:59:59.999,109767.23110009,348,7.21305600,31190.37412762,0
2017-10-05 17:00:00,4310.99000000,4330.00000000,4275.00000000,4318.99000000,40.63219700,2017-10-05 17:59:59.999,174965.52004449,643,1.79109800,7733.25591337,0
2017-10-05 18:00:00,4300.00000000,4330.00000000,4281.21000000,4306.08000000,21.59888500,2017-10-05 18:59:59.999,93149.66561291,286,9.78766700,42237.67762393,0
2017-10-05 19:00:00,4318.06000000,4340.00000000,4306.09000000,4327.63000000,14.48458600,2017-10-05 19:59:59.999,62707.87555690,196,6.83789200,29647.73417352,0
2017-10-05 20:00:00,4345.00000000,4355.00000000,4307.11000000,4333.59000000,23.07212300,2017-10-05 20:59:59.999,100057.26085399,240,13.70200400,59480.64056112,0
2017-10-05 21:00:00,4333.59000000,4354.85000000,4321.07000000,4323.01000000,11.73631800,2017-10-05 21:59:59.999,50855.10776312,201,2.88344100,12515.71912182,0
2017-10-05 22:00:00,4325.01000000,4344.00000000,4313.23000000,4344.00000000,11.65821800,2017-10-05 22:59:59.999,50446.94315632,164,3.89263500,16862.22085041,0
2017-10-05 23:00:00,4344.00000000,4350.00000000,4292.43000000,4292.43000000,16.76764500,2017-10-05 23:59:59.999,72513.64051933,259,7.63904200,33062.07870211,0
2017-10-06 00:00:00,4318.99000000,4348.00000000,4292.00000000,4316.91000000,24.90467800,2017-10-06 00:59:59.999,107520.20854238,247,14.80194800,63881.85950079,0
2017-10-06 01:00:00,4316.92000000,4316.99000000,4292.15000000,4308.03000000,11.63154600,2017-10-06 01:59:59.999,50136.23480401,307,6.58719800,28406.41188604,0
2017-10-06 02:00:00,4299.04000000,4344.99000000,4296.01000000,4296.01000000,23.38188500,2017-10-06 02:59:59.999,100989.66820297,438,7.61666300,32972.44962309,0
2017-10-06 03:00:00,4296.02000000,4319.99000000,4296.00000000,4316.98000000,9.36978600,2017-10-06 03:59:59.999,40364.49387584,196,1.01312400,4372.27540131,0
2017-10-06 04:00:00,4316.98000000,4330.60000000,4300.02000000,4330.60000000,19.95824600,2017-10-06 04:59:59.999,86198.12343443,246,9.25861900,40049.41212736,0
2017-10-06 05:00:00,4323.00000000,4377.03000000,4315.00000000,4372.00000000,24.08546100,2017-10-06 05:59:59.999,104637.59098015,263,18.99708000,82543.32150300,0
2017-10-06 06:00:00,4374.52000000,4400.00000000,4358.00000000,4400.00000000,35.56707500,2017-10-06 06:59:59.999,155912.19000481,283,27.34943400,119979.80733845,0
2017-10-06 07:00:00,4400.00000000,4410.00000000,4370.38000000,4392.36000000,38.59928600,2017-10-06 07:59:59.999,169794.95744454,266,24.47426500,107716.63699328,0
2017-10-06 08:00:00,4396.00000000,4409.99000000,4370.45000000,4389.61000000,14.07388200,2017-10-06 08:59:59.999,61844.46218133,214,4.46577800,19653.25459804,0
2017-10-06 09:00:00,4389.62000000,4404.98000000,4380.01000000,4394.00000000,8.88265000,2017-10-06 09:59:59.999,39037.02911371,255,2.09730800,9224.05171466,0
2017-10-06 10:00:00,4399.73000000,4417.00000000,4391.20000000,4404.05000000,31.67987600,2017-10-06 10:59:59.999,139688.08466122,441,16.09493800,71024.75338097,0
2017-10-06 11:00:00,4404.05000000,4416.98000000,4386.10000000,4405.00000000,30.66401300,2017-10-06 11:59:59.999,135002.58837859,421,13.23578800,58308.15621093,0
2017-10-06 12:00:00,4391.11000000,4416.78000000,4382.02000000,4405.88000000,26.09604100,2017-10-06 12:59:59.999,115033.22992994,318,5.20321700,22959.67906385,0
2017-10-06 13:00:00,4409.94000000,4414.99000000,4312.57000000,4340.01000000,58.62811000,2017-10-06 13:59:59.999,255853.75876504,478,15.88547400,69227.78890784,0
2017-10-06 14:00:00,4340.01000000,4395.00000000,4330.22000000,4380.00000000,30.56388400,2017-10-06 14:59:59.999,133162.10543252,419,17.94980600,78121.73706594,0
2017-10-06 15:00:00,4380.00000000,4411.09000000,4380.00000000,4382.07000000,17.32487800,2017-10-06 15:59:59.999,76047.40707932,339,3.69261100,16213.09604611,0
2017-10-06 16:00:00,4382.07000000,4397.00000000,4371.56000000,4372.01000000,13.68934000,2017-10-06 16:59:59.999,59951.14450073,279,4.51078400,19758.80195755,0
2017-10-06 17:00:00,4381.45000000,4400.00000000,4336.01000000,4336.16000000,30.76779800,2017-10-06 17:59:59.999,134429.48372971,250,11.02368900,48261.23398429,0
2017-10-06 18:00:00,4377.91000000,4377.91000000,4320.01000000,4339.99000000,19.15936600,2017-10-06 18:59:59.999,83170.18360217,202,3.23007500,14056.73075807,0
2017-10-06 19:00:00,4320.02000000,4379.73000000,4315.95000000,4379.73000000,10.07990900,2017-10-06 19:59:59.999,43596.13599699,198,3.59108700,15555.48507842,0
2017-10-06 20:00:00,4331.02000000,4360.00000000,4330.07000000,4351.04000000,4.47134500,2017-10-06 20:59:59.999,19426.52096173,147,0.91386600,3974.00986129,0
2017-10-06 21:00:00,4350.71000000,4358.00000000,4330.06000000,4330.08000000,5.05964800,2017-10-06 21:59:59.999,21987.60444245,47,4.21552600,18326.24668950,0
2017-10-06 22:00:00,4343.33000000,4383.35000000,4330.10000000,4360.00000000,8.15059600,2017-10-06 22:59:59.999,35574.91773716,88,5.06849200,22168.39953476,0
2017-10-06 23:00:00,4374.60000000,4399.00000000,4343.33000000,4369.00000000,9.73987700,2017-10-06 23:59:59.999,42677.00034065,204,4.87140700,21351.00341509,0
2017-10-07 00:00:00,4369.00000000,4399.00000000,4369.00000000,4391.97000000,9.71982600,2017-10-07 00:59:59.999,42586.36980254,187,2.12619400,9333.22682268,0
2017-10-07 01:00:00,4391.97000000,4391.97000000,4370.00000000,4380.50000000,5.74030300,2017-10-07 01:59:59.999,25156.74880764,222,0.99671400,4372.94644459,0
2017-10-07 02:00:00,4380.50000000,4389.00000000,4362.02000000,4383.00000000,14.22763200,2017-10-07 02:59:59.999,62234.39839646,326,10.08644400,44144.43180709,0
2017-10-07 03:00:00,4385.00000000,4395.00000000,4366.00000000,4381.00000000,41.93171900,2017-10-07 03:59:59.999,183786.22558218,409,31.63537600,138714.91006250,0
2017-10-07 04:00:00,4381.00000000,4389.00000000,4363.01000000,4368.00000000,6.26056800,2017-10-07 04:59:59.999,27398.17460922,160,0.96398900,4222.39345601,0
2017-10-07 05:00:00,4382.50000000,4387.50000000,4363.02000000,4384.93000000,6.59528200,2017-10-07 05:59:59.999,28849.07006601,177,1.87966900,8231.06657406,0
2017-10-07 06:00:00,4384.93000000,4389.48000000,4362.03000000,4375.19000000,15.59526100,2017-10-07 06:59:59.999,68246.90796292,227,2.82593200,12392.43570912,0
2017-10-07 07:00:00,4375.19000000,4388.30000000,4330.09000000,4334.00000000,12.36362800,2017-10-07 07:59:59.999,53729.44938378,246,4.18446900,18210.09172203,0
2017-10-07 08:00:00,4335.00000000,4350.00000000,4312.56000000,4350.00000000,12.99454100,2017-10-07 08:59:59.999,56296.39193410,190,4.25935200,18455.78030817,0
2017-10-07 09:00:00,4354.98000000,4388.54000000,4321.52000000,4339.98000000,15.24390800,2017-10-07 09:59:59.999,66393.10606462,211,9.14037500,39890.33442537,0
2017-10-07 10:00:00,4339.99000000,4359.67000000,4322.02000000,4325.02000000,13.64303700,2017-10-07 10:59:59.999,59218.36142800,161,3.01823100,13123.71257041,0
2017-10-07 11:00:00,4340.01000000,4347.99000000,4317.00000000,4335.90000000,8.88579300,2017-10-07 11:59:59.999,38517.44029940,169,2.80257700,12150.53352829,0
2017-10-07 12:00:00,4335.90000000,4349.98000000,4326.00000000,4342.49000000,6.06860900,2017-10-07 12:59:59.999,26327.55797550,101,2.82989000,12283.53356736,0
2017-10-07 13:00:00,4336.21000000,4380.00000000,4336.21000000,4365.99000000,11.70863200,2017-10-07 13:59:59.999,51037.41858595,234,5.02839700,21912.64504519,0
2017-10-07 14:00:00,4345.02000000,4378.95000000,4341.82000000,4344.45000000,8.66092800,2017-10-07 14:59:59.999,37695.11019381,156,4.66651800,20335.17018425,0
2017-10-07 15:00:00,4345.06000000,4371.78000000,4340.01000000,4343.01000000,9.17240000,2017-10-07 15:59:59.999,40024.08336667,107,6.47291500,28259.68279503,0
2017-10-07 16:00:00,4343.01000000,4370.86000000,4326.02000000,4333.08000000,15.77373300,2017-10-07 16:59:59.999,68699.69996170,292,5.32219700,23188.89146686,0
2017-10-07 17:00:00,4333.10000000,4359.99000000,4333.08000000,4359.90000000,3.68858800,2017-10-07 17:59:59.999,16044.79992558,35,2.24630400,9793.50783250,0
2017-10-07 18:00:00,4359.90000000,4359.90000000,4346.52000000,4355.00000000,7.05446200,2017-10-07 18:59:59.999,30738.12344687,118,4.90829600,21399.63151206,0
2017-10-07 19:00:00,4359.81000000,4359.90000000,4335.38000000,4335.38000000,9.11888900,2017-10-07 19:59:59.999,39690.77428607,238,2.48869300,10846.53846240,0
2017-10-07 20:00:00,4342.23000000,4352.00000000,4336.01000000,4339.01000000,2.53702800,2017-10-07 20:59:59.999,11014.02665337,71,0.88398200,3838.95531825,0
2017-10-07 21:00:00,4347.68000000,4379.00000000,4338.01000000,4377.95000000,6.44322200,2017-10-07 21:59:59.999,28111.99341654,161,2.48077900,10823.78406619,0
2017-10-07 22:00:00,4377.93000000,4469.00000000,4377.89000000,4469.00000000,17.51789700,2017-10-07 22:59:59.999,77450.25725383,188,14.87303600,65729.99998269,0
2017-10-07 23:00:00,4460.00000000,4479.50000000,4423.00000000,4423.00000000,36.65161400,2017-10-07 23:59:59.999,163286.72519005,418,19.19274700,85492.65442993,0
2017-10-08 00:00:00,4425.00000000,4517.00000000,4425.00000000,4450.00000000,24.64948300,2017-10-08 00:59:59.999,109890.98308425,435,21.49986800,95886.10943026,0
2017-10-08 01:00:00,4455.00000000,4497.25000000,4435.06000000,4479.99000000,19.64375600,2017-10-08 01:59:59.999,87594.05189751,261,2.69138100,12005.82692558,0
2017-10-08 02:00:00,4478.47000000,4478.75000000,4436.03000000,4453.23000000,14.75301200,2017-10-08 02:59:59.999,65716.42082424,401,5.83050700,25980.09822813,0
2017-10-08 03:00:00,4453.22000000,4480.00000000,4450.01000000,4457.62000000,24.00491900,2017-10-08 03:59:59.999,107166.16472952,467,13.44093300,60087.78022212,0
2017-10-08 04:00:00,4478.00000000,4478.00000000,4437.82000000,4443.54000000,11.29753800,2017-10-08 04:59:59.999,50277.01802050,197,3.89123800,17311.72360574,0
2017-10-08 05:00:00,4443.54000000,4452.00000000,4437.00000000,4439.81000000,18.63308200,2017-10-08 05:59:59.999,82732.54039359,265,3.15785700,14045.66433240,0
2017-10-08 06:00:00,4439.81000000,4479.98000000,4439.81000000,4459.01000000,9.07252500,2017-10-08 06:59:59.999,40497.59870937,154,7.71028100,34419.69993289,0
2017-10-08 07:00:00,4469.50000000,4479.98000000,4440.03000000,4455.99000000,13.94231700,2017-10-08 07:59:59.999,62187.25424115,154,9.20088300,41052.90553866,0
2017-10-08 08:00:00,4454.99000000,4479.94000000,4441.01000000,4448.00000000,11.10100400,2017-10-08 08:59:59.999,49464.34824063,304,5.16028800,22999.68546445,0
2017-10-08 09:00:00,4453.50000000,4475.00000000,4441.33000000,4470.00000000,15.11854000,2017-10-08 09:59:59.999,67515.53551656,201,9.26990300,41429.63215298,0
2017-10-08 10:00:00,4446.05000000,4514.99000000,4446.04000000,4495.03000000,21.39883500,2017-10-08 10:59:59.999,95888.94475016,248,13.70926500,61418.71581561,0
2017-10-08 11:00:00,4495.07000000,4508.00000000,4447.65000000,4487.99000000,41.37310400,2017-10-08 11:59:59.999,185137.77962115,653,23.78192000,106541.88718414,0
2017-10-08 12:00:00,4487.99000000,4517.00000000,4460.02000000,4508.99000000,20.93659600,2017-10-08 12:59:59.999,94196.90901906,295,15.70107800,70659.82523235,0
2017-10-08 13:00:00,4508.99000000,4580.00000000,4507.99000000,4538.00000000,36.02327400,2017-10-08 13:59:59.999,163610.31658406,479,25.86708000,117543.93088591,0
2017-10-08 14:00:00,4539.00000000,4586.98000000,4539.00000000,4570.00000000,33.25699100,2017-10-08 14:59:59.999,151795.84839129,425,17.10596300,78083.30856539,0
2017-10-08 15:00:00,4572.50000000,4599.00000000,4544.11000000,4590.00000000,22.45376500,2017-10-08 15:59:59.999,102715.83529866,365,13.11658400,60070.08114221,0
2017-10-08 16:00:00,4590.00000000,4600.00000000,4560.00000000,4570.00000000,25.70450300,2017-10-08 16:59:59.999,117763.98806694,328,12.44390000,57047.37195636,0
2017-10-08 17:00:00,4570.00000000,4595.00000000,4570.00000000,4579.21000000,11.59463700,2017-10-08 17:59:59.999,53158.20435097,144,3.86564100,17728.56941470,0
2017-10-08 18:00:00,4584.78000000,4591.98000000,4525.00000000,4561.89000000,38.47641100,2017-10-08 18:59:59.999,175594.91404332,324,12.94719500,59202.77953050,0
2017-10-08 19:00:00,4570.44000000,4600.00000000,4561.89000000,4575.01000000,24.02194100,2017-10-08 19:59:59.999,110155.08844524,282,20.81196600,95482.65648650,0
2017-10-08 20:00:00,4597.49000000,4652.84000000,4580.02000000,4600.00000000,32.93129400,2017-10-08 20:59:59.999,152236.61912358,374,11.89840200,55104.87288206,0
2017-10-08 21:00:00,4610.00000000,4610.00000000,4573.04000000,4590.00000000,16.69638100,2017-10-08 21:59:59.999,76701.22513169,342,13.09459000,60152.50273891,0
2017-10-08 22:00:00,4600.00000000,4658.00000000,4600.00000000,4627.00000000,22.15602300,2017-10-08 22:59:59.999,102746.58282441,262,9.99372900,46351.07226790,0
2017-10-08 23:00:00,4652.99000000,4653.99000000,4600.00000000,4640.00000000,9.22207300,2017-10-08 23:59:59.999,42612.29813869,220,3.90440200,18054.13005623,0
2017-10-09 00:00:00,4640.00000000,4658.00000000,4608.01000000,4610.00000000,20.95291800,2017-10-09 00:59:59.999,97014.64506520,308,9.97639600,46251.51507900,0
2017-10-09 01:00:00,4608.00000000,4635.00000000,4600.00000000,4623.00000000,8.52239900,2017-10-09 01:59:59.999,39273.85952382,239,1.98073000,9147.60806454,0
2017-10-09 02:00:00,4628.00000000,4640.00000000,4613.00000000,4640.00000000,14.44989200,2017-10-09 02:59:59.999,66937.17563080,161,7.16642900,33214.57071318,0
2017-10-09 03:00:00,4640.00000000,4660.00000000,4621.00000000,4659.00000000,18.88457100,2017-10-09 03:59:59.999,87753.96909847,276,15.91485400,73967.81250713,0
2017-10-09 04:00:00,4650.00000000,4660.00000000,4601.02000000,4608.01000000,25.74530800,2017-10-09 04:59:59.999,119367.30478496,325,8.13521500,37775.07251379,0
2017-10-09 05:00:00,4610.00000000,4650.00000000,4576.10000000,4600.02000000,24.99738500,2017-10-09 05:59:59.999,114911.50018122,363,10.74807600,49426.47975929,0
2017-10-09 06:00:00,4605.01000000,4610.00000000,4550.00000000,4567.99000000,17.74969400,2017-10-09 06:59:59.999,81340.92679611,272,6.96969600,31943.28332244,0
2017-10-09 07:00:00,4568.97000000,4594.97000000,4560.49000000,4584.06000000,19.20134600,2017-10-09 07:59:59.999,87777.20039578,192,17.53128700,80137.03607114,0
2017-10-09 08:00:00,4587.02000000,4594.96000000,4564.32000000,4579.58000000,16.12641500,2017-10-09 08:59:59.999,73744.02418319,159,4.52423100,20728.54731466,0
2017-10-09 09:00:00,4579.00000000,4600.00000000,4570.00000000,4592.01000000,15.91282000,2017-10-09 09:59:59.999,72963.99668870,209,10.46399200,48004.18760696,0
2017-10-09 10:00:00,4596.01000000,4620.00000000,4578.23000000,4602.02000000,19.29734300,2017-10-09 10:59:59.999,88683.37233657,374,8.28204300,38075.59347470,0
2017-10-09 11:00:00,4608.06000000,4630.00000000,4596.52000000,4615.00000000,23.27410400,2017-10-09 11:59:59.999,107279.19806924,440,16.87271700,77779.21002099,0
2017-10-09 12:00:00,4615.00000000,4647.00000000,4615.00000000,4634.63000000,19.67940200,2017-10-09 12:59:59.999,90967.01133034,265,6.72475500,31150.75051586,0
2017-10-09 13:00:00,4634.77000000,4639.98000000,4615.00000000,4634.99000000,12.69994600,2017-10-09 13:59:59.999,58679.93796498,316,1.81399000,8393.51946633,0
2017-10-09 14:00:00,4634.99000000,4699.98000000,4634.99000000,4672.57000000,26.77506000,2017-10-09 14:59:59.999,124980.98595833,515,16.55983900,77334.78160956,0
2017-10-09 15:00:00,4676.61000000,4693.87000000,4664.06000000,4664.31000000,28.22659600,2017-10-09 15:59:59.999,131905.15992008,341,8.56228300,40065.05227119,0
2017-10-09 16:00:00,4684.99000000,4688.00000000,4664.11000000,4664.16000000,16.49615600,2017-10-09 16:59:59.999,77010.30502879,270,3.80912500,17813.93965725,0
2017-10-09 17:00:00,4675.08000000,4729.99000000,4665.01000000,4729.99000000,26.14404000,2017-10-09 17:59:59.999,122793.20527626,426,17.32945800,81456.49550782,0
2017-10-09 18:00:00,4733.49000000,4810.00000000,4717.02000000,4780.00000000,48.80476700,2017-10-09 18:59:59.999,231723.82478815,638,29.11293000,138393.71845315,0
2017-10-09 19:00:00,4771.20000000,4889.98000000,4771.20000000,4787.49000000,67.17443600,2017-10-09 19:59:59.999,325217.30013157,1031,40.95061700,198477.43484973,0
2017-10-09 20:00:00,4803.35000000,4852.00000000,4745.94000000,4851.97000000,53.92153900,2017-10-09 20:59:59.999,258799.13967802,1029,34.31333900,164921.68755509,0
2017-10-09 21:00:00,4845.99000000,4851.97000000,4751.45000000,4809.99000000,66.81243400,2017-10-09 21:59:59.999,320323.68813128,1310,43.57537800,209029.89516800,0
2017-10-09 22:00:00,4809.00000000,4825.00000000,4760.00000000,4760.00000000,30.02546900,2017-10-09 22:59:59.999,143611.70530309,481,15.33667600,73386.49529394,0
2017-10-09 23:00:00,4760.50000000,4819.20000000,4720.12000000,4786.95000000,24.58910500,2017-10-09 23:59:59.999,117449.46809892,432,14.10250300,67399.95069849,0
2017-10-10 00:00:00,4786.95000000,4886.00000000,4780.00000000,4863.00000000,39.94006700,2017-10-10 00:59:59.999,193298.33934999,1251,21.79610800,105589.09738528,0
2017-10-10 01:00:00,4874.00000000,4888.88000000,4820.01000000,4820.01000000,56.31101300,2017-10-10 01:59:59.999,273731.85458970,1469,25.02966800,121803.56568253,0
2017-10-10 02:00:00,4820.01000000,4848.00000000,4800.00000000,4820.11000000,27.14657600,2017-10-10 02:59:59.999,130628.68557638,375,6.85017100,33054.51187610,0
2017-10-10 03:00:00,4830.05000000,4839.95000000,4788.00000000,4788.02000000,28.30516600,2017-10-10 03:59:59.999,135960.60951303,293,7.23849000,34824.94765682,0
2017-10-10 04:00:00,4819.99000000,4828.13000000,4788.00000000,4797.14000000,16.84239800,2017-10-10 04:59:59.999,80997.29646730,192,8.26753300,39776.57871440,0
2017-10-10 05:00:00,4804.17000000,4851.05000000,4788.21000000,4842.09000000,14.53520600,2017-10-10 05:59:59.999,70106.82863612,174,8.61173300,41552.22909097,0
2017-10-10 06:00:00,4844.61000000,4879.99000000,4829.00000000,4845.37000000,11.34525200,2017-10-10 06:59:59.999,55036.61595157,284,5.65535500,27443.61356859,0
2017-10-10 07:00:00,4845.43000000,4850.50000000,4785.78000000,4785.78000000,33.75850000,2017-10-10 07:59:59.999,162376.44922442,475,14.03608600,67541.64107329,0
2017-10-10 08:00:00,4787.88000000,4819.99000000,4720.16000000,4805.00000000,78.54071800,2017-10-10 08:59:59.999,373492.75261875,616,48.19237300,228821.90039811,0
2017-10-10 09:00:00,4802.50000000,4805.00000000,4780.01000000,4785.04000000,18.15152200,2017-10-10 09:59:59.999,86974.50032766,238,10.09677800,48416.74983464,0
2017-10-10 10:00:00,4799.08000000,4838.96000000,4767.00000000,4820.50000000,15.90013000,2017-10-10 10:59:59.999,76297.47205433,280,9.41175000,45167.98998333,0
2017-10-10 11:00:00,4820.51000000,4839.41000000,4767.00000000,4790.00000000,13.91329700,2017-10-10 11:59:59.999,67019.64561875,290,3.59226200,17353.16676678,0
2017-10-10 12:00:00,4790.01000000,4841.60000000,4780.02000000,4839.11000000,21.10536700,2017-10-10 12:59:59.999,101798.52054763,457,12.78251100,61668.56199860,0
2017-10-10 13:00:00,4839.10000000,4880.00000000,4812.02000000,4850.00000000,60.90677600,2017-10-10 13:59:59.999,294984.57261232,484,50.15603600,243035.37747718,0
2017-10-10 14:00:00,4849.99000000,4874.00000000,4802.14000000,4802.14000000,42.87461500,2017-10-10 14:59:59.999,207425.76024110,453,29.73274500,144031.49330811,0
2017-10-10 15:00:00,4802.14000000,4842.79000000,4790.30000000,4831.99000000,62.34203700,2017-10-10 15:59:59.999,300401.13058505,716,50.19363200,242046.82332530,0
2017-10-10 16:00:00,4830.97000000,4870.00000000,4800.07000000,4870.00000000,56.90553000,2017-10-10 16:59:59.999,275087.87192721,642,46.05341800,222731.98291287,0
2017-10-10 17:00:00,4870.00000000,4944.00000000,4870.00000000,4937.00000000,88.12954200,2017-10-10 17:59:59.999,432680.65394944,629,76.23855300,374348.40504925,0
2017-10-10 18:00:00,4933.00000000,4960.00000000,4881.45000000,4894.99000000,62.96459600,2017-10-10 18:59:59.999,310250.04470813,599,46.72564800,230564.43619129,0
2017-10-10 19:00:00,4894.00000000,4918.99000000,4880.00000000,4911.00000000,37.73250000,2017-10-10 19:59:59.999,184723.46500764,318,29.42061700,144079.61482001,0
2017-10-10 20:00:00,4910.99000000,4933.14000000,4885.05000000,4893.00000000,42.09724400,2017-10-10 20:59:59.999,206857.75964662,423,34.01651200,167227.75103141,0
2017-10-10 21:00:00,4893.00000000,4893.68000000,4847.00000000,4865.39000000,49.50290400,2017-10-10 21:59:59.999,241307.30572057,267,38.10788400,185828.23407242,0
2017-10-10 22:00:00,4847.00000000,4865.39000000,4759.50000000,4795.00000000,51.65895300,2017-10-10 22:59:59.999,248168.78229458,435,35.09708700,168743.06328587,0
2017-10-10 23:00:00,4795.00000000,4840.00000000,4680.59000000,4783.06000000,112.31186400,2017-10-10 23:59:59.999,534676.94630753,607,61.52972400,293962.02523659,0
2017-10-11 00:00:00,4783.06000000,4819.98000000,4745.62000000,4765.99000000,73.66959100,2017-10-11 00:59:59.999,352248.09156035,496,60.28978600,288310.18504119,0
2017-10-11 01:00:00,4765.99000000,4799.99000000,4710.00000000,4780.05000000,64.76194600,2017-10-11 01:59:59.999,308269.55949471,369,49.00534300,233569.48761794,0
2017-10-11 02:00:00,4799.97000000,4823.17000000,4765.00000000,4814.76000000,66.69500200,2017-10-11 02:59:59.999,320067.44181943,414,53.11062100,255076.56845068,0
2017-10-11 03:00:00,4820.65000000,4820.65000000,4721.22000000,4753.16000000,57.04947200,2017-10-11 03:59:59.999,271602.30890750,550,44.52153200,211991.21877212,0
2017-10-11 04:00:00,4740.73000000,4778.99000000,4720.02000000,4746.00000000,72.97439800,2017-10-11 04:59:59.999,346569.88671806,533,62.93596600,299005.57604870,0
2017-10-11 05:00:00,4746.01000000,4797.99000000,4741.03000000,4750.05000000,47.48830400,2017-10-11 05:59:59.999,225820.75300711,359,40.96850400,194842.19213387,0
2017-10-11 06:00:00,4763.99000000,4820.66000000,4761.99000000,4785.17000000,27.81958300,2017-10-11 06:59:59.999,133232.22710911,321,25.69987900,123098.63110508,0
2017-10-11 07:00:00,4809.17000000,4840.00000000,4773.01000000,4829.99000000,69.47513200,2017-10-11 07:59:59.999,333880.92650044,491,51.24553600,246407.71425341,0
2017-10-11 08:00:00,4820.00000000,4852.22000000,4800.00000000,4826.05000000,56.35075300,2017-10-11 08:59:59.999,271744.01564587,483,40.07093900,193339.18337581,0
2017-10-11 09:00:00,4829.00000000,4836.00000000,4791.01000000,4814.99000000,44.42027400,2017-10-11 09:59:59.999,213994.70502499,345,32.52204600,156742.61908412,0
2017-10-11 10:00:00,4818.00000000,4851.98000000,4810.00000000,4824.99000000,19.89372500,2017-10-11 10:59:59.999,95927.13704278,109,8.94353400,43127.73617926,0
2017-10-11 11:00:00,4823.98000000,4831.64000000,4795.01000000,4818.99000000,11.48435600,2017-10-11 11:59:59.999,55271.52334019,126,2.45224400,11829.13756571,0
2017-10-11 12:00:00,4804.93000000,4804.93000000,4764.68000000,4772.00000000,18.16567200,2017-10-11 12:59:59.999,86974.03989611,120,10.09020500,48341.90610498,0
2017-10-11 13:00:00,4772.00000000,4799.95000000,4751.01000000,4790.00000000,11.96987600,2017-10-11 13:59:59.999,57072.85103070,109,5.42250400,25899.27227935,0
2017-10-11 14:00:00,4789.99000000,4789.99000000,4751.02000000,4776.93000000,19.47929600,2017-10-11 14:59:59.999,93046.41959675,288,0.94195000,4506.29794180,0
2017-10-11 15:00:00,4774.26000000,4839.99000000,4774.26000000,4825.01000000,19.33215000,2017-10-11 15:59:59.999,92762.15689640,162,10.60857300,50933.28158534,0
2017-10-11 16:00:00,4839.99000000,4850.00000000,4824.74000000,4850.00000000,10.77834200,2017-10-11 16:59:59.999,52167.24222183,115,6.17262900,29904.94950737,0
2017-10-11 17:00:00,4850.00000000,4869.98000000,4824.74000000,4840.65000000,9.57295500,2017-10-11 17:59:59.999,46375.61643569,66,4.14774900,20120.75670956,0
2017-10-11 18:00:00,4840.00000000,4850.01000000,4824.76000000,4850.01000000,4.95395900,2017-10-11 18:59:59.999,23974.82585788,52,4.69860100,22742.51184700,0
2017-10-11 19:00:00,4847.50000000,4881.61000000,4840.00000000,4872.10000000,23.96495400,2017-10-11 19:59:59.999,116518.63030301,163,14.25478200,69320.50505167,0
2017-10-11 20:00:00,4850.42000000,4862.43000000,4827.01000000,4830.00000000,6.14870000,2017-10-11 20:59:59.999,29783.35162791,80,2.13722900,10355.92480224,0
2017-10-11 21:00:00,4834.99000000,4843.99000000,4800.57000000,4817.41000000,10.85741700,2017-10-11 21:59:59.999,52374.48583276,71,4.34699900,20954.16035613,0
2017-10-11 22:00:00,4817.41000000,4845.50000000,4810.00000000,4810.00000000,5.15201400,2017-10-11 22:59:59.999,24877.68823209,44,4.83409100,23343.98240139,0
2017-10-11 23:00:00,4820.00000000,4828.39000000,4820.00000000,4821.43000000,0.97152500,2017-10-11 23:59:59.999,4685.02493752,29,0.66673300,3213.92075973,0
2017-10-12 00:00:00,4821.43000000,4850.00000000,4810.16000000,4823.02000000,17.37650500,2017-10-12 00:59:59.999,84129.68516601,247,10.09018700,48904.78841081,0
2017-10-12 01:00:00,4820.04000000,4849.76000000,4820.04000000,4849.76000000,3.98003700,2017-10-12 01:59:59.999,19266.10374836,71,1.84978100,8963.56563565,0
2017-10-12 02:00:00,4849.00000000,4877.53000000,4835.03000000,4877.53000000,13.11930700,2017-10-12 02:59:59.999,63751.61235432,125,10.25192800,49819.87925115,0
2017-10-12 03:00:00,4860.53000000,4880.00000000,4840.02000000,4843.37000000,15.02585900,2017-10-12 03:59:59.999,72969.46253427,130,9.05050800,43987.31659515,0
2017-10-12 04:00:00,4848.02000000,4877.54000000,4843.21000000,4853.40000000,4.53792600,2017-10-12 04:59:59.999,22039.54733670,71,0.76730100,3742.53727056,0
2017-10-12 05:00:00,4853.41000000,4899.80000000,4843.21000000,4899.80000000,14.04262900,2017-10-12 05:59:59.999,68482.53215116,193,9.44644100,46134.93174705,0
2017-10-12 06:00:00,4899.80000000,4917.18000000,4891.01000000,4914.89000000,9.45411100,2017-10-12 06:59:59.999,46369.77999560,152,5.22997600,25656.44089261,0
2017-10-12 07:00:00,4903.00000000,5010.20000000,4903.00000000,5010.20000000,38.44342000,2017-10-12 07:59:59.999,190344.32924185,280,27.73019100,137580.72805484,0
2017-10-12 08:00:00,5010.20000000,5180.00000000,5010.20000000,5108.00000000,147.78075800,2017-10-12 08:59:59.999,753604.64857208,706,94.44658100,481441.44310875,0
2017-10-12 09:00:00,5108.01000000,5180.00000000,5085.16000000,5155.42000000,66.54387900,2017-10-12 09:59:59.999,341972.47719536,408,45.68870000,235178.13792841,0
2017-10-12 10:00:00,5155.41000000,5218.99000000,5119.61000000,5204.34000000,90.66859200,2017-10-12 10:59:59.999,468552.03687273,419,78.02328500,402841.86752400,0
2017-10-12 11:00:00,5204.34000000,5265.50000000,5168.01000000,5184.00000000,119.79036600,2017-10-12 11:59:59.999,627331.76331307,795,99.94443500,523624.08882582,0
2017-10-12 12:00:00,5184.00000000,5239.99000000,5184.00000000,5230.00000000,51.40913500,2017-10-12 12:59:59.999,267671.90627357,377,35.58623300,185250.84923131,0
2017-10-12 13:00:00,5230.01000000,5251.98000000,5173.10000000,5192.00000000,56.23317000,2017-10-12 13:59:59.999,293267.19142841,433,35.96565000,187787.88760374,0
2017-10-12 14:00:00,5191.99000000,5232.67000000,5191.00000000,5222.64000000,45.65274600,2017-10-12 14:59:59.999,237838.88127389,342,24.26702600,126524.54274702,0
2017-10-12 15:00:00,5225.63000000,5325.00000000,5207.11000000,5305.01000000,83.13918200,2017-10-12 15:59:59.999,437242.50323730,429,46.50616700,244539.94549463,0
2017-10-12 16:00:00,5316.42000000,5413.73000000,5287.01000000,5350.02000000,110.98964100,2017-10-12 16:59:59.999,593558.53498361,671,63.30380200,339288.65371410,0
2017-10-12 17:00:00,5350.02000000,5387.00000000,5250.00000000,5290.44000000,56.80931900,2017-10-12 17:59:59.999,301830.84550953,388,28.62532400,152141.56951094,0
2017-10-12 18:00:00,5290.44000000,5344.00000000,5239.99000000,5339.99000000,76.73146200,2017-10-12 18:59:59.999,406385.15860678,358,39.76307800,210573.45409395,0
2017-10-12 19:00:00,5339.91000000,5339.92000000,5289.10000000,5312.43000000,38.89394000,2017-10-12 19:59:59.999,206601.76554952,206,21.34527600,113493.10968298,0
2017-10-12 20:00:00,5300.06000000,5385.19000000,5300.06000000,5356.64000000,65.96139200,2017-10-12 20:59:59.999,352907.01645334,312,41.08217000,219788.72706407,0
2017-10-12 21:00:00,5356.56000000,5366.05000000,5265.05000000,5265.06000000,44.31714800,2017-10-12 21:59:59.999,235770.26356139,284,10.62762000,56638.48071417,0
2017-10-12 22:00:00,5288.33000000,5366.06000000,5288.33000000,5353.98000000,35.41222500,2017-10-12 22:59:59.999,188792.28401546,219,24.16009300,128949.51021433,0
2017-10-12 23:00:00,5350.99000000,5439.99000000,5323.02000000,5430.00000000,70.38873300,2017-10-12 23:59:59.999,379078.96181935,414,32.84296600,176815.14383510,0
2017-10-13 00:00:00,5439.99000000,5490.00000000,5407.74000000,5407.74000000,68.74623900,2017-10-13 00:59:59.999,374869.13570622,582,43.15026600,235519.93184822,0
2017-10-13 01:00:00,5407.74000000,5545.99000000,5379.84000000,5516.51000000,155.38567800,2017-10-13 01:59:59.999,847310.14715073,958,92.68906400,505132.59296121,0
2017-10-13 02:00:00,5516.51000000,5835.00000000,5516.51000000,5635.06000000,196.65326000,2017-10-13 02:59:59.999,1116683.19353577,1320,103.63768800,585696.04841863,0
2017-10-13 03:00:00,5641.00000000,5770.00000000,5611.00000000,5748.00000000,80.72181900,2017-10-13 03:59:59.999,459037.23333152,589,34.16092500,194380.52084679,0
2017-10-13 04:00:00,5740.02000000,5846.17000000,5712.00000000,5749.99000000,85.24746400,2017-10-13 04:59:59.999,493461.11555141,541,27.48415600,159404.64784434,0
2017-10-13 05:00:00,5744.00000000,5760.00000000,5516.50000000,5551.00000000,123.59257100,2017-10-13 05:59:59.999,696889.40447660,843,50.99917900,287827.07006132,0
2017-10-13 06:00:00,5516.51000000,5649.00000000,5458.84000000,5572.03000000,100.38001600,2017-10-13 06:59:59.999,559492.58321205,675,39.38195600,219583.24829759,0
2017-10-13 07:00:00,5572.03000000,5669.99000000,5533.01000000,5628.02000000,80.95453000,2017-10-13 07:59:59.999,453917.05884034,472,21.05609900,118163.12869252,0
2017-10-13 08:00:00,5631.01000000,5775.00000000,5630.00000000,5664.14000000,102.03010100,2017-10-13 08:59:59.999,581022.36014287,681,38.58678100,219803.41005357,0
2017-10-13 09:00:00,5664.13000000,5750.00000000,5650.00000000,5745.00000000,61.79649700,2017-10-13 09:59:59.999,352063.59316607,339,40.64247900,231681.31801216,0
2017-10-13 10:00:00,5745.00000000,5747.58000000,5626.86000000,5630.02000000,41.39381500,2017-10-13 10:59:59.999,234431.49667653,222,22.15055600,125398.71650429,0
2017-10-13 11:00:00,5630.02000000,5659.98000000,5568.98000000,5649.00000000,47.47454900,2017-10-13 11:59:59.999,266791.55716562,388,22.60678200,127057.57383568,0
2017-10-13 12:00:00,5658.97000000,5681.00000000,5566.84000000,5577.97000000,79.34216000,2017-10-13 12:59:59.999,446451.55167281,428,40.12916400,225977.31570058,0
2017-10-13 13:00:00,5577.97000000,5681.42000000,5577.90000000,5678.82000000,82.07247000,2017-10-13 13:59:59.999,461415.75071218,499,42.94300800,241634.96159564,0
2017-10-13 14:00:00,5678.00000000,5800.00000000,5668.54000000,5773.99000000,67.37761000,2017-10-13 14:59:59.999,388470.22194270,500,41.05820000,236710.95626419,0
2017-10-13 15:00:00,5774.00000000,5779.61000000,5740.01000000,5762.25000000,45.48566600,2017-10-13 15:59:59.999,262241.97279566,336,21.16114200,122128.75654594,0
2017-10-13 16:00:00,5762.24000000,5777.65000000,5691.99000000,5721.00000000,51.71066100,2017-10-13 16:59:59.999,295964.67898204,264,21.37436600,122565.57160617,0
2017-10-13 17:00:00,5721.06000000,5779.00000000,5717.68000000,5730.03000000,48.79781300,2017-10-13 17:59:59.999,280063.34301019,312,11.36774800,65397.91229694,0
2017-10-13 18:00:00,5730.02000000,5746.36000000,5655.00000000,5683.88000000,56.67506000,2017-10-13 18:59:59.999,323544.60369606,301,22.65987800,129590.84404972,0
2017-10-13 19:00:00,5683.88000000,5690.86000000,5520.00000000,5558.99000000,72.52500500,2017-10-13 19:59:59.999,405981.91339405,429,28.23822300,157483.61505151,0
2017-10-13 20:00:00,5533.76000000,5649.99000000,5533.74000000,5634.96000000,39.49150600,2017-10-13 20:59:59.999,221081.66676851,244,27.66392000,154883.73428497,0
2017-10-13 21:00:00,5649.98000000,5649.98000000,5580.01000000,5610.01000000,68.59102300,2017-10-13 21:59:59.999,384188.69437101,262,17.09813000,95817.12294746,0
2017-10-13 22:00:00,5610.07000000,5650.00000000,5533.77000000,5650.00000000,55.22597500,2017-10-13 22:59:59.999,308603.54940562,208,30.30348000,169377.89536607,0
2017-10-13 23:00:00,5610.01000000,5649.99000000,5609.23000000,5649.98000000,68.15613200,2017-10-13 23:59:59.999,383363.47534331,270,38.09488700,214569.47063084,0
2017-10-14 00:00:00,5650.00000000,5650.01000000,5624.01000000,5640.25000000,51.21953700,2017-10-14 00:59:59.999,288414.67050721,197,17.94408900,101165.53422826,0
2017-10-14 01:00:00,5634.96000000,5640.00000000,5580.01000000,5625.02000000,54.53503000,2017-10-14 01:59:59.999,306421.32084674,281,24.79686400,139472.59353414,0
2017-10-14 02:00:00,5625.01000000,5722.87000000,5606.18000000,5700.00000000,39.23630800,2017-10-14 02:59:59.999,222633.74844599,284,18.14143700,102766.89673328,0
2017-10-14 03:00:00,5700.00000000,5722.87000000,5688.01000000,5700.51000000,31.37510500,2017-10-14 03:59:59.999,179131.08748324,223,9.95395000,56863.32566808,0
2017-10-14 04:00:00,5700.52000000,5721.91000000,5670.49000000,5680.02000000,30.59924100,2017-10-14 04:59:59.999,174232.62901203,180,11.39688100,64916.86489155,0
2017-10-14 05:00:00,5680.02000000,5692.56000000,5620.00000000,5638.11000000,34.95641700,2017-10-14 05:59:59.999,197128.68983791,277,13.46574100,75984.08634629,0
2017-10-14 06:00:00,5638.15000000,5638.16000000,5585.02000000,5620.00000000,32.57867700,2017-10-14 06:59:59.999,183048.91523472,229,19.83826800,111570.53662986,0
2017-10-14 07:00:00,5619.98000000,5658.99000000,5619.98000000,5653.41000000,56.84440300,2017-10-14 07:59:59.999,320735.33806901,246,40.80171300,230261.74932013,0
2017-10-14 08:00:00,5653.40000000,5663.55000000,5630.00000000,5663.53000000,37.94070200,2017-10-14 08:59:59.999,214429.62196186,228,22.24268400,125726.59738593,0
2017-10-14 09:00:00,5655.02000000,5663.54000000,5600.03000000,5625.07000000,45.14081100,2017-10-14 09:59:59.999,254098.73597157,248,13.31429900,74999.68718880,0
2017-10-14 10:00:00,5636.00000000,5721.81000000,5620.10000000,5718.27000000,34.23059200,2017-10-14 10:59:59.999,193556.89097372,246,20.68263200,117127.50981849,0
2017-10-14 11:00:00,5725.00000000,5779.00000000,5720.01000000,5720.02000000,36.83307900,2017-10-14 11:59:59.999,211652.49895377,396,14.53263900,83605.36153720,0
2017-10-14 12:00:00,5720.02000000,5745.00000000,5686.00000000,5719.37000000,30.41139300,2017-10-14 12:59:59.999,173747.42486975,251,13.98992600,80004.43837415,0
2017-10-14 13:00:00,5687.48000000,5723.26000000,5687.48000000,5703.03000000,33.58808300,2017-10-14 13:59:59.999,191750.95110045,170,14.39127200,82230.95821672,0
2017-10-14 14:00:00,5717.07000000,5755.04000000,5700.03000000,5754.04000000,51.52966200,2017-10-14 14:59:59.999,294411.66946071,291,24.23947900,138520.23500121,0
2017-10-14 15:00:00,5745.02000000,5779.99000000,5741.02000000,5752.04000000,46.84405000,2017-10-14 15:59:59.999,269339.50588039,307,13.72688500,79019.71418589,0
2017-10-14 16:00:00,5741.03000000,5779.99000000,5740.85000000,5769.75000000,38.16838200,2017-10-14 16:59:59.999,219927.99273957,324,5.42579300,31293.19685223,0
2017-10-14 17:00:00,5769.75000000,5798.02000000,5769.70000000,5769.71000000,33.45046400,2017-10-14 17:59:59.999,193212.97695116,266,8.64901700,49998.81365367,0
2017-10-14 18:00:00,5769.70000000,5769.98000000,5685.02000000,5723.07000000,45.77892200,2017-10-14 18:59:59.999,262146.32487474,277,29.40961000,168494.71965947,0
2017-10-14 19:00:00,5723.77000000,5750.00000000,5708.58000000,5750.00000000,33.45065100,2017-10-14 19:59:59.999,191790.07711974,250,12.65030200,72458.42530300,0
2017-10-14 20:00:00,5750.01000000,5750.26000000,5735.01000000,5745.07000000,45.73087500,2017-10-14 20:59:59.999,262579.74972428,238,21.85152000,125549.78266442,0
2017-10-14 21:00:00,5745.07000000,5759.99000000,5735.01000000,5759.98000000,39.79703400,2017-10-14 21:59:59.999,228549.73241355,247,18.53195800,106535.23668211,0
2017-10-14 22:00:00,5750.01000000,5780.32000000,5750.01000000,5779.97000000,38.33625900,2017-10-14 22:59:59.999,221144.52810671,218,19.99984400,115558.34412156,0
2017-10-14 23:00:00,5779.93000000,5900.00000000,5760.00000000,5869.99000000,48.18336900,2017-10-14 23:59:59.999,279887.40545588,385,23.81810100,138650.59646590,0
2017-10-15 00:00:00,5855.03000000,5900.00000000,5855.03000000,5860.01000000,28.94372900,2017-10-15 00:59:59.999,169888.57153996,274,10.27110800,60373.38620502,0
2017-10-15 01:00:00,5860.01000000,5900.00000000,5830.00000000,5897.99000000,28.40800000,2017-10-15 01:59:59.999,166642.14752368,285,17.65604000,103633.50523034,0
2017-10-15 02:00:00,5898.00000000,5919.98000000,5880.22000000,5919.83000000,56.15885100,2017-10-15 02:59:59.999,331156.34350554,319,21.23658700,125285.90244957,0
2017-10-15 03:00:00,5919.88000000,5922.30000000,5770.02000000,5771.07000000,70.65376500,2017-10-15 03:59:59.999,411895.20015261,411,42.11857700,244936.55309359,0
2017-10-15 04:00:00,5771.06000000,5805.00000000,5737.27000000,5749.40000000,46.51996200,2017-10-15 04:59:59.999,268413.94374510,354,16.14266200,93119.75900659,0
2017-10-15 05:00:00,5749.40000000,5760.00000000,5748.77000000,5760.00000000,72.79845400,2017-10-15 05:59:59.999,419048.52551312,393,44.02158700,253485.63202905,0
2017-10-15 06:00:00,5767.75000000,5786.37000000,5758.42000000,5782.92000000,35.48537000,2017-10-15 06:59:59.999,205058.32154123,169,25.57991600,147883.06824947,0
2017-10-15 07:00:00,5782.89000000,5799.80000000,5769.04000000,5786.11000000,37.77682800,2017-10-15 07:59:59.999,218588.43480998,228,9.21502900,53345.12498444,0
2017-10-15 08:00:00,5786.11000000,5786.11000000,5500.00000000,5550.01000000,131.57113500,2017-10-15 08:59:59.999,734564.32569790,729,36.44640900,203637.04044369,0
2017-10-15 09:00:00,5571.96000000,5571.96000000,5422.39000000,5520.79000000,41.74573400,2017-10-15 09:59:59.999,229111.07908731,396,18.99028800,104097.51850278,0
2017-10-15 10:00:00,5520.81000000,5588.00000000,5460.18000000,5550.00000000,57.99719400,2017-10-15 10:59:59.999,320793.36842059,365,34.32264500,190019.81346840,0
2017-10-15 11:00:00,5549.01000000,5580.00000000,5400.01000000,5400.01000000,94.64521100,2017-10-15 11:59:59.999,520930.76485875,356,44.86708100,247697.80845427,0
2017-10-15 12:00:00,5419.00000000,5511.11000000,5404.98000000,5471.14000000,59.23532400,2017-10-15 12:59:59.999,324113.21147243,319,37.77669200,206899.26208102,0
2017-10-15 13:00:00,5477.99000000,5542.75000000,5419.01000000,5542.75000000,52.08912300,2017-10-15 13:59:59.999,286552.86271178,247,25.44985900,140283.49255317,0
2017-10-15 14:00:00,5542.76000000,5575.00000000,5512.14000000,5550.01000000,117.39467600,2017-10-15 14:59:59.999,651457.58959704,400,29.43810800,163416.33607843,0
2017-10-15 15:00:00,5574.97000000,5605.00000000,5520.12000000,5544.14000000,54.85604000,2017-10-15 15:59:59.999,305337.01749663,337,33.95130600,188900.62690175,0
2017-10-15 16:00:00,5539.99000000,5544.14000000,5468.01000000,5499.79000000,42.76868000,2017-10-15 16:59:59.999,235941.97201054,181,11.67425400,64466.43933105,0
2017-10-15 17:00:00,5499.61000000,5541.67000000,5475.95000000,5515.00000000,31.31393000,2017-10-15 17:59:59.999,172516.12091454,230,26.81714800,147747.81587495,0
2017-10-15 18:00:00,5515.00000000,5569.47000000,5515.00000000,5540.03000000,57.77495700,2017-10-15 18:59:59.999,319870.38344878,247,16.62644900,92085.21080254,0
2017-10-15 19:00:00,5540.04000000,5569.43000000,5533.56000000,5533.56000000,56.94012600,2017-10-15 19:59:59.999,315283.10312786,224,22.62471400,125297.47997440,0
2017-10-15 20:00:00,5530.23000000,5544.00000000,5485.00000000,5537.99000000,41.47287000,2017-10-15 20:59:59.999,228649.57079511,169,18.49323800,102100.57487637,0
2017-10-15 21:00:00,5509.02000000,5573.57000000,5508.61000000,5569.99000000,24.95874900,2017-10-15 21:59:59.999,137992.79746135,147,14.07582300,78035.88793836,0
2017-10-15 22:00:00,5569.48000000,5747.90000000,5569.48000000,5747.90000000,62.01915100,2017-10-15 22:59:59.999,351120.62645181,352,31.23626300,176984.27935794,0
2017-10-15 23:00:00,5715.01000000,5756.36000000,5676.00000000,5709.99000000,39.99551600,2017-10-15 23:59:59.999,228723.91944449,320,12.39057800,71044.18862947,0
2017-10-16 00:00:00,5710.00000000,5739.99000000,5690.05000000,5713.67000000,54.74074100,2017-10-16 00:59:59.999,312725.88163842,252,25.98458100,148476.18002787,0
2017-10-16 01:00:00,5713.77000000,5721.99000000,5680.01000000,5711.80000000,50.37182000,2017-10-16 01:59:59.999,287413.38308221,209,13.51067600,77214.26863219,0
2017-10-16 02:00:00,5711.00000000,5739.99000000,5680.01000000,5701.03000000,42.63271800,2017-10-16 02:59:59.999,243314.98292297,251,16.87748900,96416.95435381,0
2017-10-16 03:00:00,5701.14000000,5719.96000000,5600.02000000,5600.05000000,42.83466800,2017-10-16 03:59:59.999,242875.56758522,302,13.43587600,76353.35824449,0
2017-10-16 04:00:00,5601.02000000,5659.95000000,5601.02000000,5657.20000000,24.35880200,2017-10-16 04:59:59.999,137258.82166030,221,13.20531600,74465.09326437,0
2017-10-16 05:00:00,5657.20000000,5694.77000000,5628.09000000,5660.61000000,36.50475700,2017-10-16 05:59:59.999,206809.74915046,305,18.29830900,103640.09644362,0
2017-10-16 06:00:00,5660.62000000,5679.99000000,5628.99000000,5663.21000000,47.08673200,2017-10-16 06:59:59.999,265983.04539587,343,12.48329100,70574.29593829,0
2017-10-16 07:00:00,5663.19000000,5674.77000000,5600.01000000,5628.32000000,49.52108000,2017-10-16 07:59:59.999,279271.38659571,304,17.36036100,97854.87713458,0
2017-10-16 08:00:00,5628.31000000,5639.98000000,5599.32000000,5639.94000000,61.92087200,2017-10-16 08:59:59.999,348100.34357664,469,46.56980300,261908.83500688,0
2017-10-16 09:00:00,5639.94000000,5639.97000000,5585.19000000,5639.96000000,44.05538900,2017-10-16 09:59:59.999,247741.06862009,414,23.64408100,133154.64786628,0
2017-10-16 10:00:00,5632.00000000,5720.00000000,5631.69000000,5705.15000000,71.71211400,2017-10-16 10:59:59.999,406593.32821269,487,26.94146700,152525.80864142,0
2017-10-16 11:00:00,5705.14000000,5749.99000000,5699.09000000,5728.99000000,92.01493800,2017-10-16 11:59:59.999,526382.40746893,441,42.71337300,244555.44117771,0
2017-10-16 12:00:00,5739.96000000,5749.80000000,5721.00000000,5748.95000000,55.90970100,2017-10-16 12:59:59.999,320831.06296646,443,29.10866000,167169.68584720,0
2017-10-16 13:00:00,5748.96000000,5748.96000000,5686.93000000,5705.96000000,80.61777600,2017-10-16 13:59:59.999,460986.82534641,538,40.08098800,229637.50128075,0
2017-10-16 14:00:00,5705.90000000,5739.98000000,5679.97000000,5699.99000000,90.90825200,2017-10-16 14:59:59.999,518520.33232723,568,51.23513600,292326.02442218,0
2017-10-16 15:00:00,5680.03000000,5700.00000000,5664.00000000,5681.22000000,111.64481200,2017-10-16 15:59:59.999,634849.05215667,468,46.62225300,265291.90768013,0
2017-10-16 16:00:00,5681.22000000,5700.00000000,5642.02000000,5664.71000000,100.14846900,2017-10-16 16:59:59.999,569390.92158825,448,44.36908300,252401.62359835,0
2017-10-16 17:00:00,5642.06000000,5700.00000000,5642.06000000,5686.33000000,93.20820300,2017-10-16 17:59:59.999,529481.37626412,421,49.98738000,284401.65323026,0
2017-10-16 18:00:00,5686.34000000,5700.00000000,5660.65000000,5699.98000000,75.04621900,2017-10-16 18:59:59.999,427138.71991361,344,34.04805400,193921.00404539,0
2017-10-16 19:00:00,5694.00000000,5720.30000000,5693.40000000,5703.27000000,88.64537100,2017-10-16 19:59:59.999,505328.66022750,409,57.36604800,327130.51370500,0
2017-10-16 20:00:00,5718.78000000,5748.99000000,5700.02000000,5700.03000000,42.95381700,2017-10-16 20:59:59.999,245529.84096903,374,18.25052400,104526.79520890,0
2017-10-16 21:00:00,5700.02000000,5726.75000000,5700.01000000,5710.59000000,33.21809500,2017-10-16 21:59:59.999,189440.95157923,262,2.09469400,11984.34215670,0
2017-10-16 22:00:00,5722.99000000,5726.74000000,5706.11000000,5706.12000000,80.30939300,2017-10-16 22:59:59.999,458482.40660985,357,39.02767800,222883.27139406,0
2017-10-16 23:00:00,5706.11000000,5788.91000000,5706.11000000,5760.02000000,58.63172300,2017-10-16 23:59:59.999,337464.67967748,523,36.00341700,207471.66787798,0
2017-10-17 00:00:00,5760.00000000,5774.98000000,5726.97000000,5726.98000000,32.25568600,2017-10-17 00:59:59.999,185566.98247469,347,11.36283100,65432.08495912,0
2017-10-17 01:00:00,5726.98000000,5745.51000000,5590.00000000,5590.00000000,83.62888500,2017-10-17 01:59:59.999,475964.46211972,462,40.35230500,229990.21574982,0
2017-10-17 02:00:00,5590.02000000,5648.32000000,5590.00000000,5619.98000000,56.37465100,2017-10-17 02:59:59.999,316911.24053759,464,31.21882000,175559.88914968,0
2017-10-17 03:00:00,5615.12000000,5620.01000000,5600.44000000,5620.01000000,66.31771700,2017-10-17 03:59:59.999,372188.70247226,403,35.28511000,198111.80574309,0
2017-10-17 04:00:00,5612.02000000,5659.99000000,5600.60000000,5657.01000000,67.64329300,2017-10-17 04:59:59.999,381071.23170176,432,18.68681300,105415.55538916,0
2017-10-17 05:00:00,5659.98000000,5678.98000000,5591.01000000,5600.01000000,54.45866100,2017-10-17 05:59:59.999,306708.31276977,399,23.57560500,132974.65524908,0
2017-10-17 06:00:00,5600.03000000,5687.49000000,5600.02000000,5640.12000000,54.70138700,2017-10-17 06:59:59.999,308283.85960566,397,24.09555600,136061.17637148,0
2017-10-17 07:00:00,5640.12000000,5687.61000000,5640.11000000,5650.02000000,52.24387300,2017-10-17 07:59:59.999,295589.44764975,474,26.87028400,152115.11005888,0
2017-10-17 08:00:00,5657.96000000,5679.99000000,5620.14000000,5669.69000000,32.44364300,2017-10-17 08:59:59.999,183409.20099306,260,16.46806500,93161.28210986,0
2017-10-17 09:00:00,5669.70000000,5687.61000000,5640.02000000,5654.97000000,40.72666100,2017-10-17 09:59:59.999,230758.39574519,285,20.18076500,114473.19010661,0
2017-10-17 10:00:00,5654.96000000,5679.99000000,5640.09000000,5640.09000000,44.20284800,2017-10-17 10:59:59.999,250271.48921254,359,11.54541000,65496.56389588,0
2017-10-17 11:00:00,5640.13000000,5670.05000000,5540.02000000,5579.98000000,75.61675200,2017-10-17 11:59:59.999,424436.42032294,431,32.00713600,179492.72438378,0
2017-10-17 12:00:00,5579.89000000,5626.99000000,5508.63000000,5567.51000000,51.94561900,2017-10-17 12:59:59.999,288730.97752576,665,36.03404700,200258.51964300,0
2017-10-17 13:00:00,5567.52000000,5597.27000000,5555.01000000,5597.26000000,81.71909300,2017-10-17 13:59:59.999,456656.05110131,395,40.41074400,226061.65299891,0
2017-10-17 14:00:00,5597.26000000,5628.12000000,5573.05000000,5580.07000000,141.34973900,2017-10-17 14:59:59.999,791841.34103913,413,75.60990300,423703.42131904,0
2017-10-17 15:00:00,5580.09000000,5628.63000000,5573.06000000,5603.01000000,52.20150600,2017-10-17 15:59:59.999,291983.65207559,290,16.94831300,94872.33866776,0
2017-10-17 16:00:00,5619.98000000,5628.45000000,5574.21000000,5585.24000000,68.21405600,2017-10-17 16:59:59.999,381798.25538049,329,41.18934000,230668.22327305,0
2017-10-17 17:00:00,5585.23000000,5628.66000000,5585.23000000,5628.55000000,58.83939300,2017-10-17 17:59:59.999,330149.04371131,354,25.00873300,140579.11968680,0
2017-10-17 18:00:00,5624.95000000,5649.99000000,5601.02000000,5639.94000000,78.42036100,2017-10-17 18:59:59.999,441485.77584128,591,42.85279600,241376.13716221,0
2017-10-17 19:00:00,5625.03000000,5639.94000000,5621.03000000,5622.06000000,34.55348700,2017-10-17 19:59:59.999,194584.11076886,297,26.30295400,148189.76541033,0
2017-10-17 20:00:00,5622.10000000,5634.06000000,5601.07000000,5601.09000000,64.29780300,2017-10-17 20:59:59.999,361686.43532222,652,37.05016600,208428.24503736,0
2017-10-17 21:00:00,5603.57000000,5625.43000000,5586.15000000,5598.98000000,58.09542400,2017-10-17 21:59:59.999,325501.66356919,341,30.11989700,168781.40095010,0
2017-10-17 22:00:00,5590.03000000,5625.68000000,5585.25000000,5599.99000000,45.89797400,2017-10-17 22:59:59.999,257142.21370728,369,13.42605700,75198.39076462,0
2017-10-17 23:00:00,5599.99000000,5636.53000000,5585.30000000,5595.00000000,33.72086400,2017-10-17 23:59:59.999,188943.05316320,346,12.16512900,68228.64981246,0
2017-10-18 00:00:00,5595.00000000,5596.00000000,5520.25000000,5525.01000000,73.48672600,2017-10-18 00:59:59.999,407312.20557822,1297,22.71034800,125769.90247213,0
2017-10-18 01:00:00,5530.66000000,5530.66000000,5485.03000000,5490.02000000,61.57774200,2017-10-18 01:59:59.999,339506.83768936,531,18.86138000,104062.00457137,0
2017-10-18 02:00:00,5490.00000000,5520.00000000,5465.01000000,5497.98000000,87.25395800,2017-10-18 02:59:59.999,479203.85509067,580,31.15748500,171229.71375026,0
2017-10-18 03:00:00,5497.98000000,5497.98000000,5422.01000000,5484.86000000,95.87564900,2017-10-18 03:59:59.999,524061.30162855,975,30.33839900,166141.30668717,0
2017-10-18 04:00:00,5483.99000000,5560.98000000,5467.63000000,5529.98000000,115.49615100,2017-10-18 04:59:59.999,636400.53956102,606,39.41917700,217246.56459880,0
2017-10-18 05:00:00,5525.01000000,5561.99000000,5504.86000000,5505.56000000,83.66286300,2017-10-18 05:59:59.999,463219.12076088,540,29.99674600,166476.46798883,0
2017-10-18 06:00:00,5490.02000000,5490.06000000,5323.53000000,5323.54000000,114.66970600,2017-10-18 06:59:59.999,619619.43406272,912,49.18153700,265411.94209804,0
2017-10-18 07:00:00,5323.54000000,5387.01000000,5277.22000000,5277.22000000,89.46575900,2017-10-18 07:59:59.999,477569.67749379,700,39.55395000,211749.98083170,0
2017-10-18 08:00:00,5267.38000000,5369.00000000,5230.00000000,5368.73000000,117.09490800,2017-10-18 08:59:59.999,618941.12435281,733,45.63590700,241488.18501385,0
2017-10-18 09:00:00,5344.01000000,5379.00000000,5310.03000000,5331.29000000,158.46898800,2017-10-18 09:59:59.999,846318.33935250,650,78.32304900,418292.97371944,0
2017-10-18 10:00:00,5331.28000000,5331.31000000,5239.95000000,5300.23000000,126.08930900,2017-10-18 10:59:59.999,669025.92692224,568,51.79963900,275227.51416985,0
2017-10-18 11:00:00,5300.23000000,5331.30000000,5226.00000000,5273.25000000,108.87481800,2017-10-18 11:59:59.999,573106.14688688,772,55.15473500,290540.72088625,0
2017-10-18 12:00:00,5283.98000000,5288.23000000,5262.00000000,5277.98000000,72.94157400,2017-10-18 12:59:59.999,385236.99972527,636,36.29250700,191777.29896634,0
2017-10-18 13:00:00,5277.99000000,5277.99000000,5150.00000000,5150.00000000,150.05797700,2017-10-18 13:59:59.999,784001.81398979,617,67.23142100,351813.23116144,0
2017-10-18 14:00:00,5156.33000000,5199.99000000,5037.95000000,5168.00000000,120.85352900,2017-10-18 14:59:59.999,617754.63589926,749,55.92638700,286054.90473186,0
2017-10-18 15:00:00,5168.00000000,5368.70000000,5145.00000000,5322.28000000,87.98440800,2017-10-18 15:59:59.999,458034.53677696,621,57.61729600,300098.35459949,0
2017-10-18 16:00:00,5344.00000000,5400.00000000,5320.28000000,5349.04000000,49.63473000,2017-10-18 16:59:59.999,266468.01972369,251,28.29344100,152091.85388262,0
2017-10-18 17:00:00,5375.89000000,5400.00000000,5341.03000000,5350.12000000,72.25612400,2017-10-18 17:59:59.999,388566.16264752,405,30.89790300,166481.42199465,0
2017-10-18 18:00:00,5355.13000000,5408.00000000,5355.13000000,5376.04000000,143.52534100,2017-10-18 18:59:59.999,773703.20965315,459,71.86655800,387710.96500630,0
2017-10-18 19:00:00,5373.02000000,5402.33000000,5367.91000000,5382.98000000,58.54868900,2017-10-18 19:59:59.999,314972.54092421,310,22.65397200,122108.89846812,0
2017-10-18 19:00:00,5373.02000000,5402.33000000,5367.91000000,5382.98000000,58.54868900,2017-10-18 19:59:59.999,314972.54092421,310,22.65397200,122108.89846812,0
2017-10-18 20:00:00,5382.99000000,5482.60000000,5368.12000000,5482.60000000,94.09216400,2017-10-18 20:59:59.999,509139.89176747,442,60.82976200,329477.72808415,0
2017-10-18 21:00:00,5480.39000000,5505.58000000,5447.01000000,5491.02000000,78.73866100,2017-10-18 21:59:59.999,432574.48672231,496,34.18896100,187961.26647545,0
2017-10-18 22:00:00,5490.54000000,5587.99000000,5490.26000000,5547.10000000,58.62540000,2017-10-18 22:59:59.999,324787.41367200,469,35.33614100,195655.63256491,0
2017-10-18 23:00:00,5547.09000000,5588.00000000,5512.06000000,5512.06000000,98.52919900,2017-10-18 23:59:59.999,547385.75516246,505,46.35577400,257687.13192376,0
2017-10-19 00:00:00,5513.00000000,5549.99000000,5490.26000000,5498.98000000,53.06423600,2017-10-19 00:59:59.999,292360.29961255,389,28.97995900,159726.78001439,0
2017-10-19 01:00:00,5498.98000000,5631.30000000,5490.30000000,5621.99000000,74.49083400,2017-10-19 01:59:59.999,414129.72223352,483,49.18505300,273689.87804910,0
2017-10-19 02:00:00,5620.01000000,5620.01000000,5559.47000000,5580.99000000,68.85662000,2017-10-19 02:59:59.999,383800.51976100,706,44.53188200,248246.24742521,0
2017-10-19 03:00:00,5580.98000000,5589.97000000,5566.01000000,5585.00000000,77.43667000,2017-10-19 03:59:59.999,431301.92492497,394,32.09494600,178822.02656158,0
2017-10-19 04:00:00,5570.24000000,5628.00000000,5568.05000000,5581.04000000,45.34703200,2017-10-19 04:59:59.999,254282.82998517,311,18.21899800,102242.49852690,0
2017-10-19 05:00:00,5581.05000000,5627.98000000,5581.04000000,5613.90000000,59.01846500,2017-10-19 05:59:59.999,331133.18184698,345,5.96953000,33556.12069808,0
2017-10-19 06:00:00,5613.90000000,5613.90000000,5510.00000000,5510.02000000,50.58545800,2017-10-19 06:59:59.999,281979.24191469,274,15.25842500,85369.53253953,0
2017-10-19 07:00:00,5510.02000000,5587.98000000,5490.26000000,5577.98000000,54.61250600,2017-10-19 07:59:59.999,303556.38568097,347,34.53093400,192245.10335232,0
2017-10-19 08:00:00,5577.99000000,5628.00000000,5555.00000000,5600.00000000,73.31150400,2017-10-19 08:59:59.999,410200.04971548,368,22.77291100,127617.12456694,0
2017-10-19 09:00:00,5599.99000000,5690.00000000,5576.01000000,5684.83000000,90.60796000,2017-10-19 09:59:59.999,509906.52840088,573,43.41268300,244704.93146948,0
2017-10-19 10:00:00,5667.02000000,5697.99000000,5640.00000000,5689.99000000,74.59245200,2017-10-19 10:59:59.999,423388.13714578,647,46.72733800,265317.56229834,0
2017-10-19 11:00:00,5689.99000000,5706.09000000,5672.01000000,5690.12000000,93.13625200,2017-10-19 11:59:59.999,530547.82397137,654,54.54091600,310828.39735671,0
2017-10-19 12:00:00,5710.00000000,5710.00000000,5620.01000000,5642.05000000,87.70247300,2017-10-19 12:59:59.999,496391.03027803,606,24.46932000,138668.38174635,0
2017-10-19 13:00:00,5644.98000000,5702.00000000,5620.01000000,5680.02000000,117.91825500,2017-10-19 13:59:59.999,668598.75692149,624,60.23384600,342160.35324154,0
2017-10-19 14:00:00,5689.88000000,5700.00000000,5669.00000000,5688.97000000,83.00933600,2017-10-19 14:59:59.999,471919.07437691,616,39.29198500,223488.96276465,0
2017-10-19 15:00:00,5688.97000000,5692.50000000,5620.00000000,5625.01000000,110.38044000,2017-10-19 15:59:59.999,626174.03373775,586,54.92415800,312035.11603028,0
2017-10-19 16:00:00,5624.99000000,5669.98000000,5611.50000000,5640.15000000,69.08968800,2017-10-19 16:59:59.999,389900.69388695,420,19.84129800,112269.94053379,0
2017-10-19 17:00:00,5669.95000000,5690.00000000,5629.00000000,5666.98000000,106.63199500,2017-10-19 17:59:59.999,602108.64286067,533,35.78263200,202472.75188012,0
2017-10-19 18:00:00,5649.07000000,5688.99000000,5630.02000000,5651.11000000,66.99362700,2017-10-19 18:59:59.999,379608.68743062,391,35.15245700,199386.16030237,0
2017-10-19 19:00:00,5651.13000000,5679.99000000,5600.00000000,5609.00000000,75.26262700,2017-10-19 19:59:59.999,424354.78920801,395,41.16116800,232499.22352542,0
2017-10-19 20:00:00,5608.99000000,5694.00000000,5600.03000000,5693.92000000,74.06727700,2017-10-19 20:59:59.999,419103.62359399,482,41.79551700,236910.53702434,0
2017-10-19 21:00:00,5681.03000000,5693.88000000,5670.01000000,5687.99000000,78.99553500,2017-10-19 21:59:59.999,448817.98323863,480,33.15057500,188569.85666723,0
2017-10-19 22:00:00,5681.03000000,5688.00000000,5661.89000000,5668.21000000,99.53897400,2017-10-19 22:59:59.999,564818.47533461,454,34.85883100,198196.98636786,0
2017-10-19 23:00:00,5687.98000000,5688.00000000,5665.01000000,5683.90000000,97.07189100,2017-10-19 23:59:59.999,550986.33732257,475,49.28687200,280229.79482236,0
2017-10-20 00:00:00,5683.31000000,5688.00000000,5665.06000000,5685.02000000,66.61597400,2017-10-20 00:59:59.999,378345.47348114,397,29.53257400,167867.10461200,0
2017-10-20 01:00:00,5685.03000000,5688.00000000,5655.03000000,5663.97000000,60.07149800,2017-10-20 01:59:59.999,341343.72003817,432,27.25833900,154946.11443622,0
2017-10-20 02:00:00,5664.99000000,5686.98000000,5632.01000000,5661.58000000,43.57859700,2017-10-20 02:59:59.999,246967.72318295,338,23.99845900,136164.96545577,0
2017-10-20 03:00:00,5679.55000000,5679.56000000,5640.01000000,5669.08000000,55.82113300,2017-10-20 03:59:59.999,316115.18613950,254,26.21199200,148679.92678804,0
2017-10-20 04:00:00,5669.08000000,5697.99000000,5668.99000000,5697.79000000,43.48943200,2017-10-20 04:59:59.999,246805.28044002,290,12.88026500,73159.35015796,0
2017-10-20 05:00:00,5697.79000000,5697.79000000,5661.00000000,5664.98000000,64.41090600,2017-10-20 05:59:59.999,365445.18214506,496,41.74103800,236961.51375320,0
2017-10-20 06:00:00,5664.97000000,5689.99000000,5600.00000000,5610.01000000,41.14635500,2017-10-20 06:59:59.999,232224.36085297,542,19.71995700,111374.06974557,0
2017-10-20 07:00:00,5623.98000000,5662.30000000,5610.02000000,5639.95000000,60.16230900,2017-10-20 07:59:59.999,338601.60711525,402,33.20974600,186959.81007654,0
2017-10-20 08:00:00,5639.96000000,5669.99000000,5611.32000000,5630.08000000,78.82777200,2017-10-20 08:59:59.999,444281.97353106,407,41.18697200,232519.62313269,0
2017-10-20 09:00:00,5615.14000000,5668.03000000,5615.13000000,5640.12000000,78.29066300,2017-10-20 09:59:59.999,441655.14745564,457,11.13159100,63050.22513314,0
2017-10-20 10:00:00,5667.97000000,5675.62000000,5640.02000000,5667.95000000,86.60781500,2017-10-20 10:59:59.999,489637.70021259,497,38.55935400,218340.05922669,0
2017-10-20 11:00:00,5667.96000000,5679.99000000,5640.59000000,5662.75000000,46.58697500,2017-10-20 11:59:59.999,263654.07346714,518,38.68513300,219053.50053831,0
2017-10-20 12:00:00,5662.75000000,5662.97000000,5640.00000000,5660.93000000,66.45588500,2017-10-20 12:59:59.999,376135.20542285,424,63.85604600,361438.72227413,0
2017-10-20 13:00:00,5660.92000000,5680.00000000,5602.86000000,5620.06000000,62.07942500,2017-10-20 13:59:59.999,351010.35889531,400,33.21331200,188020.38866056,0
2017-10-20 14:00:00,5630.02000000,5916.62000000,5630.02000000,5915.98000000,115.45690900,2017-10-20 14:59:59.999,672715.63436523,903,63.11060800,366407.91554471,0
2017-10-20 15:00:00,5905.01000000,5995.00000000,5862.44000000,5889.99000000,194.34007000,2017-10-20 15:59:59.999,1156037.80342403,1098,71.92546000,427971.32724291,0
2017-10-20 16:00:00,5889.99000000,5955.08000000,5878.03000000,5955.02000000,98.36502800,2017-10-20 16:59:59.999,583600.26436727,569,48.48092800,287523.27652529,0
2017-10-20 17:00:00,5950.02000000,5964.99000000,5880.07000000,5944.52000000,118.78658500,2017-10-20 17:59:59.999,704549.26161039,396,33.80519000,200798.29133111,0
2017-10-20 18:00:00,5944.46000000,5955.00000000,5928.05000000,5945.01000000,117.40703200,2017-10-20 18:59:59.999,697619.87497964,435,6.89002100,40965.26600083,0
2017-10-20 19:00:00,5945.01000000,6060.54000000,5941.23000000,6060.54000000,163.95744800,2017-10-20 19:59:59.999,978541.04275661,639,58.64266200,351064.56220101,0
2017-10-20 20:00:00,6060.91000000,6110.00000000,5937.01000000,5941.16000000,102.25985900,2017-10-20 20:59:59.999,616879.78009383,730,45.41941200,273918.00073049,0
2017-10-20 21:00:00,5954.00000000,5980.00000000,5941.01000000,5960.94000000,72.82998100,2017-10-20 21:59:59.999,433904.46652368,444,18.85716300,112488.13699023,0
2017-10-20 22:00:00,5957.13000000,5999.00000000,5951.04000000,5995.90000000,63.48580200,2017-10-20 22:59:59.999,378683.10470619,260,22.39664300,133698.54831695,0
2017-10-20 23:00:00,5970.20000000,6048.99000000,5970.20000000,6010.01000000,71.94376700,2017-10-20 23:59:59.999,431797.96360008,328,22.32459200,134311.73930927,0
2017-10-21 00:00:00,6013.72000000,6013.82000000,5960.00000000,5982.80000000,48.27011000,2017-10-21 00:59:59.999,288661.94254855,389,27.10957800,162235.45403826,0
2017-10-21 01:00:00,5982.78000000,6100.00000000,5962.01000000,6065.00000000,70.55561100,2017-10-21 01:59:59.999,425606.40567973,437,38.52564600,232272.56134185,0
2017-10-21 02:00:00,6064.99000000,6096.00000000,6060.00000000,6092.76000000,68.60584800,2017-10-21 02:59:59.999,416793.12483376,477,23.67495600,143929.92014210,0
2017-10-21 03:00:00,6092.75000000,6124.30000000,6074.78000000,6110.01000000,84.81699700,2017-10-21 03:59:59.999,517102.62107048,504,37.09448500,226352.18727050,0
2017-10-21 04:00:00,6110.02000000,6167.99000000,6000.00000000,6043.85000000,90.85425500,2017-10-21 04:59:59.999,553428.59167996,650,33.71902100,206114.36865248,0
2017-10-21 05:00:00,6043.80000000,6089.95000000,6015.05000000,6062.95000000,75.03349400,2017-10-21 05:59:59.999,453646.54632699,467,38.78885200,234729.18057400,0
2017-10-21 06:00:00,6062.94000000,6124.02000000,6046.09000000,6088.96000000,63.00107000,2017-10-21 06:59:59.999,383759.18258593,314,35.97278300,219159.19413879,0
2017-10-21 07:00:00,6094.58000000,6104.96000000,6075.81000000,6091.92000000,100.53086000,2017-10-21 07:59:59.999,611992.59338347,518,59.88572800,364573.71071153,0
2017-10-21 08:00:00,6091.92000000,6113.89000000,6075.81000000,6097.99000000,74.11023800,2017-10-21 08:59:59.999,451559.19771270,432,44.24503800,269684.29686960,0
2017-10-21 09:00:00,6097.96000000,6097.97000000,6072.06000000,6082.06000000,54.34812400,2017-10-21 09:59:59.999,331050.01260642,385,42.90557000,261488.75369688,0
2017-10-21 10:00:00,6083.02000000,6114.00000000,6081.02000000,6098.02000000,88.58178400,2017-10-21 10:59:59.999,540178.24301444,447,59.08644000,360412.65631806,0
2017-10-21 11:00:00,6098.02000000,6118.99000000,6098.01000000,6116.98000000,57.90626600,2017-10-21 11:59:59.999,353559.58692439,432,32.59572000,199114.99012877,0
2017-10-21 12:00:00,6116.98000000,6149.49000000,6075.39000000,6095.01000000,72.82155500,2017-10-21 12:59:59.999,445954.28395428,443,46.78175800,286618.20694600,0
2017-10-21 13:00:00,6095.02000000,6116.97000000,6090.02000000,6109.94000000,48.17780500,2017-10-21 13:59:59.999,294055.44895753,393,17.57134200,107360.92243887,0
2017-10-21 14:00:00,6099.98000000,6171.00000000,6099.03000000,6124.01000000,87.66266900,2017-10-21 14:59:59.999,537746.92419903,413,25.52788500,156529.51584373,0
2017-10-21 15:00:00,6124.02000000,6170.05000000,6107.67000000,6149.99000000,47.75596100,2017-10-21 15:59:59.999,293296.47483838,358,10.24155700,63117.24929949,0
2017-10-21 16:00:00,6149.99000000,6169.04000000,6120.52000000,6120.53000000,72.72003200,2017-10-21 16:59:59.999,446681.43629584,376,30.33836100,186735.93133155,0
2017-10-21 17:00:00,6120.53000000,6120.88000000,5850.03000000,5980.02000000,106.48054400,2017-10-21 17:59:59.999,638387.60912751,734,34.00351200,203768.82175008,0
2017-10-21 18:00:00,5981.02000000,6060.00000000,5970.02000000,6041.05000000,27.16673000,2017-10-21 18:59:59.999,163377.27115483,376,13.64314500,82082.07532097,0
2017-10-21 19:00:00,6044.00000000,6045.05000000,6010.06000000,6024.07000000,74.94244600,2017-10-21 19:59:59.999,452178.38971678,224,15.14340400,91531.49511982,0
2017-10-21 20:00:00,6024.09000000,6110.00000000,6024.09000000,6093.93000000,81.91994100,2017-10-21 20:59:59.999,497509.76425372,352,43.38850600,264349.15361215,0
2017-10-21 21:00:00,6093.93000000,6093.93000000,6030.09000000,6060.00000000,67.43105700,2017-10-21 21:59:59.999,410049.70635372,361,28.40929200,173039.51671671,0
2017-10-21 22:00:00,6060.00000000,6089.94000000,6030.02000000,6088.99000000,42.41300100,2017-10-21 22:59:59.999,257084.39072910,299,26.42655800,160257.36629050,0
2017-10-21 23:00:00,6045.04000000,6083.24000000,5994.00000000,6024.97000000,58.20129500,2017-10-21 23:59:59.999,351161.69231597,401,30.94343800,187094.56149815,0
2017-10-22 00:00:00,6003.27000000,6060.00000000,6003.27000000,6050.59000000,46.70654200,2017-10-22 00:59:59.999,281676.82574304,314,16.43647000,99253.20430773,0
2017-10-22 01:00:00,6050.71000000,6060.00000000,6030.01000000,6038.00000000,48.57924500,2017-10-22 01:59:59.999,293489.58076696,321,6.27610900,37935.23827886,0
2017-10-22 02:00:00,6030.53000000,6030.53000000,5911.02000000,5912.03000000,46.72979800,2017-10-22 02:59:59.999,279329.71280472,431,24.00494900,143366.58583156,0
2017-10-22 03:00:00,5912.06000000,6018.18000000,5912.04000000,5950.24000000,51.64515700,2017-10-22 03:59:59.999,307083.78368395,466,12.36465900,73654.96326183,0
2017-10-22 04:00:00,5950.18000000,5954.51000000,5770.00000000,5780.11000000,95.15564300,2017-10-22 04:59:59.999,556714.32614341,649,34.21631700,200652.16080050,0
2017-10-22 05:00:00,5780.11000000,5897.98000000,5771.01000000,5884.97000000,67.04199800,2017-10-22 05:59:59.999,391329.33355358,487,42.03890200,245430.97496527,0
2017-10-22 06:00:00,5879.98000000,5879.98000000,5800.00000000,5879.71000000,70.23171700,2017-10-22 06:59:59.999,409348.73353708,295,23.11571000,135112.87620673,0
2017-10-22 07:00:00,5871.03000000,5937.89000000,5866.03000000,5907.11000000,90.95783600,2017-10-22 07:59:59.999,536527.90755206,339,42.58513800,251424.44016642,0
2017-10-22 08:00:00,5907.13000000,5924.97000000,5870.01000000,5910.40000000,47.80964400,2017-10-22 08:59:59.999,282239.11835415,366,11.92047100,70405.55815455,0
2017-10-22 09:00:00,5910.40000000,5917.98000000,5800.03000000,5800.12000000,58.89125900,2017-10-22 09:59:59.999,345134.36705075,340,12.21497300,71554.50604658,0
2017-10-22 10:00:00,5800.17000000,5850.00000000,5751.00000000,5799.98000000,67.03863100,2017-10-22 10:59:59.999,389880.69330701,374,24.80218100,144407.58101378,0
2017-10-22 11:00:00,5794.98000000,5819.99000000,5720.03000000,5819.98000000,63.91990900,2017-10-22 11:59:59.999,369104.41066007,520,35.51429300,205210.81104850,0
2017-10-22 12:00:00,5819.98000000,5874.50000000,5770.04000000,5800.00000000,57.22490600,2017-10-22 12:59:59.999,333716.49134477,488,34.42964200,200978.99469193,0
2017-10-22 13:00:00,5800.02000000,5874.38000000,5800.02000000,5873.18000000,85.66076500,2017-10-22 13:59:59.999,500195.66146209,394,23.78768900,139207.43960569,0
2017-10-22 14:00:00,5873.18000000,5998.99000000,5850.01000000,5965.05000000,73.07854500,2017-10-22 14:59:59.999,433034.83165066,355,36.18483500,214311.66590171,0
2017-10-22 15:00:00,5965.05000000,6000.00000000,5940.00000000,5970.27000000,71.50051300,2017-10-22 15:59:59.999,427105.71778507,404,23.94481100,143426.96069589,0
2017-10-22 16:00:00,5970.30000000,6000.00000000,5940.01000000,5950.89000000,70.57715200,2017-10-22 16:59:59.999,420693.87535444,364,46.44315500,277133.84765941,0
2017-10-22 17:00:00,5950.99000000,5989.97000000,5941.90000000,5989.84000000,51.86864100,2017-10-22 17:59:59.999,309295.16801592,281,11.47465500,68351.34307164,0
2017-10-22 18:00:00,5989.73000000,5989.79000000,5890.02000000,5890.02000000,28.20804900,2017-10-22 18:59:59.999,167978.59746294,234,18.21841100,108682.21437631,0
2017-10-22 19:00:00,5938.79000000,5938.79000000,5832.07000000,5866.99000000,20.05373200,2017-10-22 19:59:59.999,117549.86168441,251,10.03753300,58921.95685104,0
2017-10-22 20:00:00,5879.03000000,5920.71000000,5835.15000000,5860.79000000,18.84457100,2017-10-22 20:59:59.999,110896.44470165,283,9.49233300,55949.25843360,0
2017-10-22 21:00:00,5857.98000000,5909.91000000,5833.38000000,5898.97000000,32.33272000,2017-10-22 21:59:59.999,190339.76481965,182,26.62231200,156848.14801756,0
2017-10-22 22:00:00,5898.97000000,5984.95000000,5867.40000000,5940.03000000,61.10350900,2017-10-22 22:59:59.999,362269.68277238,389,12.87994800,76026.87370205,0
2017-10-22 23:00:00,5940.03000000,6000.00000000,5939.95000000,5950.02000000,36.93173400,2017-10-22 23:59:59.999,220480.48314553,319,20.06684600,119865.65122620,0
2017-10-23 00:00:00,5975.00000000,5975.00000000,5940.00000000,5945.01000000,55.48520800,2017-10-23 00:59:59.999,329734.74466386,337,2.35971700,14083.46865072,0
2017-10-23 01:00:00,5945.03000000,6000.02000000,5945.01000000,6000.01000000,89.53701400,2017-10-23 01:59:59.999,534143.62158597,471,11.71905900,70178.69473877,0
2017-10-23 02:00:00,6000.02000000,6000.02000000,5970.01000000,5989.97000000,65.58667100,2017-10-23 02:59:59.999,392535.94133765,401,24.05950300,144284.80433925,0
2017-10-23 03:00:00,5988.99000000,5989.98000000,5912.00000000,5950.25000000,51.71200200,2017-10-23 03:59:59.999,308065.47955723,449,30.82794800,183923.18623287,0
2017-10-23 04:00:00,5950.25000000,5983.02000000,5950.25000000,5967.26000000,44.16132700,2017-10-23 04:59:59.999,263034.59783512,473,5.13088100,30594.04277006,0
2017-10-23 05:00:00,5967.27000000,6080.00000000,5930.39000000,5960.03000000,61.80760900,2017-10-23 05:59:59.999,371073.76342697,615,34.07728600,204908.20149697,0
2017-10-23 06:00:00,5960.03000000,5960.04000000,5866.95000000,5909.60000000,39.72281700,2017-10-23 06:59:59.999,235485.05658529,453,21.26176700,126235.10759158,0
2017-10-23 07:00:00,5908.88000000,5940.00000000,5860.01000000,5865.05000000,57.51088500,2017-10-23 07:59:59.999,338922.67310553,375,22.90410400,135089.59682520,0
2017-10-23 08:00:00,5865.03000000,5899.97000000,5803.00000000,5815.01000000,95.49084500,2017-10-23 08:59:59.999,558287.66152803,589,26.60365900,155309.16320298,0
2017-10-23 09:00:00,5815.01000000,5849.93000000,5787.98000000,5839.98000000,74.05281900,2017-10-23 09:59:59.999,430831.32492329,498,48.50414300,282556.40794464,0
2017-10-23 10:00:00,5839.98000000,5880.00000000,5830.03000000,5879.97000000,103.54684400,2017-10-23 10:59:59.999,606525.38543997,436,40.02944600,234442.17119177,0
2017-10-23 11:00:00,5879.97000000,5909.84000000,5848.73000000,5881.99000000,72.80517700,2017-10-23 11:59:59.999,427213.12069107,349,14.91404000,87710.48698412,0
2017-10-23 12:00:00,5881.98000000,5881.99000000,5735.20000000,5767.03000000,86.58722400,2017-10-23 12:59:59.999,503138.04634144,478,28.52301900,165521.49765643,0
2017-10-23 13:00:00,5817.92000000,5817.92000000,5650.00000000,5710.00000000,174.23135800,2017-10-23 13:59:59.999,995096.55965893,765,77.45639900,443407.37452272,0
2017-10-23 14:00:00,5685.34000000,5754.55000000,5621.03000000,5686.88000000,84.06827600,2017-10-23 14:59:59.999,480181.13633785,513,40.58686600,232373.43413669,0
2017-10-23 15:00:00,5686.85000000,5820.12000000,5650.02000000,5762.04000000,82.15345400,2017-10-23 15:59:59.999,472451.92252897,437,46.15050000,265720.36755593,0
2017-10-23 16:00:00,5762.07000000,5838.06000000,5717.01000000,5838.05000000,86.71764600,2017-10-23 16:59:59.999,498970.25144079,545,33.51321900,192849.00529778,0
2017-10-23 17:00:00,5838.04000000,5878.00000000,5820.10000000,5825.96000000,79.48402200,2017-10-23 17:59:59.999,463840.10213667,349,39.16277900,228599.48599854,0
2017-10-23 18:00:00,5825.97000000,5867.34000000,5744.68000000,5813.87000000,54.09400000,2017-10-23 18:59:59.999,314753.45996287,323,16.13656500,93825.46369756,0
2017-10-23 19:00:00,5813.99000000,5930.20000000,5787.23000000,5880.82000000,52.45386600,2017-10-23 19:59:59.999,306483.75191118,313,36.48068600,213075.09551867,0
2017-10-23 20:00:00,5880.83000000,5969.98000000,5880.04000000,5910.00000000,48.40863300,2017-10-23 20:59:59.999,287066.89402110,291,24.35570700,144575.82785480,0
2017-10-23 21:00:00,5909.97000000,5929.93000000,5854.51000000,5870.70000000,64.49752100,2017-10-23 21:59:59.999,380104.34120063,346,33.57967500,198361.23045214,0
2017-10-23 22:00:00,5870.70000000,5917.58000000,5787.24000000,5878.97000000,108.94782400,2017-10-23 22:59:59.999,639521.85365169,412,25.41988200,149517.34651940,0
2017-10-23 23:00:00,5909.98000000,5924.98000000,5857.79000000,5915.93000000,79.49467300,2017-10-23 23:59:59.999,469729.29085485,518,50.03422900,295830.21284274,0
2017-10-24 00:00:00,5909.47000000,5917.25000000,5800.01000000,5842.03000000,100.92976400,2017-10-24 00:59:59.999,589560.60832164,452,14.09020000,82848.92552962,0
2017-10-24 01:00:00,5842.05000000,5925.00000000,5556.01000000,5600.01000000,309.88821800,2017-10-24 01:59:59.999,1761947.98046663,1195,136.03209200,772639.63595846,0
2017-10-24 02:00:00,5600.04000000,5669.96000000,5482.22000000,5612.50000000,203.70108100,2017-10-24 02:59:59.999,1138021.05382136,1047,99.72953600,557199.18690943,0
2017-10-24 03:00:00,5612.49000000,5679.97000000,5600.00000000,5625.03000000,116.70922600,2017-10-24 03:59:59.999,659136.48959520,494,36.56363200,206588.86833007,0
2017-10-24 04:00:00,5630.00000000,5639.00000000,5537.10000000,5602.22000000,147.99916800,2017-10-24 04:59:59.999,831076.31152704,497,61.26405200,344458.10140325,0
2017-10-24 05:00:00,5543.07000000,5719.99000000,5543.00000000,5700.00000000,109.44112700,2017-10-24 05:59:59.999,618142.48348614,464,62.30676800,352229.60867828,0
2017-10-24 06:00:00,5701.01000000,5748.98000000,5670.02000000,5694.97000000,80.04385900,2017-10-24 06:59:59.999,457214.81934845,469,38.48964700,219940.35544955,0
2017-10-24 07:00:00,5684.01000000,5730.00000000,5670.04000000,5721.83000000,102.47509800,2017-10-24 07:59:59.999,584119.11877722,494,28.86899400,164518.32347828,0
2017-10-24 08:00:00,5721.83000000,5740.97000000,5656.22000000,5658.12000000,94.51818800,2017-10-24 08:59:59.999,538641.55251020,484,40.31301700,229317.67275222,0
2017-10-24 09:00:00,5689.98000000,5712.99000000,5601.01000000,5633.06000000,87.44607500,2017-10-24 09:59:59.999,494099.35437609,568,24.31656500,137414.39136701,0
2017-10-24 10:00:00,5633.04000000,5690.00000000,5633.04000000,5675.00000000,77.01004300,2017-10-24 10:59:59.999,435094.95125559,450,45.78207700,258863.03551628,0
2017-10-24 11:00:00,5675.02000000,5690.00000000,5652.00000000,5676.04000000,69.61205400,2017-10-24 11:59:59.999,394832.01997602,402,38.42689300,218140.56445027,0
2017-10-24 12:00:00,5680.00000000,5697.97000000,5600.00000000,5629.00000000,83.78591800,2017-10-24 12:59:59.999,472473.75747602,500,45.80924200,258564.41836162,0
2017-10-24 13:00:00,5628.99000000,5657.99000000,5563.11000000,5613.07000000,94.47026500,2017-10-24 13:59:59.999,530546.94817206,534,50.65241000,284766.31189300,0
2017-10-24 14:00:00,5615.06000000,5640.98000000,5601.92000000,5615.92000000,71.63898900,2017-10-24 14:59:59.999,402647.74277024,457,53.81216000,302574.20168857,0
2017-10-24 15:00:00,5615.92000000,5653.99000000,5603.26000000,5637.96000000,127.29970600,2017-10-24 15:59:59.999,716288.92044838,491,25.86348700,145725.95534079,0
2017-10-24 16:00:00,5635.02000000,5719.03000000,5635.01000000,5719.02000000,111.34022400,2017-10-24 16:59:59.999,633001.60674185,488,34.63170400,196858.65751896,0
2017-10-24 17:00:00,5703.07000000,5719.02000000,5661.00000000,5670.47000000,75.16037900,2017-10-24 17:59:59.999,427948.86087748,558,42.81445400,243926.71594796,0
2017-10-24 18:00:00,5689.90000000,5689.93000000,5670.45000000,5679.95000000,61.25711300,2017-10-24 18:59:59.999,348183.91801289,280,40.39809300,229728.34948865,0
2017-10-24 19:00:00,5670.46000000,5679.98000000,5633.99000000,5635.07000000,85.72360000,2017-10-24 19:59:59.999,484657.66067228,402,67.89732100,384077.61985871,0
2017-10-24 20:00:00,5635.07000000,5650.00000000,5567.02000000,5567.12000000,102.15132500,2017-10-24 20:59:59.999,572915.89032833,578,45.96880000,257442.20903892,0
2017-10-24 21:00:00,5567.04000000,5603.01000000,5450.00000000,5450.02000000,105.99890200,2017-10-24 21:59:59.999,585212.42381881,759,37.88910100,209010.08331330,0
2017-10-24 22:00:00,5479.98000000,5523.97000000,5450.00000000,5488.92000000,76.12986600,2017-10-24 22:59:59.999,418094.39336962,623,35.15692300,193098.79669770,0
2017-10-24 23:00:00,5488.92000000,5523.94000000,5455.10000000,5477.03000000,85.68857900,2017-10-24 23:59:59.999,470636.98441078,389,21.74894900,119576.23217682,0
2017-10-25 00:00:00,5506.92000000,5513.00000000,5459.08000000,5476.14000000,71.76339700,2017-10-25 00:59:59.999,394593.27480250,336,25.12269100,138282.36415294,0
2017-10-25 01:00:00,5476.16000000,5486.99000000,5340.00000000,5367.34000000,96.17472000,2017-10-25 01:59:59.999,519408.76775197,598,33.49670900,180804.45087943,0
2017-10-25 02:00:00,5364.98000000,5420.99000000,5289.11000000,5299.00000000,169.17958700,2017-10-25 02:59:59.999,904546.95820899,670,67.47047500,361748.98440276,0
2017-10-25 03:00:00,5298.98000000,5527.00000000,5286.98000000,5515.96000000,158.29432000,2017-10-25 03:59:59.999,858538.06034346,824,76.25344000,414007.48952062,0
2017-10-25 04:00:00,5515.93000000,5526.99000000,5445.02000000,5496.38000000,86.53975000,2017-10-25 04:59:59.999,475397.87781050,525,41.27649300,227037.06384385,0
2017-10-25 05:00:00,5496.38000000,5499.97000000,5427.72000000,5435.47000000,109.82708800,2017-10-25 05:59:59.999,598396.15596721,423,66.64689100,363575.95388705,0
2017-10-25 06:00:00,5435.47000000,5478.99000000,5418.98000000,5469.94000000,85.50297100,2017-10-25 06:59:59.999,465415.34118738,548,32.07516800,174815.21617418,0
2017-10-25 07:00:00,5460.02000000,5550.00000000,5460.01000000,5541.51000000,94.94020700,2017-10-25 07:59:59.999,522701.18799951,546,35.75120100,196771.78831289,0
2017-10-25 08:00:00,5532.02000000,5650.00000000,5532.01000000,5593.18000000,102.39019800,2017-10-25 08:59:59.999,572347.87110910,675,62.00383000,347336.03714271,0
2017-10-25 09:00:00,5591.21000000,5598.00000000,5559.69000000,5593.04000000,80.02071500,2017-10-25 09:59:59.999,447016.19723335,420,53.13786800,296970.89953245,0
2017-10-25 10:00:00,5593.04000000,5597.00000000,5482.00000000,5500.02000000,146.38732600,2017-10-25 10:59:59.999,809769.58124050,544,59.50968300,330369.08660397,0
2017-10-25 11:00:00,5500.01000000,5517.99000000,5440.06000000,5469.98000000,96.09774000,2017-10-25 11:59:59.999,525126.36284024,622,32.56098200,177996.49548893,0
2017-10-25 12:00:00,5469.99000000,5479.97000000,5375.00000000,5434.02000000,107.73356300,2017-10-25 12:59:59.999,584377.01751849,484,57.68372100,313361.64643522,0
2017-10-25 13:00:00,5434.03000000,5500.01000000,5434.01000000,5462.22000000,72.58147100,2017-10-25 13:59:59.999,396893.16291586,403,15.39292400,84398.21027162,0
2017-10-25 14:00:00,5465.02000000,5500.00000000,5457.02000000,5474.96000000,72.14487700,2017-10-25 14:59:59.999,395035.65006911,308,41.28655900,226389.15180537,0
2017-10-25 15:00:00,5474.97000000,5474.97000000,5400.00000000,5456.11000000,78.35612200,2017-10-25 15:59:59.999,426537.49118019,452,55.80146300,303959.44365983,0
2017-10-25 16:00:00,5430.22000000,5517.94000000,5430.00000000,5480.01000000,52.91277900,2017-10-25 16:59:59.999,290562.98894969,450,35.06129900,192726.03220060,0
2017-10-25 17:00:00,5480.01000000,5514.82000000,5443.32000000,5496.00000000,98.63024200,2017-10-25 17:59:59.999,541825.33618823,402,47.49423700,260791.62732717,0
2017-10-25 18:00:00,5494.98000000,5518.00000000,5494.98000000,5517.99000000,75.14555400,2017-10-25 18:59:59.999,413642.44412895,341,52.55061600,289300.76138812,0
2017-10-25 19:00:00,5516.99000000,5588.00000000,5497.01000000,5580.07000000,99.77755500,2017-10-25 19:59:59.999,549716.43736846,422,32.84265400,181309.69674787,0
2017-10-25 20:00:00,5580.09000000,5649.51000000,5569.03000000,5609.00000000,57.44062000,2017-10-25 20:59:59.999,321526.90564512,528,23.82781100,133674.30694413,0
2017-10-25 21:00:00,5609.00000000,5684.32000000,5590.02000000,5610.58000000,58.53162100,2017-10-25 21:59:59.999,329713.94478547,585,34.25900600,193513.39782648,0
2017-10-25 22:00:00,5615.03000000,5649.98000000,5615.01000000,5644.97000000,98.53891300,2017-10-25 22:59:59.999,554589.72783363,404,40.38568300,227634.42417623,0
2017-10-25 23:00:00,5644.97000000,5704.96000000,5619.94000000,5689.99000000,113.90186900,2017-10-25 23:59:59.999,647169.14846410,516,80.19992200,456056.67292290,0
2017-10-26 00:00:00,5670.10000000,5715.50000000,5670.00000000,5704.00000000,73.51185700,2017-10-26 00:59:59.999,418089.59186891,536,22.11683800,125907.09795306,0
2017-10-26 01:00:00,5703.99000000,5711.72000000,5670.00000000,5680.01000000,94.19215800,2017-10-26 01:59:59.999,536956.94531648,462,38.77737200,221173.53678806,0
2017-10-26 02:00:00,5680.01000000,5694.91000000,5670.00000000,5682.65000000,88.46733100,2017-10-26 02:59:59.999,501934.68030186,531,11.29295200,64129.88564074,0
2017-10-26 03:00:00,5682.66000000,5734.99000000,5670.00000000,5719.99000000,117.45956000,2017-10-26 03:59:59.999,668265.06307067,564,40.47984500,230803.67485601,0
2017-10-26 04:00:00,5719.99000000,5733.86000000,5681.89000000,5713.08000000,68.39254900,2017-10-26 04:59:59.999,390332.46872501,477,16.62370600,95057.85139827,0
2017-10-26 05:00:00,5713.08000000,5735.02000000,5670.03000000,5699.99000000,91.45954300,2017-10-26 05:59:59.999,521736.81715827,520,21.40711700,122031.03517216,0
2017-10-26 06:00:00,5699.97000000,5700.00000000,5650.00000000,5690.02000000,87.80289000,2017-10-26 06:59:59.999,498580.68596264,504,58.99126000,335134.53227737,0
2017-10-26 07:00:00,5690.02000000,5706.00000000,5650.03000000,5669.13000000,69.63105600,2017-10-26 07:59:59.999,395387.87872442,428,32.13794400,182971.18953316,0
2017-10-26 08:00:00,5669.17000000,5714.99000000,5656.19000000,5713.98000000,135.64842200,2017-10-26 08:59:59.999,772321.40629177,485,36.20964600,206278.47333012,0
2017-10-26 09:00:00,5712.00000000,5730.00000000,5681.22000000,5714.05000000,69.78033300,2017-10-26 09:59:59.999,398201.18312534,435,33.51924700,191435.73473664,0
2017-10-26 10:00:00,5719.98000000,5740.99000000,5714.05000000,5740.97000000,48.96174000,2017-10-26 10:59:59.999,280552.64644597,434,25.39910400,145642.85611352,0
2017-10-26 11:00:00,5740.96000000,5853.99000000,5738.00000000,5853.99000000,73.18405100,2017-10-26 11:59:59.999,424461.62353279,587,31.55243200,182699.36509287,0
2017-10-26 12:00:00,5845.03000000,5919.96000000,5845.03000000,5904.99000000,110.85100400,2017-10-26 12:59:59.999,653192.98124578,714,64.41998400,379756.74920899,0
2017-10-26 13:00:00,5904.98000000,5939.99000000,5850.01000000,5854.06000000,117.70595900,2017-10-26 13:59:59.999,694321.55245688,649,33.84229900,199866.89062767,0
2017-10-26 14:00:00,5854.17000000,5900.01000000,5852.10000000,5889.86000000,87.87457600,2017-10-26 14:59:59.999,517134.73159771,523,58.48807700,344429.94997490,0
2017-10-26 15:00:00,5889.87000000,5920.00000000,5873.37000000,5918.99000000,87.21654100,2017-10-26 15:59:59.999,514876.03512024,439,56.14248600,331570.86509143,0
2017-10-26 16:00:00,5918.92000000,5930.00000000,5900.12000000,5917.05000000,96.92975800,2017-10-26 16:59:59.999,573216.40785625,445,34.27080600,202885.74603075,0
2017-10-26 17:00:00,5917.05000000,5929.89000000,5911.00000000,5928.97000000,70.30243900,2017-10-26 17:59:59.999,416106.76604596,342,29.86298500,176938.62839698,0
2017-10-26 18:00:00,5928.98000000,5938.58000000,5846.04000000,5855.61000000,65.21009100,2017-10-26 18:59:59.999,384633.76542936,456,32.97299800,194775.22478892,0
2017-10-26 19:00:00,5855.62000000,5868.01000000,5805.00000000,5834.38000000,49.28425400,2017-10-26 19:59:59.999,287472.75805292,395,23.52627900,137360.19854640,0
2017-10-26 20:00:00,5834.59000000,5868.17000000,5806.00000000,5810.00000000,71.60722200,2017-10-26 20:59:59.999,417823.63608181,404,14.90948200,87061.35005713,0
2017-10-26 21:00:00,5806.01000000,5837.76000000,5757.09000000,5765.01000000,59.70277000,2017-10-26 21:59:59.999,345602.42955364,355,21.09479000,122417.64284983,0
2017-10-26 22:00:00,5780.22000000,5912.01000000,5757.00000000,5854.37000000,72.25312300,2017-10-26 22:59:59.999,420690.27088027,444,26.24041400,153222.47629039,0
2017-10-26 23:00:00,5854.38000000,5905.00000000,5854.33000000,5861.77000000,65.53665500,2017-10-26 23:59:59.999,385234.31118066,300,15.46193400,91125.64711412,0
2017-10-27 00:00:00,5861.77000000,5973.19000000,5861.76000000,5973.19000000,72.33392900,2017-10-27 00:59:59.999,426843.98613381,299,34.62808600,204878.85252535,0
2017-10-27 01:00:00,5973.19000000,5980.00000000,5924.99000000,5942.97000000,26.58240600,2017-10-27 01:59:59.999,158350.13206050,307,8.51586900,50739.45219913,0
2017-10-27 02:00:00,5929.00000000,5958.71000000,5905.02000000,5920.08000000,67.93531900,2017-10-27 02:59:59.999,403319.46048093,410,47.74737600,283704.28656491,0
2017-10-27 03:00:00,5920.08000000,5920.08000000,5860.06000000,5905.00000000,91.05837900,2017-10-27 03:59:59.999,537475.83333482,439,48.88823800,288652.54781527,0
2017-10-27 04:00:00,5904.99000000,5924.96000000,5867.00000000,5892.11000000,44.08254900,2017-10-27 04:59:59.999,260245.38102052,309,22.61349900,133641.20761263,0
2017-10-27 05:00:00,5889.97000000,5889.97000000,5818.06000000,5842.24000000,67.40618100,2017-10-27 05:59:59.999,395112.04308145,367,11.38922300,66887.46941376,0
2017-10-27 06:00:00,5842.01000000,5842.01000000,5770.23000000,5836.99000000,43.86114700,2017-10-27 06:59:59.999,254874.64609365,448,18.34273000,106526.92170621,0
2017-10-27 07:00:00,5821.15000000,5878.93000000,5821.15000000,5874.49000000,63.29583400,2017-10-27 07:59:59.999,369955.98310940,331,17.00043900,99610.58583966,0
2017-10-27 08:00:00,5874.43000000,5876.79000000,5840.01000000,5868.00000000,92.12272300,2017-10-27 08:59:59.999,539764.58752543,438,58.85693700,344935.83897462,0
2017-10-27 09:00:00,5868.01000000,5928.97000000,5868.01000000,5888.99000000,66.77788400,2017-10-27 09:59:59.999,393744.83991097,269,26.97535700,159300.44303639,0
2017-10-27 10:00:00,5888.96000000,5928.97000000,5835.23000000,5839.88000000,32.00224600,2017-10-27 10:59:59.999,188595.42757739,176,13.27953400,78139.25646044,0
2017-10-27 11:00:00,5835.23000000,5847.94000000,5808.03000000,5843.18000000,63.10751400,2017-10-27 11:59:59.999,368019.13791089,356,44.09336000,257248.29134665,0
2017-10-27 12:00:00,5843.03000000,5843.04000000,5770.00000000,5790.00000000,40.59029900,2017-10-27 12:59:59.999,235519.12863875,317,22.04799400,128077.43269265,0
2017-10-27 13:00:00,5789.98000000,5789.99000000,5711.22000000,5740.01000000,65.24651300,2017-10-27 13:59:59.999,374912.39269195,420,19.46440300,111939.20721452,0
2017-10-27 14:00:00,5741.01000000,5800.85000000,5731.01000000,5751.96000000,40.97411400,2017-10-27 14:59:59.999,236123.05389625,351,16.28087300,93877.36384496,0
2017-10-27 15:00:00,5752.08000000,5779.99000000,5730.00000000,5771.01000000,69.19046200,2017-10-27 15:59:59.999,398054.01703986,304,16.38004100,94255.41544741,0
2017-10-27 16:00:00,5771.01000000,5812.03000000,5750.53000000,5793.79000000,29.23061400,2017-10-27 16:59:59.999,169064.52507614,194,10.74190100,62221.38276192,0
2017-10-27 17:00:00,5792.13000000,5792.13000000,5730.00000000,5754.97000000,83.26286900,2017-10-27 17:59:59.999,479894.04280661,414,12.06895200,69837.66350832,0
2017-10-27 18:00:00,5730.00000000,5749.80000000,5649.24000000,5709.95000000,95.72604400,2017-10-27 18:59:59.999,546230.47308434,491,28.98316600,165606.71502864,0
2017-10-27 19:00:00,5650.42000000,5789.61000000,5650.42000000,5740.00000000,31.28899100,2017-10-27 19:59:59.999,179674.85276542,377,21.81196300,125408.46961331,0
2017-10-27 20:00:00,5787.97000000,5787.98000000,5715.20000000,5720.15000000,51.84795000,2017-10-27 20:59:59.999,296962.56739593,292,16.28315200,93624.64728540,0
2017-10-27 21:00:00,5720.17000000,5788.86000000,5720.14000000,5769.60000000,55.19994800,2017-10-27 21:59:59.999,317669.02309291,290,15.66212900,90377.47169644,0
2017-10-27 22:00:00,5758.93000000,5759.00000000,5746.98000000,5754.86000000,52.09707500,2017-10-27 22:59:59.999,299889.05235822,374,40.33072800,232207.23260361,0
2017-10-27 23:00:00,5754.87000000,5789.45000000,5722.34000000,5768.83000000,58.48542600,2017-10-27 23:59:59.999,336775.14926417,332,51.70145900,297827.58957445,0
2017-10-28 00:00:00,5768.79000000,5839.96000000,5768.79000000,5822.32000000,44.43698900,2017-10-28 00:59:59.999,258434.93534587,398,28.90768800,168134.85968172,0
2017-10-28 01:00:00,5822.29000000,5850.02000000,5780.40000000,5819.91000000,27.89616100,2017-10-28 01:59:59.999,162617.02925340,319,14.03607300,81884.89548154,0
2017-10-28 02:00:00,5819.68000000,5819.72000000,5748.51000000,5748.52000000,69.70260600,2017-10-28 02:59:59.999,404071.00458513,412,15.95780700,92746.96605502,0
2017-10-28 03:00:00,5748.54000000,5772.01000000,5726.87000000,5726.92000000,54.47417600,2017-10-28 03:59:59.999,313208.09502598,338,9.75254500,56217.40902755,0
2017-10-28 04:00:00,5726.93000000,5770.73000000,5726.91000000,5739.95000000,27.75298900,2017-10-28 04:59:59.999,159305.01027826,220,13.94114700,80090.48567838,0
2017-10-28 05:00:00,5739.95000000,5799.96000000,5730.01000000,5789.58000000,49.17018400,2017-10-28 05:59:59.999,282609.44267303,330,17.79741500,102443.42837553,0
2017-10-28 06:00:00,5777.00000000,5799.63000000,5760.01000000,5779.98000000,21.50706700,2017-10-28 06:59:59.999,124171.99214766,172,14.78987400,85452.78681886,0
2017-10-28 07:00:00,5779.98000000,5790.09000000,5762.03000000,5781.01000000,43.49985900,2017-10-28 07:59:59.999,251110.42906714,308,9.01001500,52081.85073318,0
2017-10-28 08:00:00,5781.02000000,5790.10000000,5763.20000000,5771.96000000,44.31613200,2017-10-28 08:59:59.999,256128.13020315,428,9.82846800,56771.51858887,0
2017-10-28 09:00:00,5771.96000000,5790.09000000,5742.00000000,5767.94000000,47.57388300,2017-10-28 09:59:59.999,274326.04295552,471,20.31557700,117235.79015469,0
2017-10-28 10:00:00,5767.87000000,5767.87000000,5734.04000000,5734.04000000,33.09510600,2017-10-28 10:59:59.999,190587.36365026,297,20.03309600,115477.39018286,0
2017-10-28 11:00:00,5741.98000000,5741.98000000,5677.02000000,5680.28000000,72.71147600,2017-10-28 11:59:59.999,414207.98174129,481,28.56509200,162866.35058342,0
2017-10-28 12:00:00,5680.27000000,5718.16000000,5630.03000000,5689.99000000,52.56743900,2017-10-28 12:59:59.999,298108.71146063,454,10.59537100,60062.49301207,0
2017-10-28 13:00:00,5671.03000000,5713.42000000,5669.96000000,5712.97000000,59.97436200,2017-10-28 13:59:59.999,341273.68184918,257,32.04619900,182567.76685384,0
2017-10-28 14:00:00,5712.98000000,5718.01000000,5662.99000000,5669.98000000,127.91410800,2017-10-28 14:59:59.999,726374.34240172,380,71.43674000,405934.89079692,0
2017-10-28 15:00:00,5669.98000000,5669.98000000,5650.00000000,5669.97000000,48.64514100,2017-10-28 15:59:59.999,275577.99421548,301,33.98060500,192645.88163286,0
2017-10-28 16:00:00,5669.97000000,5699.98000000,5665.01000000,5694.99000000,50.90956100,2017-10-28 16:59:59.999,289124.16814922,347,15.63815800,88931.22824553,0
2017-10-28 17:00:00,5680.03000000,5708.98000000,5680.01000000,5700.37000000,67.11194500,2017-10-28 17:59:59.999,381962.87445950,401,29.00706800,165246.98316630,0
2017-10-28 18:00:00,5700.39000000,5726.87000000,5690.03000000,5725.68000000,68.13894100,2017-10-28 18:59:59.999,388835.52517513,454,6.75077400,38618.30945275,0
2017-10-28 19:00:00,5725.69000000,5733.03000000,5698.20000000,5726.02000000,67.90118800,2017-10-28 19:59:59.999,388864.56653231,409,42.97291300,246299.72483039,0
2017-10-28 20:00:00,5726.02000000,5733.03000000,5690.03000000,5707.69000000,22.57977700,2017-10-28 20:59:59.999,129101.29372332,249,8.46715100,48426.51936192,0
2017-10-28 21:00:00,5707.60000000,5729.00000000,5690.04000000,5701.17000000,80.78310800,2017-10-28 21:59:59.999,460373.47443940,429,23.33469600,133300.14447389,0
2017-10-28 22:00:00,5701.55000000,5728.97000000,5680.01000000,5724.91000000,50.57340700,2017-10-28 22:59:59.999,288849.23888639,346,20.94238600,119827.37064910,0
2017-10-28 23:00:00,5724.88000000,5733.02000000,5699.90000000,5719.64000000,43.51880700,2017-10-28 23:59:59.999,248852.69089287,355,24.33027000,139198.24445666,0
2017-10-29 00:00:00,5709.98000000,5719.65000000,5681.00000000,5698.67000000,37.47745400,2017-10-29 00:59:59.999,213560.76532553,265,33.04293900,188342.41105511,0
2017-10-29 01:00:00,5698.65000000,5699.00000000,5666.11000000,5670.42000000,40.01169300,2017-10-29 01:59:59.999,227522.86913687,329,22.34843400,127290.76649554,0
2017-10-29 02:00:00,5671.23000000,5700.00000000,5648.01000000,5689.97000000,64.80723800,2017-10-29 02:59:59.999,367136.55233448,259,43.50701600,246382.01455028,0
2017-10-29 03:00:00,5689.97000000,5719.65000000,5682.00000000,5715.01000000,54.42412600,2017-10-29 03:59:59.999,310479.48926352,346,28.99123100,165401.07976228,0
2017-10-29 04:00:00,5715.00000000,5766.99000000,5705.02000000,5744.97000000,52.63870900,2017-10-29 04:59:59.999,301718.40622958,316,33.45220200,191909.58183674,0
2017-10-29 05:00:00,5740.01000000,5759.89000000,5720.00000000,5747.93000000,43.06600200,2017-10-29 05:59:59.999,247459.08249513,407,40.73214500,234080.05886934,0
2017-10-29 06:00:00,5735.04000000,5766.99000000,5725.03000000,5766.99000000,96.88471800,2017-10-29 06:59:59.999,557273.47885159,387,35.94841300,206835.93617640,0
2017-10-29 07:00:00,5766.97000000,5815.84000000,5759.91000000,5799.99000000,63.48734600,2017-10-29 07:59:59.999,367837.70554168,521,23.28590900,134932.82497539,0
2017-10-29 08:00:00,5790.11000000,5800.00000000,5766.24000000,5770.28000000,56.56937600,2017-10-29 08:59:59.999,327851.77084561,484,30.97262000,179512.14799256,0
2017-10-29 09:00:00,5775.06000000,5790.00000000,5741.09000000,5755.18000000,38.25147200,2017-10-29 09:59:59.999,220587.86261047,212,10.34258000,59662.67310912,0
2017-10-29 10:00:00,5755.00000000,5787.88000000,5755.00000000,5760.82000000,75.04230200,2017-10-29 10:59:59.999,432714.70159056,285,42.38575000,244568.65816541,0
2017-10-29 11:00:00,5760.75000000,5800.00000000,5760.60000000,5784.97000000,60.83346000,2017-10-29 11:59:59.999,351551.88197732,335,43.44834400,251047.51285495,0
2017-10-29 12:00:00,5784.99000000,5795.00000000,5758.75000000,5758.75000000,61.92156800,2017-10-29 12:59:59.999,358285.63344629,515,42.55049000,246375.76578856,0
2017-10-29 13:00:00,5758.72000000,5790.00000000,5730.00000000,5790.00000000,88.03955500,2017-10-29 13:59:59.999,506529.49966902,508,37.94506700,218279.53910320,0
2017-10-29 14:00:00,5790.00000000,5800.00000000,5789.95000000,5790.04000000,112.21070100,2017-10-29 14:59:59.999,650173.12106719,537,60.03593700,347897.53269824,0
2017-10-29 15:00:00,5794.99000000,5988.00000000,5790.06000000,5949.01000000,117.00044800,2017-10-29 15:59:59.999,686096.89741870,730,69.30686200,407845.18066810,0
2017-10-29 16:00:00,5949.01000000,5970.00000000,5889.85000000,5934.10000000,85.34350800,2017-10-29 16:59:59.999,506561.12190998,542,48.92458100,290692.50702285,0
2017-10-29 17:00:00,5949.99000000,5960.71000000,5910.02000000,5925.00000000,52.97403400,2017-10-29 17:59:59.999,314278.94180066,306,30.31750300,180002.53920410,0
2017-10-29 18:00:00,5943.14000000,5975.44000000,5921.32000000,5960.02000000,62.68388700,2017-10-29 18:59:59.999,373271.75373301,257,37.94953300,225930.21163990,0
2017-10-29 19:00:00,5960.02000000,6085.00000000,5952.00000000,6085.00000000,123.96711900,2017-10-29 19:59:59.999,741871.81243756,640,37.24254900,223742.82967604,0
2017-10-29 20:00:00,6085.00000000,6189.88000000,6034.06000000,6153.05000000,127.26026300,2017-10-29 20:59:59.999,778744.43337737,860,72.24487300,442220.93296406,0
2017-10-29 21:00:00,6153.06000000,6179.99000000,6096.02000000,6132.59000000,83.02909800,2017-10-29 21:59:59.999,509171.65578268,551,49.58038700,304517.65988411,0
2017-10-29 22:00:00,6132.85000000,6169.99000000,6100.02000000,6128.00000000,118.97365700,2017-10-29 22:59:59.999,729167.23617023,433,33.75184400,207187.89851358,0
2017-10-29 23:00:00,6132.00000000,6189.87000000,6127.98000000,6169.98000000,87.88043900,2017-10-29 23:59:59.999,541120.95157665,626,45.86298700,282683.45006136,0
2017-10-30 00:00:00,6133.01000000,6145.92000000,6100.07000000,6100.83000000,87.04605900,2017-10-30 00:59:59.999,532011.54617726,494,24.15581300,147789.83835630,0
2017-10-30 01:00:00,6100.85000000,6144.02000000,6075.50000000,6144.00000000,122.34015300,2017-10-30 01:59:59.999,747190.05403055,571,34.69220900,211950.86002791,0
2017-10-30 02:00:00,6142.89000000,6143.00000000,6110.37000000,6112.02000000,51.47230900,2017-10-30 02:59:59.999,315209.66082756,422,29.64193300,181663.04081549,0
2017-10-30 03:00:00,6112.02000000,6159.99000000,6095.07000000,6155.88000000,72.24395200,2017-10-30 03:59:59.999,442047.90218491,341,27.94661700,171136.10683282,0
2017-10-30 04:00:00,6154.99000000,6172.00000000,6133.56000000,6158.98000000,32.21754400,2017-10-30 04:59:59.999,198203.03012930,292,20.60345300,126798.29199031,0
2017-10-30 05:00:00,6158.94000000,6159.99000000,6123.99000000,6137.99000000,46.79357800,2017-10-30 05:59:59.999,287536.01851304,399,32.88657700,202081.64385951,0
2017-10-30 06:00:00,6137.99000000,6145.00000000,6112.22000000,6121.01000000,57.64528400,2017-10-30 06:59:59.999,353417.70433234,387,25.65905000,157388.82709400,0
2017-10-30 07:00:00,6121.02000000,6160.00000000,6096.08000000,6116.19000000,67.75236300,2017-10-30 07:59:59.999,414398.82925824,608,17.30427000,105871.53419923,0
2017-10-30 08:00:00,6123.30000000,6149.94000000,6116.18000000,6137.94000000,23.78281500,2017-10-30 08:59:59.999,145742.34166784,210,9.57103900,58736.00331210,0
2017-10-30 09:00:00,6137.93000000,6180.02000000,6130.03000000,6150.06000000,66.53462500,2017-10-30 09:59:59.999,408802.25323291,388,23.36014100,143665.65198720,0
2017-10-30 10:00:00,6150.06000000,6229.01000000,6150.01000000,6203.98000000,137.98086400,2017-10-30 10:59:59.999,855463.78304614,654,51.93494300,321724.00601696,0
2017-10-30 11:00:00,6203.97000000,6248.68000000,6150.24000000,6181.98000000,49.37921800,2017-10-30 11:59:59.999,306745.14041246,387,25.80234200,160277.18206277,0
2017-10-30 12:00:00,6179.92000000,6198.98000000,6130.12000000,6147.08000000,72.87413900,2017-10-30 12:59:59.999,448794.84650656,357,34.33595900,211924.09573133,0
2017-10-30 13:00:00,6147.15000000,6180.13000000,6147.15000000,6161.10000000,62.14945500,2017-10-30 13:59:59.999,382971.43473966,280,17.49412400,107897.35013376,0
2017-10-30 14:00:00,6161.10000000,6179.70000000,6038.05000000,6060.00000000,99.70938400,2017-10-30 14:59:59.999,610531.57427124,416,23.60938500,144032.86179087,0
2017-10-30 15:00:00,6055.02000000,6119.49000000,6030.00000000,6070.98000000,45.99602900,2017-10-30 15:59:59.999,278478.62734992,438,24.18087100,146566.51242700,0
2017-10-30 16:00:00,6071.95000000,6109.95000000,6055.56000000,6065.06000000,65.56963100,2017-10-30 16:59:59.999,398050.50694945,319,9.52696700,57905.55270521,0
2017-10-30 17:00:00,6065.05000000,6099.00000000,6065.04000000,6099.00000000,70.80151800,2017-10-30 17:59:59.999,429969.50453155,332,19.59861600,119163.82841599,0
2017-10-30 18:00:00,6090.02000000,6146.86000000,6090.02000000,6102.01000000,42.15164300,2017-10-30 18:59:59.999,257773.62666644,333,6.94295900,42519.22776480,0
2017-10-30 19:00:00,6102.04000000,6124.98000000,6062.13000000,6111.58000000,47.12529900,2017-10-30 19:59:59.999,287283.57810111,276,9.79326800,59733.27485513,0
2017-10-30 20:00:00,6111.38000000,6124.44000000,6088.88000000,6116.16000000,14.36866700,2017-10-30 20:59:59.999,87741.87715994,142,13.34014000,81474.29484507,0
2017-10-30 21:00:00,6116.12000000,6116.98000000,6088.94000000,6104.88000000,41.17592200,2017-10-30 21:59:59.999,251563.89061142,240,22.34656900,136608.81332768,0
2017-10-30 22:00:00,6104.66000000,6115.98000000,6093.82000000,6110.05000000,38.23761800,2017-10-30 22:59:59.999,233633.54548810,384,35.64030500,217770.03415956,0
2017-10-30 23:00:00,6110.05000000,6135.04000000,6100.00000000,6120.50000000,58.33897400,2017-10-30 23:59:59.999,356658.01054705,357,27.76542000,169792.13600316,0
2017-10-31 00:00:00,6120.52000000,6165.96000000,6120.52000000,6165.84000000,27.13142500,2017-10-31 00:59:59.999,166454.18988125,244,5.02633800,30954.02906404,0
2017-10-31 01:00:00,6125.03000000,6172.18000000,6125.01000000,6146.06000000,20.39213100,2017-10-31 01:59:59.999,125259.44343488,143,7.35700900,45322.18332127,0
2017-10-31 02:00:00,6150.00000000,6170.02000000,6126.03000000,6133.19000000,40.13552500,2017-10-31 02:59:59.999,246652.85388149,307,8.00343000,49195.88715653,0
2017-10-31 03:00:00,6144.98000000,6150.00000000,6127.00000000,6139.88000000,58.81272600,2017-10-31 03:59:59.999,360790.27397804,365,26.38363400,161951.11158295,0
2017-10-31 04:00:00,6139.88000000,6172.00000000,6129.01000000,6154.98000000,42.50731500,2017-10-31 04:59:59.999,261325.44181269,324,27.28632800,167772.38528593,0
2017-10-31 05:00:00,6154.69000000,6164.99000000,6135.02000000,6158.01000000,51.11359800,2017-10-31 05:59:59.999,314691.81155961,293,22.70806600,139828.22733500,0
2017-10-31 06:00:00,6158.02000000,6172.18000000,6129.04000000,6129.06000000,33.85786700,2017-10-31 06:59:59.999,208200.33817660,475,10.91035300,67147.83073561,0
2017-10-31 07:00:00,6129.05000000,6139.90000000,6100.00000000,6117.94000000,37.02890200,2017-10-31 07:59:59.999,226650.27369746,320,11.50069600,70363.46671438,0
2017-10-31 08:00:00,6117.94000000,6144.96000000,6100.04000000,6129.79000000,41.36971400,2017-10-31 08:59:59.999,253067.66340687,399,21.37609600,130851.26127646,0
2017-10-31 09:00:00,6129.78000000,6168.00000000,6120.05000000,6160.02000000,58.33442200,2017-10-31 09:59:59.999,358273.40422439,455,35.87496300,220317.14599348,0
2017-10-31 10:00:00,6168.00000000,6189.98000000,6154.97000000,6170.28000000,59.98993900,2017-10-31 10:59:59.999,369587.35804854,684,15.01734400,92627.06275421,0
2017-10-31 11:00:00,6175.28000000,6223.33000000,6175.26000000,6223.33000000,58.72028300,2017-10-31 11:59:59.999,364298.93077869,602,33.66253700,208988.41124648,0
2017-10-31 12:00:00,6223.41000000,6237.99000000,6201.01000000,6214.97000000,63.53019100,2017-10-31 12:59:59.999,395382.13508928,752,32.13526200,200157.31679395,0
2017-10-31 13:00:00,6209.99000000,6330.00000000,6203.02000000,6329.04000000,120.00970800,2017-10-31 13:59:59.999,749916.54574669,565,60.06978400,376178.47875832,0
2017-10-31 14:00:00,6334.03000000,6420.00000000,6300.03000000,6371.00000000,121.34292300,2017-10-31 14:59:59.999,772655.24442421,1251,46.97233100,299373.74977941,0
2017-10-31 15:00:00,6369.99000000,6396.00000000,6340.01000000,6371.28000000,75.24800900,2017-10-31 15:59:59.999,479457.46614922,657,34.28717000,218493.00699922,0
2017-10-31 16:00:00,6371.28000000,6398.88000000,6352.72000000,6365.01000000,78.16109900,2017-10-31 16:59:59.999,498472.16679882,484,23.83706600,152151.81316622,0
2017-10-31 17:00:00,6376.96000000,6384.97000000,6325.52000000,6369.02000000,54.35765000,2017-10-31 17:59:59.999,345463.40256289,471,34.10047600,216863.72804071,0
2017-10-31 18:00:00,6369.02000000,6369.03000000,6340.00000000,6340.03000000,65.30451700,2017-10-31 18:59:59.999,414962.05373768,356,31.22645700,198722.60303215,0
2017-10-31 19:00:00,6340.03000000,6349.99000000,6319.69000000,6329.98000000,111.80019200,2017-10-31 19:59:59.999,707985.17527373,821,21.76459900,137773.23157800,0
2017-10-31 20:00:00,6329.98000000,6399.93000000,6322.31000000,6367.66000000,77.56230100,2017-10-31 20:59:59.999,492160.07108866,637,55.82081200,354075.74551687,0
2017-10-31 21:00:00,6367.66000000,6391.93000000,6360.45000000,6391.80000000,71.01742200,2017-10-31 21:59:59.999,452506.80271485,332,12.06453300,76972.55252965,0
2017-10-31 22:00:00,6391.93000000,6438.00000000,6362.13000000,6389.99000000,87.04272400,2017-10-31 22:59:59.999,557473.78553130,898,49.49316600,317017.81478834,0
2017-10-31 23:00:00,6389.98000000,6498.01000000,6363.12000000,6463.00000000,57.00434200,2017-10-31 23:59:59.999,365954.00810126,668,39.88511800,256045.82260025,0
2017-11-01 00:00:00,6463.00000000,6463.07000000,6375.05000000,6395.00000000,64.14589400,2017-11-01 00:59:59.999,411423.36955930,696,20.35245000,130642.36875141,0
2017-11-01 01:00:00,6395.01000000,6439.88000000,6388.04000000,6429.94000000,52.81529200,2017-11-01 01:59:59.999,339036.69520225,628,31.79291500,204192.23552213,0
2017-11-01 02:00:00,6429.88000000,6464.55000000,6418.00000000,6435.02000000,38.06369800,2017-11-01 02:59:59.999,244941.52106974,411,15.32724900,98700.79568969,0
2017-11-01 03:00:00,6435.01000000,6473.88000000,6435.01000000,6458.88000000,53.44027400,2017-11-01 03:59:59.999,344412.43283838,461,8.74054900,56409.20787856,0
2017-11-01 04:00:00,6439.05000000,6458.38000000,6360.00000000,6369.91000000,51.23636000,2017-11-01 04:59:59.999,328001.55661275,528,23.63810000,151251.75926120,0
2017-11-01 05:00:00,6360.02000000,6423.01000000,6338.02000000,6423.01000000,41.04735200,2017-11-01 05:59:59.999,261860.82891624,630,21.32681000,136062.93395318,0
2017-11-01 06:00:00,6422.80000000,6423.01000000,6386.01000000,6415.00000000,48.58162400,2017-11-01 06:59:59.999,311387.56623914,384,13.59512300,87155.46225854,0
2017-11-01 07:00:00,6414.82000000,6431.86000000,6391.11000000,6415.00000000,65.38036900,2017-11-01 07:59:59.999,419145.52110625,692,28.70190500,184177.81863903,0
2017-11-01 08:00:00,6414.99000000,6482.84000000,6410.01000000,6461.99000000,57.37701200,2017-11-01 08:59:59.999,370108.99891423,632,40.47024400,261083.16948616,0
2017-11-01 09:00:00,6461.99000000,6580.00000000,6451.01000000,6554.85000000,74.09019600,2017-11-01 09:59:59.999,482618.56676523,942,38.16261100,248840.84136280,0
2017-11-01 10:00:00,6554.85000000,6645.32000000,6510.05000000,6593.38000000,101.44412800,2017-11-01 10:59:59.999,668579.86412700,1115,52.52355400,346462.69312976,0
2017-11-01 11:00:00,6593.36000000,6622.99000000,6548.30000000,6614.97000000,92.92684200,2017-11-01 11:59:59.999,612404.50399398,1003,49.18441000,324230.38564838,0
2017-11-01 12:00:00,6613.92000000,6613.93000000,6455.00000000,6518.99000000,112.77401200,2017-11-01 12:59:59.999,734268.72575364,1127,47.26125800,307477.30948348,0
2017-11-01 13:00:00,6518.99000000,6540.00000000,6461.51000000,6515.00000000,72.23929200,2017-11-01 13:59:59.999,470313.27126723,603,36.39859400,237356.92479042,0
2017-11-01 14:00:00,6515.02000000,6572.87000000,6515.00000000,6550.17000000,79.28080200,2017-11-01 14:59:59.999,518188.43473151,860,20.62807200,135136.82548173,0
2017-11-01 15:00:00,6551.04000000,6600.00000000,6532.17000000,6596.99000000,92.21890100,2017-11-01 15:59:59.999,604963.62107658,584,29.03677000,190784.96677634,0
2017-11-01 16:00:00,6559.90000000,6644.80000000,6559.90000000,6598.88000000,82.36156600,2017-11-01 16:59:59.999,543557.33864944,575,13.55146400,89488.03204158,0
2017-11-01 17:00:00,6598.88000000,6629.97000000,6575.05000000,6629.96000000,43.29343300,2017-11-01 17:59:59.999,286325.84334263,591,23.09917000,152851.02870353,0
2017-11-01 18:00:00,6625.02000000,6629.97000000,6590.05000000,6596.02000000,70.73770500,2017-11-01 18:59:59.999,467638.90718767,447,18.17268300,120281.74972717,0
2017-11-01 19:00:00,6597.16000000,6623.00000000,6570.88000000,6622.99000000,96.58108000,2017-11-01 19:59:59.999,636838.17035572,897,30.87008300,203701.71228824,0
2017-11-01 20:00:00,6622.98000000,6623.00000000,6561.04000000,6599.98000000,53.54499100,2017-11-01 20:59:59.999,352671.97824275,599,27.92403200,184047.22044302,0
2017-11-01 21:00:00,6576.17000000,6617.95000000,6576.16000000,6608.01000000,69.18834700,2017-11-01 21:59:59.999,456815.13440585,872,17.90632600,118296.58633451,0
2017-11-01 22:00:00,6614.99000000,6697.55000000,6600.17000000,6687.99000000,95.77545300,2017-11-01 22:59:59.999,636150.25648296,656,37.76986300,251094.96320439,0
2017-11-01 23:00:00,6675.03000000,6774.67000000,6665.01000000,6753.98000000,67.07056500,2017-11-01 23:59:59.999,449517.96569994,842,35.32818900,236717.96808177,0
2017-11-02 00:00:00,6753.98000000,6849.00000000,6730.00000000,6789.89000000,108.09165300,2017-11-02 00:59:59.999,732082.69532430,1056,55.89053400,379050.83540900,0
2017-11-02 01:00:00,6800.01000000,6967.61000000,6789.86000000,6789.86000000,112.40040500,2017-11-02 01:59:59.999,771132.15691505,1475,54.86795800,376894.72533989,0
2017-11-02 02:00:00,6789.62000000,6849.99000000,6731.02000000,6795.02000000,94.83790400,2017-11-02 02:59:59.999,643730.43608114,1010,55.34348900,375656.93258914,0
2017-11-02 03:00:00,6795.05000000,6888.47000000,6772.02000000,6831.00000000,85.91074900,2017-11-02 03:59:59.999,586249.61737338,670,45.80392600,312967.23668486,0
2017-11-02 04:00:00,6840.02000000,6887.65000000,6800.06000000,6874.94000000,57.05807600,2017-11-02 04:59:59.999,389552.61539864,274,11.85724800,81190.61329984,0
2017-11-02 05:00:00,6877.98000000,6941.00000000,6842.13000000,6846.01000000,78.67197800,2017-11-02 05:59:59.999,541087.78928157,629,35.21529300,242715.77314271,0
2017-11-02 06:00:00,6846.07000000,6970.00000000,6846.07000000,6969.11000000,81.96118200,2017-11-02 06:59:59.999,568025.64678660,670,48.83613600,339317.80075682,0
2017-11-02 07:00:00,6942.92000000,6977.00000000,6823.12000000,6934.00000000,72.98632200,2017-11-02 07:59:59.999,505679.28408568,688,39.60215800,274699.09071175,0
2017-11-02 08:00:00,6934.00000000,6968.88000000,6911.01000000,6959.01000000,76.84477000,2017-11-02 08:59:59.999,533372.92513087,932,33.42247600,231923.79133006,0
2017-11-02 09:00:00,6959.03000000,6988.86000000,6950.31000000,6982.02000000,92.18162400,2017-11-02 09:59:59.999,642315.80859259,818,28.59142300,199562.22849214,0
2017-11-02 10:00:00,6960.83000000,7147.98000000,6950.67000000,7127.01000000,123.23950400,2017-11-02 10:59:59.999,866845.34877835,1406,75.57942500,531976.05927689,0
2017-11-02 11:00:00,7143.96000000,7300.00000000,6685.10000000,6887.81000000,265.96967900,2017-11-02 11:59:59.999,1856065.19024535,2478,150.21374300,1052054.71878673,0
2017-11-02 12:00:00,6887.66000000,7047.44000000,6700.00000000,6909.03000000,172.46139700,2017-11-02 12:59:59.999,1181947.41373401,1174,68.14003000,465691.90689281,0
2017-11-02 13:00:00,6910.00000000,7100.00000000,6868.04000000,7011.09000000,192.69929200,2017-11-02 13:59:59.999,1351541.65564169,978,81.32507200,571946.61311477,0
2017-11-02 14:00:00,7011.08000000,7047.96000000,6921.01000000,6948.88000000,102.64585400,2017-11-02 14:59:59.999,717112.70350221,777,67.02945800,468513.23406296,0
2017-11-02 15:00:00,6948.88000000,7019.99000000,6872.81000000,7019.98000000,103.23911300,2017-11-02 15:59:59.999,719146.35079810,837,42.29848300,294942.31636000,0
2017-11-02 16:00:00,7015.50000000,7041.51000000,6900.08000000,6946.98000000,97.30904900,2017-11-02 16:59:59.999,679717.28530712,718,29.10390600,203722.09936376,0
2017-11-02 17:00:00,6945.98000000,6974.63000000,6859.56000000,6945.03000000,87.65473400,2017-11-02 17:59:59.999,605028.72269961,511,34.44703900,237959.58603179,0
2017-11-02 18:00:00,6945.03000000,6945.03000000,6830.00000000,6858.07000000,96.04758800,2017-11-02 18:59:59.999,661362.70470120,571,34.70996400,239103.16204827,0
2017-11-02 19:00:00,6858.07000000,7000.97000000,6830.05000000,6981.90000000,116.97493000,2017-11-02 19:59:59.999,811438.79743953,607,51.94042300,360908.41101969,0
2017-11-02 20:00:00,6981.07000000,7132.00000000,6965.00000000,7028.04000000,76.36834300,2017-11-02 20:59:59.999,538396.55183430,481,27.88596400,197221.64934178,0
2017-11-02 21:00:00,7031.02000000,7115.18000000,7031.02000000,7070.00000000,66.90610900,2017-11-02 21:59:59.999,472259.45909783,427,33.42837100,236420.52498706,0
2017-11-02 22:00:00,7061.03000000,7100.00000000,7013.18000000,7043.96000000,80.91628000,2017-11-02 22:59:59.999,571244.77768564,483,12.65093300,89383.57410720,0
2017-11-02 23:00:00,7030.00000000,7089.89000000,7010.00000000,7019.98000000,60.23426800,2017-11-02 23:59:59.999,423665.39448401,552,33.85959000,238182.92260719,0
2017-11-03 00:00:00,7010.31000000,7037.70000000,6941.48000000,6969.03000000,55.14521400,2017-11-03 00:59:59.999,385079.23696401,452,16.15966100,113027.74404470,0
2017-11-03 01:00:00,6969.04000000,6999.93000000,6923.00000000,6984.66000000,51.36815600,2017-11-03 01:59:59.999,358001.33431639,300,22.49492000,156807.33302171,0
2017-11-03 02:00:00,6984.60000000,7039.99000000,6970.11000000,7025.02000000,64.96884700,2017-11-03 02:59:59.999,455641.73748486,420,17.48608200,122580.12061440,0
2017-11-03 03:00:00,7025.01000000,7198.90000000,7021.03000000,7172.41000000,123.39255600,2017-11-03 03:59:59.999,879607.12672166,1118,70.73804400,503889.36600973,0
2017-11-03 04:00:00,7186.01000000,7235.34000000,7133.01000000,7198.14000000,50.33568000,2017-11-03 04:59:59.999,361566.34689684,705,27.32444800,196393.31387282,0
2017-11-03 05:00:00,7175.21000000,7199.99000000,7111.02000000,7197.98000000,82.52301000,2017-11-03 05:59:59.999,590383.69943294,781,30.93450800,221650.52594061,0
2017-11-03 06:00:00,7178.31000000,7238.97000000,7160.02000000,7181.03000000,84.99106100,2017-11-03 06:59:59.999,611877.75883262,563,29.66764000,213589.00910409,0
2017-11-03 07:00:00,7181.02000000,7259.99000000,7178.97000000,7251.01000000,64.96256700,2017-11-03 07:59:59.999,468802.95820958,575,32.07563700,231331.85648757,0
2017-11-03 08:00:00,7251.02000000,7346.34000000,7180.00000000,7289.02000000,116.41476200,2017-11-03 08:59:59.999,845247.03698038,956,50.85897700,369787.79021596,0
2017-11-03 09:00:00,7340.89000000,7340.89000000,7215.19000000,7263.04000000,113.60029800,2017-11-03 09:59:59.999,826159.34429131,952,55.95350100,406638.44322055,0
2017-11-03 10:00:00,7299.98000000,7345.00000000,7265.01000000,7306.00000000,113.93767500,2017-11-03 10:59:59.999,833438.04081937,706,28.21712200,206558.57223716,0
2017-11-03 11:00:00,7315.96000000,7315.96000000,7162.60000000,7230.95000000,96.07306900,2017-11-03 11:59:59.999,694063.17541076,857,49.59857600,358795.09885043,0
2017-11-03 12:00:00,7230.95000000,7298.98000000,7165.00000000,7298.98000000,63.57465900,2017-11-03 12:59:59.999,459694.22007471,579,31.29960200,226703.11534488,0
2017-11-03 13:00:00,7298.90000000,7298.98000000,7138.18000000,7209.96000000,133.40371000,2017-11-03 13:59:59.999,960979.76166972,1135,79.23109700,570015.37373499,0
2017-11-03 14:00:00,7209.95000000,7278.94000000,7146.03000000,7235.02000000,48.77538800,2017-11-03 14:59:59.999,352139.56167450,573,30.36362100,219462.67864088,0
2017-11-03 15:00:00,7235.03000000,7297.97000000,7222.00000000,7284.98000000,82.09843800,2017-11-03 15:59:59.999,595578.44819734,542,34.77873100,252432.98995131,0
2017-11-03 16:00:00,7284.98000000,7299.99000000,7225.43000000,7249.28000000,75.80323300,2017-11-03 16:59:59.999,550612.30113945,599,32.20883800,234185.94849331,0
2017-11-03 17:00:00,7249.12000000,7285.07000000,7190.02000000,7270.02000000,69.70729500,2017-11-03 17:59:59.999,504622.08696818,539,13.91439000,100855.40309420,0
2017-11-03 18:00:00,7270.04000000,7298.00000000,7270.00000000,7283.31000000,84.36257600,2017-11-03 18:59:59.999,614390.86056756,468,11.71188200,85413.44044959,0
2017-11-03 19:00:00,7283.31000000,7296.99000000,7233.01000000,7234.00000000,47.29379300,2017-11-03 19:59:59.999,344128.07913018,349,22.61108800,164675.86904426,0
2017-11-03 20:00:00,7269.73000000,7275.00000000,7190.02000000,7190.02000000,53.48513400,2017-11-03 20:59:59.999,386855.04183684,462,16.62293300,120270.87380665,0
2017-11-03 21:00:00,7190.03000000,7216.99000000,7032.00000000,7084.99000000,78.02581600,2017-11-03 21:59:59.999,555893.50073063,672,35.62632300,253813.80262469,0
2017-11-03 22:00:00,7085.00000000,7209.99000000,7056.71000000,7147.93000000,63.94924900,2017-11-03 22:59:59.999,457306.43048247,597,28.79922200,206421.99705492,0
2017-11-03 23:00:00,7147.91000000,7167.98000000,7105.02000000,7115.04000000,73.30540600,2017-11-03 23:59:59.999,522383.65770896,475,21.50950100,153701.54896254,0
2017-11-04 00:00:00,7115.02000000,7125.00000000,6999.37000000,7041.13000000,86.25867900,2017-11-04 00:59:59.999,607208.26956694,494,37.34021700,262643.06119322,0
2017-11-04 01:00:00,7041.15000000,7055.00000000,6901.00000000,6980.06000000,88.60457500,2017-11-04 01:59:59.999,618436.24948295,814,42.13291900,294326.64647704,0
2017-11-04 02:00:00,7028.98000000,7139.99000000,7025.00000000,7101.30000000,71.36462900,2017-11-04 02:59:59.999,506914.97143313,672,41.68194700,296207.68179898,0
2017-11-04 03:00:00,7101.31000000,7160.22000000,7056.00000000,7125.12000000,67.81969000,2017-11-04 03:59:59.999,481472.78100633,551,17.27807900,123034.66512308,0
2017-11-04 04:00:00,7150.00000000,7192.99000000,7125.18000000,7178.87000000,78.51454100,2017-11-04 04:59:59.999,562211.00036037,654,25.16209800,180337.52511243,0
2017-11-04 05:00:00,7178.88000000,7192.99000000,7133.99000000,7134.01000000,50.22154500,2017-11-04 05:59:59.999,359802.61940555,481,28.00033900,200683.00580141,0
2017-11-04 06:00:00,7134.01000000,7173.22000000,7095.52000000,7114.99000000,65.99209600,2017-11-04 06:59:59.999,469708.95401748,444,25.94289200,184834.36269907,0
2017-11-04 07:00:00,7114.94000000,7190.00000000,7100.06000000,7174.99000000,30.75179800,2017-11-04 07:59:59.999,220101.30904478,421,13.85152000,99141.79345674,0
2017-11-04 08:00:00,7174.99000000,7199.99000000,7115.01000000,7158.91000000,68.79474500,2017-11-04 08:59:59.999,492849.20777446,577,17.26364100,123865.28426927,0
2017-11-04 09:00:00,7150.00000000,7159.99000000,7100.06000000,7138.58000000,26.89249200,2017-11-04 09:59:59.999,192072.26959852,320,8.83596300,63119.33479180,0
2017-11-04 10:00:00,7137.73000000,7137.73000000,7070.12000000,7114.91000000,64.02492100,2017-11-04 10:59:59.999,455030.23463410,898,28.76392800,204549.65411517,0
2017-11-04 11:00:00,7099.98000000,7112.72000000,7085.00000000,7085.02000000,55.77415800,2017-11-04 11:59:59.999,395804.58868962,990,37.84547600,268661.39486784,0
2017-11-04 12:00:00,7085.02000000,7155.00000000,7085.00000000,7149.00000000,67.10781300,2017-11-04 12:59:59.999,477894.00115459,365,22.17270400,158146.57320633,0
2017-11-04 13:00:00,7148.99000000,7280.00000000,7130.02000000,7250.20000000,71.44817500,2017-11-04 13:59:59.999,514518.65473092,798,54.04235700,388964.27117378,0
2017-11-04 14:00:00,7250.18000000,7308.02000000,7250.17000000,7295.98000000,50.56457700,2017-11-04 14:59:59.999,368471.35397839,716,27.39625200,199842.01009964,0
2017-11-04 15:00:00,7295.97000000,7300.00000000,7249.00000000,7300.00000000,36.79683100,2017-11-04 15:59:59.999,268091.51877385,629,23.82306000,173617.49817434,0
2017-11-04 16:00:00,7300.00000000,7375.50000000,7285.12000000,7315.02000000,88.82482800,2017-11-04 16:59:59.999,651231.69691066,796,42.93267300,314967.76837569,0
2017-11-04 17:00:00,7315.02000000,7329.99000000,7262.06000000,7275.09000000,60.64495300,2017-11-04 17:59:59.999,442312.12884299,525,22.72117200,165978.07762611,0
2017-11-04 18:00:00,7285.01000000,7319.98000000,7280.18000000,7319.68000000,32.98158700,2017-11-04 18:59:59.999,240651.66128202,298,7.85993100,57478.59399820,0
2017-11-04 19:00:00,7318.77000000,7370.00000000,7290.81000000,7360.04000000,47.87015800,2017-11-04 19:59:59.999,350524.38778608,407,24.72570400,181296.15733409,0
2017-11-04 20:00:00,7360.02000000,7480.99000000,7340.03000000,7400.02000000,85.51234300,2017-11-04 20:59:59.999,633366.18772742,659,40.82974400,302220.59134751,0
2017-11-04 21:00:00,7400.03000000,7448.92000000,7400.01000000,7419.74000000,25.59942900,2017-11-04 21:59:59.999,190109.60583357,369,18.02352800,133898.83291763,0
2017-11-04 22:00:00,7419.00000000,7419.69000000,7300.00000000,7325.03000000,33.98030400,2017-11-04 22:59:59.999,250082.59416776,176,12.43623400,91640.42515659,0
2017-11-04 23:00:00,7377.98000000,7404.99000000,7325.12000000,7357.09000000,42.84690000,2017-11-04 23:59:59.999,315672.15038790,341,17.32489000,127857.74399859,0
2017-11-05 00:00:00,7357.27000000,7387.68000000,7280.00000000,7325.02000000,37.05289400,2017-11-05 00:59:59.999,271294.77376628,272,14.99215200,109593.73412565,0
2017-11-05 01:00:00,7325.02000000,7390.00000000,7320.03000000,7389.92000000,44.94293600,2017-11-05 01:59:59.999,330684.54926372,427,22.79450600,167943.95863064,0
2017-11-05 02:00:00,7389.88000000,7389.89000000,7339.98000000,7372.00000000,29.54172600,2017-11-05 02:59:59.999,217547.79106165,247,13.26406200,97745.05213150,0
2017-11-05 03:00:00,7371.98000000,7424.49000000,7347.03000000,7409.93000000,29.97702900,2017-11-05 03:59:59.999,221426.74820207,289,17.34897300,128276.56248844,0
2017-11-05 04:00:00,7399.98000000,7445.72000000,7388.07000000,7400.17000000,42.91212000,2017-11-05 04:59:59.999,317729.45222633,489,14.36681200,106475.09686825,0
2017-11-05 05:00:00,7408.99000000,7447.12000000,7400.16000000,7420.41000000,37.29541000,2017-11-05 05:59:59.999,276511.99490716,405,15.86892300,117706.23907995,0
2017-11-05 06:00:00,7420.42000000,7457.90000000,7420.12000000,7449.97000000,30.22418800,2017-11-05 06:59:59.999,224814.46932628,398,10.19075200,75856.81811241,0
2017-11-05 07:00:00,7449.93000000,7449.93000000,7349.98000000,7398.69000000,41.49387200,2017-11-05 07:59:59.999,306380.18016986,500,21.35825300,157768.32162013,0
2017-11-05 08:00:00,7398.70000000,7429.77000000,7385.20000000,7390.54000000,34.07480000,2017-11-05 08:59:59.999,252297.01186501,404,17.42697200,129027.86682194,0
2017-11-05 09:00:00,7390.58000000,7429.77000000,7320.00000000,7416.87000000,39.84110300,2017-11-05 09:59:59.999,294772.80446645,225,17.10003600,126853.49118019,0
2017-11-05 10:00:00,7376.03000000,7430.00000000,7376.02000000,7415.11000000,46.94212800,2017-11-05 10:59:59.999,348064.81811078,471,22.92829000,170034.53290496,0
2017-11-05 11:00:00,7416.03000000,7513.82000000,7406.19000000,7513.82000000,90.57273100,2017-11-05 11:59:59.999,677017.74438572,1119,58.41573700,437070.25087869,0
2017-11-05 12:00:00,7513.80000000,7539.00000000,7455.00000000,7536.06000000,54.84709100,2017-11-05 12:59:59.999,412028.66924542,768,28.03010100,210552.38117085,0
2017-11-05 13:00:00,7537.02000000,7590.25000000,7535.84000000,7566.01000000,119.63311000,2017-11-05 13:59:59.999,904394.90110594,934,30.98611400,234318.02847103,0
2017-11-05 14:00:00,7566.02000000,7589.99000000,7500.04000000,7501.00000000,94.87589200,2017-11-05 14:59:59.999,716119.02151185,623,39.40396600,297265.56509740,0
2017-11-05 15:00:00,7515.00000000,7560.00000000,7480.08000000,7499.87000000,48.20631500,2017-11-05 15:59:59.999,362362.21859371,526,13.40560600,100773.86786768,0
2017-11-05 16:00:00,7499.87000000,7524.88000000,7476.01000000,7500.00000000,59.50097600,2017-11-05 16:59:59.999,446238.25217211,409,30.21988800,226770.18626003,0
2017-11-05 17:00:00,7480.44000000,7499.92000000,7450.11000000,7485.38000000,60.59420000,2017-11-05 17:59:59.999,453554.84791021,322,36.09570100,270307.27423788,0
2017-11-05 18:00:00,7485.40000000,7540.82000000,7475.00000000,7515.01000000,29.29525100,2017-11-05 18:59:59.999,220094.31421509,262,19.02688600,142913.08930451,0
2017-11-05 19:00:00,7515.02000000,7548.00000000,7515.01000000,7536.01000000,14.80271400,2017-11-05 19:59:59.999,111401.87074424,191,5.99062600,45146.11136674,0
2017-11-05 20:00:00,7536.01000000,7548.00000000,7480.03000000,7521.92000000,37.65214000,2017-11-05 20:59:59.999,283324.73288745,350,5.00050600,37676.46474112,0
2017-11-05 21:00:00,7481.04000000,7521.86000000,7301.90000000,7324.28000000,63.64018100,2017-11-05 21:59:59.999,471386.89860515,473,26.10576900,193553.63707416,0
2017-11-05 22:00:00,7324.42000000,7419.94000000,7324.42000000,7358.92000000,45.77107900,2017-11-05 22:59:59.999,337902.18598928,479,24.52878600,181202.59537918,0
2017-11-05 23:00:00,7352.00000000,7375.99000000,7279.02000000,7345.01000000,74.14244400,2017-11-05 23:59:59.999,543053.61500112,507,35.82577800,262507.75180609,0
2017-11-06 00:00:00,7345.10000000,7401.00000000,7300.00000000,7315.61000000,49.31282600,2017-11-06 00:59:59.999,362272.16877032,356,15.67409000,115412.20222858,0
2017-11-06 01:00:00,7326.69000000,7379.96000000,7315.58000000,7336.12000000,61.80101600,2017-11-06 01:59:59.999,453025.90545438,394,18.07731000,132646.22587180,0
2017-11-06 02:00:00,7336.12000000,7379.95000000,7319.01000000,7319.22000000,45.19790500,2017-11-06 02:59:59.999,331550.29689867,477,11.04884900,81104.91954555,0
2017-11-06 03:00:00,7328.02000000,7328.02000000,7186.78000000,7215.54000000,94.98218800,2017-11-06 03:59:59.999,687779.04855599,745,34.66206000,251158.54192841,0
2017-11-06 04:00:00,7226.98000000,7226.98000000,7101.00000000,7164.74000000,68.87422600,2017-11-06 04:59:59.999,493544.89640441,933,24.33605900,174507.87608230,0
2017-11-06 05:00:00,7166.02000000,7325.21000000,7166.01000000,7280.01000000,81.79681100,2017-11-06 05:59:59.999,592095.35656150,518,29.59648500,214560.40043097,0
2017-11-06 06:00:00,7280.00000000,7328.18000000,7245.02000000,7299.00000000,52.98026700,2017-11-06 06:59:59.999,386704.01126116,394,28.41151900,207541.49785081,0
2017-11-06 07:00:00,7299.00000000,7318.99000000,7233.05000000,7275.00000000,74.59612000,2017-11-06 07:59:59.999,543069.85207799,525,23.78306400,173159.45200910,0
2017-11-06 08:00:00,7274.98000000,7349.00000000,7265.00000000,7311.67000000,53.63487000,2017-11-06 08:59:59.999,392213.22292878,421,40.01284000,292792.54301880,0
2017-11-06 09:00:00,7329.93000000,7329.94000000,7265.00000000,7303.02000000,57.30553000,2017-11-06 09:59:59.999,418362.26368584,482,20.41901700,149184.49171030,0
2017-11-06 10:00:00,7303.02000000,7307.97000000,7258.01000000,7294.99000000,36.13132800,2017-11-06 10:59:59.999,263239.95070650,355,18.55449700,135189.05509820,0
2017-11-06 11:00:00,7270.49000000,7336.02000000,7258.01000000,7304.11000000,62.20692000,2017-11-06 11:59:59.999,454365.90896078,563,38.69693900,282741.46951719,0
2017-11-06 12:00:00,7324.97000000,7400.98000000,7303.01000000,7399.98000000,70.67483300,2017-11-06 12:59:59.999,521040.41145873,601,41.13737000,303576.55862542,0
2017-11-06 13:00:00,7399.99000000,7399.99000000,7315.02000000,7325.27000000,45.14209400,2017-11-06 13:59:59.999,332704.79951846,514,29.79539100,219822.35659132,0
2017-11-06 14:00:00,7334.96000000,7334.96000000,7230.04000000,7289.93000000,63.24523200,2017-11-06 14:59:59.999,460240.29820445,498,22.47050700,163629.78135338,0
2017-11-06 15:00:00,7289.93000000,7289.94000000,7202.07000000,7232.03000000,65.44358300,2017-11-06 15:59:59.999,473701.42482272,614,31.49484000,228108.38883672,0
2017-11-06 16:00:00,7235.02000000,7270.56000000,7150.02000000,7160.00000000,80.44312500,2017-11-06 16:59:59.999,579869.70266428,860,34.24350600,247102.27696568,0
2017-11-06 17:00:00,7173.54000000,7196.88000000,7050.00000000,7129.99000000,106.29908000,2017-11-06 17:59:59.999,755665.73212678,737,41.77536000,296809.98533364,0
2017-11-06 18:00:00,7128.34000000,7143.01000000,6960.00000000,7000.05000000,76.67370200,2017-11-06 18:59:59.999,541298.73658540,624,37.61658300,265684.29173911,0
2017-11-06 19:00:00,7005.02000000,7030.00000000,6957.00000000,7028.95000000,148.74787500,2017-11-06 19:59:59.999,1038619.94722571,720,63.02703800,440638.78136417,0
2017-11-06 20:00:00,7006.01000000,7134.48000000,7000.02000000,7081.03000000,70.94347600,2017-11-06 20:59:59.999,501718.75436615,490,36.89083000,261386.64550000,0
2017-11-06 21:00:00,7081.53000000,7105.91000000,7056.01000000,7085.15000000,71.97390700,2017-11-06 21:59:59.999,509425.05614276,383,33.97440600,240544.87226579,0
2017-11-06 22:00:00,7085.20000000,7155.00000000,6980.00000000,7017.74000000,121.12904900,2017-11-06 22:59:59.999,858507.38016300,574,17.65095700,125094.38837276,0
2017-11-06 23:00:00,6980.54000000,7054.73000000,6906.00000000,6960.12000000,103.48329800,2017-11-06 23:59:59.999,722509.49609504,747,36.65427000,256029.96345148,0
2017-11-07 00:00:00,6981.72000000,7098.45000000,6909.01000000,7062.00000000,79.38114700,2017-11-07 00:59:59.999,557679.84238640,501,45.95826200,323053.99412322,0
2017-11-07 01:00:00,7069.97000000,7107.00000000,7050.05000000,7057.00000000,79.74102200,2017-11-07 01:59:59.999,564949.54417681,554,22.11585400,156614.85233720,0
2017-11-07 02:00:00,7057.00000000,7089.94000000,6967.03000000,7065.00000000,103.03446300,2017-11-07 02:59:59.999,723878.99209118,589,35.16801300,247702.54329904,0
2017-11-07 03:00:00,7061.02000000,7135.00000000,7060.01000000,7120.17000000,35.83196400,2017-11-07 03:59:59.999,254612.69745562,325,18.57674800,132200.47507628,0
2017-11-07 04:00:00,7120.18000000,7166.50000000,7109.99000000,7166.50000000,44.90194600,2017-11-07 04:59:59.999,320127.95269221,492,31.73015800,226350.50759748,0
2017-11-07 05:00:00,7173.77000000,7198.49000000,7070.21000000,7129.75000000,55.50709500,2017-11-07 05:59:59.999,397548.47420454,532,16.71269700,119903.31119355,0
2017-11-07 06:00:00,7129.76000000,7177.29000000,7080.59000000,7177.29000000,51.71840900,2017-11-07 06:59:59.999,368552.97666825,352,31.03959500,221305.07862569,0
2017-11-07 07:00:00,7143.21000000,7171.41000000,7109.89000000,7159.98000000,45.86215400,2017-11-07 07:59:59.999,327716.19698411,380,17.37549100,124375.45339839,0
2017-11-07 08:00:00,7157.97000000,7182.99000000,7110.05000000,7171.00000000,27.17514200,2017-11-07 08:59:59.999,194141.22018327,241,17.94393400,128272.15423818,0
2017-11-07 09:00:00,7171.01000000,7175.73000000,7130.00000000,7146.65000000,59.26062000,2017-11-07 09:59:59.999,424185.37476798,474,23.00441300,164683.46261566,0
2017-11-07 10:00:00,7146.12000000,7161.77000000,7110.03000000,7131.02000000,35.30179700,2017-11-07 10:59:59.999,251980.43412002,303,9.07412900,64831.46970083,0
2017-11-07 11:00:00,7131.02000000,7168.98000000,7080.59000000,7160.55000000,56.68168400,2017-11-07 11:59:59.999,405328.86206567,472,19.34126400,138345.72407982,0
2017-11-07 12:00:00,7160.54000000,7195.00000000,7139.93000000,7170.04000000,50.81932000,2017-11-07 12:59:59.999,364187.04072839,549,27.65251000,198232.71423394,0
2017-11-07 13:00:00,7170.40000000,7184.33000000,6967.02000000,7014.99000000,70.91085800,2017-11-07 13:59:59.999,499119.41265091,851,30.50878100,214828.66667474,0
2017-11-07 14:00:00,7001.02000000,7078.39000000,6901.00000000,6980.00000000,117.13065000,2017-11-07 14:59:59.999,820006.73136052,1314,45.29605900,317464.13444708,0
2017-11-07 15:00:00,6980.04000000,7041.97000000,6976.00000000,7038.20000000,71.97851500,2017-11-07 15:59:59.999,503843.55098189,729,27.89262800,195436.94403810,0
2017-11-07 16:00:00,7009.27000000,7041.29000000,6966.94000000,7000.00000000,78.71278100,2017-11-07 16:59:59.999,550295.20210038,703,18.08712700,126597.25335530,0
2017-11-07 17:00:00,6999.98000000,7041.98000000,6970.03000000,7041.97000000,60.07771900,2017-11-07 17:59:59.999,420173.23026857,563,38.21623600,267459.92248828,0
2017-11-07 18:00:00,7041.97000000,7078.40000000,7020.55000000,7050.00000000,56.00057000,2017-11-07 18:59:59.999,394289.04750784,802,25.88145000,182291.29188674,0
2017-11-07 19:00:00,7050.01000000,7078.27000000,7020.00000000,7059.78000000,60.94759000,2017-11-07 19:59:59.999,430088.41385952,401,16.72991600,118233.21886555,0
2017-11-07 20:00:00,7059.66000000,7059.81000000,6966.93000000,7018.00000000,45.79528600,2017-11-07 20:59:59.999,321023.35329141,483,20.64624500,144992.53849542,0
2017-11-07 21:00:00,7017.98000000,7044.20000000,6980.10000000,7043.00000000,53.95999000,2017-11-07 21:59:59.999,378186.56317506,334,19.05727300,133786.08661516,0
2017-11-07 22:00:00,7030.00000000,7044.00000000,6980.07000000,7044.00000000,35.32142800,2017-11-07 22:59:59.999,248010.24227232,450,9.36428500,65884.52510026,0
2017-11-07 23:00:00,7039.51000000,7080.01000000,7037.00000000,7064.04000000,64.20734400,2017-11-07 23:59:59.999,453346.98181517,738,23.81492400,168341.07054643,0
2017-11-08 00:00:00,7070.00000000,7088.94000000,7035.02000000,7070.00000000,32.31694000,2017-11-08 00:59:59.999,228502.83056777,275,14.73365200,104222.09595393,0
2017-11-08 01:00:00,7059.55000000,7300.00000000,7059.55000000,7275.00000000,77.35446500,2017-11-08 01:59:59.999,556196.69232659,760,51.05076400,366464.23517099,0
2017-11-08 02:00:00,7274.99000000,7300.98000000,7221.02000000,7297.99000000,44.23069800,2017-11-08 02:59:59.999,321739.19655811,633,23.31866500,169656.51098177,0
2017-11-08 03:00:00,7297.99000000,7368.99000000,7279.43000000,7331.71000000,90.43912600,2017-11-08 03:59:59.999,663339.43067984,645,43.62489100,320027.22360678,0
2017-11-08 04:00:00,7331.71000000,7359.98000000,7290.20000000,7330.00000000,114.14675900,2017-11-08 04:59:59.999,835253.84312059,683,63.41363200,464450.48149209,0
2017-11-08 05:00:00,7331.23000000,7360.00000000,7293.02000000,7357.97000000,77.38184500,2017-11-08 05:59:59.999,565895.42945763,537,20.00408600,146472.56813319,0
2017-11-08 06:00:00,7350.00000000,7394.00000000,7319.57000000,7369.98000000,51.17494500,2017-11-08 06:59:59.999,377032.28879214,622,28.37341300,209169.90870499,0
2017-11-08 07:00:00,7359.04000000,7369.65000000,7280.00000000,7303.01000000,57.43023500,2017-11-08 07:59:59.999,420026.46315915,592,19.94221500,145989.03361578,0
2017-11-08 08:00:00,7303.02000000,7369.99000000,7303.01000000,7336.71000000,78.83446900,2017-11-08 08:59:59.999,577510.83209297,457,24.81535800,182231.43588724,0
2017-11-08 09:00:00,7336.81000000,7359.00000000,7303.03000000,7325.03000000,65.77603400,2017-11-08 09:59:59.999,481896.52083182,586,22.92141200,168065.33996617,0
2017-11-08 10:00:00,7325.11000000,7357.99000000,7325.09000000,7339.83000000,62.69358300,2017-11-08 10:59:59.999,460431.08043637,531,23.34260000,171576.59910710,0
2017-11-08 11:00:00,7339.98000000,7420.00000000,7321.17000000,7396.00000000,57.85433700,2017-11-08 11:59:59.999,426523.85266999,780,29.91985500,220761.25625540,0
2017-11-08 12:00:00,7406.47000000,7466.00000000,7361.49000000,7400.00000000,88.48910500,2017-11-08 12:59:59.999,655851.95640307,1505,53.67470900,397955.23392336,0
2017-11-08 13:00:00,7400.00000000,7454.99000000,7375.02000000,7430.00000000,70.44636400,2017-11-08 13:59:59.999,522194.42307997,1248,24.25631400,179653.51339981,0
2017-11-08 14:00:00,7438.00000000,7485.01000000,7425.00000000,7460.00000000,97.91473300,2017-11-08 14:59:59.999,728802.17278008,735,21.83407500,162752.99159041,0
2017-11-08 14:00:00,7438.00000000,7485.01000000,7425.00000000,7460.00000000,97.91473300,2017-11-08 14:59:59.999,728802.17278008,735,21.83407500,162752.99159041,0
2017-11-08 15:00:00,7460.00000000,7489.99000000,7428.25000000,7442.38000000,52.83996000,2017-11-08 15:59:59.999,394365.78578105,640,22.46453700,167712.71284694,0
2017-11-08 16:00:00,7468.99000000,7468.99000000,7352.51000000,7414.81000000,86.59516200,2017-11-08 16:59:59.999,640790.10743569,816,35.86131800,265663.46641741,0
2017-11-08 17:00:00,7417.70000000,7770.02000000,7352.16000000,7499.87000000,361.34774200,2017-11-08 17:59:59.999,2731759.29854467,2552,206.89585800,1564692.29642838,0
2017-11-08 18:00:00,7499.87000000,7513.93000000,6651.00000000,7070.00000000,463.87076200,2017-11-08 18:59:59.999,3291088.89451495,3197,180.03117500,1283307.22419321,0
2017-11-08 19:00:00,7070.00000000,7289.99000000,6974.00000000,7070.00000000,185.85838000,2017-11-08 19:59:59.999,1329596.80190068,1805,103.77956100,741428.89795505,0
2017-11-08 20:00:00,7070.00000000,7070.00000000,6895.02000000,6989.00000000,208.83038800,2017-11-08 20:59:59.999,1454953.32642514,1687,114.05366900,795217.53810707,0
2017-11-08 21:00:00,6989.49000000,7157.00000000,6960.82000000,6993.01000000,155.83051500,2017-11-08 21:59:59.999,1098559.81012603,1462,46.05362100,325188.79476912,0
2017-11-08 22:00:00,6993.02000000,7228.22000000,6993.01000000,7193.05000000,133.73881800,2017-11-08 22:59:59.999,955708.68182576,724,65.65163200,470257.50669127,0
2017-11-08 23:00:00,7212.79000000,7320.07000000,7101.01000000,7303.00000000,106.90343700,2017-11-08 23:59:59.999,773266.47889816,909,51.32746000,371617.55860760,0
2017-11-09 00:00:00,7303.01000000,7312.98000000,7130.01000000,7249.80000000,127.81659400,2017-11-09 00:59:59.999,921823.56304540,1028,62.41454800,450653.31226915,0
2017-11-09 01:00:00,7241.95000000,7348.99000000,7241.95000000,7326.08000000,114.98889500,2017-11-09 01:59:59.999,839307.92895579,640,49.71223600,363164.89963010,0
2017-11-09 02:00:00,7326.96000000,7392.00000000,7304.63000000,7326.01000000,108.91900600,2017-11-09 02:59:59.999,800449.18281333,989,43.44060300,319684.80764744,0
2017-11-09 03:00:00,7326.02000000,7370.00000000,7242.03000000,7276.00000000,93.57864200,2017-11-09 03:59:59.999,685543.10518834,707,31.58661000,230996.01679491,0
2017-11-09 04:00:00,7277.94000000,7344.00000000,7260.01000000,7315.11000000,101.58933500,2017-11-09 04:59:59.999,741560.61475413,563,23.12844800,168916.97696369,0
2017-11-09 05:00:00,7315.13000000,7382.01000000,7315.11000000,7326.12000000,94.43304900,2017-11-09 05:59:59.999,692922.94124839,735,33.90437000,248898.10027174,0
2017-11-09 06:00:00,7326.12000000,7379.96000000,7326.10000000,7332.04000000,64.31236800,2017-11-09 06:59:59.999,472414.88698259,616,20.08737800,147670.59029379,0
2017-11-09 07:00:00,7334.61000000,7358.00000000,7330.01000000,7345.05000000,83.85162500,2017-11-09 07:59:59.999,615687.17227463,490,32.39974700,238030.03291990,0
2017-11-09 08:00:00,7345.05000000,7374.00000000,7125.28000000,7200.00000000,145.67704700,2017-11-09 08:59:59.999,1054260.29885573,1039,58.40709500,421851.29144515,0
2017-11-09 09:00:00,7200.00000000,7214.29000000,7132.02000000,7199.99000000,111.38383100,2017-11-09 09:59:59.999,798827.39701383,978,34.24612000,245785.75538530,0
2017-11-09 10:00:00,7199.99000000,7199.99000000,7157.00000000,7175.00000000,69.02303400,2017-11-09 10:59:59.999,495766.01931943,363,22.50055800,161682.82800824,0
2017-11-09 11:00:00,7175.00000000,7175.00000000,7040.00000000,7076.00000000,102.52393200,2017-11-09 11:59:59.999,727130.21270344,663,36.63359100,259871.26944284,0
2017-11-09 12:00:00,7076.00000000,7139.98000000,7015.00000000,7130.00000000,69.22516500,2017-11-09 12:59:59.999,489242.91706657,638,39.33225100,278184.12499698,0
2017-11-09 13:00:00,7116.04000000,7138.99000000,7098.00000000,7119.98000000,62.09608300,2017-11-09 13:59:59.999,442048.18699736,384,24.66777100,175597.01371436,0
2017-11-09 14:00:00,7109.97000000,7175.00000000,7100.00000000,7159.04000000,106.37064700,2017-11-09 14:59:59.999,759257.91464263,724,39.78671500,284146.74692137,0
2017-11-09 15:00:00,7159.07000000,7179.00000000,7100.00000000,7134.99000000,85.75892100,2017-11-09 15:59:59.999,612284.05425823,853,29.75879300,212645.43018741,0
2017-11-09 16:00:00,7134.99000000,7135.00000000,7100.00000000,7115.70000000,55.24381300,2017-11-09 16:59:59.999,393147.53874743,399,20.28142200,144449.95135581,0
2017-11-09 17:00:00,7119.98000000,7181.56000000,7117.86000000,7168.97000000,48.77253900,2017-11-09 17:59:59.999,348916.61174072,291,29.45926400,211015.89628384,0
2017-11-09 18:00:00,7156.83000000,7189.89000000,7116.23000000,7173.99000000,52.71885500,2017-11-09 18:59:59.999,377544.96807642,373,19.28436700,138219.56000373,0
2017-11-09 19:00:00,7148.02000000,7169.97000000,7116.20000000,7130.00000000,52.95554900,2017-11-09 19:59:59.999,377794.37285735,310,11.00952000,78727.16940090,0
2017-11-09 20:00:00,7150.02000000,7184.38000000,7120.96000000,7149.99000000,51.22168300,2017-11-09 20:59:59.999,366174.47093362,347,10.84784400,77725.70977768,0
2017-11-09 21:00:00,7149.98000000,7150.01000000,7070.02000000,7101.00000000,43.96021600,2017-11-09 21:59:59.999,312862.30694169,234,12.30519900,87706.92855204,0
2017-11-09 22:00:00,7085.02000000,7128.01000000,7070.06000000,7092.95000000,26.22757000,2017-11-09 22:59:59.999,185992.77197943,217,15.96661900,113312.49618704,0
2017-11-09 23:00:00,7090.00000000,7090.00000000,7035.64000000,7079.99000000,40.74990900,2017-11-09 23:59:59.999,287574.90982094,237,22.99380900,162363.72017174,0
2017-11-10 00:00:00,7079.00000000,7211.13000000,7050.01000000,7211.13000000,41.75656100,2017-11-10 00:59:59.999,298296.40979345,286,29.95516100,214181.75815505,0
2017-11-10 01:00:00,7200.00000000,7232.99000000,7181.15000000,7210.51000000,42.57828900,2017-11-10 01:59:59.999,307189.58284640,334,22.56516600,162908.06785475,0
2017-11-10 02:00:00,7210.52000000,7250.00000000,7187.88000000,7217.00000000,76.49733500,2017-11-10 02:59:59.999,551983.53239519,527,38.94337700,281341.68987818,0
2017-11-10 03:00:00,7204.77000000,7264.42000000,7191.64000000,7213.41000000,79.09120400,2017-11-10 03:59:59.999,572843.48973754,320,29.76760600,215477.54923919,0
2017-11-10 04:00:00,7223.79000000,7263.00000000,7223.79000000,7259.90000000,69.27403200,2017-11-10 04:59:59.999,502369.68070410,453,21.18420600,153768.22920073,0
2017-11-10 05:00:00,7259.90000000,7279.91000000,7160.10000000,7168.35000000,75.00550300,2017-11-10 05:59:59.999,542977.07019279,578,29.83088300,216030.72816657,0
2017-11-10 06:00:00,7160.08000000,7188.00000000,7118.61000000,7179.94000000,52.93617500,2017-11-10 06:59:59.999,379175.37893820,334,24.15317000,173105.04172057,0
2017-11-10 07:00:00,7187.96000000,7190.00000000,7140.02000000,7149.18000000,68.81589100,2017-11-10 07:59:59.999,493296.40600297,332,17.49593900,125557.23931746,0
2017-11-10 08:00:00,7149.19000000,7157.99000000,7051.00000000,7152.98000000,131.36867700,2017-11-10 08:59:59.999,936495.28163546,623,43.64691200,311416.24409170,0
2017-11-10 09:00:00,7152.99000000,7185.00000000,7035.66000000,7059.99000000,113.26794400,2017-11-10 09:59:59.999,806703.06199248,743,47.02669400,335808.02486482,0
2017-11-10 10:00:00,7059.98000000,7099.98000000,7020.00000000,7054.00000000,88.13784200,2017-11-10 10:59:59.999,621829.52703605,552,38.14230100,269165.68958085,0
2017-11-10 11:00:00,7054.00000000,7054.78000000,6800.00000000,6831.20000000,254.29746300,2017-11-10 11:59:59.999,1753550.33057457,1360,121.25063400,835925.85360116,0
2017-11-10 12:00:00,6831.20000000,6858.78000000,6508.00000000,6629.98000000,331.30226600,2017-11-10 12:59:59.999,2233458.13052601,1685,163.60546100,1106212.53489938,0
2017-11-10 13:00:00,6610.25000000,6800.00000000,6560.00000000,6780.00000000,297.72610200,2017-11-10 13:59:59.999,1995316.84755685,1850,168.65270200,1130909.88027845,0
2017-11-10 14:00:00,6790.00000000,6824.07000000,6720.00000000,6720.00000000,149.79651400,2017-11-10 14:59:59.999,1011149.91946683,801,71.03926500,479606.06171424,0
2017-11-10 15:00:00,6711.01000000,6781.26000000,6666.03000000,6760.02000000,142.67852900,2017-11-10 15:59:59.999,958914.28508659,1018,81.99153000,551305.49679739,0
2017-11-10 16:00:00,6760.02000000,6910.00000000,6760.01000000,6825.01000000,115.16882900,2017-11-10 16:59:59.999,789193.24136745,684,55.86858900,383451.05851166,0
2017-11-10 17:00:00,6825.00000000,6845.03000000,6640.05000000,6728.02000000,111.65468600,2017-11-10 17:59:59.999,748502.59148145,576,61.81518900,414505.48550246,0
2017-11-10 18:00:00,6727.04000000,6727.04000000,6385.00000000,6400.00000000,184.30376500,2017-11-10 18:59:59.999,1200449.11361271,1244,87.90344900,571420.34797614,0
2017-11-10 19:00:00,6399.99000000,6600.00000000,6351.00000000,6526.31000000,233.23985400,2017-11-10 19:59:59.999,1519594.25194671,1346,121.80268800,794357.22816991,0
2017-11-10 20:00:00,6526.31000000,6526.33000000,6255.01000000,6279.97000000,175.10346400,2017-11-10 20:59:59.999,1116138.53475005,1009,86.21893000,550540.04782197,0
2017-11-10 21:00:00,6266.03000000,6600.95000000,6266.03000000,6487.83000000,205.00744800,2017-11-10 21:59:59.999,1320562.79303580,992,113.19110900,728654.08089135,0
2017-11-10 22:00:00,6487.83000000,6699.99000000,6482.83000000,6668.00000000,136.82801000,2017-11-10 22:59:59.999,905322.14908021,703,60.10639800,397955.77597976,0
2017-11-10 23:00:00,6657.05000000,6658.11000000,6442.13000000,6506.98000000,78.86772200,2017-11-10 23:59:59.999,518033.57420172,539,29.10408000,190852.09694237,0
2017-11-11 00:00:00,6503.00000000,6689.00000000,6453.03000000,6679.57000000,114.70874400,2017-11-11 00:59:59.999,753958.24018648,492,65.36610800,429584.23225094,0
2017-11-11 01:00:00,6676.57000000,6797.97000000,6665.92000000,6789.97000000,120.56056300,2017-11-11 01:59:59.999,809955.04764634,651,60.06857000,404088.66491234,0
2017-11-11 02:00:00,6788.00000000,6797.98000000,6684.98000000,6749.98000000,97.42234500,2017-11-11 02:59:59.999,656382.14275183,742,46.01948900,309930.28672972,0
2017-11-11 03:00:00,6754.86000000,6755.00000000,6650.00000000,6730.00000000,95.83949500,2017-11-11 03:59:59.999,642951.55863562,590,33.88822200,227180.65967876,0
2017-11-11 04:00:00,6730.02000000,6766.99000000,6687.57000000,6765.08000000,73.63881600,2017-11-11 04:59:59.999,494890.39940150,448,24.41289500,164276.83601306,0
2017-11-11 05:00:00,6765.08000000,6765.08000000,6601.02000000,6603.03000000,64.05844800,2017-11-11 05:59:59.999,428055.56689726,434,27.20924300,182594.91607542,0
2017-11-11 06:00:00,6613.03000000,6669.94000000,6610.01000000,6652.16000000,54.99876700,2017-11-11 06:59:59.999,365458.63305060,373,22.68868600,150865.85572424,0
2017-11-11 07:00:00,6652.34000000,6684.48000000,6553.35000000,6578.74000000,79.31342600,2017-11-11 07:59:59.999,525308.32385332,527,27.09706900,179344.06682527,0
2017-11-11 08:00:00,6578.74000000,6708.68000000,6560.11000000,6704.86000000,70.59715700,2017-11-11 08:59:59.999,468910.87742130,436,37.81970800,250851.83462989,0
2017-11-11 09:00:00,6698.97000000,6698.97000000,6590.01000000,6616.51000000,63.14534300,2017-11-11 09:59:59.999,419173.67054445,411,25.37472600,168533.87815791,0
2017-11-11 10:00:00,6616.52000000,6650.49000000,6501.00000000,6505.29000000,49.52511000,2017-11-11 10:59:59.999,326987.82082235,376,19.54583200,129316.26093739,0
2017-11-11 11:00:00,6505.29000000,6547.31000000,6402.01000000,6410.02000000,108.38360900,2017-11-11 11:59:59.999,702619.15524698,815,56.10836600,364135.79844538,0
2017-11-11 12:00:00,6410.02000000,6435.00000000,6278.03000000,6315.01000000,124.31877500,2017-11-11 12:59:59.999,788919.23519716,1120,55.84771200,354427.70615383,0
2017-11-11 13:00:00,6324.98000000,6478.00000000,6125.00000000,6355.00000000,320.50114600,2017-11-11 13:59:59.999,2017224.84174971,2145,124.27694000,783799.56984950,0
2017-11-11 14:00:00,6389.98000000,6465.99000000,6288.00000000,6339.93000000,198.70061800,2017-11-11 14:59:59.999,1268284.60051818,1306,94.81185600,605526.70409468,0
2017-11-11 15:00:00,6330.00000000,6340.05000000,6193.69000000,6285.84000000,184.35534600,2017-11-11 15:59:59.999,1159016.31583217,985,72.71471700,458551.17133762,0
2017-11-11 16:00:00,6230.47000000,6358.99000000,6134.00000000,6277.45000000,191.95250500,2017-11-11 16:59:59.999,1204534.21137138,1100,68.06996400,428744.52646452,0
2017-11-11 17:00:00,6277.46000000,6313.96000000,6233.56000000,6256.10000000,103.71419800,2017-11-11 17:59:59.999,651513.44564079,704,28.14771100,176826.14330039,0
2017-11-11 18:00:00,6256.12000000,6298.99000000,6121.02000000,6150.99000000,118.76301200,2017-11-11 18:59:59.999,739615.01833755,862,43.89381400,273482.70226508,0
2017-11-11 19:00:00,6151.04000000,6309.99000000,6100.00000000,6240.03000000,141.87894600,2017-11-11 19:59:59.999,880229.24419966,1018,55.55647100,345463.21830738,0
2017-11-11 20:00:00,6234.11000000,6393.19000000,6195.01000000,6370.21000000,99.71689800,2017-11-11 20:59:59.999,623184.35743707,586,34.41317100,215382.42713093,0
2017-11-11 21:00:00,6370.24000000,6415.45000000,6302.03000000,6399.09000000,105.11453100,2017-11-11 21:59:59.999,669567.85590791,525,41.87850200,266766.18302378,0
2017-11-11 22:00:00,6410.00000000,6410.00000000,6200.01000000,6249.99000000,78.08428400,2017-11-11 22:59:59.999,493650.84925053,595,24.74283400,156552.64800368,0
2017-11-11 23:00:00,6249.94000000,6345.98000000,6105.00000000,6245.05000000,94.86477900,2017-11-11 23:59:59.999,591054.05284985,599,37.52354200,234156.32736522,0
2017-11-12 00:00:00,6245.05000000,6245.05000000,6160.05000000,6162.73000000,78.94225500,2017-11-12 00:59:59.999,489064.69737143,592,34.61842100,214704.75090105,0
2017-11-12 01:00:00,6162.72000000,6209.00000000,6060.01000000,6065.00000000,171.36375500,2017-11-12 01:59:59.999,1051280.42250721,1146,40.42035100,248431.36712378,0
2017-11-12 02:00:00,6060.66000000,6074.28000000,5900.00000000,5949.99000000,261.90966700,2017-11-12 02:59:59.999,1573034.34265676,1553,114.59754800,688389.34259181,0
2017-11-12 03:00:00,5949.96000000,6045.16000000,5830.00000000,5956.02000000,308.11145300,2017-11-12 03:59:59.999,1829943.33292206,1904,153.02169100,907848.62223109,0
2017-11-12 04:00:00,5956.00000000,6054.99000000,5832.00000000,5846.00000000,204.61591000,2017-11-12 04:59:59.999,1219272.61620088,1280,83.83444500,500878.86422851,0
2017-11-12 05:00:00,5854.99000000,5869.49000000,5585.02000000,5739.97000000,327.68913900,2017-11-12 05:59:59.999,1863903.05991405,1855,148.45162700,844992.55769847,0
2017-11-12 06:00:00,5702.23000000,5734.97000000,5325.01000000,5549.97000000,446.57629200,2017-11-12 06:59:59.999,2448374.28960688,2755,182.25737700,1001088.80121405,0
2017-11-12 07:00:00,5525.00000000,6310.00000000,5510.00000000,6060.00000000,590.81815600,2017-11-12 07:59:59.999,3529443.41721582,3035,278.31909000,1667998.25348334,0
2017-11-12 08:00:00,6089.77000000,6630.00000000,6012.00000000,6144.71000000,435.52145300,2017-11-12 08:59:59.999,2725665.29622901,2780,244.97354600,1535683.09945286,0
2017-11-12 09:00:00,6100.05000000,6215.21000000,5784.22000000,6050.00000000,246.45980800,2017-11-12 09:59:59.999,1482630.18368035,1537,122.85719700,741495.15249934,0
2017-11-12 10:00:00,6050.00000000,6297.98000000,6002.35000000,6259.99000000,226.09396300,2017-11-12 10:59:59.999,1390995.21179897,1004,112.24577200,690670.47268349,0
2017-11-12 11:00:00,6273.90000000,6445.00000000,6118.00000000,6241.71000000,188.48686300,2017-11-12 11:59:59.999,1192955.27605973,1471,95.36411300,603922.86102571,0
2017-11-12 12:00:00,6241.71000000,6247.75000000,6066.58000000,6150.02000000,112.02324900,2017-11-12 12:59:59.999,692601.11389584,887,48.07964500,297462.41696893,0
2017-11-12 13:00:00,6150.03000000,6228.00000000,5983.51000000,6118.01000000,199.33513600,2017-11-12 13:59:59.999,1214176.29823832,1749,89.02316700,544178.17088755,0
2017-11-12 14:00:00,6100.02000000,6200.80000000,6100.00000000,6100.00000000,91.02453400,2017-11-12 14:59:59.999,558321.92711199,1040,35.27499400,217043.72040115,0
2017-11-12 15:00:00,6100.00000000,6320.00000000,6100.00000000,6200.02000000,187.35327400,2017-11-12 15:59:59.999,1160259.74400469,1309,87.58723300,544255.37591388,0
2017-11-12 16:00:00,6219.80000000,6219.96000000,6080.00000000,6080.11000000,74.38210900,2017-11-12 16:59:59.999,457074.51275370,491,28.24983700,173949.35524452,0
2017-11-12 17:00:00,6080.14000000,6144.96000000,6002.00000000,6063.34000000,78.66154600,2017-11-12 17:59:59.999,477764.01290327,437,27.99763200,170266.77961287,0
2017-11-12 18:00:00,6061.87000000,6199.99000000,6030.33000000,6141.33000000,73.12100600,2017-11-12 18:59:59.999,448060.97455570,382,48.00957400,294627.91559113,0
2017-11-12 19:00:00,6159.99000000,6190.24000000,5911.00000000,6020.06000000,109.81795500,2017-11-12 19:59:59.999,666658.13688307,549,46.48150100,283381.07976140,0
2017-11-12 20:00:00,6020.07000000,6099.37000000,5911.01000000,5947.90000000,88.66088100,2017-11-12 20:59:59.999,535800.50121255,605,46.14175700,279411.80163505,0
2017-11-12 21:00:00,5947.91000000,5970.56000000,5780.98000000,5864.88000000,158.24105300,2017-11-12 21:59:59.999,925616.96758417,911,67.26798700,394258.29507107,0
2017-11-12 22:00:00,5864.95000000,5864.96000000,5660.00000000,5660.02000000,162.59399000,2017-11-12 22:59:59.999,935725.62722961,974,72.20107300,416560.53056083,0
2017-11-12 23:00:00,5661.00000000,5950.00000000,5600.00000000,5811.03000000,146.67962200,2017-11-12 23:59:59.999,842886.63831065,823,60.13516600,346104.82957131,0
2017-11-13 00:00:00,5839.94000000,6016.07000000,5799.01000000,6016.07000000,86.69109200,2017-11-13 00:59:59.999,513385.79836600,555,46.76055700,277107.33595286,0
2017-11-13 01:00:00,6000.00000000,6009.99000000,5810.00000000,5829.56000000,124.53460000,2017-11-13 01:59:59.999,732901.82037257,611,67.00237200,393991.35288551,0
2017-11-13 02:00:00,5829.60000000,6030.56000000,5828.16000000,5944.52000000,87.72313900,2017-11-13 02:59:59.999,518528.12322908,817,46.90772200,277580.25766760,0
2017-11-13 03:00:00,5949.07000000,6054.94000000,5699.99000000,5983.99000000,143.75956100,2017-11-13 03:59:59.999,853967.81945009,785,75.69637600,450964.62494917,0
2017-11-13 04:00:00,5983.99000000,6090.00000000,5958.11000000,6060.18000000,116.17920500,2017-11-13 04:59:59.999,700643.28723170,723,49.95913700,301773.84237723,0
2017-11-13 05:00:00,6082.00000000,6320.00000000,6000.00000000,6250.14000000,178.13424300,2017-11-13 05:59:59.999,1104773.67638988,1158,89.95663500,557804.59499934,0
2017-11-13 06:00:00,6251.02000000,6350.00000000,6230.00000000,6284.00000000,114.70216200,2017-11-13 06:59:59.999,721490.94245083,665,58.13949500,366301.58629348,0
2017-11-13 07:00:00,6284.00000000,6285.00000000,6150.00000000,6196.66000000,92.17502800,2017-11-13 07:59:59.999,571176.98414439,537,34.66340000,214860.59594987,0
2017-11-13 08:00:00,6200.14000000,6295.87000000,6150.33000000,6212.35000000,51.58046200,2017-11-13 08:59:59.999,321429.79174495,314,24.99112100,155966.64945000,0
2017-11-13 09:00:00,6225.41000000,6379.00000000,6212.31000000,6342.11000000,80.57932000,2017-11-13 09:59:59.999,507262.18787361,431,49.84536100,313851.50817413,0
2017-11-13 10:00:00,6352.00000000,6398.99000000,6320.04000000,6397.95000000,68.53681000,2017-11-13 10:59:59.999,436501.81522531,343,34.19093300,217853.91397112,0
2017-11-13 11:00:00,6397.95000000,6497.99000000,6390.03000000,6426.02000000,147.51162100,2017-11-13 11:59:59.999,951395.07966812,682,76.20307600,491093.05108652,0
2017-11-13 12:00:00,6426.03000000,6601.99000000,6420.00000000,6598.99000000,130.70612100,2017-11-13 12:59:59.999,850192.79840378,678,75.17206100,489294.79437947,0
2017-11-13 13:00:00,6600.01000000,6697.47000000,6450.02000000,6561.81000000,269.10400700,2017-11-13 13:59:59.999,1772226.21831943,1372,155.57817200,1024941.84203278,0
2017-11-13 14:00:00,6525.40000000,6564.98000000,6357.01000000,6405.03000000,184.88268600,2017-11-13 14:59:59.999,1189658.29211731,1411,82.57490000,532585.96549167,0
2017-11-13 15:00:00,6405.00000000,6591.97000000,6400.02000000,6589.99000000,84.96844100,2017-11-13 15:59:59.999,552541.05226405,612,50.19936700,326585.82967265,0
2017-11-13 16:00:00,6582.01000000,6599.61000000,6325.12000000,6346.94000000,112.70691400,2017-11-13 16:59:59.999,726658.41798074,650,26.20287400,168883.66380843,0
2017-11-13 17:00:00,6344.98000000,6485.08000000,6325.08000000,6350.01000000,83.05946600,2017-11-13 17:59:59.999,530594.78135230,495,37.35871500,238622.57290845,0
2017-11-13 18:00:00,6350.01000000,6350.01000000,6190.00000000,6230.42000000,143.08698700,2017-11-13 18:59:59.999,897741.34326495,1176,49.38407700,309886.85161737,0
2017-11-13 19:00:00,6230.58000000,6450.00000000,6210.08000000,6366.97000000,122.93886000,2017-11-13 19:59:59.999,780097.19171250,716,67.30173100,427362.80825907,0
2017-11-13 20:00:00,6337.01000000,6425.73000000,6256.54000000,6336.54000000,69.57755600,2017-11-13 20:59:59.999,441447.01991416,424,34.11137200,216959.87899476,0
2017-11-13 21:00:00,6345.87000000,6483.00000000,6297.27000000,6400.00000000,66.12990000,2017-11-13 21:59:59.999,424904.67667302,526,38.27935100,245928.41403768,0
2017-11-13 22:00:00,6410.96000000,6446.00000000,6370.01000000,6414.99000000,26.79798500,2017-11-13 22:59:59.999,171520.22084500,188,15.88001300,101730.54476210,0
2017-11-13 23:00:00,6405.02000000,6500.00000000,6381.00000000,6465.99000000,35.17687300,2017-11-13 23:59:59.999,227096.76014559,296,13.63810100,88191.06573937,0
2017-11-14 00:00:00,6465.99000000,6610.99000000,6465.99000000,6610.99000000,98.29703800,2017-11-14 00:59:59.999,643523.66759775,545,46.15926200,302620.19537831,0
2017-11-14 01:00:00,6610.99000000,6660.00000000,6491.01000000,6600.03000000,88.93291000,2017-11-14 01:59:59.999,588737.62534748,527,43.65014500,289140.25541704,0
2017-11-14 02:00:00,6600.03000000,6642.79000000,6545.01000000,6610.41000000,59.52642100,2017-11-14 02:59:59.999,392908.50099006,390,26.45397200,174609.42173591,0
2017-11-14 03:00:00,6605.36000000,6684.98000000,6565.50000000,6590.90000000,75.56740800,2017-11-14 03:59:59.999,501478.97181512,686,40.38854300,268249.82562356,0
2017-11-14 04:00:00,6590.90000000,6646.22000000,6526.00000000,6587.80000000,61.16602500,2017-11-14 04:59:59.999,402732.62888078,595,35.27772300,232509.35808865,0
2017-11-14 05:00:00,6560.03000000,6579.66000000,6500.00000000,6519.01000000,31.43085900,2017-11-14 05:59:59.999,205139.77317131,408,15.29193300,99856.94504801,0
2017-11-14 06:00:00,6525.00000000,6599.55000000,6525.00000000,6569.97000000,40.69257500,2017-11-14 06:59:59.999,267165.04984931,335,21.75705200,142912.53580091,0
2017-11-14 07:00:00,6569.97000000,6585.75000000,6510.10000000,6545.33000000,35.94676200,2017-11-14 07:59:59.999,235345.76996969,270,13.91093100,91233.47715369,0
2017-11-14 08:00:00,6545.33000000,6563.08000000,6401.00000000,6425.07000000,79.22365100,2017-11-14 08:59:59.999,511950.59136036,924,30.07124600,193953.18575085,0
2017-11-14 09:00:00,6437.55000000,6529.73000000,6428.31000000,6529.66000000,51.69513800,2017-11-14 09:59:59.999,334879.96667444,728,24.90485100,161475.82845403,0
2017-11-14 10:00:00,6529.73000000,6560.00000000,6460.00000000,6531.95000000,63.11994400,2017-11-14 10:59:59.999,411334.72642928,560,32.49638900,211938.29814924,0
2017-11-14 11:00:00,6497.26000000,6530.22000000,6400.00000000,6410.00000000,71.70283300,2017-11-14 11:59:59.999,462067.18525962,463,28.45658600,183570.30506296,0
2017-11-14 12:00:00,6410.03000000,6437.00000000,6311.07000000,6428.46000000,105.59913600,2017-11-14 12:59:59.999,673336.69128160,648,35.04955100,223507.59996218,0
2017-11-14 13:00:00,6411.00000000,6429.19000000,6343.21000000,6379.00000000,49.71380000,2017-11-14 13:59:59.999,317022.42634872,432,28.63991700,182878.54651051,0
2017-11-14 14:00:00,6379.00000000,6498.00000000,6355.25000000,6462.92000000,52.00292900,2017-11-14 14:59:59.999,334986.10794412,405,30.86652600,198839.39440436,0
2017-11-14 15:00:00,6477.74000000,6510.00000000,6400.00000000,6436.00000000,35.89259300,2017-11-14 15:59:59.999,232214.75385494,407,17.22781300,111534.29042249,0
2017-11-14 16:00:00,6430.00000000,6511.18000000,6391.00000000,6490.01000000,56.46442300,2017-11-14 16:59:59.999,365143.92640572,295,32.20366500,208490.68559559,0
2017-11-14 17:00:00,6490.01000000,6530.00000000,6475.00000000,6481.00000000,34.24763400,2017-11-14 17:59:59.999,222716.98015689,337,18.10327000,117720.59605065,0
2017-11-14 18:00:00,6479.46000000,6531.00000000,6456.55000000,6477.44000000,26.39991500,2017-11-14 18:59:59.999,171102.71231381,179,16.47337000,106762.99062460,0
2017-11-14 19:00:00,6467.04000000,6549.00000000,6467.04000000,6532.06000000,27.89853500,2017-11-14 19:59:59.999,181409.41359900,195,23.76228300,154498.71545412,0
2017-11-14 20:00:00,6533.45000000,6578.40000000,6532.08000000,6578.33000000,26.69580000,2017-11-14 20:59:59.999,175176.61979080,219,15.76683400,103527.56797885,0
2017-11-14 21:00:00,6559.28000000,6593.00000000,6550.43000000,6575.32000000,22.44728100,2017-11-14 21:59:59.999,147375.72693816,235,9.09368300,59775.58093273,0
2017-11-14 22:00:00,6573.00000000,6588.32000000,6546.07000000,6552.42000000,25.50067100,2017-11-14 22:59:59.999,167392.18889616,284,8.16990300,53710.07538961,0
2017-11-14 23:00:00,6569.95000000,6579.99000000,6520.69000000,6574.99000000,34.12825000,2017-11-14 23:59:59.999,223587.96635287,409,17.96075400,117797.05572385,0
2017-11-15 00:00:00,6575.99000000,6734.90000000,6575.99000000,6700.00000000,77.64568400,2017-11-15 00:59:59.999,518101.13267244,537,38.77205500,258489.31004176,0
2017-11-15 01:00:00,6705.00000000,6750.00000000,6700.04000000,6740.00000000,57.78360100,2017-11-15 01:59:59.999,389326.29122920,320,39.82152400,268338.18295253,0
2017-11-15 02:00:00,6740.00000000,6899.99000000,6729.43000000,6861.00000000,104.82538500,2017-11-15 02:59:59.999,715076.55188970,673,47.35449400,322609.03088465,0
2017-11-15 03:00:00,6861.00000000,6877.45000000,6713.26000000,6815.09000000,73.83979900,2017-11-15 03:59:59.999,502011.27539753,383,37.97779900,258265.43250592,0
2017-11-15 04:00:00,6815.06000000,6829.89000000,6749.98000000,6780.07000000,67.21305200,2017-11-15 04:59:59.999,456017.57916527,423,26.94278600,182942.41296291,0
2017-11-15 05:00:00,6795.66000000,6815.00000000,6758.03000000,6790.00000000,52.13779800,2017-11-15 05:59:59.999,354189.43510529,456,31.09741000,211347.19118129,0
2017-11-15 06:00:00,6788.00000000,6819.79000000,6750.03000000,6810.00000000,41.01052700,2017-11-15 06:59:59.999,278332.14871260,415,21.59771600,146648.84656266,0
2017-11-15 07:00:00,6810.00000000,6908.00000000,6796.08000000,6850.23000000,130.16843400,2017-11-15 07:59:59.999,894770.37883979,444,66.93732200,459708.84197243,0
2017-11-15 08:00:00,6850.23000000,6881.95000000,6834.79000000,6861.06000000,46.74695200,2017-11-15 08:59:59.999,321315.57345844,328,18.66559900,128335.17602762,0
2017-11-15 09:00:00,6871.80000000,6919.00000000,6825.00000000,6825.00000000,76.52282400,2017-11-15 09:59:59.999,527229.68232061,325,49.85849000,343734.65019767,0
2017-11-15 10:00:00,6855.00000000,6899.00000000,6825.00000000,6895.00000000,51.33533500,2017-11-15 10:59:59.999,352411.28195482,349,25.70672300,176580.55832978,0
2017-11-15 11:00:00,6888.04000000,6998.00000000,6888.04000000,6998.00000000,51.47610000,2017-11-15 11:59:59.999,357349.71231085,302,36.32224300,252154.84799559,0
2017-11-15 12:00:00,6998.00000000,7098.99000000,6998.00000000,7095.01000000,149.66192700,2017-11-15 12:59:59.999,1054080.07888111,883,101.72188700,716947.68494742,0
2017-11-15 13:00:00,7098.99000000,7098.99000000,7027.76000000,7065.00000000,74.72870400,2017-11-15 13:59:59.999,527688.91241693,676,42.70643800,301652.27718372,0
2017-11-15 14:00:00,7044.59000000,7153.02000000,7044.01000000,7132.86000000,102.35552700,2017-11-15 14:59:59.999,728598.19779362,566,66.56952000,473982.96643982,0
2017-11-15 15:00:00,7121.00000000,7248.00000000,7118.08000000,7245.00000000,81.60189700,2017-11-15 15:59:59.999,587208.45230167,483,57.34167100,412424.37956397,0
2017-11-15 16:00:00,7248.98000000,7249.99000000,7057.00000000,7146.99000000,140.44124500,2017-11-15 16:59:59.999,1005154.85264049,703,60.66297200,434676.18366062,0
2017-11-15 17:00:00,7146.99000000,7195.98000000,7123.00000000,7157.56000000,58.38348700,2017-11-15 17:59:59.999,417600.29930701,340,24.54568500,175767.53689743,0
2017-11-15 18:00:00,7143.71000000,7168.69000000,7062.58000000,7087.00000000,72.93498800,2017-11-15 18:59:59.999,518913.75164569,291,26.34033800,187630.04709049,0
2017-11-15 19:00:00,7087.00000000,7213.99000000,7075.01000000,7182.00000000,55.11194800,2017-11-15 19:59:59.999,393732.12537679,286,31.97659200,228120.51083358,0
2017-11-15 20:00:00,7181.98000000,7290.00000000,7154.21000000,7244.98000000,74.85680200,2017-11-15 20:59:59.999,542646.11638292,342,33.99125800,246624.61443091,0
2017-11-15 21:00:00,7231.95000000,7297.00000000,7220.00000000,7290.00000000,47.54366300,2017-11-15 21:59:59.999,344929.94181630,227,25.42054200,184819.96938446,0
2017-11-15 22:00:00,7289.00000000,7298.00000000,7200.01000000,7200.43000000,37.73871600,2017-11-15 22:59:59.999,273501.83879186,293,12.06213500,87404.03804755,0
2017-11-15 23:00:00,7200.66000000,7250.03000000,7165.01000000,7240.06000000,53.54145000,2017-11-15 23:59:59.999,386000.84051728,268,34.19879100,246753.34249262,0
2017-11-16 00:00:00,7240.14000000,7279.99000000,7175.10000000,7190.60000000,57.69315000,2017-11-16 00:59:59.999,415977.26534196,316,12.94672000,93483.97349082,0
2017-11-16 01:00:00,7190.60000000,7190.60000000,7076.00000000,7125.00000000,74.08077800,2017-11-16 01:59:59.999,527508.11937272,494,37.30049800,265715.12251154,0
2017-11-16 02:00:00,7125.00000000,7178.78000000,7080.00000000,7170.57000000,50.92395800,2017-11-16 02:59:59.999,363537.52537847,393,33.65084400,240383.74614136,0
2017-11-16 03:00:00,7174.99000000,7240.00000000,7152.07000000,7239.00000000,38.92618000,2017-11-16 03:59:59.999,279343.55930839,232,27.69973200,198854.87004723,0
2017-11-16 04:00:00,7219.52000000,7234.48000000,7175.01000000,7200.00000000,64.58225900,2017-11-16 04:59:59.999,465307.51459734,289,13.94715300,100611.89325437,0
2017-11-16 05:00:00,7185.13000000,7214.00000000,7145.00000000,7214.00000000,31.12639700,2017-11-16 05:59:59.999,223269.56114254,231,15.74542800,112998.87102151,0
2017-11-16 06:00:00,7213.49000000,7283.43000000,7200.01000000,7268.07000000,32.13067900,2017-11-16 06:59:59.999,232730.37788405,309,21.17976700,153443.01591238,0
2017-11-16 07:00:00,7268.08000000,7390.00000000,7250.06000000,7369.99000000,70.32542900,2017-11-16 07:59:59.999,514512.44229026,431,50.30771800,368129.58488197,0
2017-11-16 08:00:00,7369.99000000,7419.99000000,7360.00000000,7417.94000000,109.69134100,2017-11-16 08:59:59.999,810737.32172508,711,49.61581400,366828.62273918,0
2017-11-16 09:00:00,7417.94000000,7488.98000000,7400.00000000,7488.98000000,98.24324500,2017-11-16 09:59:59.999,731950.58444205,748,42.77417400,318595.23685131,0
2017-11-16 10:00:00,7487.97000000,7546.70000000,7445.67000000,7470.97000000,169.48521000,2017-11-16 10:59:59.999,1269847.96334807,1205,98.37817500,737478.70989537,0
2017-11-16 11:00:00,7470.98000000,7490.00000000,7360.00000000,7380.54000000,144.17545000,2017-11-16 11:59:59.999,1070646.67106828,711,65.54689700,486525.90675995,0
2017-11-16 12:00:00,7380.53000000,7491.98000000,7380.53000000,7431.34000000,102.55137700,2017-11-16 12:59:59.999,763460.21038502,622,52.34382500,389581.52993086,0
2017-11-16 13:00:00,7431.33000000,7487.26000000,7313.00000000,7340.60000000,149.84211400,2017-11-16 13:59:59.999,1106044.75642450,974,82.82597500,611464.00094830,0
2017-11-16 14:00:00,7340.60000000,7501.00000000,7335.92000000,7500.00000000,99.67481800,2017-11-16 14:59:59.999,739467.13520572,797,57.46742600,426086.07609431,0
2017-11-16 15:00:00,7500.00000000,7509.72000000,7427.00000000,7427.00000000,101.49879100,2017-11-16 15:59:59.999,758151.17918355,604,47.52636200,355262.34716779,0
2017-11-16 16:00:00,7427.01000000,7474.51000000,7393.38000000,7445.32000000,85.96296400,2017-11-16 16:59:59.999,639676.92139147,503,63.57757100,473198.96545683,0
2017-11-16 17:00:00,7445.30000000,7668.48000000,7425.11000000,7666.64000000,123.43276200,2017-11-16 17:59:59.999,931351.82859283,744,80.96652800,610397.77781047,0
2017-11-16 18:00:00,7660.53000000,7800.00000000,7580.03000000,7798.49000000,149.39668800,2017-11-16 18:59:59.999,1150741.54349605,908,81.22548400,625838.99079345,0
2017-11-16 19:00:00,7798.49000000,7800.19000000,7665.12000000,7735.96000000,159.11895700,2017-11-16 19:59:59.999,1234088.20586385,814,56.00584900,433888.83568594,0
2017-11-16 20:00:00,7735.95000000,7769.82000000,7665.12000000,7769.82000000,51.32698300,2017-11-16 20:59:59.999,395758.26225235,313,28.62460800,220876.50530114,0
2017-11-16 21:00:00,7746.00000000,7888.88000000,7728.00000000,7887.18000000,100.02396600,2017-11-16 21:59:59.999,780380.89243627,683,45.83852600,358592.43202298,0
2017-11-16 22:00:00,7887.18000000,7940.00000000,7682.23000000,7765.62000000,142.29231100,2017-11-16 22:59:59.999,1111356.76695995,1071,71.51239900,559088.14945556,0
2017-11-16 23:00:00,7785.03000000,7882.00000000,7760.07000000,7864.50000000,125.45094300,2017-11-16 23:59:59.999,983730.65006890,858,59.40324400,465889.40606178,0
2017-11-17 00:00:00,7876.98000000,7985.00000000,7848.08000000,7924.98000000,149.67469700,2017-11-17 00:59:59.999,1187789.21326609,978,85.12416400,675777.83062473,0
2017-11-17 01:00:00,7907.06000000,7989.00000000,7860.03000000,7880.50000000,160.79868200,2017-11-17 01:59:59.999,1276319.66549052,1128,72.43886000,575395.48890430,0
2017-11-17 02:00:00,7880.52000000,7898.93000000,7755.00000000,7878.95000000,147.24170300,2017-11-17 02:59:59.999,1154474.46947880,1033,72.90163400,571860.41112029,0
2017-11-17 03:00:00,7878.95000000,7970.00000000,7866.60000000,7890.00000000,112.68509000,2017-11-17 03:59:59.999,893273.86702978,923,58.98442300,467473.27452019,0
2017-11-17 04:00:00,7894.98000000,7930.80000000,7820.01000000,7849.99000000,176.12158700,2017-11-17 04:59:59.999,1385910.83461339,1064,117.89204800,927908.78232685,0
2017-11-17 05:00:00,7849.99000000,7919.95000000,7820.00000000,7914.86000000,140.04703500,2017-11-17 05:59:59.999,1101297.91873695,852,59.09447800,464698.63277877,0
2017-11-17 06:00:00,7918.21000000,7918.22000000,7852.00000000,7854.00000000,110.09681900,2017-11-17 06:59:59.999,866738.63631064,780,65.51317600,515984.98740088,0
2017-11-17 07:00:00,7865.95000000,7865.95000000,7472.31000000,7498.00000000,280.63778100,2017-11-17 07:59:59.999,2142192.56531899,1597,157.98681700,1204919.35372121,0
2017-11-17 08:00:00,7497.98000000,7758.12000000,7451.00000000,7700.60000000,190.71492000,2017-11-17 08:59:59.999,1452262.41433679,1266,104.02443900,792080.11379733,0
2017-11-17 09:00:00,7701.04000000,7800.00000000,7675.76000000,7746.99000000,177.44274700,2017-11-17 09:59:59.999,1373721.79414069,1018,69.64850000,538942.32068734,0
2017-11-17 10:00:00,7746.99000000,7865.02000000,7702.99000000,7865.02000000,140.11486500,2017-11-17 10:59:59.999,1091391.18785926,875,56.09547500,437381.71490021,0
2017-11-17 11:00:00,7866.00000000,7900.00000000,7740.20000000,7765.08000000,111.18826300,2017-11-17 11:59:59.999,868500.61735860,883,59.46011800,464784.52825274,0
2017-11-17 12:00:00,7769.17000000,7870.00000000,7627.87000000,7698.64000000,155.92251700,2017-11-17 12:59:59.999,1211824.13594271,1508,66.14999300,516251.68114534,0
2017-11-17 13:00:00,7697.62000000,7800.50000000,7690.00000000,7747.03000000,153.98833200,2017-11-17 13:59:59.999,1194391.29771926,903,81.99535500,636245.29955409,0
2017-11-17 14:00:00,7752.98000000,7850.00000000,7735.06000000,7830.09000000,208.07068100,2017-11-17 14:59:59.999,1619779.39428437,976,87.21743700,678388.73222878,0
2017-11-17 15:00:00,7830.11000000,7948.99000000,7830.02000000,7928.96000000,266.87071400,2017-11-17 15:59:59.999,2103948.41323627,927,139.62881600,1101367.63336436,0
2017-11-17 16:00:00,7928.96000000,7950.00000000,7815.02000000,7842.98000000,126.61562500,2017-11-17 16:59:59.999,997881.43200117,715,67.50784700,532292.92985233,0
2017-11-17 17:00:00,7836.01000000,7877.96000000,7755.00000000,7800.09000000,169.74278100,2017-11-17 17:59:59.999,1326020.66895545,719,77.53890200,606722.81119378,0
2017-11-17 18:00:00,7800.08000000,7840.00000000,7692.58000000,7813.67000000,136.96954400,2017-11-17 18:59:59.999,1067621.81188301,512,24.21978600,188984.71978885,0
2017-11-17 19:00:00,7787.88000000,7885.72000000,7714.21000000,7799.37000000,194.86425700,2017-11-17 19:59:59.999,1518763.93861399,498,87.75229300,684231.61531606,0
2017-11-17 20:00:00,7799.38000000,7799.40000000,7610.00000000,7696.63000000,136.40092500,2017-11-17 20:59:59.999,1055256.32244124,641,74.32265800,576070.62588188,0
2017-11-17 21:00:00,7696.59000000,7814.99000000,7608.00000000,7709.98000000,235.02269400,2017-11-17 21:59:59.999,1802957.83728750,887,82.37808000,632422.63395331,0
2017-11-17 22:00:00,7709.97000000,7819.63000000,7671.47000000,7763.69000000,131.16870700,2017-11-17 22:59:59.999,1016044.57282967,594,54.81462000,424833.12134199,0
2017-11-17 23:00:00,7790.17000000,7819.50000000,7630.01000000,7699.19000000,169.99495900,2017-11-17 23:59:59.999,1315729.61037665,735,87.51831800,678049.72584002,0
2017-11-18 00:00:00,7680.01000000,7697.35000000,7549.00000000,7604.98000000,139.72678000,2017-11-18 00:59:59.999,1063475.00779543,972,58.92189500,448649.45974586,0
2017-11-18 01:00:00,7601.08000000,7687.99000000,7461.00000000,7461.18000000,151.56092900,2017-11-18 01:59:59.999,1146429.07095245,1097,82.76407400,625885.10093439,0
2017-11-18 02:00:00,7461.34000000,7534.99000000,7422.00000000,7446.11000000,236.48323000,2017-11-18 02:59:59.999,1768431.33739767,1135,136.29186500,1019883.29378202,0
2017-11-18 03:00:00,7467.94000000,7649.99000000,7446.09000000,7588.72000000,161.38820700,2017-11-18 03:59:59.999,1220680.02020715,928,76.52319700,578290.61075765,0
2017-11-18 04:00:00,7588.59000000,7699.96000000,7519.79000000,7699.96000000,203.65868400,2017-11-18 04:59:59.999,1553445.36190691,768,96.74458900,739632.09558916,0
2017-11-18 05:00:00,7689.99000000,7690.98000000,7632.14000000,7658.01000000,125.82851600,2017-11-18 05:59:59.999,963599.66918149,493,70.29754500,538778.36303959,0
2017-11-18 06:00:00,7658.02000000,7659.91000000,7560.00000000,7566.87000000,180.20559500,2017-11-18 06:59:59.999,1373216.98206889,665,64.78399000,493485.66927723,0
2017-11-18 07:00:00,7566.85000000,7674.99000000,7560.02000000,7674.97000000,118.93215200,2017-11-18 07:59:59.999,905708.38811221,514,52.96017500,404024.06825125,0
2017-11-18 08:00:00,7674.97000000,7749.00000000,7656.98000000,7708.15000000,134.72330000,2017-11-18 08:59:59.999,1038272.55867783,1081,74.14199000,570941.72846504,0
2017-11-18 09:00:00,7708.15000000,7759.48000000,7665.02000000,7740.02000000,139.22234600,2017-11-18 09:59:59.999,1073822.17151535,684,64.54686900,498119.06538354,0
2017-11-18 10:00:00,7740.01000000,7756.95000000,7680.10000000,7710.63000000,209.37505100,2017-11-18 10:59:59.999,1615316.00939822,884,94.50072100,729252.47091652,0
2017-11-18 11:00:00,7705.00000000,7749.99000000,7660.01000000,7747.96000000,152.43587800,2017-11-18 11:59:59.999,1172977.17595513,836,81.40823200,626703.47562662,0
2017-11-18 12:00:00,7747.00000000,7747.00000000,7670.00000000,7705.00000000,141.86334200,2017-11-18 12:59:59.999,1093085.98349505,680,25.58833500,197351.38979062,0
2017-11-18 13:00:00,7704.01000000,7734.37000000,7630.10000000,7655.33000000,141.14174000,2017-11-18 13:59:59.999,1084528.20976865,711,85.99808300,661250.52700951,0
2017-11-18 14:00:00,7630.11000000,7699.99000000,7602.02000000,7695.84000000,111.22340400,2017-11-18 14:59:59.999,852658.62262854,671,66.89122000,512868.95718794,0
2017-11-18 15:00:00,7681.13000000,7695.73000000,7616.04000000,7676.09000000,215.32500600,2017-11-18 15:59:59.999,1648660.22640286,926,103.98508300,796252.41371866,0
2017-11-18 16:00:00,7676.81000000,7698.99000000,7632.03000000,7639.98000000,166.76519500,2017-11-18 16:59:59.999,1280262.94401403,1068,64.56085300,495817.77316107,0
2017-11-18 17:00:00,7639.98000000,7724.89000000,7603.00000000,7699.93000000,180.00349300,2017-11-18 17:59:59.999,1379567.48012993,857,54.15459200,415023.52342538,0
2017-11-18 18:00:00,7698.66000000,7757.00000000,7665.00000000,7739.98000000,116.18618200,2017-11-18 18:59:59.999,896790.08829219,518,46.36739600,358185.35095087,0
2017-11-18 19:00:00,7730.20000000,7758.96000000,7726.07000000,7726.14000000,200.69297600,2017-11-18 19:59:59.999,1553518.20888741,620,126.08577400,976103.26140624,0
2017-11-18 20:00:00,7726.12000000,7760.00000000,7715.19000000,7745.50000000,142.62532200,2017-11-18 20:59:59.999,1103520.08569216,336,59.29582500,459137.85467997,0
2017-11-18 21:00:00,7745.43000000,7819.99000000,7705.20000000,7811.41000000,213.05378000,2017-11-18 21:59:59.999,1654428.47697424,735,149.70359900,1162313.93294293,0
2017-11-18 22:00:00,7810.07000000,7815.00000000,7750.06000000,7796.15000000,89.22935300,2017-11-18 22:59:59.999,693939.04372544,592,56.40673300,438979.33564849,0
2017-11-18 23:00:00,7775.31000000,7800.15000000,7750.71000000,7761.94000000,282.61601600,2017-11-18 23:59:59.999,2198165.19207789,612,98.41768900,765640.16676278,0
2017-11-19 00:00:00,7761.94000000,7783.74000000,7750.66000000,7772.00000000,112.65619200,2017-11-19 00:59:59.999,875529.54684724,574,47.33873700,368006.81394212,0
2017-11-19 01:00:00,7772.01000000,7804.99000000,7760.01000000,7804.96000000,116.55539100,2017-11-19 01:59:59.999,908416.36528279,390,28.59788900,222921.17713794,0
2017-11-19 02:00:00,7804.91000000,7818.93000000,7751.38000000,7768.90000000,181.40338800,2017-11-19 02:59:59.999,1414264.95212044,581,117.53963400,916249.64280553,0
2017-11-19 03:00:00,7768.87000000,7804.98000000,7760.29000000,7779.99000000,138.09220700,2017-11-19 03:59:59.999,1074851.95071478,397,61.50703800,478920.72775176,0
2017-11-19 04:00:00,7777.82000000,7808.94000000,7760.15000000,7769.96000000,144.92194600,2017-11-19 04:59:59.999,1129449.63444977,401,39.06512500,304604.47423116,0
2017-11-19 05:00:00,7779.98000000,7789.98000000,7712.01000000,7750.04000000,145.87656700,2017-11-19 05:59:59.999,1131105.96625696,465,87.94435600,682147.49410614,0
2017-11-19 06:00:00,7730.17000000,7770.00000000,7701.71000000,7713.06000000,153.24414600,2017-11-19 06:59:59.999,1185676.96978689,723,91.51505400,707969.07193292,0
2017-11-19 07:00:00,7713.07000000,7723.95000000,7650.33000000,7690.01000000,132.91684700,2017-11-19 07:59:59.999,1021576.64479587,881,70.78120900,544129.90051407,0
2017-11-19 08:00:00,7690.06000000,7716.29000000,7675.62000000,7709.99000000,185.81511000,2017-11-19 08:59:59.999,1430288.36297813,635,113.57121100,875092.20722027,0
2017-11-19 09:00:00,7709.97000000,7767.99000000,7702.02000000,7759.66000000,168.90857700,2017-11-19 09:59:59.999,1309150.26710790,559,132.65047200,1027979.03465950,0
2017-11-19 10:00:00,7759.67000000,7770.00000000,7744.58000000,7769.97000000,159.01255200,2017-11-19 10:59:59.999,1233556.45829978,521,96.16535800,746146.03872027,0
2017-11-19 11:00:00,7763.03000000,7789.24000000,7735.49000000,7753.83000000,160.92613000,2017-11-19 11:59:59.999,1248754.22154069,597,71.25312900,552893.43625071,0
2017-11-19 12:00:00,7735.49000000,7778.90000000,7703.00000000,7705.03000000,146.29339800,2017-11-19 12:59:59.999,1130489.59214568,602,73.10597700,565445.21789178,0
2017-11-19 13:00:00,7705.03000000,7778.90000000,7700.00000000,7778.80000000,159.32211900,2017-11-19 13:59:59.999,1231537.50857723,610,57.70817400,446275.17194489,0
2017-11-19 14:00:00,7778.80000000,7780.00000000,7750.00000000,7779.90000000,152.49174300,2017-11-19 14:59:59.999,1185521.18199566,615,80.26336600,624217.82201123,0
2017-11-19 15:00:00,7779.91000000,7780.00000000,7700.00000000,7750.02000000,125.04968900,2017-11-19 15:59:59.999,969023.13272337,488,51.13945400,396494.35889643,0
2017-11-19 16:00:00,7750.06000000,7809.08000000,7737.17000000,7790.00000000,142.61889400,2017-11-19 16:59:59.999,1108215.00778859,472,103.80656800,806481.82492122,0
2017-11-19 17:00:00,7789.99000000,7955.01000000,7770.19000000,7944.00000000,180.47669200,2017-11-19 17:59:59.999,1415360.29247733,910,136.34891600,1067646.92601699,0
2017-11-19 18:00:00,7944.00000000,8044.23000000,7923.01000000,8011.98000000,190.55756200,2017-11-19 18:59:59.999,1524416.99581145,1206,109.50093800,875601.66923014,0
2017-11-19 19:00:00,8011.97000000,8037.97000000,7951.00000000,8024.98000000,151.32837200,2017-11-19 19:59:59.999,1212263.45520570,671,109.84049500,880134.76738217,0
2017-11-19 20:00:00,8024.98000000,8123.15000000,8004.36000000,8062.27000000,324.68313600,2017-11-19 20:59:59.999,2619048.42182494,824,140.28480700,1131332.64982070,0
2017-11-19 21:00:00,8056.00000000,8098.49000000,8015.00000000,8015.00000000,188.11186600,2017-11-19 21:59:59.999,1517270.11680585,684,111.77743500,901655.67705027,0
2017-11-19 22:00:00,8015.00000000,8032.50000000,7938.01000000,7998.98000000,177.12574200,2017-11-19 22:59:59.999,1415491.50804857,617,90.80099600,725917.61276021,0
2017-11-19 23:00:00,7998.97000000,8084.98000000,7975.13000000,8038.00000000,128.95217800,2017-11-19 23:59:59.999,1031377.21536009,474,75.10700800,600614.13051865,0
2017-11-20 00:00:00,8057.11000000,8083.49000000,8035.53000000,8047.53000000,131.77416300,2017-11-20 00:59:59.999,1061801.02293587,431,59.36262600,478423.26037984,0
2017-11-20 01:00:00,8054.98000000,8076.88000000,8012.00000000,8025.03000000,102.29787800,2017-11-20 01:59:59.999,822679.76242862,320,54.91677200,442061.08900968,0
2017-11-20 02:00:00,8030.00000000,8049.46000000,7992.00000000,8000.00000000,179.85618100,2017-11-20 02:59:59.999,1441850.10804458,751,56.82251700,455880.72641218,0
2017-11-20 03:00:00,7999.97000000,8022.16000000,7962.00000000,7972.55000000,188.49528200,2017-11-20 03:59:59.999,1505362.72376319,620,102.62070300,819811.23050184,0
2017-11-20 04:00:00,7971.07000000,8050.00000000,7971.07000000,8028.97000000,125.96325300,2017-11-20 04:59:59.999,1007714.68561448,633,58.08032100,464572.69665050,0
2017-11-20 05:00:00,8028.98000000,8034.96000000,7954.00000000,7997.11000000,209.18170500,2017-11-20 05:59:59.999,1672813.01725670,643,142.28914900,1137932.02690116,0
2017-11-20 06:00:00,7997.97000000,8032.00000000,7963.49000000,8009.59000000,172.98671800,2017-11-20 06:59:59.999,1382688.89914177,795,99.27388700,793693.53654178,0
2017-11-20 07:00:00,8009.98000000,8039.97000000,7999.00000000,8014.01000000,136.90735500,2017-11-20 07:59:59.999,1098179.85426429,640,94.71503400,760171.41862084,0
2017-11-20 08:00:00,8014.02000000,8061.14000000,8014.01000000,8058.98000000,198.43985200,2017-11-20 08:59:59.999,1595439.33241657,661,57.52257200,462924.29905734,0
2017-11-20 09:00:00,8050.03000000,8076.88000000,8016.07000000,8021.07000000,150.15998300,2017-11-20 09:59:59.999,1208813.95566030,609,56.08009600,451442.12254049,0
2017-11-20 10:00:00,8021.07000000,8051.01000000,8021.07000000,8044.97000000,168.92870600,2017-11-20 10:59:59.999,1357474.06953589,736,109.85017600,882898.93089148,0
2017-11-20 11:00:00,8040.00000000,8076.88000000,8033.00000000,8057.01000000,167.81230900,2017-11-20 11:59:59.999,1350701.87919915,617,76.29453300,614276.10952947,0
2017-11-20 12:00:00,8066.98000000,8160.15000000,8057.53000000,8139.98000000,175.40239400,2017-11-20 12:59:59.999,1422838.14614667,824,90.24025300,732335.44145773,0
2017-11-20 13:00:00,8136.71000000,8200.00000000,8125.58000000,8138.01000000,139.11286200,2017-11-20 13:59:59.999,1135258.45015032,936,63.71574900,520298.59160358,0
2017-11-20 14:00:00,8138.02000000,8239.98000000,8138.02000000,8237.95000000,204.91060700,2017-11-20 14:59:59.999,1678781.99658234,991,70.33407300,576741.80240498,0
2017-11-20 15:00:00,8230.04000000,8237.98000000,8180.00000000,8217.31000000,146.05296400,2017-11-20 15:59:59.999,1200125.69035361,670,60.21699400,494905.82197361,0
2017-11-20 16:00:00,8217.98000000,8248.04000000,8190.30000000,8248.04000000,237.70423100,2017-11-20 16:59:59.999,1953884.34302720,757,109.74115100,902851.75191737,0
2017-11-20 17:00:00,8244.40000000,8290.00000000,8244.40000000,8263.08000000,215.57677600,2017-11-20 17:59:59.999,1782171.05760761,1028,89.21502500,737872.27731247,0
2017-11-20 18:00:00,8244.44000000,8279.90000000,8185.01000000,8189.95000000,114.89541900,2017-11-20 18:59:59.999,944827.98039041,679,49.85856800,410162.19885454,0
2017-11-20 19:00:00,8185.00000000,8255.99000000,8177.30000000,8237.77000000,164.19054300,2017-11-20 19:59:59.999,1349657.40800920,584,48.13065500,395649.14407982,0
2017-11-20 20:00:00,8237.77000000,8260.05000000,8201.00000000,8238.48000000,146.20071500,2017-11-20 20:59:59.999,1204479.08573709,1634,98.42934700,811070.42610481,0
2017-11-20 21:00:00,8238.48000000,8287.88000000,8238.48000000,8263.93000000,166.30970200,2017-11-20 21:59:59.999,1373527.21428932,1889,76.26182700,629840.67843200,0
2017-11-20 22:00:00,8264.02000000,8299.94000000,8262.57000000,8279.04000000,118.89252200,2017-11-20 22:59:59.999,983988.49687996,1281,41.18031900,340927.21924597,0
2017-11-20 23:00:00,8279.01000000,8319.99000000,8211.00000000,8212.00000000,124.58222800,2017-11-20 23:59:59.999,1032076.20787781,1372,51.21399200,424709.92871064,0
2017-11-21 00:00:00,8212.49000000,8256.71000000,8208.90000000,8235.04000000,186.70044200,2017-11-21 00:59:59.999,1536819.66887242,961,121.92510700,1003938.41916706,0
2017-11-21 01:00:00,8236.01000000,8290.00000000,8235.04000000,8263.89000000,161.56967200,2017-11-21 01:59:59.999,1335111.26332147,643,56.27336000,465084.38565377,0
2017-11-21 02:00:00,8269.99000000,8269.99000000,8050.00000000,8095.14000000,222.64110800,2017-11-21 02:59:59.999,1821121.48694140,1006,135.51452000,1108690.42654044,0
2017-11-21 03:00:00,8095.15000000,8120.00000000,7801.00000000,7894.41000000,403.79065500,2017-11-21 03:59:59.999,3203264.37729219,2719,203.67351500,1615199.69103775,0
2017-11-21 04:00:00,7894.41000000,8014.98000000,7821.00000000,7879.99000000,365.06370400,2017-11-21 04:59:59.999,2891483.18942274,2514,173.52594700,1376074.05775683,0
2017-11-21 05:00:00,7879.91000000,8119.99000000,7861.38000000,8086.02000000,299.05540300,2017-11-21 05:59:59.999,2396050.76768250,1021,140.37500600,1124016.94950085,0
2017-11-21 06:00:00,8098.79000000,8168.00000000,8060.02000000,8073.99000000,230.51325400,2017-11-21 06:59:59.999,1869231.89780161,876,126.35372700,1024712.95900192,0
2017-11-21 07:00:00,8073.99000000,8184.99000000,8060.05000000,8165.55000000,240.48475200,2017-11-21 07:59:59.999,1957676.34422207,656,122.29857900,996550.33317551,0
2017-11-21 08:00:00,8165.38000000,8231.35000000,8155.08000000,8210.98000000,206.06668500,2017-11-21 08:59:59.999,1690102.25553240,568,66.49829800,545444.74144598,0
2017-11-21 09:00:00,8214.75000000,8270.05000000,8160.16000000,8238.80000000,208.40611500,2017-11-21 09:59:59.999,1708092.69113887,610,54.24769700,445458.11461167,0
2017-11-21 10:00:00,8238.81000000,8255.91000000,8190.25000000,8214.00000000,118.85166600,2017-11-21 10:59:59.999,976763.88377314,470,69.31648200,569722.54439193,0
2017-11-21 11:00:00,8219.98000000,8259.03000000,8195.80000000,8241.06000000,167.02214000,2017-11-21 11:59:59.999,1373700.74857702,547,90.61967800,745779.16572490,0
2017-11-21 12:00:00,8252.25000000,8289.93000000,8226.07000000,8226.52000000,187.98905800,2017-11-21 12:59:59.999,1553626.78349837,643,83.30023400,688812.68536994,0
2017-11-21 13:00:00,8249.27000000,8265.93000000,8125.00000000,8224.31000000,158.08837000,2017-11-21 13:59:59.999,1303120.84699097,621,88.85012800,733226.64146537,0
2017-11-21 14:00:00,8224.21000000,8400.00000000,8218.00000000,8363.00000000,163.17341600,2017-11-21 14:59:59.999,1349492.16310537,800,76.92778500,637160.27824981,0
2017-11-21 15:00:00,8369.75000000,8399.99000000,8333.51000000,8370.01000000,173.88346600,2017-11-21 15:59:59.999,1455775.09358849,1016,80.91881800,677836.22710154,0
2017-11-21 16:00:00,8383.44000000,8384.98000000,8256.00000000,8287.89000000,154.75465900,2017-11-21 16:59:59.999,1291520.88764815,952,66.72302500,556801.32163127,0
2017-11-21 17:00:00,8287.82000000,8345.13000000,8271.31000000,8300.05000000,189.79825000,2017-11-21 17:59:59.999,1578778.17596643,605,78.86325900,656262.67762632,0
2017-11-21 18:00:00,8300.05000000,8321.99000000,8255.08000000,8270.60000000,125.11712900,2017-11-21 18:59:59.999,1037651.29133506,497,74.62336600,619735.55959555,0
2017-11-21 19:00:00,8256.02000000,8298.00000000,8070.00000000,8109.83000000,183.92862200,2017-11-21 19:59:59.999,1509368.84563625,827,89.46275100,733157.24792405,0
2017-11-21 20:00:00,8109.85000000,8220.18000000,8109.81000000,8220.18000000,53.05697700,2017-11-21 20:59:59.999,432450.33330107,573,21.06335700,171790.47519967,0
2017-11-21 21:00:00,8180.29000000,8248.89000000,8135.18000000,8159.00000000,85.52252200,2017-11-21 21:59:59.999,700787.02883048,444,60.29323800,493823.09513676,0
2017-11-21 22:00:00,8168.66000000,8176.51000000,8074.98000000,8075.03000000,170.25210400,2017-11-21 22:59:59.999,1382856.52004979,748,99.25357500,806622.36403730,0
2017-11-21 23:00:00,8075.04000000,8189.99000000,8070.03000000,8119.51000000,88.74384700,2017-11-21 23:59:59.999,720151.03638079,481,41.38976300,335993.75232305,0
2017-11-22 00:00:00,8091.09000000,8202.81000000,8091.09000000,8195.00000000,111.42384000,2017-11-22 00:59:59.999,910356.12973234,404,65.23157600,533402.94452259,0
2017-11-22 01:00:00,8195.00000000,8211.15000000,8128.15000000,8175.00000000,174.75645500,2017-11-22 01:59:59.999,1429823.28411047,604,126.19034500,1032447.52150931,0
2017-11-22 02:00:00,8174.98000000,8201.05000000,8135.01000000,8174.29000000,112.60678600,2017-11-22 02:59:59.999,919955.31346081,544,45.50206200,371817.14184085,0
2017-11-22 03:00:00,8174.28000000,8221.30000000,8150.01000000,8189.89000000,90.08237100,2017-11-22 03:59:59.999,737044.83407898,373,46.78525900,382800.76038926,0
2017-11-22 04:00:00,8172.04000000,8210.72000000,8130.01000000,8175.28000000,116.64224600,2017-11-22 04:59:59.999,953170.60296091,605,62.53345400,511293.09843618,0
2017-11-22 05:00:00,8175.36000000,8207.00000000,8166.60000000,8187.70000000,220.72918500,2017-11-22 05:59:59.999,1804967.16241123,513,138.18759500,1130360.86992974,0
2017-11-22 06:00:00,8187.69000000,8215.71000000,8155.19000000,8215.49000000,115.60413500,2017-11-22 06:59:59.999,946085.98294865,506,52.49998100,429818.22558498,0
2017-11-22 07:00:00,8215.47000000,8289.94000000,8215.00000000,8289.88000000,227.20791200,2017-11-22 07:59:59.999,1876529.93807603,793,91.77198500,758649.16333027,0
2017-11-22 08:00:00,8289.89000000,8318.00000000,8271.06000000,8304.13000000,224.73798200,2017-11-22 08:59:59.999,1865441.92318514,692,124.23154700,1031128.46860057,0
2017-11-22 09:00:00,8316.99000000,8322.68000000,8250.02000000,8271.01000000,161.77034200,2017-11-22 09:59:59.999,1341027.13797226,677,116.87072500,969307.05688135,0
2017-11-22 10:00:00,8270.02000000,8314.83000000,8260.03000000,8309.42000000,211.25762900,2017-11-22 10:59:59.999,1750907.08162373,700,112.86599700,935165.46590344,0
2017-11-22 11:00:00,8309.42000000,8319.00000000,8248.77000000,8270.02000000,175.51682800,2017-11-22 11:59:59.999,1455692.90979485,804,101.07297800,838422.66520465,0
2017-11-22 12:00:00,8270.12000000,8290.00000000,8210.50000000,8250.01000000,206.44844100,2017-11-22 12:59:59.999,1705037.39836205,695,81.41409200,672631.47198343,0
2017-11-22 13:00:00,8240.00000000,8259.97000000,8130.01000000,8150.22000000,203.74061500,2017-11-22 13:59:59.999,1671021.90925651,1099,93.86984500,770693.09611970,0
2017-11-22 14:00:00,8169.00000000,8240.36000000,8108.00000000,8206.92000000,198.26444600,2017-11-22 14:59:59.999,1615894.27085046,1289,106.31910800,866715.13045307,0
2017-11-22 15:00:00,8201.05000000,8248.99000000,8188.10000000,8205.02000000,132.27586700,2017-11-22 15:59:59.999,1087156.17950269,618,60.30219600,496214.97594699,0
2017-11-22 16:00:00,8200.54000000,8240.14000000,8170.68000000,8186.11000000,116.93798800,2017-11-22 16:59:59.999,958384.97657292,464,70.48429700,577747.80751165,0
2017-11-22 17:00:00,8206.92000000,8220.00000000,8138.00000000,8159.74000000,67.35708200,2017-11-22 17:59:59.999,550445.87853626,459,21.46787200,175740.39421815,0
2017-11-22 18:00:00,8150.01000000,8156.00000000,8110.00000000,8147.02000000,110.32538800,2017-11-22 18:59:59.999,896238.44511695,496,32.85615100,267048.59543964,0
2017-11-22 19:00:00,8150.00000000,8201.46000000,8140.21000000,8199.98000000,83.02258200,2017-11-22 19:59:59.999,678988.86234876,357,56.87199500,465348.93471395,0
2017-11-22 20:00:00,8199.99000000,8214.00000000,8158.62000000,8189.35000000,184.49971700,2017-11-22 20:59:59.999,1508994.60310993,505,87.54053800,716019.66981119,0
2017-11-22 21:00:00,8189.34000000,8213.99000000,8154.80000000,8176.15000000,99.50272500,2017-11-22 21:59:59.999,814278.65061793,433,38.39720500,314445.49565994,0
2017-11-22 22:00:00,8176.59000000,8239.99000000,8108.00000000,8239.82000000,102.97307000,2017-11-22 22:59:59.999,844611.58928129,492,46.62255000,382869.85506384,0
2017-11-22 23:00:00,8229.84000000,8258.73000000,8200.00000000,8205.92000000,97.32207800,2017-11-22 23:59:59.999,802023.40826609,630,43.97102100,362678.36741671,0
2017-11-23 00:00:00,8233.03000000,8258.65000000,8138.43000000,8208.00000000,131.57135900,2017-11-23 00:59:59.999,1082908.15616369,498,96.06403800,791077.42509503,0
2017-11-23 01:00:00,8208.02000000,8219.83000000,8150.04000000,8173.10000000,173.86804000,2017-11-23 01:59:59.999,1424913.64973104,707,84.82153800,695854.54854311,0
2017-11-23 02:00:00,8162.99000000,8204.77000000,8162.99000000,8195.53000000,79.75674500,2017-11-23 02:59:59.999,653361.61994263,491,46.00476000,377048.24611156,0
2017-11-23 03:00:00,8195.53000000,8200.00000000,8155.20000000,8181.73000000,195.28563400,2017-11-23 03:59:59.999,1599378.68301099,806,102.42956600,839276.93619327,0
2017-11-23 04:00:00,8181.75000000,8200.00000000,8142.20000000,8199.95000000,116.47085000,2017-11-23 04:59:59.999,951830.66130804,817,48.35284700,395262.87321762,0
2017-11-23 05:00:00,8193.00000000,8245.99000000,8193.00000000,8237.98000000,173.61316800,2017-11-23 05:59:59.999,1428157.51406437,651,77.91960800,640972.52622061,0
2017-11-23 06:00:00,8237.98000000,8245.00000000,8207.11000000,8244.96000000,173.44530700,2017-11-23 06:59:59.999,1427964.20469563,593,113.31816200,933125.70197693,0
2017-11-23 07:00:00,8244.95000000,8260.00000000,8130.00000000,8140.00000000,207.46636100,2017-11-23 07:59:59.999,1702585.13517765,900,110.35432300,905981.23523927,0
2017-11-23 08:00:00,8139.98000000,8180.07000000,8081.01000000,8130.00000000,176.85628800,2017-11-23 08:59:59.999,1439126.74274396,995,102.98738400,838606.31895174,0
2017-11-23 09:00:00,8130.40000000,8180.00000000,8130.40000000,8153.88000000,155.71215000,2017-11-23 09:59:59.999,1270486.21306419,789,49.07496100,400697.43564000,0
2017-11-23 10:00:00,8153.87000000,8159.98000000,8050.00000000,8113.45000000,300.53286400,2017-11-23 10:59:59.999,2439500.31846355,1039,210.22307000,1708145.62943199,0
2017-11-23 11:00:00,8072.00000000,8113.44000000,8031.01000000,8099.97000000,163.24998300,2017-11-23 11:59:59.999,1319937.78030816,1003,94.30930900,763109.37305177,0
2017-11-23 12:00:00,8099.95000000,8145.00000000,8072.43000000,8139.81000000,158.02482400,2017-11-23 12:59:59.999,1282106.67403116,719,113.83877500,923953.31825342,0
2017-11-23 13:00:00,8139.83000000,8197.35000000,8130.00000000,8164.95000000,378.24548100,2017-11-23 13:59:59.999,3088134.99589011,757,221.90677800,1812465.43171230,0
2017-11-23 14:00:00,8155.00000000,8165.96000000,8107.89000000,8165.00000000,155.12281800,2017-11-23 14:59:59.999,1262840.23758780,872,106.58228800,868055.64712584,0
2017-11-23 15:00:00,8165.00000000,8185.00000000,8127.93000000,8168.12000000,162.27209000,2017-11-23 15:59:59.999,1324923.46942979,595,67.41253500,551009.66631074,0
2017-11-23 16:00:00,8167.31000000,8200.00000000,8147.77000000,8176.11000000,228.97419000,2017-11-23 16:59:59.999,1871263.98617496,781,122.53868300,1001910.61694856,0
2017-11-23 17:00:00,8176.14000000,8190.16000000,8112.06000000,8144.87000000,133.41816600,2017-11-23 17:59:59.999,1088340.92205062,584,51.01657000,416574.00707258,0
2017-11-23 18:00:00,8114.60000000,8142.99000000,8100.00000000,8124.72000000,142.15137100,2017-11-23 18:59:59.999,1155351.54161519,552,86.04160700,699600.89323952,0
2017-11-23 19:00:00,8124.72000000,8150.00000000,8100.00000000,8148.43000000,136.29863700,2017-11-23 19:59:59.999,1106685.37333566,449,84.07163100,682985.59395173,0
2017-11-23 20:00:00,8140.22000000,8182.86000000,8120.00000000,8165.01000000,158.05942600,2017-11-23 20:59:59.999,1286889.81476322,433,52.51440900,427815.50936900,0
2017-11-23 21:00:00,8165.02000000,8177.79000000,8113.01000000,8122.27000000,109.41632700,2017-11-23 21:59:59.999,890742.18129423,339,57.82342200,471000.99364154,0
2017-11-23 22:00:00,8122.28000000,8148.82000000,8105.02000000,8106.14000000,130.48479200,2017-11-23 22:59:59.999,1060874.82525393,414,27.26570500,222002.98737124,0
2017-11-23 23:00:00,8131.69000000,8131.69000000,8000.00000000,8019.99000000,153.65581600,2017-11-23 23:59:59.999,1242398.29947572,841,36.88316200,298497.33402285,0
2017-11-24 00:00:00,8019.97000000,8070.00000000,7950.00000000,7981.38000000,119.81796500,2017-11-24 00:59:59.999,958522.68365747,918,51.57668700,413151.00460678,0
2017-11-24 01:00:00,7981.36000000,7994.29000000,7850.00000000,7937.96000000,175.12640100,2017-11-24 01:59:59.999,1388857.88345305,888,77.85951100,617830.57891821,0
2017-11-24 02:00:00,7937.94000000,8057.97000000,7937.91000000,8050.01000000,185.13168000,2017-11-24 02:59:59.999,1479940.85964729,781,95.24237900,761429.54220156,0
2017-11-24 03:00:00,8050.02000000,8149.99000000,8036.55000000,8115.88000000,198.56020300,2017-11-24 03:59:59.999,1607227.70745990,779,90.22547500,730879.07146492,0
2017-11-24 04:00:00,8100.76000000,8115.88000000,8002.02000000,8073.00000000,151.12225700,2017-11-24 04:59:59.999,1218480.51230012,545,53.89402600,434829.85485917,0
2017-11-24 05:00:00,8078.01000000,8139.99000000,8056.44000000,8139.94000000,160.46750200,2017-11-24 05:59:59.999,1299812.34188474,680,64.55683700,523438.42749126,0
2017-11-24 06:00:00,8139.97000000,8229.13000000,8137.00000000,8208.94000000,161.43275800,2017-11-24 06:59:59.999,1317490.92642408,829,111.15303300,907352.35461584,0
2017-11-24 07:00:00,8208.94000000,8280.00000000,8181.52000000,8280.00000000,179.71487900,2017-11-24 07:59:59.999,1478163.72943597,865,87.88827200,723638.64817110,0
2017-11-24 08:00:00,8262.02000000,8369.00000000,8205.01000000,8218.21000000,181.24945200,2017-11-24 08:59:59.999,1503830.99643273,1125,93.56052100,776764.72692059,0
2017-11-24 09:00:00,8230.00000000,8262.04000000,7950.00000000,8149.17000000,483.09836600,2017-11-24 09:59:59.999,3912993.86352982,2234,247.33172300,2004922.20297231,0
2017-11-24 10:00:00,8149.15000000,8159.99000000,8081.01000000,8086.02000000,320.10313000,2017-11-24 10:59:59.999,2592985.32156394,878,183.63970800,1487836.99417751,0
2017-11-24 11:00:00,8088.95000000,8199.99000000,8060.88000000,8130.73000000,308.84125200,2017-11-24 11:59:59.999,2511468.48588178,868,155.54460500,1265744.08221649,0
2017-11-24 12:00:00,8165.00000000,8180.00000000,8090.06000000,8112.74000000,135.16114200,2017-11-24 12:59:59.999,1100413.86142558,629,74.98838100,611110.94719084,0
2017-11-24 13:00:00,8138.78000000,8170.89000000,8079.00000000,8150.00000000,251.59969500,2017-11-24 13:59:59.999,2042247.99662485,1003,113.63839300,923209.32176222,0
2017-11-24 14:00:00,8165.82000000,8179.01000000,8120.02000000,8145.98000000,224.34742200,2017-11-24 14:59:59.999,1828682.22063598,888,100.08360100,816485.83048204,0
2017-11-24 15:00:00,8145.98000000,8197.44000000,8081.01000000,8110.02000000,200.27239400,2017-11-24 15:59:59.999,1629517.92647346,946,118.13370900,961480.94694705,0
2017-11-24 16:00:00,8110.02000000,8148.95000000,8090.62000000,8146.20000000,175.61042000,2017-11-24 16:59:59.999,1424129.75523602,744,77.90344400,632200.20554867,0
2017-11-24 17:00:00,8146.19000000,8149.90000000,8111.00000000,8126.00000000,106.10495200,2017-11-24 17:59:59.999,862789.87832604,728,51.04464900,415258.71436610,0
2017-11-24 18:00:00,8126.00000000,8200.00000000,8125.99000000,8155.12000000,147.95233600,2017-11-24 18:59:59.999,1207821.19561845,613,74.41253400,607166.97714050,0
2017-11-24 19:00:00,8162.16000000,8240.00000000,8139.00000000,8224.98000000,119.48172900,2017-11-24 19:59:59.999,979290.46042315,694,62.23589900,510187.09141479,0
2017-11-24 20:00:00,8214.98000000,8250.00000000,8139.03000000,8189.54000000,120.87709300,2017-11-24 20:59:59.999,989333.82275883,554,68.57690800,561806.56608986,0
2017-11-24 21:00:00,8149.99000000,8249.98000000,8149.99000000,8221.16000000,81.78506600,2017-11-24 21:59:59.999,671629.96836455,398,36.14918700,296613.48539008,0
2017-11-24 22:00:00,8221.17000000,8246.01000000,8162.10000000,8162.10000000,91.11601300,2017-11-24 22:59:59.999,749717.68369777,496,26.59616200,218989.88815859,0
2017-11-24 23:00:00,8162.11000000,8242.96000000,8116.01000000,8138.00000000,132.81500500,2017-11-24 23:59:59.999,1084914.37678494,671,50.18963100,411026.27626878,0
2017-11-25 00:00:00,8138.99000000,8205.62000000,8116.03000000,8130.89000000,135.57920800,2017-11-25 00:59:59.999,1104520.16289292,840,50.59719700,412562.00220433,0
2017-11-25 01:00:00,8131.51000000,8175.20000000,8131.00000000,8141.98000000,135.77110400,2017-11-25 01:59:59.999,1106547.69071532,696,62.17790400,507108.35284396,0
2017-11-25 02:00:00,8132.02000000,8202.50000000,8100.00000000,8130.25000000,132.47638900,2017-11-25 02:59:59.999,1079301.50087080,844,78.52341900,640244.31222122,0
2017-11-25 03:00:00,8156.80000000,8178.00000000,8090.00000000,8174.99000000,137.75367300,2017-11-25 03:59:59.999,1121176.34808091,796,68.05815800,554383.47155528,0
2017-11-25 04:00:00,8168.82000000,8198.99000000,8141.01000000,8197.99000000,188.58902000,2017-11-25 04:59:59.999,1542076.40976617,620,102.10375900,835370.48901799,0
2017-11-25 05:00:00,8187.04000000,8227.30000000,8165.56000000,8220.02000000,163.84572000,2017-11-25 05:59:59.999,1343295.51203340,728,71.43898000,585837.07557980,0
2017-11-25 06:00:00,8220.00000000,8250.00000000,8200.00000000,8220.00000000,184.54816200,2017-11-25 06:59:59.999,1518011.42464664,861,109.94975200,905009.10777278,0
2017-11-25 07:00:00,8219.98000000,8296.83000000,8205.41000000,8280.89000000,197.41848900,2017-11-25 07:59:59.999,1629132.50453516,752,101.66620500,839119.85401336,0
2017-11-25 08:00:00,8280.00000000,8400.00000000,8276.00000000,8343.97000000,179.45303900,2017-11-25 08:59:59.999,1497391.91507694,1360,126.92367600,1059526.85384971,0
2017-11-25 09:00:00,8343.47000000,8448.99000000,8328.74000000,8383.79000000,105.58465100,2017-11-25 09:59:59.999,886032.99035284,919,56.15787400,471259.66267008,0
2017-11-25 10:00:00,8383.79000000,8415.00000000,8326.80000000,8401.81000000,231.29246700,2017-11-25 10:59:59.999,1941979.25623084,868,151.27902600,1270740.67892897,0
2017-11-25 11:00:00,8391.71000000,8419.56000000,8288.00000000,8419.54000000,216.66123100,2017-11-25 11:59:59.999,1820089.36635990,743,119.43571900,1004017.04185390,0
2017-11-25 12:00:00,8419.54000000,8539.86000000,8394.49000000,8499.00000000,291.10481200,2017-11-25 12:59:59.999,2459499.28911898,985,153.25308100,1297205.58809006,0
2017-11-25 13:00:00,8498.99000000,8549.99000000,8477.00000000,8535.00000000,165.21830000,2017-11-25 13:59:59.999,1407173.99936983,946,91.07390500,775934.17316200,0
2017-11-25 14:00:00,8534.99000000,8540.00000000,8460.01000000,8488.80000000,201.14306100,2017-11-25 14:59:59.999,1708072.50490947,838,114.95916100,976701.94598715,0
2017-11-25 15:00:00,8472.78000000,8550.55000000,8471.10000000,8542.99000000,241.14282300,2017-11-25 15:59:59.999,2051105.93972385,857,129.52897100,1103577.62915410,0
2017-11-25 16:00:00,8542.98000000,8579.98000000,8500.00000000,8560.06000000,292.07091700,2017-11-25 16:59:59.999,2494276.47152895,830,166.60694000,1423852.36820955,0
2017-11-25 17:00:00,8560.06000000,8599.99000000,8543.00000000,8594.63000000,150.74255100,2017-11-25 17:59:59.999,1291691.64227899,623,72.01423200,617369.25605347,0
2017-11-25 18:00:00,8572.16000000,8602.62000000,8520.01000000,8540.00000000,175.23204200,2017-11-25 18:59:59.999,1502834.42784953,675,102.51991900,879419.96167995,0
2017-11-25 19:00:00,8534.98000000,8549.99000000,8527.21000000,8545.97000000,234.44077600,2017-11-25 19:59:59.999,2002692.82738474,559,178.87669000,1528490.76449672,0
2017-11-25 20:00:00,8545.98000000,8570.19000000,8529.00000000,8570.18000000,130.08054200,2017-11-25 20:59:59.999,1110970.59678483,514,32.66574500,279320.84989163,0
2017-11-25 21:00:00,8570.16000000,8640.98000000,8530.00000000,8617.20000000,125.42252600,2017-11-25 21:59:59.999,1077460.27313233,579,55.08472300,473907.48599716,0
2017-11-25 22:00:00,8617.20000000,8687.22000000,8604.86000000,8618.18000000,126.39783400,2017-11-25 22:59:59.999,1093822.87969892,592,57.56384400,498214.01725636,0
2017-11-25 23:00:00,8629.95000000,8734.78000000,8610.02000000,8700.01000000,150.65434500,2017-11-25 23:59:59.999,1303849.26805961,607,42.46442000,367731.26245312,0
2017-11-26 00:00:00,8700.04000000,8750.00000000,8656.00000000,8739.94000000,136.62936400,2017-11-26 00:59:59.999,1190106.56488499,776,82.21950100,716364.04826411,0
2017-11-26 01:00:00,8749.92000000,8800.03000000,8604.72000000,8721.67000000,146.72667900,2017-11-26 01:59:59.999,1281690.91499471,879,69.94485800,611617.99749237,0
2017-11-26 02:00:00,8721.80000000,8800.00000000,8670.48000000,8719.17000000,161.63028800,2017-11-26 02:59:59.999,1410574.19126892,665,94.95371100,828863.80998820,0
2017-11-26 03:00:00,8700.03000000,8806.00000000,8699.94000000,8805.88000000,200.70265600,2017-11-26 03:59:59.999,1757612.40532663,630,105.97462300,929183.12175827,0
2017-11-26 04:00:00,8805.88000000,8866.00000000,8770.00000000,8851.12000000,196.82132300,2017-11-26 04:59:59.999,1737727.88308321,781,64.09068200,566013.65832440,0
2017-11-26 05:00:00,8850.60000000,8886.00000000,8780.02000000,8822.00000000,159.93496100,2017-11-26 05:59:59.999,1414878.57243571,863,84.07112900,743439.22994752,0
2017-11-26 06:00:00,8821.98000000,8941.56000000,8819.99000000,8936.00000000,121.86213700,2017-11-26 06:59:59.999,1083419.94486668,723,89.92671100,799851.05895261,0
2017-11-26 07:00:00,8936.00000000,8978.90000000,8770.00000000,8864.00000000,183.32500100,2017-11-26 07:59:59.999,1632759.04514156,890,88.33085600,786656.52722140,0
2017-11-26 08:00:00,8884.00000000,8937.79000000,8808.46000000,8808.46000000,159.82640000,2017-11-26 08:59:59.999,1422714.93859638,725,78.68143500,700601.39708046,0
2017-11-26 09:00:00,8808.00000000,8874.79000000,8808.00000000,8848.41000000,151.72943600,2017-11-26 09:59:59.999,1339872.14717009,736,71.30238700,629818.69071671,0
2017-11-26 10:00:00,8848.87000000,8894.99000000,8786.45000000,8877.99000000,140.35719600,2017-11-26 10:59:59.999,1239690.07856481,645,77.12980000,681751.20523366,0
2017-11-26 11:00:00,8874.33000000,8941.29000000,8868.90000000,8903.01000000,203.04441600,2017-11-26 11:59:59.999,1803871.79575019,497,55.82732400,496116.82135176,0
2017-11-26 12:00:00,8903.03000000,8925.00000000,8870.01000000,8924.99000000,158.76826500,2017-11-26 12:59:59.999,1413819.92610528,660,77.19853600,687800.11021365,0
2017-11-26 13:00:00,8917.52000000,8990.00000000,8915.99000000,8961.99000000,193.05299100,2017-11-26 13:59:59.999,1728344.51019712,954,92.24989300,826515.58843825,0
2017-11-26 14:00:00,8952.02000000,8997.90000000,8945.02000000,8960.00000000,193.35665500,2017-11-26 14:59:59.999,1734276.44628944,836,111.43493900,999915.11340418,0
2017-11-26 15:00:00,8945.06000000,9078.00000000,8945.06000000,9075.01000000,217.17194600,2017-11-26 15:59:59.999,1954489.40983164,907,100.36731100,903524.43473795,0
2017-11-26 16:00:00,9078.00000000,9208.00000000,9072.01000000,9208.00000000,151.13481200,2017-11-26 16:59:59.999,1380526.06840520,989,85.66713200,783063.83038180,0
2017-11-26 17:00:00,9208.00000000,9350.00000000,9085.78000000,9118.96000000,197.12440600,2017-11-26 17:59:59.999,1811354.08455791,1358,96.99086800,891729.48130152,0
2017-11-26 18:00:00,9118.98000000,9348.99000000,9100.18000000,9325.02000000,157.83900800,2017-11-26 18:59:59.999,1455426.61714224,831,64.92549600,599171.70378236,0
2017-11-26 19:00:00,9325.00000000,9325.00000000,8952.04000000,9099.99000000,190.98281100,2017-11-26 19:59:59.999,1745843.00310793,1091,99.85833000,912669.25381301,0
2017-11-26 20:00:00,9099.98000000,9239.99000000,9090.56000000,9130.00000000,136.62342200,2017-11-26 20:59:59.999,1247313.83850964,801,58.20852500,531834.11436171,0
2017-11-26 21:00:00,9108.70000000,9154.27000000,9000.58000000,9108.60000000,277.24481400,2017-11-26 21:59:59.999,2506789.39755853,770,133.62243300,1208285.38284273,0
2017-11-26 22:00:00,9144.95000000,9198.99000000,9114.10000000,9167.76000000,125.61262800,2017-11-26 22:59:59.999,1149183.27372846,496,52.49561200,480777.56420964,0
2017-11-26 23:00:00,9160.65000000,9169.99000000,9017.81000000,9128.02000000,185.87862200,2017-11-26 23:59:59.999,1696248.78190146,765,99.81966300,910917.74571684,0
2017-11-27 00:00:00,9128.00000000,9540.26000000,9112.04000000,9499.99000000,162.67296600,2017-11-27 00:59:59.999,1515241.30241705,1104,81.95268800,765864.66861774,0
2017-11-27 01:00:00,9490.01000000,9573.98000000,9385.73000000,9521.28000000,124.79276000,2017-11-27 01:59:59.999,1186982.13110575,1208,70.46795600,670295.39396902,0
2017-11-27 02:00:00,9521.44000000,9560.00000000,9350.00000000,9409.29000000,213.54804400,2017-11-27 02:59:59.999,2021410.13952898,1109,94.99123800,899863.51826312,0
2017-11-27 03:00:00,9409.34000000,9507.53000000,9388.65000000,9459.02000000,188.38043200,2017-11-27 03:59:59.999,1779292.59251723,888,88.10070300,831513.45440227,0
2017-11-27 04:00:00,9473.99000000,9561.17000000,9401.00000000,9543.99000000,218.34799400,2017-11-27 04:59:59.999,2080377.51362377,870,145.59076200,1387983.35384676,0
2017-11-27 05:00:00,9532.55000000,9551.59000000,9411.19000000,9501.15000000,135.08052500,2017-11-27 05:59:59.999,1283054.86641899,1054,78.41518700,745122.46982615,0
2017-11-27 06:00:00,9513.49000000,9585.00000000,9494.49000000,9539.99000000,185.79294500,2017-11-27 06:59:59.999,1774311.72530581,916,106.45548000,1017129.98648623,0
2017-11-27 07:00:00,9539.97000000,9645.55000000,9536.90000000,9645.55000000,192.72619400,2017-11-27 07:59:59.999,1843884.77318888,845,74.06820400,708978.36651829,0
2017-11-27 08:00:00,9640.02000000,9654.28000000,9585.21000000,9650.01000000,190.09492500,2017-11-27 08:59:59.999,1831326.45936089,935,122.89092900,1184260.64070582,0
2017-11-27 09:00:00,9650.00000000,9654.26000000,9166.00000000,9295.02000000,346.19722300,2017-11-27 09:59:59.999,3236940.31201025,2228,158.05497100,1477866.68005719,0
2017-11-27 10:00:00,9295.04000000,9455.98000000,9229.01000000,9437.98000000,173.17362800,2017-11-27 10:59:59.999,1616683.94389744,1253,101.92726800,952398.89795896,0
2017-11-27 11:00:00,9455.98000000,9513.40000000,9387.42000000,9498.99000000,295.75678100,2017-11-27 11:59:59.999,2799856.35843641,911,170.73352600,1616814.09015531,0
2017-11-27 12:00:00,9485.02000000,9560.31000000,9460.01000000,9524.98000000,208.03174400,2017-11-27 12:59:59.999,1980902.84764505,794,99.47726300,947725.20356495,0
2017-11-27 13:00:00,9505.00000000,9585.23000000,9444.70000000,9510.00000000,161.31837200,2017-11-27 13:59:59.999,1537343.08498502,936,51.17669400,487106.58234796,0
2017-11-27 14:00:00,9504.01000000,9611.09000000,9504.01000000,9599.96000000,159.96851300,2017-11-27 14:59:59.999,1529576.68808426,811,72.68948000,695077.99397504,0
2017-11-27 15:00:00,9599.96000000,9639.99000000,9542.61000000,9568.94000000,211.02266400,2017-11-27 15:59:59.999,2026805.28790437,843,151.37404100,1454332.70017202,0
2017-11-27 16:00:00,9567.99000000,9612.30000000,9458.00000000,9498.99000000,224.22117400,2017-11-27 16:59:59.999,2140771.16215053,939,130.15317100,1242575.19534793,0
2017-11-27 17:00:00,9485.19000000,9498.96000000,9355.01000000,9479.00000000,129.81528100,2017-11-27 17:59:59.999,1223583.63804376,864,61.37922000,578761.27787048,0
2017-11-27 18:00:00,9479.00000000,9554.06000000,9428.08000000,9455.16000000,176.11211900,2017-11-27 18:59:59.999,1670149.12231848,668,101.74388700,965620.39884674,0
2017-11-27 19:00:00,9455.23000000,9500.00000000,9455.11000000,9499.99000000,213.67334500,2017-11-27 19:59:59.999,2023845.27092667,670,84.72381100,803091.38892783,0
2017-11-27 20:00:00,9499.99000000,9589.30000000,9458.03000000,9568.20000000,200.99334600,2017-11-27 20:59:59.999,1919454.14788089,808,133.98658700,1279761.80587299,0
2017-11-27 21:00:00,9568.20000000,9650.00000000,9554.00000000,9620.01000000,161.72939400,2017-11-27 21:59:59.999,1553043.72000303,627,102.87599200,987947.72741452,0
2017-11-27 22:00:00,9600.19000000,9645.98000000,9555.00000000,9620.00000000,108.59885700,2017-11-27 22:59:59.999,1041764.83290380,620,48.24017900,462818.62686130,0
2017-11-27 23:00:00,9620.00000000,9650.00000000,9605.52000000,9650.00000000,139.57648100,2017-11-27 23:59:59.999,1344463.03137203,905,101.97833800,982413.22747151,0
2017-11-28 00:00:00,9650.00000000,9700.00000000,9628.08000000,9674.13000000,136.63180300,2017-11-28 00:59:59.999,1322355.20766917,872,75.62109800,732449.71357134,0
2017-11-28 01:00:00,9674.61000000,9714.10000000,9570.50000000,9590.03000000,205.14351900,2017-11-28 01:59:59.999,1981405.13156903,777,94.13841000,908106.68092730,0
2017-11-28 02:00:00,9613.86000000,9639.99000000,9580.32000000,9617.81000000,183.15848900,2017-11-28 02:59:59.999,1760989.01553226,772,110.33917000,1061358.80476060,0
2017-11-28 03:00:00,9600.00000000,9740.00000000,9598.79000000,9712.06000000,177.95298200,2017-11-28 03:59:59.999,1719849.21048484,821,102.22217200,988046.47202031,0
2017-11-28 04:00:00,9712.07000000,9795.50000000,9637.20000000,9795.49000000,175.30959000,2017-11-28 04:59:59.999,1703547.89791066,743,104.40768300,1014746.42439142,0
2017-11-28 05:00:00,9795.00000000,9869.82000000,9748.99000000,9860.00000000,183.89115900,2017-11-28 05:59:59.999,1804596.35783788,852,80.11581600,786846.64949283,0
2017-11-28 06:00:00,9869.81000000,9869.84000000,9760.08000000,9816.99000000,164.56565900,2017-11-28 06:59:59.999,1615264.56894111,908,71.43834500,701582.79606497,0
2017-11-28 07:00:00,9816.98000000,9850.00000000,9765.20000000,9817.00000000,274.10106800,2017-11-28 07:59:59.999,2686078.40637412,881,127.37901700,1249006.59684234,0
2017-11-28 08:00:00,9816.98000000,9820.00000000,9701.01000000,9809.96000000,241.42740700,2017-11-28 08:59:59.999,2358094.84376429,1092,128.69130400,1257625.40114192,0
2017-11-28 09:00:00,9809.96000000,9870.00000000,9775.18000000,9849.11000000,218.31483700,2017-11-28 09:59:59.999,2145822.39908530,621,130.51102600,1283381.77435503,0
2017-11-28 10:00:00,9849.11000000,9860.00000000,9790.00000000,9800.03000000,222.11233400,2017-11-28 10:59:59.999,2180312.35546758,825,120.42762000,1182486.32014890,0
2017-11-28 11:00:00,9800.04000000,9930.00000000,9776.14000000,9915.00000000,239.06334100,2017-11-28 11:59:59.999,2359298.92783570,969,129.62183600,1280056.40095624,0
2017-11-28 12:00:00,9919.61000000,9939.00000000,9835.00000000,9864.00000000,271.55848600,2017-11-28 12:59:59.999,2686817.07950271,967,163.68945200,1620342.55084193,0
2017-11-28 13:00:00,9863.98000000,9863.98000000,9658.00000000,9725.01000000,306.13748000,2017-11-28 13:59:59.999,2986852.19013734,1458,145.97121200,1424812.16757492,0
2017-11-28 14:00:00,9725.02000000,9888.62000000,9725.02000000,9860.97000000,191.71147300,2017-11-28 14:59:59.999,1885207.45038886,798,83.07985800,817340.81417230,0
2017-11-28 15:00:00,9860.98000000,9886.76000000,9777.03000000,9822.33000000,289.60883500,2017-11-28 15:59:59.999,2846494.80493037,791,113.90097800,1120217.33207269,0
2017-11-28 16:00:00,9833.98000000,9900.00000000,9820.12000000,9861.07000000,199.98339600,2017-11-28 16:59:59.999,1968820.75335267,766,59.30558100,584622.83171422,0
2017-11-28 17:00:00,9865.03000000,9882.76000000,9845.05000000,9872.16000000,232.94940100,2017-11-28 17:59:59.999,2298401.66899495,670,91.30183500,901095.16529051,0
2017-11-28 18:00:00,9872.14000000,9925.00000000,9871.21000000,9919.48000000,217.51674600,2017-11-28 18:59:59.999,2153365.57523196,608,101.61030500,1006400.27295173,0
2017-11-28 19:00:00,9917.97000000,9925.00000000,9840.00000000,9899.99000000,120.46242500,2017-11-28 19:59:59.999,1190739.08266261,582,70.59625600,698220.34045963,0
2017-11-28 20:00:00,9899.98000000,9909.99000000,9840.01000000,9840.01000000,158.27155700,2017-11-28 20:59:59.999,1564075.12166703,498,62.39354600,616884.74264880,0
2017-11-28 21:00:00,9840.01000000,9905.00000000,9836.01000000,9884.99000000,130.55387300,2017-11-28 21:59:59.999,1289407.46087970,487,59.90027400,591880.51909557,0
2017-11-28 22:00:00,9875.24000000,9919.87000000,9873.38000000,9900.00000000,174.58661800,2017-11-28 22:59:59.999,1728371.98845102,615,112.20173100,1111197.09154787,0
2017-11-28 23:00:00,9897.91000000,9914.00000000,9860.09000000,9896.80000000,202.19850700,2017-11-28 23:59:59.999,1999476.55898424,550,92.27397700,912427.90980361,0
2017-11-29 00:00:00,9896.79000000,9927.99000000,9873.68000000,9918.02000000,166.85932600,2017-11-29 00:59:59.999,1653456.21520270,710,93.83802800,930113.57340405,0
2017-11-29 01:00:00,9918.00000000,10033.94000000,9895.07000000,10003.96000000,330.51448800,2017-11-29 01:59:59.999,3292650.11348313,1452,194.37251800,1936921.24282650,0
2017-11-29 02:00:00,10003.98000000,10122.44000000,9985.52000000,10107.82000000,147.55712500,2017-11-29 02:59:59.999,1480244.59266035,1170,84.17024800,844988.80408871,0
2017-11-29 03:00:00,10122.42000000,10350.00000000,10104.09000000,10249.03000000,230.96732500,2017-11-29 03:59:59.999,2359820.90213762,1609,111.79159200,1142774.57496514,0
2017-11-29 04:00:00,10249.03000000,10449.00000000,10160.01000000,10402.02000000,231.21392100,2017-11-29 04:59:59.999,2385112.81900827,892,87.66091300,905145.77508224,0
2017-11-29 05:00:00,10403.03000000,10800.00000000,9900.00000000,10008.27000000,667.97860400,2017-11-29 05:59:59.999,6971006.53829779,3210,353.36127800,3689268.94333757,0
2017-11-29 06:00:00,10001.51000000,10600.00000000,9980.00000000,10251.98000000,518.76558700,2017-11-29 06:59:59.999,5351670.60066935,2679,313.79715700,3228042.55299933,0
2017-11-29 07:00:00,10250.00000000,10453.82000000,10231.06000000,10429.98000000,369.93780000,2017-11-29 07:59:59.999,3822617.40187944,1443,219.05854800,2264246.03445763,0
2017-11-29 08:00:00,10429.98000000,10602.13000000,10413.07000000,10584.98000000,240.78830400,2017-11-29 08:59:59.999,2530025.30734790,821,123.15319300,1294150.45857035,0
2017-11-29 09:00:00,10593.99000000,10750.00000000,10550.11000000,10679.98000000,197.17953300,2017-11-29 09:59:59.999,2098150.27159483,938,94.74064900,1008550.80204345,0
2017-11-29 09:00:00,10593.99000000,10750.00000000,10550.11000000,10679.98000000,197.17953300,2017-11-29 09:59:59.999,2098150.27159483,938,94.74064900,1008550.80204345,0
2017-11-29 10:00:00,10679.98000000,10820.00000000,10597.28000000,10820.00000000,167.62509600,2017-11-29 10:59:59.999,1794071.28991572,763,100.20985700,1073232.40455127,0
2017-11-29 11:00:00,10828.79000000,10900.00000000,10654.21000000,10776.30000000,346.28207400,2017-11-29 11:59:59.999,3735477.94104473,1276,208.77003000,2251722.64570074,0
2017-11-29 12:00:00,10798.53000000,10927.99000000,10745.00000000,10901.09000000,503.28690800,2017-11-29 12:59:59.999,5468429.23776893,1344,391.90909300,4258858.63494824,0
2017-11-29 13:00:00,10901.11000000,11275.00000000,10745.00000000,11249.99000000,489.89614500,2017-11-29 13:59:59.999,5342924.42414721,1330,383.68501700,4186323.63074813,0
2017-11-29 14:00:00,11249.50000000,11300.03000000,10935.00000000,11058.07000000,705.86790600,2017-11-29 14:59:59.999,7854643.36586414,2186,550.08084600,6121878.39670478,0
2017-11-29 15:00:00,11058.06000000,11197.00000000,10326.05000000,10770.89000000,1094.32631000,2017-11-29 15:59:59.999,11688216.84673942,3418,727.28586400,7783354.90422182,0
2017-11-29 16:00:00,10764.49000000,10975.00000000,10600.00000000,10676.50000000,608.57474000,2017-11-29 16:59:59.999,6581962.79401486,1426,444.17134700,4804918.36153547,0
2017-11-29 17:00:00,10676.50000000,10743.93000000,10282.01000000,10310.03000000,516.80369800,2017-11-29 17:59:59.999,5445227.88159635,1355,353.99609000,3733555.93242400,0
2017-11-29 18:00:00,10310.02000000,10499.00000000,9925.02000000,10064.02000000,613.92507300,2017-11-29 18:59:59.999,6301685.96008913,1553,438.55043400,4506386.17890187,0
2017-11-29 19:00:00,10064.02000000,10099.00000000,8520.00000000,9306.00000000,1606.86003400,2017-11-29 19:59:59.999,15088188.81978386,5729,995.04765300,9370659.01397625,0
2017-11-29 20:00:00,9300.00000000,10100.00000000,9060.00000000,9200.00000000,1262.87739800,2017-11-29 20:59:59.999,12080931.39670430,4684,835.52191800,8000713.70368671,0
2017-11-29 21:00:00,9199.99000000,10023.00000000,9111.01000000,9884.50000000,890.49391700,2017-11-29 21:59:59.999,8515552.50849781,3070,615.59688500,5879875.43116101,0
2017-11-29 22:00:00,9884.50000000,10072.27000000,9686.01000000,9876.03000000,738.90011200,2017-11-29 22:59:59.999,7320744.66065344,2428,464.94992800,4604594.66851013,0
2017-11-29 23:00:00,9876.02000000,9967.00000000,9415.00000000,9687.88000000,705.05729100,2017-11-29 23:59:59.999,6813355.56847806,2408,476.91327600,4603694.62058506,0
2017-11-30 00:00:00,9687.88000000,9999.98000000,9532.88000000,9930.38000000,639.99218700,2017-11-30 00:59:59.999,6286634.62673272,2193,478.27822600,4699403.16664102,0
2017-11-30 01:00:00,9923.55000000,10449.98000000,9868.83000000,10415.03000000,491.61419000,2017-11-30 01:59:59.999,5018263.20542019,1686,320.34766000,3271760.59008626,0
2017-11-30 02:00:00,10420.65000000,10421.66000000,10100.00000000,10395.31000000,380.38205900,2017-11-30 02:59:59.999,3927351.87540312,1459,243.19320800,2511792.18364669,0
2017-11-30 03:00:00,10400.00000000,10428.97000000,10201.00000000,10404.98000000,351.83223700,2017-11-30 03:59:59.999,3648291.38946194,1352,206.98461500,2146507.16241108,0
2017-11-30 04:00:00,10404.99000000,10625.97000000,10390.02000000,10447.66000000,375.36635700,2017-11-30 04:59:59.999,3940203.63339174,1565,225.67017600,2368934.74355619,0
2017-11-30 05:00:00,10447.53000000,10900.00000000,10100.00000000,10284.49000000,397.47162200,2017-11-30 05:59:59.999,4102201.52144069,1771,236.32809300,2442289.21186929,0
2017-11-30 06:00:00,10284.47000000,10284.47000000,9801.00000000,10000.01000000,552.58907900,2017-11-30 06:59:59.999,5512368.29022349,2159,313.48523000,3124651.71394175,0
2017-11-30 07:00:00,10024.97000000,10172.69000000,9921.02000000,10070.00000000,370.56313700,2017-11-30 07:59:59.999,3719883.67757663,1435,230.66314100,2314810.43824576,0
2017-11-30 08:00:00,10051.56000000,10296.00000000,10033.46000000,10222.02000000,266.56315400,2017-11-30 08:59:59.999,2712124.63667839,1646,161.85253800,1647344.78608245,0
2017-11-30 09:00:00,10210.15000000,10250.00000000,9930.34000000,10055.03000000,323.82034800,2017-11-30 09:59:59.999,3269360.40178631,1234,178.18331600,1796869.44649519,0
2017-11-30 10:00:00,10056.01000000,10125.00000000,9402.15000000,9402.15000000,437.47508300,2017-11-30 10:59:59.999,4275821.20557771,1940,222.34709100,2176053.93008823,0
2017-11-30 11:00:00,9402.17000000,10093.00000000,9402.15000000,9600.00000000,386.21951300,2017-11-30 11:59:59.999,3720878.74192385,1879,219.25546400,2115132.53672487,0
2017-11-30 12:00:00,9610.01000000,9810.04000000,9503.00000000,9726.44000000,238.52409000,2017-11-30 12:59:59.999,2307692.28054162,1198,141.37994100,1368181.46180325,0
2017-11-30 13:00:00,9738.20000000,9759.50000000,8930.00000000,9035.01000000,655.61010400,2017-11-30 13:59:59.999,6062003.83173577,3134,275.08086500,2547548.97577941,0
2017-11-30 14:00:00,9035.00000000,9288.00000000,8850.80000000,9286.00000000,648.47193400,2017-11-30 14:59:59.999,5900140.94885148,3126,302.06137600,2750723.97730510,0
2017-11-30 15:00:00,9285.96000000,9363.00000000,8888.00000000,8980.00000000,579.89514500,2017-11-30 15:59:59.999,5263094.85298840,2189,309.35857500,2806699.91707211,0
2017-11-30 16:00:00,8979.99000000,9148.01000000,8910.01000000,9118.96000000,363.45551400,2017-11-30 16:59:59.999,3290861.55832135,1745,215.38236000,1949829.45157889,0
2017-11-30 17:00:00,9118.96000000,9400.02000000,8982.45000000,9386.31000000,289.47040600,2017-11-30 17:59:59.999,2655394.51519909,1211,177.78052900,1630698.91351838,0
2017-11-30 18:00:00,9357.02000000,9700.00000000,9305.00000000,9451.00000000,289.44432400,2017-11-30 18:59:59.999,2731973.29203047,1532,162.12067300,1532255.33314564,0
2017-11-30 19:00:00,9454.88000000,9780.00000000,9412.14000000,9761.00000000,251.14133500,2017-11-30 19:59:59.999,2420210.17187504,1184,157.20261600,1514852.58881058,0
2017-11-30 20:00:00,9761.02000000,9829.81000000,9340.00000000,9358.92000000,305.36617500,2017-11-30 20:59:59.999,2920060.75961175,1430,140.74616100,1346873.55286965,0
2017-11-30 21:00:00,9358.39000000,9727.00000000,9340.03000000,9630.00000000,239.12965200,2017-11-30 21:59:59.999,2288663.71447599,987,130.44705200,1248790.95233265,0
2017-11-30 22:00:00,9630.00000000,9861.00000000,9600.06000000,9728.10000000,268.13551600,2017-11-30 22:59:59.999,2614141.01885796,1328,149.21315900,1454301.86083634,0
2017-11-30 23:00:00,9728.11000000,10089.99000000,9728.08000000,9838.96000000,287.04116800,2017-11-30 23:59:59.999,2843284.19105818,1770,163.29817700,1618031.14113698,0
2017-12-01 00:00:00,9837.00000000,9900.03000000,9600.00000000,9685.00000000,275.97398700,2017-12-01 00:59:59.999,2701924.63467731,1606,165.30270400,1618836.38036588,0
2017-12-01 01:00:00,9685.02000000,9720.00000000,9550.00000000,9635.00000000,279.57852600,2017-12-01 01:59:59.999,2690971.25173209,1488,137.23256800,1321250.32929446,0
2017-12-01 02:00:00,9634.00000000,9720.03000000,9510.00000000,9719.00000000,207.07796900,2017-12-01 02:59:59.999,1989159.49076740,1194,102.22428300,982694.87301037,0
2017-12-01 03:00:00,9702.00000000,9719.98000000,9600.00000000,9698.23000000,205.28902700,2017-12-01 03:59:59.999,1982904.57228116,1093,100.91219900,974969.10145434,0
2017-12-01 04:00:00,9666.28000000,9924.99000000,9617.19000000,9840.00000000,211.50930000,2017-12-01 04:59:59.999,2069519.37445009,1275,116.17450500,1136587.33284400,0
2017-12-01 05:00:00,9832.55000000,9840.99000000,9531.00000000,9575.04000000,186.20601200,2017-12-01 05:59:59.999,1801126.74188069,1103,93.15653800,901873.53048457,0
2017-12-01 06:00:00,9575.04000000,9676.38000000,9436.01000000,9449.93000000,184.19557800,2017-12-01 06:59:59.999,1764396.18596906,1003,89.24460000,855365.79305955,0
2017-12-01 07:00:00,9437.99000000,9560.00000000,9380.00000000,9540.00000000,270.57550700,2017-12-01 07:59:59.999,2564391.11119718,1390,143.70216700,1363222.14630199,0
2017-12-01 08:00:00,9540.00000000,9819.99000000,9540.00000000,9780.63000000,215.88190600,2017-12-01 08:59:59.999,2088902.50426875,1166,126.98274100,1228098.06865312,0
2017-12-01 09:00:00,9780.63000000,9987.00000000,9748.99000000,9985.00000000,276.51052000,2017-12-01 09:59:59.999,2729735.02301406,1240,150.91392100,1491113.95333442,0
2017-12-01 10:00:00,9984.02000000,10000.00000000,9758.13000000,9760.09000000,259.78747900,2017-12-01 10:59:59.999,2564959.31920593,1236,142.52849600,1407392.73771793,0
2017-12-01 11:00:00,9760.09000000,9989.19000000,9760.09000000,9956.24000000,221.95988400,2017-12-01 11:59:59.999,2198886.92070058,1211,117.10114400,1159601.50405873,0
2017-12-01 12:00:00,9960.01000000,10300.00000000,9960.01000000,10120.42000000,375.17159800,2017-12-01 12:59:59.999,3813774.81700645,1949,199.76539700,2031208.09991560,0
2017-12-01 13:00:00,10120.34000000,10734.80000000,10120.33000000,10659.63000000,452.30902000,2017-12-01 13:59:59.999,4735191.17046357,2413,283.82099600,2969166.22703523,0
2017-12-01 14:00:00,10659.25000000,10740.00000000,10330.92000000,10439.98000000,509.40722600,2017-12-01 14:59:59.999,5372914.19073849,2594,291.69717900,3073297.68240120,0
2017-12-01 15:00:00,10439.98000000,10568.20000000,10330.91000000,10460.00000000,337.20302000,2017-12-01 15:59:59.999,3521552.30269491,1656,161.95128300,1691674.41467193,0
2017-12-01 16:00:00,10460.00000000,10570.00000000,10424.00000000,10536.11000000,253.62641800,2017-12-01 16:59:59.999,2662028.19275682,1158,116.10377300,1218701.87687061,0
2017-12-01 17:00:00,10533.06000000,10533.06000000,10354.01000000,10386.03000000,200.82565200,2017-12-01 17:59:59.999,2096086.88063258,1201,102.63164600,1071062.24258921,0
2017-12-01 18:00:00,10392.81000000,10494.87000000,10386.03000000,10459.01000000,160.63292000,2017-12-01 18:59:59.999,1675976.23394867,744,84.28525200,879506.27225152,0
2017-12-01 19:00:00,10459.01000000,10607.40000000,10458.08000000,10529.10000000,193.22534500,2017-12-01 19:59:59.999,2039138.02633942,981,92.83999200,979852.30423182,0
2017-12-01 20:00:00,10529.10000000,10789.00000000,10527.54000000,10700.53000000,241.47078700,2017-12-01 20:59:59.999,2571874.18727530,1033,141.83482600,1511587.09964631,0
2017-12-01 21:00:00,10700.72000000,10898.00000000,10667.28000000,10812.00000000,215.33003900,2017-12-01 21:59:59.999,2319863.15673831,1369,110.98866800,1196005.25675408,0
2017-12-01 22:00:00,10832.79000000,10897.99000000,10689.09000000,10751.04000000,186.61675600,2017-12-01 22:59:59.999,2010885.85006185,1147,99.07214300,1067744.13508638,0
2017-12-01 23:00:00,10751.04000000,10790.99000000,10560.01000000,10782.99000000,214.55915700,2017-12-01 23:59:59.999,2294535.44411484,1125,99.40156700,1062860.80388784,0
2017-12-02 00:00:00,10775.04000000,10957.00000000,10751.00000000,10900.00000000,243.69852000,2017-12-02 00:59:59.999,2647868.10937475,1578,135.16271900,1468331.64574723,0
2017-12-02 01:00:00,10904.00000000,11100.00000000,10870.02000000,11014.11000000,266.14872500,2017-12-02 01:59:59.999,2928550.03815499,1581,149.81576900,1648546.35237203,0
2017-12-02 02:00:00,11041.00000000,11056.02000000,10900.00000000,11040.73000000,258.54449200,2017-12-02 02:59:59.999,2842258.63591855,1380,143.48499000,1577829.88583271,0
2017-12-02 03:00:00,11033.93000000,11040.73000000,10871.90000000,10900.46000000,214.28686700,2017-12-02 03:59:59.999,2346045.98953240,979,92.47039700,1012521.89294628,0
2017-12-02 04:00:00,10895.68000000,10934.98000000,10650.00000000,10810.00000000,306.36888300,2017-12-02 04:59:59.999,3297253.46478903,1592,151.58087600,1631315.45051999,0
2017-12-02 05:00:00,10810.00000000,10899.22000000,10675.00000000,10885.81000000,181.32445200,2017-12-02 05:59:59.999,1951277.58942754,1040,98.87206200,1064478.72160213,0
2017-12-02 06:00:00,10885.81000000,10945.00000000,10821.00000000,10856.00000000,217.62596000,2017-12-02 06:59:59.999,2372932.41155901,977,105.27318600,1148316.78860856,0
2017-12-02 07:00:00,10856.00000000,10977.98000000,10800.00000000,10931.04000000,194.05535700,2017-12-02 07:59:59.999,2112710.46148198,1001,105.15076600,1144792.69925722,0
2017-12-02 08:00:00,10926.38000000,10970.00000000,10834.22000000,10928.86000000,213.18703100,2017-12-02 08:59:59.999,2328441.14862776,1015,106.89256200,1167616.05256282,0
2017-12-02 09:00:00,10959.99000000,11160.00000000,10930.01000000,11128.23000000,270.85855700,2017-12-02 09:59:59.999,3003017.36083840,1651,136.04244600,1508031.89114895,0
2017-12-02 10:00:00,11130.21000000,11190.00000000,11080.01000000,11094.99000000,203.42032200,2017-12-02 10:59:59.999,2266439.88028084,1486,104.68990100,1166632.13092686,0
2017-12-02 11:00:00,11094.99000000,11098.27000000,10797.15000000,10940.98000000,327.49228800,2017-12-02 11:59:59.999,3586752.46146580,1814,156.42458100,1714472.44726257,0
2017-12-02 12:00:00,10949.00000000,11097.71000000,10901.02000000,11079.30000000,223.30467300,2017-12-02 12:59:59.999,2453517.14620034,1309,115.52269500,1268865.60397882,0
2017-12-02 13:00:00,11079.90000000,11111.10000000,10850.22000000,11000.00000000,161.26406800,2017-12-02 13:59:59.999,1781970.69240516,1099,76.38035800,844309.92305691,0
2017-12-02 14:00:00,10992.01000000,11054.99000000,10620.00000000,10840.07000000,312.76676400,2017-12-02 14:59:59.999,3381468.59987044,2035,133.99686500,1449416.37939925,0
2017-12-02 15:00:00,10844.55000000,10913.16000000,10671.16000000,10709.73000000,204.32559700,2017-12-02 15:59:59.999,2206634.37646679,1708,93.20813400,1007385.12356186,0
2017-12-02 16:00:00,10709.76000000,10819.00000000,10689.07000000,10808.32000000,151.18336600,2017-12-02 16:59:59.999,1622857.74245416,1247,87.39505400,938627.18700522,0
2017-12-02 17:00:00,10808.31000000,10934.35000000,10757.93000000,10898.57000000,104.78647400,2017-12-02 17:59:59.999,1137126.85877055,607,51.05848800,554237.40452523,0
2017-12-02 18:00:00,10898.55000000,10990.00000000,10872.09000000,10941.99000000,120.17646000,2017-12-02 18:59:59.999,1316458.29603111,714,63.43359800,694958.03431082,0
2017-12-02 19:00:00,10925.10000000,10949.99000000,10850.19000000,10882.12000000,89.38565100,2017-12-02 19:59:59.999,975376.44456889,640,46.52941900,507821.29786788,0
2017-12-02 20:00:00,10882.66000000,10935.00000000,10861.33000000,10935.00000000,117.06006900,2017-12-02 20:59:59.999,1276799.82005615,1053,53.87670700,587537.15096762,0
2017-12-02 21:00:00,10935.00000000,11050.00000000,10929.01000000,11031.00000000,125.41519500,2017-12-02 21:59:59.999,1378216.37462256,903,59.52271800,654100.20245435,0
2017-12-02 22:00:00,11031.01000000,11046.48000000,10910.44000000,10946.91000000,130.16445400,2017-12-02 22:59:59.999,1429083.07549504,1320,63.86097100,700821.10462184,0
2017-12-02 23:00:00,10946.88000000,10975.65000000,10871.00000000,10890.01000000,128.59553200,2017-12-02 23:59:59.999,1403632.86167727,965,59.54901300,650086.60850637,0
2017-12-03 00:00:00,10902.69000000,11010.20000000,10800.00000000,10854.83000000,189.20545500,2017-12-03 00:59:59.999,2067684.48298085,1828,90.49458200,989213.68972583,0
2017-12-03 01:00:00,10854.83000000,10935.74000000,10799.00000000,10898.00000000,144.77383900,2017-12-03 01:59:59.999,1570037.37356851,1235,71.60958100,776637.00510471,0
2017-12-03 02:00:00,10898.00000000,10948.49000000,10877.39000000,10936.94000000,115.69393500,2017-12-03 02:59:59.999,1263072.09956860,1577,55.02667100,600802.14556287,0
2017-12-03 03:00:00,10936.40000000,10985.51000000,10842.01000000,10980.00000000,129.01955300,2017-12-03 03:59:59.999,1409918.32983470,1022,59.34658700,648516.09657653,0
2017-12-03 04:00:00,10980.00000000,11092.00000000,10900.11000000,11080.03000000,174.94507600,2017-12-03 04:59:59.999,1926663.55848959,1130,90.54226900,997099.04059273,0
2017-12-03 05:00:00,11080.03000000,11091.99000000,11000.00000000,11054.66000000,126.24829700,2017-12-03 05:59:59.999,1396343.90204762,1353,53.47234900,591421.11863077,0
2017-12-03 06:00:00,11051.69000000,11110.20000000,10975.13000000,11082.39000000,161.41068800,2017-12-03 06:59:59.999,1781972.96460978,1185,74.00497800,817271.52320056,0
2017-12-03 07:00:00,11082.39000000,11169.04000000,11075.00000000,11146.02000000,182.08152100,2017-12-03 07:59:59.999,2026619.07062190,1095,83.38985000,928301.27389920,0
2017-12-03 08:00:00,11150.49000000,11167.03000000,11080.00000000,11120.16000000,155.11856300,2017-12-03 08:59:59.999,1727776.80584763,1029,57.88746500,644738.27968433,0
2017-12-03 09:00:00,11129.08000000,11150.00000000,11066.01000000,11080.01000000,160.69051900,2017-12-03 09:59:59.999,1785816.05309751,840,73.43678100,816308.47961752,0
2017-12-03 10:00:00,11084.50000000,11150.00000000,11069.01000000,11124.75000000,174.44292900,2017-12-03 10:59:59.999,1939921.33030549,1085,78.94231200,877896.84248776,0
2017-12-03 11:00:00,11122.01000000,11620.00000000,11104.45000000,11615.99000000,369.17104200,2017-12-03 11:59:59.999,4212869.55970676,2609,236.69681400,2701603.87442942,0
2017-12-03 12:00:00,11601.97000000,11820.66000000,11520.01000000,11660.00000000,301.52619900,2017-12-03 12:59:59.999,3508146.83000355,2210,174.45073300,2029609.26830987,0
2017-12-03 13:00:00,11643.20000000,11700.01000000,11570.20000000,11642.97000000,210.50347000,2017-12-03 13:59:59.999,2449729.59516757,1359,103.25952500,1201894.22402839,0
2017-12-03 14:00:00,11642.97000000,11719.34000000,11532.33000000,11579.76000000,290.42987100,2017-12-03 14:59:59.999,3371001.45547104,1482,128.65456000,1493504.42393455,0
2017-12-03 15:00:00,11592.36000000,11798.00000000,11579.18000000,11710.00000000,235.71655100,2017-12-03 15:59:59.999,2761201.90305079,1428,123.06330100,1441614.99818120,0
2017-12-03 16:00:00,11710.00000000,11777.36000000,11623.17000000,11657.91000000,180.92109100,2017-12-03 16:59:59.999,2119102.13987132,1408,94.69687000,1109313.34493397,0
2017-12-03 17:00:00,11657.87000000,11740.00000000,11626.65000000,11675.24000000,210.57088600,2017-12-03 17:59:59.999,2461594.16766450,1228,98.99130000,1157102.74259043,0
2017-12-03 18:00:00,11664.81000000,11745.68000000,11618.00000000,11711.01000000,166.71277600,2017-12-03 18:59:59.999,1948056.96506686,1000,77.66155700,907676.79730624,0
2017-12-03 19:00:00,11711.02000000,11758.00000000,11697.53000000,11735.00000000,155.61418200,2017-12-03 19:59:59.999,1825662.22116330,1001,68.14787800,799759.55873104,0
2017-12-03 20:00:00,11735.00000000,11825.00000000,11200.00000000,11350.00000000,372.98057800,2017-12-03 20:59:59.999,4303519.48045352,2958,161.24729800,1860897.35807573,0
2017-12-03 21:00:00,11350.00000000,11445.71000000,10620.10000000,10899.98000000,445.65741200,2017-12-03 21:59:59.999,4903540.52079937,3936,193.91717800,2136581.43673816,0
2017-12-03 22:00:00,10899.98000000,11249.99000000,10500.00000000,11046.76000000,469.62466800,2017-12-03 22:59:59.999,5112408.43906485,3344,224.00683600,2439777.28758179,0
2017-12-03 23:00:00,11046.74000000,11192.54000000,10978.02000000,11165.41000000,223.57742300,2017-12-03 23:59:59.999,2478049.04487222,1993,101.29891200,1122639.35298069,0
2017-12-04 00:00:00,11165.41000000,11339.00000000,11163.78000000,11232.71000000,236.45071300,2017-12-04 00:59:59.999,2655579.81161741,1663,129.13027300,1450072.34625772,0
2017-12-04 01:00:00,11203.58000000,11444.45000000,11203.58000000,11390.02000000,205.22363300,2017-12-04 01:59:59.999,2331993.02922847,1396,103.15834900,1171712.93516758,0
2017-12-04 02:00:00,11407.95000000,11425.85000000,11200.06000000,11276.03000000,232.55777000,2017-12-04 02:59:59.999,2621923.41234117,1383,110.22770800,1242132.15324717,0
2017-12-04 03:00:00,11275.30000000,11420.00000000,11248.00000000,11369.96000000,181.43302900,2017-12-04 03:59:59.999,2056828.78980798,1545,94.06168800,1066355.66239949,0
2017-12-04 04:00:00,11383.27000000,11539.00000000,11369.98000000,11510.00000000,172.72750800,2017-12-04 04:59:59.999,1982442.12228941,1662,92.43138700,1061056.82305803,0
2017-12-04 05:00:00,11510.01000000,11600.00000000,11314.43000000,11459.98000000,188.39548500,2017-12-04 05:59:59.999,2158305.88365971,1841,93.02846700,1065502.59790836,0
2017-12-04 06:00:00,11476.87000000,11518.00000000,11431.11000000,11435.00000000,7.84640300,2017-12-04 06:59:59.999,89955.72476181,83,4.93578400,56638.21246452,0
2017-12-04 07:00:00,11500.00000000,11583.06000000,11400.00000000,11544.76000000,135.81495800,2017-12-04 07:59:59.999,1560771.37772078,837,69.39885400,797896.87390773,0
2017-12-04 08:00:00,11538.39000000,11600.00000000,11419.99000000,11496.34000000,213.64365600,2017-12-04 08:59:59.999,2462947.30806797,1221,102.26447800,1179282.02222718,0
2017-12-04 09:00:00,11497.01000000,11574.97000000,11337.99000000,11346.81000000,84.10601900,2017-12-04 09:59:59.999,962980.72681172,920,47.74295500,546182.54069263,0
2017-12-04 10:00:00,11346.81000000,11363.15000000,11185.28000000,11339.58000000,108.72517700,2017-12-04 10:59:59.999,1226067.13323168,1305,55.44134100,625503.61672460,0
2017-12-04 11:00:00,11343.58000000,11394.98000000,11003.00000000,11120.82000000,164.48841200,2017-12-04 11:59:59.999,1844638.71986606,1772,79.19511600,886103.55244067,0
2017-12-04 12:00:00,11120.70000000,11238.98000000,11000.00000000,11138.45000000,177.51043800,2017-12-04 12:59:59.999,1973791.93566375,1547,97.24057800,1081288.31015426,0
2017-12-04 13:00:00,11138.45000000,11250.00000000,10802.00000000,11210.00000000,172.16105900,2017-12-04 13:59:59.999,1905460.29467021,1824,87.99276600,975153.23012411,0
2017-12-04 14:00:00,11208.07000000,11393.99000000,11134.05000000,11366.91000000,242.62566500,2017-12-04 14:59:59.999,2737231.98452932,2458,120.27124900,1357548.00291500,0
2017-12-04 15:00:00,11366.91000000,11437.00000000,11180.00000000,11301.07000000,246.07750700,2017-12-04 15:59:59.999,2779155.08350288,1719,127.54689300,1440458.38638499,0
2017-12-04 16:00:00,11309.02000000,11345.00000000,11189.15000000,11239.02000000,313.75576600,2017-12-04 16:59:59.999,3536783.94787311,1366,184.10448900,2076167.22000386,0
2017-12-04 17:00:00,11239.01000000,11336.00000000,11236.06000000,11245.20000000,248.65275700,2017-12-04 17:59:59.999,2804932.90075370,1040,127.62727500,1440372.59597161,0
2017-12-04 18:00:00,11245.20000000,11285.00000000,11051.00000000,11160.12000000,242.52082700,2017-12-04 18:59:59.999,2699256.23108076,1206,133.24613300,1484726.85172836,0
2017-12-04 19:00:00,11173.90000000,11179.98000000,11070.04000000,11149.25000000,136.29443500,2017-12-04 19:59:59.999,1519008.25445230,933,86.58936900,965323.53897578,0
2017-12-04 20:00:00,11149.25000000,11462.33000000,11144.04000000,11305.21000000,253.64843700,2017-12-04 20:59:59.999,2886291.60548584,1416,144.82104500,1648080.11822367,0
2017-12-04 21:00:00,11399.96000000,11500.00000000,11305.31000000,11400.03000000,172.20275200,2017-12-04 21:59:59.999,1976908.38406887,1042,113.69477700,1305397.94076557,0
2017-12-04 22:00:00,11430.02000000,11501.00000000,11380.00000000,11416.98000000,239.88188300,2017-12-04 22:59:59.999,2744019.35701366,885,144.93987500,1658421.59591766,0
2017-12-04 23:00:00,11441.27000000,11579.00000000,11416.95000000,11579.00000000,286.68027300,2017-12-04 23:59:59.999,3297711.62143210,1168,167.76418200,1931374.34396234,0
2017-12-05 00:00:00,11571.03000000,11639.08000000,11447.68000000,11545.04000000,231.94995900,2017-12-05 00:59:59.999,2682826.17554101,1461,144.73365100,1674020.28116460,0
2017-12-05 01:00:00,11550.01000000,11600.00000000,11500.00000000,11501.69000000,210.38767800,2017-12-05 01:59:59.999,2430045.83242284,1307,115.81814700,1337912.10301410,0
2017-12-05 02:00:00,11501.72000000,11660.00000000,11480.00000000,11521.37000000,258.35584800,2017-12-05 02:59:59.999,2994032.24470913,1396,151.75266500,1759032.65488865,0
2017-12-05 03:00:00,11525.00000000,11610.00000000,11523.10000000,11609.99000000,196.70911600,2017-12-05 03:59:59.999,2276662.89778323,1643,140.77415500,1630008.55314369,0
2017-12-05 04:00:00,11607.72000000,11610.00000000,11450.00000000,11500.01000000,282.13875000,2017-12-05 04:59:59.999,3244992.76225561,1255,154.09533100,1773623.56670224,0
2017-12-05 05:00:00,11505.01000000,11608.74000000,11501.21000000,11577.02000000,246.69662800,2017-12-05 05:59:59.999,2851323.03548956,1112,107.17727200,1239597.30427471,0
2017-12-05 06:00:00,11577.01000000,11615.00000000,11520.01000000,11600.00000000,194.16398600,2017-12-05 06:59:59.999,2249686.25427118,830,89.92456800,1042262.41897669,0
2017-12-05 07:00:00,11600.00000000,11798.00000000,11586.00000000,11780.00000000,264.14449000,2017-12-05 07:59:59.999,3078695.73900503,1441,173.01823100,2016295.27320435,0
2017-12-05 08:00:00,11765.50000000,11795.00000000,11618.28000000,11759.98000000,202.12973900,2017-12-05 08:59:59.999,2373698.23939331,1580,126.67969500,1488102.15185090,0
2017-12-05 09:00:00,11755.01000000,11760.00000000,11621.13000000,11658.50000000,208.26046800,2017-12-05 09:59:59.999,2442273.35771934,1316,116.89976800,1370851.86144598,0
2017-12-05 10:00:00,11663.99000000,11699.01000000,11450.00000000,11640.47000000,281.50234100,2017-12-05 10:59:59.999,3259589.69755211,1633,175.23868100,2027474.20687534,0
2017-12-05 11:00:00,11641.94000000,11700.04000000,11576.02000000,11664.00000000,169.89172700,2017-12-05 11:59:59.999,1979976.60507878,1263,99.57643900,1160448.86520866,0
2017-12-05 12:00:00,11652.00000000,11766.00000000,11620.00000000,11718.99000000,221.34041900,2017-12-05 12:59:59.999,2584599.84898591,1150,134.45136900,1570721.39686977,0
2017-12-05 13:00:00,11765.76000000,11853.00000000,11650.00000000,11715.00000000,252.88647000,2017-12-05 13:59:59.999,2980598.96994530,2114,161.29966200,1902244.16557059,0
2017-12-05 14:00:00,11710.00000000,11810.00000000,11670.01000000,11733.52000000,180.41221000,2017-12-05 14:59:59.999,2123067.74375061,1457,124.03473800,1459886.46943573,0
2017-12-05 15:00:00,11733.01000000,11810.00000000,11705.52000000,11800.00000000,234.16305200,2017-12-05 15:59:59.999,2757440.20288819,1069,129.81117800,1528710.90985036,0
2017-12-05 16:00:00,11800.00000000,11800.00000000,11561.01000000,11607.03000000,325.19186200,2017-12-05 16:59:59.999,3793406.93665697,1658,149.08176200,1739054.34781970,0
2017-12-05 17:00:00,11639.97000000,11730.00000000,11590.02000000,11645.00000000,269.86297800,2017-12-05 17:59:59.999,3151391.72790614,1294,139.17814100,1624808.79174640,0
2017-12-05 18:00:00,11645.00000000,11719.95000000,11630.00000000,11697.92000000,227.07922400,2017-12-05 18:59:59.999,2651057.24049318,989,108.73432800,1269622.69769059,0
2017-12-05 19:00:00,11691.58000000,11750.87000000,11691.49000000,11694.00000000,239.12060300,2017-12-05 19:59:59.999,2800728.40737592,917,135.58122700,1588373.47489707,0
2017-12-05 20:00:00,11716.99000000,11791.00000000,11694.00000000,11732.46000000,160.80644900,2017-12-05 20:59:59.999,1887471.60300519,927,98.34248400,1154446.51408419,0
2017-12-05 21:00:00,11750.22000000,11773.98000000,11689.09000000,11722.51000000,241.47509800,2017-12-05 21:59:59.999,2830703.00034215,1010,118.49704800,1389746.47268250,0
2017-12-05 22:00:00,11721.99000000,11767.99000000,11662.50000000,11715.05000000,241.83514900,2017-12-05 22:59:59.999,2832357.79900971,1116,123.67306300,1448533.80508033,0
2017-12-05 23:00:00,11737.58000000,11750.00000000,11662.00000000,11699.99000000,210.22781100,2017-12-05 23:59:59.999,2464626.72369802,1379,117.25696200,1374721.36894649,0
2017-12-06 00:00:00,11699.99000000,11830.00000000,11665.58000000,11815.20000000,308.97341100,2017-12-06 00:59:59.999,3626623.00483232,1367,136.72363800,1605776.40644398,0
2017-12-06 01:00:00,11821.74000000,11888.88000000,11805.35000000,11861.13000000,324.57062200,2017-12-06 01:59:59.999,3840427.42195270,1513,161.77634100,1914783.65611276,0
2017-12-06 02:00:00,11861.14000000,12184.99000000,11850.02000000,12184.99000000,240.44719300,2017-12-06 02:59:59.999,2888045.92636592,2170,177.06278400,2126920.87024563,0
2017-12-06 03:00:00,12150.00000000,12300.00000000,12070.08000000,12217.96000000,100.17989400,2017-12-06 03:59:59.999,1222370.00424790,967,65.05423200,794018.76748848,0
2017-12-06 04:00:00,12249.97000000,12276.98000000,12136.00000000,12259.98000000,242.76557400,2017-12-06 04:59:59.999,2970555.34771991,992,147.60847200,1806779.82990837,0
2017-12-06 05:00:00,12259.99000000,12276.96000000,12200.01000000,12270.02000000,298.07427800,2017-12-06 05:59:59.999,3649752.29276564,1051,162.51880600,1990262.47313388,0
2017-12-06 06:00:00,12275.04000000,12450.00000000,12260.00000000,12410.16000000,218.60068100,2017-12-06 06:59:59.999,2703035.19233265,1207,150.49009700,1860867.06352648,0
2017-12-06 07:00:00,12449.65000000,12531.06000000,12247.00000000,12426.93000000,359.03478000,2017-12-06 07:59:59.999,4451302.06545799,2137,250.73973500,3108136.36470455,0
2017-12-06 08:00:00,12432.77000000,12589.55000000,12381.99000000,12469.14000000,239.04389700,2017-12-06 08:59:59.999,2977298.27399373,1733,139.13521400,1734106.42230025,0
2017-12-06 09:00:00,12461.42000000,12620.00000000,12450.01000000,12565.35000000,250.16740500,2017-12-06 09:59:59.999,3139301.92961041,1248,137.61525300,1727050.80004256,0
2017-12-06 10:00:00,12577.18000000,12920.00000000,12563.91000000,12868.08000000,329.17052900,2017-12-06 10:59:59.999,4194361.26345472,2431,194.87939200,2486517.42648285,0
2017-12-06 11:00:00,12899.99000000,12918.98000000,12401.01000000,12593.96000000,372.24229300,2017-12-06 11:59:59.999,4704026.99065569,2699,214.72127600,2714538.85743900,0
2017-12-06 12:00:00,12620.00000000,12788.00000000,12580.45000000,12739.86000000,259.88042800,2017-12-06 12:59:59.999,3295569.73556983,1781,153.55104100,1947932.70209795,0
2017-12-06 13:00:00,12745.01000000,12848.49000000,12604.00000000,12678.97000000,273.64529500,2017-12-06 13:59:59.999,3482908.34144217,1394,144.97047900,1845319.12513124,0
2017-12-06 14:00:00,12669.50000000,12831.98000000,12660.01000000,12748.04000000,250.39120800,2017-12-06 14:59:59.999,3194542.86780156,1541,135.10379700,1724204.92492661,0
2017-12-06 15:00:00,12748.03000000,12778.00000000,12250.00000000,12322.40000000,369.83330400,2017-12-06 15:59:59.999,4654356.34788579,2207,182.28227400,2296629.28042421,0
2017-12-06 16:00:00,12322.41000000,12547.07000000,12220.00000000,12546.55000000,317.66435400,2017-12-06 16:59:59.999,3941673.70628696,2029,184.67113900,2293741.75833296,0
2017-12-06 17:00:00,12507.02000000,12758.00000000,12488.23000000,12568.10000000,232.44404400,2017-12-06 17:59:59.999,2920323.92922687,1380,139.13713200,1748823.07665737,0
2017-12-06 18:00:00,12565.00000000,12800.00000000,12518.66000000,12757.94000000,199.34871400,2017-12-06 18:59:59.999,2519337.48254743,937,87.19033800,1102950.82301335,0
2017-12-06 19:00:00,12757.95000000,13055.00000000,12757.95000000,13054.99000000,270.69663800,2017-12-06 19:59:59.999,3488160.77147184,1625,161.63633100,2084857.96495563,0
2017-12-06 20:00:00,13033.05000000,13100.00000000,12724.42000000,13095.00000000,254.66840800,2017-12-06 20:59:59.999,3302465.49130451,1965,154.54922200,2006367.47453219,0
2017-12-06 21:00:00,13095.00000000,13200.05000000,12952.00000000,13169.28000000,259.84186100,2017-12-06 21:59:59.999,3389264.82743119,1405,136.18683300,1777629.77613750,0
2017-12-06 22:00:00,13160.52000000,13615.23000000,13160.52000000,13590.06000000,401.62492100,2017-12-06 22:59:59.999,5373332.94352841,1956,234.99054300,3147118.39302887,0
2017-12-06 23:00:00,13590.04000000,13613.85000000,12900.00000000,13550.05000000,334.63658700,2017-12-06 23:59:59.999,4480490.53787565,2461,177.50401200,2377851.32880239,0
2017-12-07 00:00:00,13541.01000000,13980.00000000,13492.73000000,13855.02000000,365.18945300,2017-12-07 00:59:59.999,5053176.16533237,2628,219.07853400,3032087.47974752,0
2017-12-07 01:00:00,13855.02000000,14060.86000000,13660.00000000,13971.51000000,352.43662400,2017-12-07 01:59:59.999,4892280.29555259,3069,185.81621500,2580402.44167037,0
2017-12-07 02:00:00,13955.88000000,13955.88000000,13050.00000000,13581.65000000,529.92217400,2017-12-07 02:59:59.999,7185666.69005547,3734,284.07210900,3852238.82995713,0
2017-12-07 03:00:00,13581.64000000,13860.00000000,13532.07000000,13634.99000000,360.72088100,2017-12-07 03:59:59.999,4949829.22124247,2001,193.46913300,2654012.87331656,0
2017-12-07 04:00:00,13634.97000000,14064.29000000,13600.00000000,14064.29000000,219.79104200,2017-12-07 04:59:59.999,3040888.96291885,1302,107.07524700,1481721.13178517,0
2017-12-07 05:00:00,14000.06000000,14250.00000000,14000.06000000,14063.01000000,261.01683600,2017-12-07 05:59:59.999,3682969.25355215,1873,142.09338900,2006088.65447013,0
2017-12-07 06:00:00,14063.00000000,14200.00000000,13893.82000000,13900.01000000,147.36351200,2017-12-07 06:59:59.999,2075540.85081558,1085,73.33055500,1033216.23494195,0
2017-12-07 07:00:00,13980.00000000,14318.44000000,13900.03000000,14302.84000000,206.41705200,2017-12-07 07:59:59.999,2902390.55116085,1514,113.73379000,1600025.93934197,0
2017-12-07 08:00:00,14311.44000000,14618.98000000,14250.00000000,14575.99000000,256.56648000,2017-12-07 08:59:59.999,3714954.23295836,1691,133.80222900,1939285.86342958,0
2017-12-07 09:00:00,14560.02000000,14688.00000000,14471.01000000,14651.02000000,207.97537700,2017-12-07 09:59:59.999,3030609.74582881,1668,108.82943400,1585782.46411762,0
2017-12-07 10:00:00,14687.98000000,14788.00000000,14633.02000000,14777.99000000,338.84064200,2017-12-07 10:59:59.999,4990233.55601087,2014,180.32490700,2657220.42787870,0
2017-12-07 11:00:00,14721.04000000,14769.00000000,13700.00000000,13799.98000000,399.74364300,2017-12-07 11:59:59.999,5752102.79837234,3192,163.16933700,2350907.68199593,0
2017-12-07 12:00:00,13799.95000000,14542.58000000,13702.00000000,14428.49000000,278.58301800,2017-12-07 12:59:59.999,3967622.61679527,2938,169.39359300,2413920.14567397,0
2017-12-07 13:00:00,14445.09000000,14888.20000000,14390.02000000,14826.00000000,296.18697700,2017-12-07 13:59:59.999,4342331.33415956,2279,153.62646000,2251425.75749125,0
2017-12-07 14:00:00,14826.02000000,15138.99000000,14750.52000000,15049.00000000,317.31513400,2017-12-07 14:59:59.999,4740261.67232038,2462,185.85237600,2776826.04126396,0
2017-12-07 15:00:00,15036.95000000,15500.00000000,14764.98000000,15310.01000000,432.84688700,2017-12-07 15:59:59.999,6604432.51307737,4167,232.95740200,3553266.88484213,0
2017-12-07 16:00:00,15310.02000000,15955.00000000,14550.00000000,14790.00000000,588.03312600,2017-12-07 16:59:59.999,8980432.29423758,5278,299.72094700,4588174.30306441,0
2017-12-07 17:00:00,14800.00000000,15350.00000000,14450.01000000,15130.01000000,433.26774100,2017-12-07 17:59:59.999,6442416.13878272,3133,231.67509600,3447563.27210629,0
2017-12-07 18:00:00,15150.00000000,15649.99000000,15066.00000000,15500.00000000,275.89121800,2017-12-07 18:59:59.999,4248630.58207117,2015,152.20279200,2343816.89144286,0
2017-12-07 19:00:00,15500.00000000,15599.00000000,14650.00000000,15007.01000000,310.10435000,2017-12-07 19:59:59.999,4682278.03795803,2073,133.18124900,2010319.72789129,0
2017-12-07 20:00:00,15007.01000000,15299.26000000,14849.98000000,15207.02000000,178.80912100,2017-12-07 20:59:59.999,2692490.36100813,1469,105.16886800,1584808.39188182,0
2017-12-07 21:00:00,15246.02000000,15750.00000000,14701.00000000,15499.05000000,227.98574900,2017-12-07 21:59:59.999,3528288.46517374,1924,105.47171800,1634733.43733064,0
2017-12-07 22:00:00,15499.16000000,16120.00000000,15499.05000000,16096.02000000,211.52094400,2017-12-07 22:59:59.999,3358271.12600003,1932,116.52661400,1849854.14408416,0
2017-12-07 23:00:00,16030.00000000,16649.96000000,15501.00000000,16599.00000000,290.53771400,2017-12-07 23:59:59.999,4697227.88111294,2100,140.46938200,2273760.75382876,0
2017-12-08 00:00:00,16599.00000000,17000.00000000,16485.00000000,16979.49000000,306.27225900,2017-12-08 00:59:59.999,5141999.50854567,2808,168.26582900,2825239.01005341,0
2017-12-08 01:00:00,16960.27000000,17204.99000000,16560.00000000,17181.48000000,271.60569800,2017-12-08 01:59:59.999,4606849.82729982,2669,146.12423500,2482188.96954615,0
2017-12-08 02:00:00,17181.45000000,17181.48000000,16352.01000000,16639.99000000,700.47365300,2017-12-08 02:59:59.999,11690589.70772435,3384,447.27333500,7472686.44882317,0
2017-12-08 03:00:00,16640.00000000,16640.00000000,15500.00000000,16398.85000000,632.70413000,2017-12-08 03:59:59.999,10151392.39414932,6074,336.97743300,5413768.90814913,0
2017-12-08 04:00:00,16350.04000000,16696.94000000,15600.00000000,15600.01000000,426.02616200,2017-12-08 04:59:59.999,6875444.18779958,3605,228.40524000,3683346.58659533,0
2017-12-08 05:00:00,15600.01000000,15750.00000000,14120.00000000,15498.02000000,1117.96708100,2017-12-08 05:59:59.999,16751568.61557090,8764,676.75903500,10160049.98693234,0
2017-12-08 06:00:00,15498.02000000,16069.98000000,14896.00000000,15880.01000000,1080.73454800,2017-12-08 06:59:59.999,16847050.58060561,4586,666.17786700,10381034.79055790,0
2017-12-08 07:00:00,15899.00000000,16198.00000000,15465.01000000,15880.00000000,993.66978200,2017-12-08 07:59:59.999,15817982.41714132,3110,662.59715900,10547325.06919022,0
2017-12-08 08:00:00,15881.47000000,15999.99000000,15299.99000000,15299.99000000,908.85124400,2017-12-08 08:59:59.999,14365867.85861519,2345,671.97533000,10631596.62324808,0
2017-12-08 09:00:00,15300.03000000,15700.01000000,14750.98000000,15177.02000000,795.44929200,2017-12-08 09:59:59.999,12117704.85542143,3623,522.02336700,7951887.64426713,0
2017-12-08 10:00:00,15245.12000000,15469.98000000,14866.00000000,14914.84000000,621.25097100,2017-12-08 10:59:59.999,9398487.67597391,2890,511.76580600,7743603.66417924,0
2017-12-08 11:00:00,14900.00000000,14960.01000000,14015.00000000,14834.98000000,1011.29280900,2017-12-08 11:59:59.999,14704024.95041367,4712,702.21716700,10219768.51686608,0
2017-12-08 12:00:00,14849.99000000,15100.24000000,14521.37000000,14785.60000000,525.52045900,2017-12-08 12:59:59.999,7817519.96832959,3324,403.90413900,6008543.77861464,0
2017-12-08 13:00:00,14794.48000000,15100.00000000,14412.65000000,15020.55000000,931.04277600,2017-12-08 13:59:59.999,13783513.20879093,2790,644.45837500,9525332.86805815,0
2017-12-08 14:00:00,14998.96000000,15959.99000000,14901.01000000,15889.54000000,1113.40538700,2017-12-08 14:59:59.999,17117996.02317839,4247,761.14021800,11673706.97198810,0
2017-12-08 15:00:00,15889.54000000,15899.00000000,15083.00000000,15265.70000000,846.97064900,2017-12-08 15:59:59.999,13110828.48161318,4008,515.85042200,7993021.47081017,0
2017-12-08 16:00:00,15265.69000000,15777.18000000,15070.00000000,15215.01000000,911.18955700,2017-12-08 16:59:59.999,14008044.55861861,4791,535.74713500,8242901.54416844,0
2017-12-08 17:00:00,15235.04000000,15400.00000000,14869.99000000,14869.99000000,742.77102800,2017-12-08 17:59:59.999,11288326.78612291,3351,630.79842400,9588424.24988747,0
2017-12-08 18:00:00,14869.99000000,15131.07000000,14790.02000000,15130.00000000,764.74036800,2017-12-08 18:59:59.999,11406320.29875855,2955,682.67246300,10182310.40571678,0
2017-12-08 19:00:00,15131.00000000,15400.00000000,15052.36000000,15199.96000000,484.56939900,2017-12-08 19:59:59.999,7374685.49073156,2091,428.32193300,6517447.56444918,0
2017-12-08 20:00:00,15196.84000000,15309.97000000,14921.65000000,15017.37000000,563.38833500,2017-12-08 20:59:59.999,8539462.29992869,1940,501.03934100,7594692.41441073,0
2017-12-08 21:00:00,15028.67000000,15745.00000000,15024.89000000,15581.02000000,797.70981800,2017-12-08 21:59:59.999,12243627.54770347,2335,480.38105600,7374967.59903809,0
2017-12-08 22:00:00,15614.01000000,15879.98000000,15575.04000000,15797.99000000,535.19308100,2017-12-08 22:59:59.999,8419977.69563313,2166,331.92074400,5223614.16764054,0
2017-12-08 23:00:00,15798.00000000,15998.98000000,15586.38000000,15880.00000000,506.21465000,2017-12-08 23:59:59.999,8007211.68047335,2159,293.49575900,4642943.88477998,0
2017-12-09 00:00:00,15880.01000000,16269.30000000,15650.00000000,15769.69000000,693.84625500,2017-12-09 00:59:59.999,11122670.21998292,2585,512.87548400,8230334.29039857,0
2017-12-09 01:00:00,15769.68000000,16000.00000000,15452.00000000,15452.00000000,440.86435200,2017-12-09 01:59:59.999,6936763.67282169,2038,348.00476500,5481943.67309467,0
2017-12-09 02:00:00,15463.55000000,15699.08000000,15383.00000000,15600.05000000,369.08623900,2017-12-09 02:59:59.999,5729399.30991427,2338,220.58037000,3425859.94605413,0
2017-12-09 03:00:00,15600.02000000,15683.10000000,15460.00000000,15502.56000000,776.63009700,2017-12-09 03:59:59.999,12084143.97415552,1797,547.15400600,8511556.42896276,0
2017-12-09 04:00:00,15502.56000000,15659.69000000,15200.00000000,15328.38000000,935.48323100,2017-12-09 04:59:59.999,14451654.59268529,2119,531.92362500,8214241.01278228,0
2017-12-09 05:00:00,15314.66000000,15379.10000000,15001.00000000,15106.51000000,493.32918700,2017-12-09 05:59:59.999,7479205.75746761,2892,288.56793700,4382738.86752501,0
2017-12-09 06:00:00,15109.99000000,15429.80000000,15060.00000000,15174.52000000,503.33226600,2017-12-09 06:59:59.999,7667035.01327121,2080,260.48369400,3971376.69035476,0
2017-12-09 07:00:00,15174.51000000,15410.70000000,15174.51000000,15340.01000000,522.47922400,2017-12-09 07:59:59.999,8002338.60941387,1561,205.48332300,3149092.18261783,0
2017-12-09 08:00:00,15340.05000000,15370.13000000,14999.00000000,15048.15000000,559.73303600,2017-12-09 08:59:59.999,8500699.81107120,2168,242.04605900,3671341.82989755,0
2017-12-09 09:00:00,15048.16000000,15169.99000000,14695.00000000,14899.96000000,429.26974800,2017-12-09 09:59:59.999,6414981.37611406,2806,222.87720700,3330315.92597547,0
2017-12-09 10:00:00,14852.01000000,14916.74000000,14358.60000000,14358.60000000,561.23933600,2017-12-09 10:59:59.999,8244847.43196290,2592,279.79266900,4117058.11496659,0
2017-12-09 11:00:00,14360.00000000,14892.52000000,14203.00000000,14700.01000000,721.48510400,2017-12-09 11:59:59.999,10527014.26819555,3257,473.82532800,6915035.06852196,0
2017-12-09 12:00:00,14700.03000000,15100.00000000,14600.01000000,14658.98000000,574.78709300,2017-12-09 12:59:59.999,8531691.61606711,2991,301.38221500,4475311.91919225,0
2017-12-09 13:00:00,14665.00000000,15000.00000000,14611.15000000,14954.32000000,421.99782100,2017-12-09 13:59:59.999,6250050.71889744,1701,265.18155700,3931342.79910658,0
2017-12-09 14:00:00,14979.98000000,14979.98000000,14701.02000000,14701.02000000,538.00208500,2017-12-09 14:59:59.999,7966338.20716540,1914,311.08060900,4605274.42745002,0
2017-12-09 15:00:00,14701.02000000,14773.04000000,14299.95000000,14405.48000000,409.63195500,2017-12-09 15:59:59.999,5936218.22865511,2313,256.81221000,3724558.77860707,0
2017-12-09 16:00:00,14405.48000000,14520.00000000,13631.90000000,13986.98000000,579.12694600,2017-12-09 16:59:59.999,8130928.23499471,4455,291.35198500,4094692.26027055,0
2017-12-09 17:00:00,13974.45000000,14000.00000000,12535.00000000,13322.00000000,894.33344900,2017-12-09 17:59:59.999,11895483.67931082,5838,404.93738600,5394557.94232935,0
2017-12-09 18:00:00,13349.98000000,14245.90000000,13349.98000000,14096.04000000,774.47300900,2017-12-09 18:59:59.999,10742567.36391079,4985,447.80854300,6216122.35932694,0
2017-12-09 19:00:00,14096.04000000,14199.00000000,13560.06000000,13908.00000000,548.71105600,2017-12-09 19:59:59.999,7628113.18523564,3900,349.89141000,4866939.15429655,0
2017-12-09 20:00:00,13908.00000000,14539.94000000,13859.04000000,14299.94000000,781.66982300,2017-12-09 20:59:59.999,11102236.05424416,2884,379.93558900,5405183.47196084,0
2017-12-09 21:00:00,14299.94000000,14352.00000000,13920.02000000,14344.97000000,468.73993700,2017-12-09 21:59:59.999,6641476.45257934,3054,313.09144900,4438309.15116907,0
2017-12-09 22:00:00,14305.14000000,14813.00000000,14205.01000000,14616.00000000,525.28259700,2017-12-09 22:59:59.999,7636060.68926062,2561,311.84626700,4534961.22241546,0
2017-12-09 23:00:00,14620.11000000,14700.00000000,14401.03000000,14656.07000000,395.22484100,2017-12-09 23:59:59.999,5750754.52048709,1909,221.38933600,3220626.06244077,0
2017-12-10 00:00:00,14664.01000000,14699.97000000,13900.10000000,14146.32000000,460.56482600,2017-12-10 00:59:59.999,6525694.36427543,2373,241.21109100,3417895.07845995,0
2017-12-10 01:00:00,14101.90000000,14145.56000000,13015.00000000,13400.00000000,640.72911700,2017-12-10 01:59:59.999,8674722.90860468,3705,320.99413700,4350923.67840533,0
2017-12-10 02:00:00,13319.98000000,13950.01000000,13208.00000000,13258.07000000,596.74664500,2017-12-10 02:59:59.999,8103598.96624483,3536,354.06322600,4811255.09773961,0
2017-12-10 03:00:00,13258.07000000,13500.01000000,12609.62000000,12647.07000000,719.89044200,2017-12-10 03:59:59.999,9416761.76626894,4042,368.73544100,4835174.21246982,0
2017-12-10 04:00:00,12609.62000000,13472.00000000,12368.00000000,13366.03000000,925.72295800,2017-12-10 04:59:59.999,11842899.40026561,4877,524.33786700,6718170.01044498,0
2017-12-10 05:00:00,13366.03000000,13478.00000000,12900.00000000,13208.00000000,741.36479700,2017-12-10 05:59:59.999,9704615.16671691,2816,405.80869600,5313163.69737872,0
2017-12-10 06:00:00,13234.22000000,13882.40000000,13200.00000000,13721.02000000,1077.50567400,2017-12-10 06:59:59.999,14501862.96786685,2946,593.07531300,7987784.15718622,0
2017-12-10 07:00:00,13721.03000000,13879.99000000,13102.00000000,13419.98000000,685.01123800,2017-12-10 07:59:59.999,9215197.01011877,2950,368.67704300,4961183.37705616,0
2017-12-10 08:00:00,13419.98000000,13449.95000000,12900.13000000,13296.25000000,639.61318000,2017-12-10 08:59:59.999,8412477.25991084,2613,357.26684300,4701303.42580219,0
2017-12-10 09:00:00,13267.75000000,13611.00000000,13153.95000000,13520.00000000,631.26406100,2017-12-10 09:59:59.999,8431338.29319869,2463,354.38720700,4734893.58561185,0
2017-12-10 10:00:00,13520.50000000,13950.00000000,13443.02000000,13600.05000000,678.74580700,2017-12-10 10:59:59.999,9291098.37159079,2799,349.85837400,4789275.59154163,0
2017-12-10 11:00:00,13601.00000000,13770.00000000,13360.02000000,13560.55000000,509.53086100,2017-12-10 11:59:59.999,6929305.99281435,2041,287.78276100,3912776.96124728,0
2017-12-10 12:00:00,13560.55000000,13787.00000000,13357.98000000,13720.01000000,711.84130400,2017-12-10 12:59:59.999,9652340.87708600,2110,367.21411300,4977903.34309091,0
2017-12-10 13:00:00,13729.50000000,14700.00000000,13720.00000000,14676.50000000,750.40492200,2017-12-10 13:59:59.999,10665626.55501769,4359,403.04236000,5727008.37345476,0
2017-12-10 14:00:00,14700.00000000,15449.00000000,14582.40000000,15060.00000000,826.11689400,2017-12-10 14:59:59.999,12429506.49254551,6192,427.51297100,6435369.26160206,0
2017-12-10 15:00:00,15060.00000000,15612.10000000,14650.00000000,15400.00000000,789.88423500,2017-12-10 15:59:59.999,11990573.11383117,4872,397.98669700,6044055.29023704,0
2017-12-10 16:00:00,15410.25000000,15590.00000000,15026.00000000,15079.19000000,662.66419200,2017-12-10 16:59:59.999,10164286.80073242,3269,345.26650600,5296569.64511782,0
2017-12-10 17:00:00,15079.19000000,15340.03000000,15026.00000000,15288.40000000,633.26773600,2017-12-10 17:59:59.999,9646037.91523160,2174,330.25234100,5031643.72751679,0
2017-12-10 18:00:00,15282.38000000,15282.38000000,14849.98000000,14975.03000000,651.71008800,2017-12-10 18:59:59.999,9811606.87158778,2409,368.49379800,5549189.88642088,0
2017-12-10 19:00:00,14999.99000000,15550.07000000,14975.00000000,15465.68000000,554.06573400,2017-12-10 19:59:59.999,8424830.43425580,2428,258.32300100,3931582.72663427,0
2017-12-10 20:00:00,15476.68000000,15550.00000000,15153.57000000,15215.01000000,521.22245800,2017-12-10 20:59:59.999,7986396.01087400,1983,251.14695600,3849267.87349333,0
2017-12-10 21:00:00,15218.11000000,15348.97000000,14150.00000000,14294.50000000,691.91893800,2017-12-10 21:59:59.999,10178287.83489270,4591,329.73146200,4858891.94083932,0
2017-12-10 22:00:00,14291.39000000,14949.94000000,14212.86000000,14380.00000000,455.39908800,2017-12-10 22:59:59.999,6616712.05411248,2930,252.92431800,3676664.25349720,0
2017-12-10 23:00:00,14356.49000000,15720.12000000,14356.49000000,14899.98000000,997.85197800,2017-12-10 23:59:59.999,15152186.03397103,6191,478.77682200,7264949.29081885,0
2017-12-11 00:00:00,14946.26000000,15380.00000000,14901.08000000,15312.02000000,353.89850200,2017-12-11 00:59:59.999,5368086.29736766,2513,197.19003100,2993750.49450414,0
2017-12-11 01:00:00,15329.94000000,16150.35000000,15312.00000000,16022.52000000,842.47271100,2017-12-11 01:59:59.999,13289122.99540306,4164,441.60113700,6968817.07485299,0
2017-12-11 02:00:00,16023.06000000,16173.94000000,15733.00000000,16147.00000000,516.18875600,2017-12-11 02:59:59.999,8267023.38766643,3291,260.23955300,4170317.42130967,0
2017-12-11 03:00:00,16147.49000000,16689.00000000,15901.05000000,16160.01000000,728.88932600,2017-12-11 03:59:59.999,11903558.82972756,4444,362.02172600,5913902.39927780,0
2017-12-11 04:00:00,16173.00000000,16490.00000000,15818.00000000,16042.51000000,590.65871100,2017-12-11 04:59:59.999,9556832.58760198,3545,324.81152300,5255806.19575301,0
2017-12-11 05:00:00,16045.01000000,16350.00000000,16042.51000000,16089.02000000,663.83380800,2017-12-11 05:59:59.999,10734008.15894454,2581,319.72986800,5170262.09415354,0
2017-12-11 06:00:00,16089.02000000,16569.99000000,16080.00000000,16549.99000000,618.37437900,2017-12-11 06:59:59.999,10083092.30532763,2989,346.34300000,5649746.60095666,0
2017-12-11 07:00:00,16549.99000000,16580.00000000,16357.08000000,16431.00000000,409.32569200,2017-12-11 07:59:59.999,6723371.93818490,2310,205.37953700,3375297.90678903,0
2017-12-11 08:00:00,16427.00000000,16554.98000000,16199.98000000,16305.00000000,696.90672400,2017-12-11 08:59:59.999,11463355.36222271,2738,318.88860700,5245737.23790210,0
2017-12-11 09:00:00,16310.02000000,16415.31000000,16101.00000000,16330.01000000,456.58002800,2017-12-11 09:59:59.999,7426830.49571922,2256,242.74420200,3949962.75487058,0
2017-12-11 10:00:00,16330.01000000,16487.00000000,16320.98000000,16403.00000000,383.49161800,2017-12-11 10:59:59.999,6287239.35294298,2057,182.19036000,2987775.93594592,0
2017-12-11 11:00:00,16411.50000000,16450.00000000,16022.02000000,16052.02000000,486.44630400,2017-12-11 11:59:59.999,7934584.75274871,2274,210.45944800,3431898.72039832,0
2017-12-11 12:00:00,16052.05000000,16472.97000000,16051.05000000,16318.98000000,481.70541000,2017-12-11 12:59:59.999,7851867.40076133,2975,250.02356700,4077241.96302799,0
2017-12-11 13:00:00,16318.98000000,16379.00000000,16000.01000000,16239.42000000,478.51491300,2017-12-11 13:59:59.999,7756174.43246463,4472,219.86551100,3564176.88116290,0
2017-12-11 14:00:00,16239.42000000,16356.06000000,16066.66000000,16201.00000000,326.04138500,2017-12-11 14:59:59.999,5292974.55604431,2941,159.92296100,2598095.55332610,0
2017-12-11 15:00:00,16233.37000000,16400.00000000,16150.00000000,16359.80000000,460.18747800,2017-12-11 15:59:59.999,7476266.47897721,1680,259.15704900,4210883.65402318,0
2017-12-11 16:00:00,16322.01000000,16449.00000000,16235.00000000,16335.00000000,458.65006000,2017-12-11 16:59:59.999,7494740.16977024,5392,249.14544900,4072255.02832335,0
2017-12-11 17:00:00,16345.00000000,16355.00000000,16210.02000000,16270.00000000,367.84798500,2017-12-11 17:59:59.999,5987528.22841274,1343,175.74340400,2861791.06443479,0
2017-12-11 18:00:00,16270.01000000,16500.26000000,16257.59000000,16500.00000000,386.17131100,2017-12-11 18:59:59.999,6325336.41885917,1757,198.86734600,3258804.70705157,0
2017-12-11 19:00:00,16500.26000000,16999.00000000,16443.95000000,16999.00000000,246.83892600,2017-12-11 19:59:59.999,4126170.73736627,2013,125.49231700,2100082.31263490,0
2017-12-11 20:00:00,16999.00000000,17470.00000000,16932.33000000,17205.00000000,517.64970700,2017-12-11 20:59:59.999,8891290.11127314,4447,270.57344000,4646430.59891961,0
2017-12-11 21:00:00,17205.00000000,17264.00000000,16822.03000000,17197.98000000,349.53177600,2017-12-11 21:59:59.999,5960866.45191576,2843,167.09630400,2850657.66820328,0
2017-12-11 22:00:00,17197.95000000,17197.95000000,16819.02000000,16846.00000000,419.41885600,2017-12-11 22:59:59.999,7121862.38811004,2530,172.60748100,2928515.92631236,0
2017-12-11 23:00:00,16846.00000000,16963.59000000,16400.00000000,16587.97000000,580.77739600,2017-12-11 23:59:59.999,9722944.06578816,3818,245.14081200,4104164.86402606,0
2017-12-12 00:00:00,16587.97000000,16753.93000000,16380.00000000,16641.74000000,361.39552100,2017-12-12 00:59:59.999,5995105.39938762,3666,159.86875000,2653055.48133859,0
2017-12-12 01:00:00,16641.74000000,16976.45000000,16500.00000000,16956.00000000,361.81858300,2017-12-12 01:59:59.999,6057603.14264073,2995,175.41018300,2939459.83899572,0
2017-12-12 02:00:00,16956.00000000,16970.00000000,16568.01000000,16600.00000000,448.57482300,2017-12-12 02:59:59.999,7502664.42357532,3459,217.29022100,3638512.53462338,0
2017-12-12 03:00:00,16599.99000000,16635.29000000,16200.00000000,16288.00000000,443.81979400,2017-12-12 03:59:59.999,7256106.10879388,4016,195.33228900,3194287.37925850,0
2017-12-12 04:00:00,16288.00000000,16686.58000000,16209.00000000,16260.04000000,332.37396000,2017-12-12 04:59:59.999,5424684.69533557,2924,169.19468500,2763419.96030610,0
2017-12-12 05:00:00,16289.00000000,16500.00000000,16244.73000000,16499.50000000,472.85310700,2017-12-12 05:59:59.999,7719412.47746101,2961,253.62308400,4142057.40235776,0
2017-12-12 06:00:00,16499.50000000,16568.68000000,16367.18000000,16568.00000000,388.79067000,2017-12-12 06:59:59.999,6394744.01563862,2784,171.22794000,2817705.90011695,0
2017-12-12 07:00:00,16568.00000000,16865.19000000,16451.53000000,16799.97000000,447.42526700,2017-12-12 07:59:59.999,7441234.71270597,3703,195.74861700,3257324.07079187,0
2017-12-12 08:00:00,16797.16000000,16921.06000000,16679.56000000,16764.80000000,297.71280600,2017-12-12 08:59:59.999,5006751.60273388,2947,161.63513700,2718184.98441887,0
2017-12-12 09:00:00,16786.90000000,16910.00000000,16711.00000000,16841.19000000,478.03890200,2017-12-12 09:59:59.999,8041311.60680687,2397,240.52224600,4046618.16605642,0
2017-12-12 10:00:00,16841.20000000,16866.00000000,16343.34000000,16440.00000000,541.31365200,2017-12-12 10:59:59.999,9004513.10885484,3672,235.39544200,3916036.53627934,0
2017-12-12 11:00:00,16440.00000000,16626.05000000,16400.00000000,16600.00000000,289.66437300,2017-12-12 11:59:59.999,4797133.91129881,2342,136.80119300,2266025.16509880,0
2017-12-12 12:00:00,16600.00000000,16665.98000000,16220.00000000,16237.39000000,393.75295300,2017-12-12 12:59:59.999,6461882.28387688,2660,180.12477900,2956884.45323410,0
2017-12-12 13:00:00,16237.39000000,16839.67000000,16220.00000000,16727.60000000,519.62404900,2017-12-12 13:59:59.999,8606817.26171505,3573,246.96875300,4094180.11198983,0
2017-12-12 14:00:00,16709.04000000,16786.00000000,16375.00000000,16389.00000000,550.37912200,2017-12-12 14:59:59.999,9117873.16450158,4020,235.61376000,3902412.67517842,0
2017-12-12 15:00:00,16388.97000000,16500.00000000,15875.00000000,16311.68000000,468.85713900,2017-12-12 15:59:59.999,7580229.34199240,5534,208.50179500,3371828.70958417,0
2017-12-12 16:00:00,16319.94000000,16458.70000000,16090.00000000,16192.71000000,353.74845100,2017-12-12 16:59:59.999,5754586.65269724,4709,175.31170800,2852083.67085426,0
2017-12-12 17:00:00,16215.63000000,16353.59000000,16000.00000000,16310.54000000,312.69830700,2017-12-12 17:59:59.999,5051447.92804244,2969,146.31136800,2364840.73005072,0
2017-12-12 18:00:00,16338.52000000,16685.27000000,16251.00000000,16500.00000000,361.84446700,2017-12-12 18:59:59.999,5961980.17557600,2693,171.80178400,2831827.92583439,0
2017-12-12 19:00:00,16500.00000000,16600.00000000,16410.03000000,16514.00000000,375.17023100,2017-12-12 19:59:59.999,6193671.68680017,1571,192.49596200,3178817.74598971,0
2017-12-12 20:00:00,16526.25000000,16645.00000000,16375.00000000,16400.02000000,381.36638100,2017-12-12 20:59:59.999,6284905.51683316,1476,159.55433900,2629620.75871659,0
2017-12-12 21:00:00,16400.02000000,16596.12000000,16375.04000000,16467.61000000,256.11891100,2017-12-12 21:59:59.999,4216600.49635913,1600,124.34493500,2048333.38837607,0
2017-12-12 22:00:00,16466.72000000,16618.00000000,16412.02000000,16539.01000000,243.69489900,2017-12-12 22:59:59.999,4027280.18929299,2714,104.67333400,1730736.21035639,0
2017-12-12 23:00:00,16576.98000000,16584.00000000,16100.00000000,16349.99000000,355.76604300,2017-12-12 23:59:59.999,5817673.19542371,4647,137.29922100,2247554.55555078,0
2017-12-13 00:00:00,16349.99000000,16499.97000000,16251.82000000,16357.00000000,355.29410100,2017-12-13 00:59:59.999,5814858.80585173,2341,168.64344100,2760749.42691302,0
2017-12-13 01:00:00,16360.02000000,16546.00000000,15910.00000000,16080.00000000,467.22947800,2017-12-13 01:59:59.999,7589373.36413764,2651,219.47445200,3563907.82714658,0
2017-12-13 02:00:00,16077.01000000,16312.00000000,14777.00000000,15299.97000000,549.99650300,2017-12-13 02:59:59.999,8563988.32525561,5637,257.54819000,4020469.82875612,0
2017-12-13 03:00:00,15299.98000000,15671.48000000,14666.56000000,15668.11000000,514.95926000,2017-12-13 03:59:59.999,7931939.02824625,4433,270.52257600,4174195.00972019,0
2017-12-13 04:00:00,15649.72000000,15785.46000000,15400.00000000,15750.51000000,556.15656500,2017-12-13 04:59:59.999,8687254.03609261,2741,239.63010800,3742823.10023151,0
2017-12-13 05:00:00,15750.51000000,16211.09000000,15750.51000000,16151.61000000,480.96614600,2017-12-13 05:59:59.999,7723316.35331636,2792,246.81395600,3964097.83428100,0
2017-12-13 06:00:00,16151.61000000,16195.36000000,15885.63000000,16138.47000000,462.31449000,2017-12-13 06:59:59.999,7404344.30615238,2668,226.26668300,3623808.81887974,0
2017-12-13 07:00:00,16135.20000000,16200.00000000,15997.39000000,16092.34000000,363.76789200,2017-12-13 07:59:59.999,5855616.47125475,2264,181.00826500,2913851.41548381,0
2017-12-13 08:00:00,16083.08000000,16100.00000000,15837.39000000,15975.00000000,308.49590800,2017-12-13 08:59:59.999,4931662.68647874,2538,168.53937300,2694160.34208330,0
2017-12-13 09:00:00,15995.76000000,16037.19000000,15889.78000000,15925.01000000,390.46379800,2017-12-13 09:59:59.999,6230563.74477766,2364,195.96048000,3127269.10701907,0
2017-12-13 10:00:00,15925.01000000,15999.99000000,15654.52000000,15718.02000000,597.67844800,2017-12-13 10:59:59.999,9457874.35204258,3446,299.87156200,4744393.86323954,0
2017-12-13 11:00:00,15718.02000000,15958.00000000,15715.01000000,15842.17000000,467.36509900,2017-12-13 11:59:59.999,7393237.22375649,2854,226.80378800,3587923.51891026,0
2017-12-13 12:00:00,15851.07000000,16200.00000000,15842.18000000,16093.23000000,504.94815700,2017-12-13 12:59:59.999,8091977.10913979,3155,244.86294700,3921498.25808742,0
2017-12-13 13:00:00,16093.25000000,16420.35000000,16073.04000000,16210.02000000,471.30714800,2017-12-13 13:59:59.999,7655441.13573169,2472,228.70405600,3714906.21562875,0
2017-12-13 14:00:00,16217.78000000,16338.87000000,15878.57000000,15888.06000000,669.45971000,2017-12-13 14:59:59.999,10832237.66125849,3179,329.19731100,5328872.78007753,0
2017-12-13 15:00:00,15909.02000000,16050.02000000,15700.00000000,15844.21000000,489.59895100,2017-12-13 15:59:59.999,7792847.56925447,4895,246.00830200,3914931.08035945,0
2017-12-13 16:00:00,15822.50000000,15916.50000000,15613.13000000,15682.26000000,510.56482700,2017-12-13 16:59:59.999,8054316.97566788,4619,262.16625100,4135798.57967349,0
2017-12-13 17:00:00,15680.04000000,15800.00000000,15050.00000000,15400.01000000,678.08608800,2017-12-13 17:59:59.999,10517816.19358441,6352,347.59134900,5386696.90459464,0
2017-12-13 18:00:00,15400.00000000,15700.00000000,14853.68000000,15367.59000000,710.97079300,2017-12-13 18:59:59.999,10795676.13282985,6139,353.67239000,5377132.70567455,0
2017-12-13 19:00:00,15367.59000000,15762.16000000,15150.00000000,15678.66000000,509.71800400,2017-12-13 19:59:59.999,7922889.99787525,3680,245.58336100,3818485.50022504,0
2017-12-13 20:00:00,15656.37000000,15941.11000000,15415.96000000,15451.99000000,673.24764900,2017-12-13 20:59:59.999,10564521.98383160,2645,330.74111700,5190509.95107076,0
2017-12-13 21:00:00,15451.99000000,15971.11000000,15451.99000000,15971.11000000,545.77529600,2017-12-13 21:59:59.999,8642838.24016825,3067,292.50144300,4632373.02482719,0
2017-12-13 22:00:00,15971.11000000,16274.98000000,15900.00000000,16146.03000000,540.62892300,2017-12-13 22:59:59.999,8714767.94740358,3630,266.33664200,4293378.13650009,0
2017-12-13 23:00:00,16139.70000000,16230.00000000,15877.00000000,16033.29000000,597.33556700,2017-12-13 23:59:59.999,9600314.66742252,3285,279.50969600,4492394.25636843,0
2017-12-14 00:00:00,16030.34000000,16231.00000000,15909.95000000,16164.38000000,680.91632000,2017-12-14 00:59:59.999,10924159.95308356,3699,290.87172900,4664756.30997524,0
2017-12-14 01:00:00,16164.38000000,16234.66000000,15896.14000000,16000.00000000,563.29879100,2017-12-14 01:59:59.999,9039303.20881527,3810,247.18033400,3968591.25013566,0
2017-12-14 02:00:00,16000.00000000,16049.99000000,15655.00000000,15710.67000000,559.86178800,2017-12-14 02:59:59.999,8846932.34813263,4499,287.65749700,4543681.25431071,0
2017-12-14 03:00:00,15705.34000000,15844.62000000,15560.01000000,15635.09000000,554.44519500,2017-12-14 03:59:59.999,8698749.85381535,3587,294.73847100,4624928.79926682,0
2017-12-14 04:00:00,15625.00000000,15896.10000000,15624.99000000,15820.29000000,610.69578800,2017-12-14 04:59:59.999,9651651.03876712,3757,283.29963800,4478454.41397739,0
2017-12-14 05:00:00,15850.00000000,15980.00000000,15558.36000000,15562.66000000,497.03067900,2017-12-14 05:59:59.999,7814444.29842342,3936,232.79306600,3661392.40489203,0
2017-12-14 06:00:00,15567.00000000,15701.52000000,15499.00000000,15508.81000000,454.29659800,2017-12-14 06:59:59.999,7091741.59020299,3272,256.57648700,4007884.02357724,0
2017-12-14 07:00:00,15508.81000000,15784.13000000,15450.00000000,15775.23000000,495.58654300,2017-12-14 07:59:59.999,7721390.08709776,3131,292.94793600,4566863.88684235,0
2017-12-14 08:00:00,15756.70000000,16445.00000000,15734.51000000,16075.01000000,667.13675600,2017-12-14 08:59:59.999,10740205.43158898,5259,399.47164600,6428616.89464553,0
2017-12-14 09:00:00,16075.00000000,16179.47000000,15818.91000000,15820.52000000,455.91082300,2017-12-14 09:59:59.999,7299198.86795120,2919,227.37938500,3643001.56032731,0
2017-12-14 10:00:00,15835.00000000,16054.53000000,15820.01000000,15933.38000000,483.06763200,2017-12-14 10:59:59.999,7698484.43153094,2751,234.75424100,3743225.22712657,0
2017-12-14 11:00:00,15963.02000000,16252.35000000,15856.39000000,16099.00000000,451.59418100,2017-12-14 11:59:59.999,7226960.07753087,2908,261.33847800,4183143.65245663,0
2017-12-14 12:00:00,16098.95000000,16350.00000000,15940.07000000,16181.06000000,524.42398300,2017-12-14 12:59:59.999,8468905.38690546,3525,252.30230300,4078419.70744062,0
2017-12-14 13:00:00,16197.95000000,16439.99000000,16119.36000000,16338.00000000,385.96998100,2017-12-14 13:59:59.999,6299766.49164482,3586,240.42314700,3924788.68949739,0
2017-12-14 14:00:00,16308.00000000,16349.00000000,15958.05000000,15959.06000000,431.71766400,2017-12-14 14:59:59.999,6995673.03775879,3272,189.66165700,3075715.72460180,0
2017-12-14 15:00:00,15959.06000000,16149.99000000,15651.00000000,16074.54000000,641.39090100,2017-12-14 15:59:59.999,10226577.16802452,4978,291.12334100,4643914.99337554,0
2017-12-14 16:00:00,16097.98000000,16176.60000000,15967.12000000,16147.91000000,456.50031700,2017-12-14 16:59:59.999,7350437.43463553,4310,217.16104400,3498221.77190026,0
2017-12-14 17:00:00,16147.91000000,16350.00000000,16120.01000000,16322.90000000,394.60516400,2017-12-14 17:59:59.999,6425803.05703472,3737,241.33829500,3930058.69490877,0
2017-12-14 18:00:00,16343.80000000,16438.01000000,16208.01000000,16280.00000000,436.28590600,2017-12-14 18:59:59.999,7135313.61552451,3615,264.82287300,4332493.31006023,0
2017-12-14 19:00:00,16280.00000000,16350.00000000,15975.00000000,16350.00000000,393.67985000,2017-12-14 19:59:59.999,6408005.90265267,3904,231.09629300,3764784.20512200,0
2017-12-14 20:00:00,16315.06000000,16350.00000000,16107.33000000,16227.95000000,308.24921500,2017-12-14 20:59:59.999,5017456.59810952,2735,137.63232200,2242049.84279147,0
2017-12-14 21:00:00,16227.95000000,16259.92000000,16106.05000000,16253.84000000,384.16600700,2017-12-14 21:59:59.999,6226584.56732951,2781,226.40139700,3669366.52700227,0
2017-12-14 22:00:00,16253.84000000,16315.00000000,16170.50000000,16229.97000000,458.34712700,2017-12-14 22:59:59.999,7452059.45088517,3003,231.15761000,3759103.31105766,0
2017-12-14 23:00:00,16200.02000000,16375.72000000,16170.00000000,16334.98000000,327.68994200,2017-12-14 23:59:59.999,5332691.28603929,3176,166.94598300,2716905.64976886,0
2017-12-15 00:00:00,16334.98000000,17025.00000000,16298.45000000,16968.96000000,411.48849900,2017-12-15 00:59:59.999,6830106.72719663,7702,235.88733600,3920062.53464481,0
2017-12-15 01:00:00,16968.98000000,17249.00000000,16621.19000000,17074.18000000,433.62225800,2017-12-15 01:59:59.999,7342424.44166439,6459,255.66186100,4328748.40743338,0
2017-12-15 02:00:00,17074.16000000,17796.39000000,16931.00000000,17448.97000000,632.95968700,2017-12-15 02:59:59.999,11013706.75283245,7797,389.04572500,6771915.48937557,0
2017-12-15 03:00:00,17400.63000000,17670.00000000,17058.00000000,17119.00000000,568.98315900,2017-12-15 03:59:59.999,9840196.54836407,5482,284.59015500,4924213.68137370,0
2017-12-15 04:00:00,17111.02000000,17298.00000000,16850.00000000,17200.04000000,503.33797500,2017-12-15 04:59:59.999,8592206.08254866,3872,296.36678500,5057929.75968932,0
2017-12-15 05:00:00,17200.02000000,17350.00000000,17101.33000000,17244.99000000,312.89419400,2017-12-15 05:59:59.999,5395084.25865685,2721,156.13102000,2692319.61025982,0
2017-12-15 06:00:00,17244.99000000,17327.98000000,17078.90000000,17144.48000000,374.43522500,2017-12-15 06:59:59.999,6429636.36272560,2729,208.02796500,3571123.64907455,0
2017-12-15 07:00:00,17150.52000000,17199.50000000,17030.56000000,17073.27000000,285.28087700,2017-12-15 07:59:59.999,4871481.52925852,2541,162.10096600,2767624.65355574,0
2017-12-15 08:00:00,17070.00000000,17388.22000000,16876.89000000,17299.02000000,474.93270700,2017-12-15 08:59:59.999,8088045.97098199,3131,269.19528400,4582388.19555035,0
2017-12-15 09:00:00,17298.98000000,17653.00000000,17264.55000000,17640.05000000,447.48207700,2017-12-15 09:59:59.999,7800735.17560117,3374,257.40421300,4488364.21979945,0
2017-12-15 10:00:00,17653.00000000,17982.22000000,17520.00000000,17860.02000000,462.20598600,2017-12-15 10:59:59.999,8222896.07061040,4577,239.23124000,4258369.65998474,0
2017-12-15 11:00:00,17879.52000000,17980.00000000,17650.05000000,17900.00000000,282.27296900,2017-12-15 11:59:59.999,5024514.18511620,2804,137.50565500,2450278.83050032,0
2017-12-15 12:00:00,17900.00000000,17991.00000000,17800.00000000,17866.00000000,450.81169500,2017-12-15 12:59:59.999,8078817.24492733,3099,204.18665500,3659155.65938105,0
2017-12-15 13:00:00,17866.00000000,17948.98000000,17525.01000000,17744.09000000,526.18257900,2017-12-15 13:59:59.999,9322220.54588651,4412,267.35064900,4738152.77511494,0
2017-12-15 14:00:00,17744.09000000,17892.00000000,17620.07000000,17680.42000000,332.98534600,2017-12-15 14:59:59.999,5901399.91510253,3728,140.01841200,2482667.69263795,0
2017-12-15 15:00:00,17664.67000000,17750.00000000,17400.00000000,17542.81000000,353.90857400,2017-12-15 15:59:59.999,6211533.40344146,3788,152.00592500,2669167.01936904,0
2017-12-15 16:00:00,17549.50000000,17749.50000000,17454.04000000,17573.01000000,374.29463700,2017-12-15 16:59:59.999,6587646.49252085,2549,184.03292200,3238753.34939063,0
2017-12-15 17:00:00,17550.02000000,17750.00000000,17458.77000000,17521.12000000,301.27691100,2017-12-15 17:59:59.999,5281104.30656435,2326,125.53658600,2201530.38128541,0
2017-12-15 18:00:00,17520.77000000,17754.36000000,17400.10000000,17699.94000000,362.17758000,2017-12-15 18:59:59.999,6343624.48561897,2433,178.19990500,3122824.60607171,0
2017-12-15 19:00:00,17699.94000000,17850.00000000,17532.62000000,17636.98000000,270.31892400,2017-12-15 19:59:59.999,4773406.78035471,2369,110.04205300,1943776.38374605,0
2017-12-15 20:00:00,17621.81000000,17775.09000000,17545.00000000,17709.99000000,188.12276300,2017-12-15 20:59:59.999,3322617.03837578,1495,65.99594600,1166067.80668526,0
2017-12-15 21:00:00,17710.00000000,17780.57000000,17298.98000000,17550.02000000,281.41065100,2017-12-15 21:59:59.999,4934558.03713193,2380,147.30694500,2580665.44100714,0
2017-12-15 22:00:00,17552.02000000,17626.81000000,17240.00000000,17502.72000000,276.64535300,2017-12-15 22:59:59.999,4822037.28874156,2178,117.40728100,2046028.46471684,0
2017-12-15 23:00:00,17536.00000000,17627.90000000,17397.00000000,17539.83000000,273.24332100,2017-12-15 23:59:59.999,4779704.39986382,1532,129.34691600,2261915.66981434,0
2017-12-16 00:00:00,17516.81000000,17638.38000000,17377.01000000,17577.99000000,262.23456400,2017-12-16 00:59:59.999,4593278.54107765,2007,148.00754600,2592269.32474081,0
2017-12-16 01:00:00,17566.00000000,17579.22000000,17400.02000000,17460.00000000,332.20612000,2017-12-16 01:59:59.999,5809372.62450015,2329,160.15866500,2801607.27029176,0
2017-12-16 02:00:00,17460.00000000,17549.00000000,17267.00000000,17350.00000000,107.88161900,2017-12-16 02:59:59.999,1880361.03777106,1692,31.40454700,547972.92177189,0
2017-12-16 03:00:00,17287.38000000,17408.00000000,17190.01000000,17250.00000000,163.07917800,2017-12-16 03:59:59.999,2819388.42622291,1830,71.10588600,1229895.11104467,0
2017-12-16 04:00:00,17245.00000000,17489.00000000,17240.00000000,17437.06000000,238.81456300,2017-12-16 04:59:59.999,4149556.78041317,1989,127.54552800,2216799.13644487,0
2017-12-16 05:00:00,17455.00000000,17524.40000000,17412.05000000,17489.00000000,60.97040700,2017-12-16 05:59:59.999,1065225.54997547,1176,26.60852600,465084.28673613,0
2017-12-16 06:00:00,17488.81000000,17699.49000000,17397.76000000,17625.88000000,206.86435100,2017-12-16 06:59:59.999,3629058.35977616,2156,115.87369900,2034840.48798574,0
2017-12-16 07:00:00,17619.61000000,17827.99000000,17613.35000000,17677.54000000,177.63173100,2017-12-16 07:59:59.999,3141218.97103159,2057,108.61080000,1921879.87555987,0
2017-12-16 08:00:00,17677.54000000,17770.00000000,17532.05000000,17720.00000000,68.16063400,2017-12-16 08:59:59.999,1202750.46283147,1487,40.79630500,720214.21827537,0
2017-12-16 09:00:00,17720.00000000,17800.00000000,17688.05000000,17788.00000000,55.63921900,2017-12-16 09:59:59.999,987340.38833363,1346,39.52076800,701324.77431005,0
2017-12-16 10:00:00,17788.00000000,17849.95000000,17700.00000000,17775.39000000,64.78187100,2017-12-16 10:59:59.999,1151420.74143038,1496,45.24056600,804264.23458245,0
2017-12-16 11:00:00,17760.00000000,17898.00000000,17735.56000000,17829.99000000,136.57160100,2017-12-16 11:59:59.999,2433189.39202229,1897,78.88273800,1405576.07141672,0
2017-12-16 12:00:00,17830.00000000,17919.04000000,17800.01000000,17919.00000000,242.30764200,2017-12-16 12:59:59.999,4329516.05907647,2075,146.75489600,2622609.83826145,0
2017-12-16 13:00:00,17919.00000000,18335.00000000,17900.01000000,18220.00000000,273.88849600,2017-12-16 13:59:59.999,4969407.71469928,4520,164.90142500,2990278.11467572,0
2017-12-16 14:00:00,18220.00000000,18555.00000000,18178.00000000,18540.00000000,159.88427900,2017-12-16 14:59:59.999,2936746.60185069,2570,103.88877800,1909430.75164598,0
2017-12-16 15:00:00,18555.00000000,18800.89000000,18420.00000000,18751.02000000,362.26414800,2017-12-16 15:59:59.999,6752452.58511006,3357,205.51641500,3832825.36966612,0
2017-12-16 16:00:00,18751.01000000,18820.00000000,18365.00000000,18669.00000000,282.16483000,2017-12-16 16:59:59.999,5250210.18547287,3165,153.37319000,2856329.26759989,0
2017-12-16 17:00:00,18669.00000000,18738.99000000,18550.00000000,18700.00000000,121.25500600,2017-12-16 17:59:59.999,2259548.94039888,1901,62.80595800,1171113.17065647,0
2017-12-16 18:00:00,18700.00000000,18747.53000000,18602.01000000,18747.53000000,90.68206800,2017-12-16 18:59:59.999,1694419.19868990,1241,41.18263300,769787.96346534,0
2017-12-16 19:00:00,18747.52000000,19219.00000000,18747.52000000,19219.00000000,177.33501100,2017-12-16 19:59:59.999,3362380.22252976,2457,127.25309600,2410720.71287341,0
2017-12-16 20:00:00,19219.00000000,19344.99000000,18900.02000000,19125.00000000,199.20110000,2017-12-16 20:59:59.999,3817283.63534447,2614,101.13552800,1938277.01370861,0
2017-12-16 21:00:00,19125.00000000,19299.00000000,18901.00000000,19200.00000000,121.28820700,2017-12-16 21:59:59.999,2313876.91386547,1862,45.06216100,861272.68670895,0
2017-12-16 22:00:00,19199.00000000,19449.99000000,19000.00000000,19410.00000000,139.65303400,2017-12-16 22:59:59.999,2689753.24912023,2073,69.01547700,1329373.34953832,0
2017-12-16 23:00:00,19386.00000000,19539.00000000,18990.00000000,19102.66000000,157.86903000,2017-12-16 23:59:59.999,3055964.78353913,2480,94.20203200,1825175.22616928,0
2017-12-17 00:00:00,19120.19000000,19229.00000000,18825.84000000,19044.00000000,227.80216100,2017-12-17 00:59:59.999,4340904.60237410,3072,91.25048700,1740305.84004998,0
2017-12-17 01:00:00,19044.00000000,19166.67000000,18800.00000000,18901.73000000,395.84644200,2017-12-17 01:59:59.999,7523919.52135498,3278,155.18790700,2948854.00566873,0
2017-12-17 02:00:00,18901.74000000,19301.15000000,18839.37000000,19100.81000000,344.31641800,2017-12-17 02:59:59.999,6547186.31123201,2812,157.24956800,2987947.28564656,0
2017-12-17 03:00:00,19100.80000000,19339.54000000,19000.01000000,19017.75000000,359.87875500,2017-12-17 03:59:59.999,6885622.58426686,3188,179.09369000,3427961.86097286,0
2017-12-17 04:00:00,19017.75000000,19098.98000000,18810.00000000,18875.68000000,426.03237600,2017-12-17 04:59:59.999,8066701.37926973,3925,184.99332800,3502100.03289965,0
2017-12-17 05:00:00,18969.11000000,19222.21000000,18875.41000000,19168.50000000,360.81900900,2017-12-17 05:59:59.999,6874824.91184802,2902,147.96980600,2820492.03024628,0
2017-12-17 06:00:00,19166.50000000,19222.22000000,19055.05000000,19222.22000000,320.71994200,2017-12-17 06:59:59.999,6147018.10712530,2838,150.51575400,2886221.26291011,0
2017-12-17 07:00:00,19222.22000000,19495.00000000,19201.00000000,19462.98000000,332.30702600,2017-12-17 07:59:59.999,6440184.61465200,2996,153.66493400,2978125.05346249,0
2017-12-17 08:00:00,19495.00000000,19500.00000000,19200.00000000,19241.98000000,325.28570800,2017-12-17 08:59:59.999,6308391.42070053,2732,130.03459600,2522845.93643022,0
2017-12-17 09:00:00,19241.98000000,19533.04000000,19185.01000000,19528.00000000,327.39372400,2017-12-17 09:59:59.999,6335711.82350224,2906,172.50620700,3338127.03565426,0
2017-12-17 10:00:00,19528.00000000,19590.00000000,19419.01000000,19590.00000000,343.63477100,2017-12-17 10:59:59.999,6704067.83489775,2966,170.24932800,3321634.15253829,0
2017-12-17 11:00:00,19586.00000000,19710.00000000,19552.00000000,19709.50000000,362.69947500,2017-12-17 11:59:59.999,7114494.25792117,3451,179.54265300,3522193.11042233,0
2017-12-17 12:00:00,19709.50000000,19798.68000000,19358.00000000,19358.00000000,481.82060500,2017-12-17 12:59:59.999,9451057.40071742,4390,242.28105800,4753185.61282241,0
2017-12-17 13:00:00,19369.00000000,19607.22000000,19264.00000000,19540.02000000,369.78258000,2017-12-17 13:59:59.999,7200335.40673313,4227,178.96133500,3484973.88425478,0
2017-12-17 14:00:00,19541.00000000,19565.99000000,19100.00000000,19235.00000000,457.42897400,2017-12-17 14:59:59.999,8883542.22155231,3159,190.68769800,3703549.89778879,0
2017-12-17 15:00:00,19202.00000000,19350.00000000,18846.00000000,19220.00000000,495.51491000,2017-12-17 15:59:59.999,9481234.62898906,5321,243.53546400,4660059.31138403,0
2017-12-17 16:00:00,19220.00000000,19394.00000000,18825.00000000,18950.00000000,399.79569600,2017-12-17 16:59:59.999,7628063.77949407,4529,195.19001700,3724618.51037379,0
2017-12-17 17:00:00,18946.66000000,19219.54000000,18922.02000000,19130.00000000,285.13253900,2017-12-17 17:59:59.999,5451425.52879788,3259,120.42537500,2302925.91415121,0
2017-12-17 18:00:00,19130.00000000,19145.19000000,18734.00000000,18742.00000000,465.28255700,2017-12-17 18:59:59.999,8826551.69956947,3936,200.03038700,3797016.82548772,0
2017-12-17 19:00:00,18741.00000000,18900.00000000,18523.00000000,18845.91000000,391.27047900,2017-12-17 19:59:59.999,7302823.82159691,3943,170.90558800,3191919.12895437,0
2017-12-17 20:00:00,18845.91000000,19200.00000000,18745.27000000,19025.00000000,446.64268700,2017-12-17 20:59:59.999,8509734.87271185,4163,177.39849500,3381001.60497325,0
2017-12-17 21:00:00,19019.70000000,19089.00000000,18901.00000000,18979.97000000,246.19011300,2017-12-17 21:59:59.999,4673244.65244330,2332,115.03739700,2183297.70388648,0
2017-12-17 22:00:00,18979.99000000,19449.48000000,18929.03000000,19243.41000000,353.27562900,2017-12-17 22:59:59.999,6762188.98433140,2890,178.49543200,3418112.15389094,0
2017-12-17 23:00:00,19271.73000000,19390.47000000,18510.00000000,18860.02000000,658.31085800,2017-12-17 23:59:59.999,12408209.10436988,5366,312.75433100,5899704.77368565,0
2017-12-18 00:00:00,18860.04000000,18897.16000000,17800.10000000,17849.98000000,782.66429700,2017-12-18 00:59:59.999,14375513.16286251,6074,319.70700100,5871119.30363959,0
2017-12-18 01:00:00,17810.00000000,18294.00000000,17029.98000000,18142.32000000,1383.52063600,2017-12-18 01:59:59.999,24297033.70007583,10799,640.91530300,11263916.79895159,0
2017-12-18 02:00:00,18142.32000000,18695.00000000,18000.00000000,18238.94000000,718.75002000,2017-12-18 02:59:59.999,13141619.69108497,5457,331.07998500,6054487.27999248,0
2017-12-18 03:00:00,18189.98000000,18640.00000000,18189.98000000,18570.03000000,403.93670700,2017-12-18 03:59:59.999,7453044.14411542,3699,174.08924700,3213008.50513941,0
2017-12-18 04:00:00,18560.03000000,18988.00000000,18556.22000000,18700.11000000,429.99551900,2017-12-18 04:59:59.999,8062686.24821906,3598,191.30611300,3587491.41194467,0
2017-12-18 05:00:00,18700.11000000,18974.51000000,18659.79000000,18920.15000000,407.81246500,2017-12-18 05:59:59.999,7661861.89823794,4003,191.66149500,3602127.02859581,0
2017-12-18 06:00:00,18920.15000000,19006.61000000,18806.74000000,18939.94000000,353.20952400,2017-12-18 06:59:59.999,6689710.02049322,3012,157.66141000,2986847.08604301,0
2017-12-18 07:00:00,18939.97000000,18949.00000000,18510.00000000,18576.99000000,358.64669000,2017-12-18 07:59:59.999,6742276.72229893,2747,179.14563500,3368885.41394311,0
2017-12-18 08:00:00,18576.99000000,19046.00000000,18575.99000000,18901.43000000,387.34886000,2017-12-18 08:59:59.999,7278950.92727129,3465,186.55288800,3504520.35819962,0
2017-12-18 09:00:00,18901.95000000,18996.22000000,18510.00000000,18680.48000000,388.24998500,2017-12-18 09:59:59.999,7261050.12330652,3629,173.03692500,3239608.49455949,0
2017-12-18 10:00:00,18680.48000000,18975.50000000,18656.98000000,18753.31000000,287.81437900,2017-12-18 10:59:59.999,5404029.25002659,2954,128.12672900,2406455.14956617,0
2017-12-18 11:00:00,18753.31000000,19200.10000000,18731.00000000,19126.66000000,416.42953000,2017-12-18 11:59:59.999,7906947.78707890,3854,163.09004200,3095813.67792068,0
2017-12-18 12:00:00,19116.11000000,19300.00000000,19100.02000000,19161.00000000,242.02821800,2017-12-18 12:29:13.419,4637857.61884583,2018,129.56599800,2483611.60697771,0
2017-12-18 13:00:00,19161.00000000,19201.00000000,18111.65000000,18606.00000000,435.04898900,2017-12-18 13:59:59.999,8177681.23744464,3679,155.92754100,2931393.16982916,0
2017-12-18 14:00:00,18649.98000000,18674.98000000,18021.98000000,18548.06000000,658.21550700,2017-12-18 14:59:59.999,12084585.81857720,6470,314.63076000,5777161.08929543,0
2017-12-18 15:00:00,18548.04000000,18888.00000000,18500.11000000,18670.00000000,400.21938700,2017-12-18 15:59:59.999,7474857.99263638,2985,173.46734900,3238337.74488159,0
2017-12-18 16:00:00,18670.00000000,18749.99000000,18431.09000000,18469.40000000,347.03269600,2017-12-18 16:59:59.999,6454475.05144499,2819,150.71176700,2802926.83080806,0
2017-12-18 17:00:00,18469.00000000,18690.00000000,18313.00000000,18634.00000000,377.66421600,2017-12-18 17:59:59.999,7008194.74217091,3148,140.61764900,2608183.87122199,0
2017-12-18 18:00:00,18600.02000000,18705.00000000,18100.20000000,18260.94000000,379.21319300,2017-12-18 18:59:59.999,6966971.21251241,3372,170.98397500,3139791.84343498,0
2017-12-18 19:00:00,18260.94000000,18600.00000000,18220.00000000,18590.00000000,327.24813900,2017-12-18 19:59:59.999,6041029.90558665,2705,134.55331400,2485667.88350449,0
2017-12-18 20:00:00,18590.00000000,18635.40000000,18447.40000000,18588.05000000,276.99116300,2017-12-18 20:59:59.999,5128718.27377808,3101,98.35132400,1821710.13991612,0
2017-12-18 21:00:00,18588.05000000,18699.99000000,18501.04000000,18551.96000000,265.41362100,2017-12-18 21:59:59.999,4933539.47152268,2440,110.56309500,2055504.86980751,0
2017-12-18 22:00:00,18551.96000000,18700.00000000,18465.39000000,18680.00000000,242.74044100,2017-12-18 22:59:59.999,4498468.92764013,2640,117.93922700,2186097.30284886,0
2017-12-18 23:00:00,18700.00000000,18900.00000000,18664.46000000,18856.25000000,354.43888900,2017-12-18 23:59:59.999,6658141.81796688,3288,156.61737400,2942022.20303203,0
2017-12-19 00:00:00,18856.25000000,18950.00000000,18522.66000000,18720.00000000,358.32770200,2017-12-19 00:59:59.999,6715417.68398748,3866,174.00770000,3263906.17064389,0
2017-12-19 01:00:00,18720.00000000,18800.00000000,18500.00000000,18545.77000000,395.30147800,2017-12-19 01:59:59.999,7395427.50814329,3000,195.25722500,3653810.32900783,0
2017-12-19 02:00:00,18545.75000000,18700.00000000,18500.00000000,18630.00000000,395.54634000,2017-12-19 02:59:59.999,7358887.91140865,3933,154.75993300,2879499.92528138,0
2017-12-19 03:00:00,18635.00000000,18799.88000000,18500.00000000,18729.17000000,393.87456800,2017-12-19 03:59:59.999,7330929.01557048,3765,163.56646900,3046033.00069964,0
2017-12-19 04:00:00,18729.17000000,18850.00000000,18620.14000000,18690.98000000,297.77803200,2017-12-19 04:59:59.999,5570276.72033279,2832,123.88702200,2317687.59799640,0
2017-12-19 05:00:00,18685.49000000,18750.00000000,18607.59000000,18694.09000000,288.19615900,2017-12-19 05:59:59.999,5386594.40816823,2247,112.07720300,2094457.03948716,0
2017-12-19 06:00:00,18690.02000000,18750.00000000,18510.00000000,18540.00000000,401.52625600,2017-12-19 06:59:59.999,7475463.26123556,3387,155.69084000,2899935.10530586,0
2017-12-19 07:00:00,18538.13000000,18674.80000000,18501.00000000,18562.01000000,205.93687100,2017-12-19 07:59:59.999,3825376.82207015,3160,70.60365500,1312017.60395150,0
2017-12-19 08:00:00,18569.52000000,18650.02000000,18545.11000000,18620.01000000,338.31958600,2017-12-19 08:59:59.999,6292816.18680588,2568,128.75020400,2395303.17710490,0
2017-12-19 09:00:00,18620.02000000,18695.20000000,18165.99000000,18234.89000000,505.05146100,2017-12-19 09:59:59.999,9298289.11561344,4418,198.07906800,3645787.26669591,0
2017-12-19 10:00:00,18259.40000000,18259.40000000,16300.00000000,16852.00000000,1831.43684000,2017-12-19 10:59:59.999,31550960.70346844,15372,827.91338400,14265531.36936816,0
2017-12-19 11:00:00,16890.00000000,17800.00000000,16550.22000000,17250.00000000,1226.94920700,2017-12-19 11:59:59.999,21139362.96680381,11082,612.08681500,10570648.18021754,0
2017-12-19 12:00:00,17214.20000000,17900.00000000,17100.00000000,17550.50000000,823.86280000,2017-12-19 12:59:59.999,14430433.41090172,6158,396.40038700,6944349.29537323,0
2017-12-19 13:00:00,17550.50000000,17946.57000000,17399.98000000,17440.00000000,672.15314500,2017-12-19 13:59:59.999,11880806.03532496,5070,252.81693700,4469500.29009657,0
2017-12-19 14:00:00,17440.00000000,17450.00000000,16555.00000000,16575.02000000,851.46068100,2017-12-19 14:59:59.999,14504542.50994648,6212,329.56441000,5615207.86813287,0
2017-12-19 15:00:00,16575.02000000,17292.00000000,16565.00000000,17164.85000000,781.05928800,2017-12-19 15:59:59.999,13188511.82793052,5868,335.13711200,5663478.02516264,0
2017-12-19 16:00:00,17164.83000000,17772.61000000,17110.02000000,17772.61000000,566.58860600,2017-12-19 16:59:59.999,9879878.79564099,4481,275.38748900,4805488.31881680,0
2017-12-19 17:00:00,17774.96000000,18050.00000000,17750.01000000,17889.94000000,491.64433300,2017-12-19 17:59:59.999,8794041.40344319,4260,205.93833800,3685138.99291639,0
2017-12-19 18:00:00,17889.95000000,18185.18000000,17700.00000000,17912.02000000,265.06765600,2017-12-19 18:59:59.999,4757422.97896976,2741,116.01097100,2083426.41556238,0
2017-12-19 19:00:00,17912.02000000,17947.94000000,17536.76000000,17622.26000000,205.58876800,2017-12-19 19:59:59.999,3641406.34064811,2716,84.99137100,1506484.56986240,0
2017-12-19 20:00:00,17622.23000000,17753.76000000,17115.54000000,17327.56000000,212.22257500,2017-12-19 20:59:59.999,3690207.27587940,2903,101.95601900,1773235.26239167,0
2017-12-19 21:00:00,17327.56000000,17383.28000000,16566.00000000,16575.00000000,890.98783400,2017-12-19 21:59:59.999,14980518.74409702,7473,348.81499600,5869122.90521477,0
2017-12-19 22:00:00,16575.00000000,17107.25000000,16500.00000000,16659.98000000,535.92852000,2017-12-19 22:59:59.999,8997970.33884924,5393,226.97841600,3818312.92433931,0
2017-12-19 23:00:00,16659.98000000,17400.01000000,16620.00000000,17295.20000000,275.93951400,2017-12-19 23:59:59.999,4705083.95812706,3664,149.83022000,2555754.28653539,0
2017-12-20 00:00:00,17295.20000000,17295.20000000,14777.66000000,16143.25000000,1801.16013100,2017-12-20 00:59:59.999,28668527.41733432,17864,724.33584500,11536043.86880471,0
2017-12-20 01:00:00,16157.09000000,16255.29000000,15080.00000000,16145.46000000,1382.99903000,2017-12-20 01:59:59.999,21694149.90495260,13458,635.12072900,9977097.57205393,0
2017-12-20 02:00:00,16094.64000000,17231.52000000,15750.00000000,17200.00000000,1222.10356700,2017-12-20 02:59:59.999,20080209.02082398,10806,592.10478900,9741582.07216376,0
2017-12-20 03:00:00,17200.00000000,17200.00000000,16588.00000000,16700.35000000,664.31639000,2017-12-20 03:59:59.999,11173737.27286286,5636,267.55835000,4506220.81529054,0
2017-12-20 04:00:00,16700.34000000,16838.55000000,16390.57000000,16755.98000000,465.67280900,2017-12-20 04:59:59.999,7768785.08181549,4854,186.99548400,3119701.12758895,0
2017-12-20 04:00:00,16700.34000000,16838.55000000,16390.57000000,16755.98000000,465.67280900,2017-12-20 04:59:59.999,7768785.08181549,4854,186.99548400,3119701.12758895,0
2017-12-20 05:00:00,16758.00000000,16779.98000000,16185.20000000,16300.00000000,562.75521200,2017-12-20 05:59:59.999,9292218.06619036,4217,203.86388500,3363817.45674841,0
2017-12-20 06:00:00,16300.00000000,16386.61000000,15806.09000000,16195.97000000,855.58944800,2017-12-20 06:59:59.999,13757262.64537214,7329,338.23681100,5445513.53056458,0
2017-12-20 07:00:00,16195.98000000,16740.00000000,16000.00000000,16354.17000000,608.44920500,2017-12-20 07:59:59.999,9968101.18672007,4983,278.12813500,4563836.36927849,0
2017-12-20 08:00:00,16360.00000000,17000.78000000,16300.00000000,16954.98000000,540.76171800,2017-12-20 08:59:59.999,8985782.56479142,3807,231.50189000,3849400.18929860,0
2017-12-20 09:00:00,16960.02000000,17000.10000000,16700.00000000,16903.22000000,537.23921800,2017-12-20 09:59:59.999,9052399.88747011,3661,202.88004600,3419815.92509430,0
2017-12-20 10:00:00,16910.95000000,17450.00000000,16894.38000000,17241.62000000,567.64718900,2017-12-20 10:59:59.999,9756938.24484625,5173,238.40884700,4105562.12524881,0
2017-12-20 11:00:00,17241.62000000,17448.00000000,16900.00000000,17253.00000000,257.31805300,2017-12-20 11:59:59.999,4422392.03144221,3664,124.94296400,2150178.94120935,0
2017-12-20 12:00:00,17253.00000000,17720.35000000,17200.00000000,17689.99000000,374.93270800,2017-12-20 12:59:59.999,6576961.40000893,3759,189.12858300,3316520.94566632,0
2017-12-20 13:00:00,17689.00000000,17689.00000000,16720.04000000,16891.00000000,466.30909800,2017-12-20 13:59:59.999,8043492.78093284,5167,220.04407900,3804841.74921063,0
2017-12-20 14:00:00,16901.35000000,17250.01000000,16858.01000000,17021.00000000,326.09475400,2017-12-20 14:59:59.999,5571870.57492590,3703,158.40515100,2707208.86169224,0
2017-12-20 15:00:00,17045.93000000,17132.99000000,16321.00000000,16505.00000000,397.70066400,2017-12-20 15:59:59.999,6647152.37416105,3798,122.18257300,2047181.66587848,0
2017-12-20 16:00:00,16540.00000000,16543.90000000,16000.00000000,16200.02000000,578.76664900,2017-12-20 16:59:59.999,9375233.30250672,5753,210.80151400,3420286.22559842,0
2017-12-20 17:00:00,16200.02000000,16970.00000000,16200.02000000,16856.86000000,394.18679800,2017-12-20 17:59:59.999,6563192.05257251,4109,192.17481600,3204578.88253414,0
2017-12-20 18:00:00,16898.41000000,16939.48000000,16568.00000000,16800.00000000,201.77602700,2017-12-20 18:59:59.999,3367633.49720610,2190,88.29774200,1474974.07734394,0
2017-12-20 19:00:00,16800.00000000,16896.05000000,16401.00000000,16782.00000000,205.48904000,2017-12-20 19:59:59.999,3421110.12688409,2811,78.71880600,1311287.59528153,0
2017-12-20 20:00:00,16782.05000000,16900.00000000,16519.04000000,16800.01000000,190.31520600,2017-12-20 20:59:59.999,3188341.78364115,3117,55.50783600,930358.09719603,0
2017-12-20 21:00:00,16800.01000000,16823.29000000,16100.00000000,16280.00000000,222.46232400,2017-12-20 21:59:59.999,3654150.18399001,2783,114.00555300,1872401.12450753,0
2017-12-20 22:00:00,16280.70000000,16474.00000000,15830.13000000,16311.17000000,386.46072000,2017-12-20 22:59:59.999,6227318.78629612,4156,171.72005500,2770282.68758630,0
2017-12-20 23:00:00,16342.71000000,16600.00000000,16070.00000000,16488.98000000,239.99073500,2017-12-20 23:59:59.999,3936932.31449168,2964,107.59955200,1765671.91947905,0
2017-12-21 00:00:00,16480.52000000,16859.02000000,16400.00000000,16802.99000000,410.41126900,2017-12-21 00:59:59.999,6842846.12909514,3683,189.94718000,3165013.24178650,0
2017-12-21 01:00:00,16809.45000000,16809.47000000,16400.01000000,16629.47000000,726.77040900,2017-12-21 01:59:59.999,12060041.86118367,4972,443.14758600,7355951.59427731,0
2017-12-21 02:00:00,16550.59000000,16800.00000000,16500.01000000,16525.31000000,604.42404700,2017-12-21 02:59:59.999,10065219.01581107,4060,368.67688800,6142892.35610352,0
2017-12-21 03:00:00,16529.13000000,16990.99000000,16375.29000000,16901.03000000,668.16471800,2017-12-21 03:59:59.999,11047139.83512092,4452,362.11720800,5985132.66451146,0
2017-12-21 04:00:00,16901.03000000,17050.00000000,16808.50000000,16900.00000000,319.56831900,2017-12-21 04:59:59.999,5407653.40169842,4080,173.69189400,2941012.21008751,0
2017-12-21 05:00:00,16900.00000000,16915.79000000,16600.00000000,16792.91000000,308.95503200,2017-12-21 05:59:59.999,5174907.77593822,3636,215.28701100,3604513.01795334,0
2017-12-21 06:00:00,16792.91000000,17187.00000000,16750.00000000,17151.07000000,328.47878200,2017-12-21 06:59:59.999,5596696.39700142,2750,186.05018100,3171592.76296553,0
2017-12-21 07:00:00,17151.06000000,17309.50000000,16888.00000000,17038.99000000,826.39280400,2017-12-21 07:59:59.999,14139978.90052355,5569,502.75670600,8609820.65891313,0
2017-12-21 08:00:00,17046.02000000,17049.99000000,16666.00000000,16771.22000000,717.50311200,2017-12-21 08:59:59.999,12040869.05187450,4717,448.81672800,7531709.88872734,0
2017-12-21 09:00:00,16771.11000000,16889.82000000,16632.00000000,16633.00000000,875.10572000,2017-12-21 09:59:59.999,14679709.56871128,3532,562.41002400,9436871.55261017,0
2017-12-21 10:00:00,16633.01000000,16648.94000000,16249.98000000,16449.78000000,919.15818100,2017-12-21 10:59:59.999,15092388.42897012,5114,558.16784800,9166977.86778328,0
2017-12-21 11:00:00,16449.78000000,16608.16000000,16305.59000000,16490.99000000,615.48705800,2017-12-21 11:59:59.999,10148446.91521135,3421,349.85310900,5769306.45120162,0
2017-12-21 12:00:00,16491.00000000,16658.03000000,16448.61000000,16497.98000000,1061.81546600,2017-12-21 12:59:59.999,17591362.49850753,3780,729.11949600,12081836.24122830,0
2017-12-21 13:00:00,16497.49000000,16549.76000000,16000.01000000,16010.00000000,794.66239000,2017-12-21 13:59:59.999,12959588.34958065,4472,462.34925800,7546799.77560043,0
2017-12-21 14:00:00,16013.02000000,16196.56000000,15288.00000000,15474.97000000,1136.91318100,2017-12-21 14:59:59.999,18045341.58259901,7159,609.50937200,9698599.62050812,0
2017-12-21 15:00:00,15474.87000000,15579.99000000,14022.00000000,14400.00000000,2392.46106000,2017-12-21 15:59:59.999,35413751.13392354,14853,1036.50317600,15390122.44856821,0
2017-12-21 16:00:00,14400.00000000,15419.07000000,14350.00000000,15250.00000000,1508.78672100,2017-12-21 16:59:59.999,22609720.65413530,10274,838.36782200,12583558.78346411,0
2017-12-21 17:00:00,15250.00000000,15250.00000000,14302.95000000,14722.01000000,1192.73338200,2017-12-21 17:59:59.999,17617324.93820475,6093,640.22975900,9477241.45314945,0
2017-12-21 18:00:00,14736.01000000,14850.00000000,14457.49000000,14660.90000000,985.33706800,2017-12-21 18:59:59.999,14443595.41423809,3984,557.62691600,8179320.05627185,0
2017-12-21 19:00:00,14640.98000000,14790.00000000,14360.00000000,14700.94000000,787.57970500,2017-12-21 19:59:59.999,11515340.21070327,3337,472.48847300,6912233.38725434,0
2017-12-21 20:00:00,14700.94000000,15180.00000000,14691.03000000,14816.98000000,702.19014300,2017-12-21 20:59:59.999,10460409.56174868,3194,419.43808100,6247007.57553838,0
2017-12-21 21:00:00,14816.43000000,15397.98000000,14801.00000000,15395.00000000,876.77859500,2017-12-21 21:59:59.999,13162119.26351342,3391,634.19613800,9503836.45696071,0
2017-12-21 22:00:00,15365.03000000,15520.00000000,15230.96000000,15344.80000000,829.79704700,2017-12-21 22:59:59.999,12769809.73110462,3836,492.20816600,7580261.44988185,0
2017-12-21 23:00:00,15349.95000000,15527.63000000,15190.19000000,15492.64000000,734.74309100,2017-12-21 23:59:59.999,11292564.67097754,3372,419.80176900,6456066.27704274,0
2017-12-22 00:00:00,15514.03000000,15699.34000000,14750.00000000,14848.98000000,810.42541500,2017-12-22 00:59:59.999,12426358.40439425,4098,478.39133900,7340212.47820189,0
2017-12-22 01:00:00,14848.99000000,14999.98000000,13823.00000000,14330.00000000,1402.41832700,2017-12-22 01:59:59.999,20304277.39967621,7357,661.56836100,9594454.47261665,0
2017-12-22 02:00:00,14350.00000000,14738.99000000,13801.00000000,14098.98000000,1379.86836300,2017-12-22 02:59:59.999,19667065.42200359,9792,768.83211000,10988578.55770424,0
2017-12-22 03:00:00,14076.02000000,14199.98000000,13000.00000000,13780.00000000,2967.70131500,2017-12-22 03:59:59.999,40192924.17433550,16269,1410.65910800,19135293.29845169,0
2017-12-22 04:00:00,13789.00000000,14649.00000000,13621.53000000,14379.99000000,1861.15374100,2017-12-22 04:59:59.999,26538932.80768405,10955,946.27157900,13489341.41644315,0
2017-12-22 05:00:00,14380.00000000,14465.94000000,13610.00000000,13842.86000000,1399.77087900,2017-12-22 05:59:59.999,19686093.35727778,7071,708.03947300,9979764.25129382,0
2017-12-22 06:00:00,13875.66000000,14210.00000000,13355.00000000,13355.00000000,1614.88551100,2017-12-22 06:59:59.999,22180263.95153649,7210,788.49697400,10860471.42467853,0
2017-12-22 07:00:00,13388.22000000,13388.22000000,12200.00000000,12726.45000000,3236.66051700,2017-12-22 07:59:59.999,41187026.75403798,18340,1434.91672300,18270864.89829624,0
2017-12-22 08:00:00,12726.45000000,13500.00000000,12400.00000000,13167.68000000,1677.25762000,2017-12-22 08:59:59.999,21677668.58717991,10583,874.97490200,11326431.16004095,0
2017-12-22 09:00:00,13167.70000000,13830.00000000,13133.74000000,13415.68000000,1490.68431400,2017-12-22 09:59:59.999,20057188.86815257,8574,792.61898900,10671834.15469834,0
2017-12-22 10:00:00,13432.01000000,14331.38000000,13133.75000000,13819.41000000,950.70945600,2017-12-22 10:59:59.999,13128926.42879809,7452,474.01693500,6534348.15583144,0
2017-12-22 11:00:00,13819.41000000,13920.00000000,12958.96000000,13456.00000000,908.62237400,2017-12-22 11:59:59.999,12216590.66228103,6719,409.55786200,5502266.50129793,0
2017-12-22 12:00:00,13449.10000000,13724.93000000,13200.00000000,13389.00000000,579.44135200,2017-12-22 12:59:59.999,7814577.05719460,5005,241.25084900,3257244.55306128,0
2017-12-22 13:00:00,13389.00000000,13399.99000000,12001.00000000,12020.04000000,2045.09243800,2017-12-22 13:59:59.999,25686891.52115680,14566,840.09573500,10565553.51963787,0
2017-12-22 14:00:00,12020.04000000,12488.00000000,10961.00000000,11999.97000000,3638.49461100,2017-12-22 14:59:59.999,42619977.72594323,23810,1605.54353300,18847947.87185947,0
2017-12-22 15:00:00,11980.53000000,13274.00000000,11600.04000000,12660.27000000,2281.24855600,2017-12-22 15:59:59.999,28791964.07723585,17047,1242.89495100,15717564.85010728,0
2017-12-22 16:00:00,12696.50000000,12780.00000000,11800.01000000,12567.08000000,1636.87539400,2017-12-22 16:59:59.999,20155982.28771107,12346,760.94013300,9387883.27502300,0
2017-12-22 17:00:00,12567.08000000,13020.67000000,12301.01000000,12821.51000000,913.85386200,2017-12-22 17:59:59.999,11597863.37490186,8266,435.56208000,5531647.35737196,0
2017-12-22 18:00:00,12829.15000000,13500.00000000,12500.00000000,13383.00000000,857.70285800,2017-12-22 18:59:59.999,11159803.17307584,8627,429.72835400,5598436.09587122,0
2017-12-22 19:00:00,13390.00000000,13580.00000000,12650.00000000,13178.00000000,860.26470200,2017-12-22 19:59:59.999,11321383.37627783,7900,429.33374900,5666167.75718696,0
2017-12-22 20:00:00,13178.00000000,14100.00000000,13050.02000000,14086.95000000,857.48793700,2017-12-22 20:59:59.999,11696823.22883783,7742,534.67517400,7297624.89257434,0
2017-12-22 21:00:00,14086.94000000,14299.99000000,13555.00000000,13840.10000000,798.96732300,2017-12-22 21:59:59.999,11167174.29792667,7585,376.35994800,5267763.76644551,0
2017-12-22 22:00:00,13840.09000000,14649.99000000,13821.26000000,14599.98000000,629.76498700,2017-12-22 22:59:59.999,8945889.84172985,5935,359.24911300,5109351.03854706,0
2017-12-22 23:00:00,14569.06000000,14600.02000000,12840.00000000,13326.61000000,1276.91932300,2017-12-22 23:59:59.999,17288287.93893761,10012,552.70447500,7494263.90107819,0
2017-12-23 00:00:00,13326.61000000,13911.00000000,13000.00000000,13500.01000000,907.70635800,2017-12-23 00:59:59.999,12298952.33619064,6966,388.29041600,5261141.68425334,0
2017-12-23 01:00:00,13514.43000000,13750.00000000,13201.00000000,13621.59000000,511.07932800,2017-12-23 01:59:59.999,6900614.99054376,4871,265.67711100,3590416.54643134,0
2017-12-23 02:00:00,13621.60000000,14210.00000000,13621.59000000,13800.00000000,605.77802700,2017-12-23 02:59:59.999,8441315.08837372,5940,289.34191500,4032223.45294246,0
2017-12-23 03:00:00,13800.00000000,14300.00000000,13730.01000000,14284.95000000,612.80936700,2017-12-23 03:59:59.999,8596965.32360539,4674,421.25274300,5920558.77292303,0
2017-12-23 04:00:00,14284.95000000,14300.00000000,13800.02000000,13885.02000000,493.11342400,2017-12-23 04:59:59.999,6962067.29977323,4929,253.86949000,3587418.66037956,0
2017-12-23 05:00:00,13885.02000000,14110.00000000,13255.01000000,13488.39000000,636.41839800,2017-12-23 05:59:59.999,8658322.00055457,6460,315.44365500,4299242.03121448,0
2017-12-23 06:00:00,13488.39000000,13570.09000000,12978.18000000,13492.61000000,589.98138200,2017-12-23 06:59:59.999,7813708.28380040,5917,293.48576300,3890246.86746959,0
2017-12-23 07:00:00,13492.52000000,13950.00000000,13416.61000000,13609.25000000,543.04824400,2017-12-23 07:59:59.999,7424558.34695317,5055,280.84573900,3842754.37024568,0
2017-12-23 08:00:00,13609.25000000,13975.00000000,13570.03000000,13729.00000000,366.63016800,2017-12-23 08:59:59.999,5059372.77516921,4423,195.52928100,2699510.12350021,0
2017-12-23 09:00:00,13729.00000000,13969.99000000,13480.00000000,13945.93000000,391.24162900,2017-12-23 09:59:59.999,5372058.86652539,4341,219.33965900,3017723.12287039,0
2017-12-23 10:00:00,13945.94000000,14221.35000000,13622.89000000,14155.01000000,530.58962100,2017-12-23 10:59:59.999,7386764.13347872,5898,284.02915500,3956349.44340341,0
2017-12-23 11:00:00,14155.42000000,14650.00000000,14055.18000000,14642.99000000,664.02516000,2017-12-23 11:59:59.999,9506188.06445912,6667,366.99790700,5260232.14658715,0
2017-12-23 12:00:00,14640.00000000,14650.00000000,14012.00000000,14255.00000000,611.57839600,2017-12-23 12:59:59.999,8783254.63674957,6561,308.58819900,4426274.29298229,0
2017-12-23 13:00:00,14255.00000000,14450.00000000,14168.21000000,14429.88000000,469.41419500,2017-12-23 13:59:59.999,6717943.39387339,5249,257.73547600,3690342.59687470,0
2017-12-23 14:00:00,14432.12000000,14859.00000000,14420.00000000,14815.00000000,580.71916800,2017-12-23 14:59:59.999,8545229.06204013,7123,273.88880700,4031333.97809978,0
2017-12-23 15:00:00,14815.00000000,14950.00000000,13920.00000000,14218.39000000,844.76127200,2017-12-23 15:59:59.999,12215708.98084994,8739,377.48574800,5471034.17873932,0
2017-12-23 16:00:00,14218.39000000,14741.91000000,13963.13000000,14730.00000000,636.31923900,2017-12-23 16:59:59.999,9097539.82877300,7394,308.29045100,4404579.15346677,0
2017-12-23 17:00:00,14730.00000000,14760.00000000,14200.01000000,14471.47000000,496.54478800,2017-12-23 17:59:59.999,7170983.33734938,5211,238.93358700,3447863.75556076,0
2017-12-23 18:00:00,14471.47000000,14619.99000000,14201.08000000,14312.90000000,295.84964900,2017-12-23 18:59:59.999,4275833.07240927,3587,137.11390800,1984301.16023678,0
2017-12-23 19:00:00,14300.02000000,14516.08000000,14300.02000000,14434.01000000,254.02846300,2017-12-23 19:59:59.999,3663647.63363277,2587,104.31068700,1504710.39863166,0
2017-12-23 20:00:00,14434.00000000,14788.95000000,14350.00000000,14700.02000000,273.21879600,2017-12-23 20:59:59.999,3990276.84055147,3693,153.60128300,2241816.55549357,0
2017-12-23 21:00:00,14700.02000000,14888.00000000,14608.15000000,14801.98000000,295.37833900,2017-12-23 21:59:59.999,4366682.74086945,4074,143.81163300,2127154.20512870,0
2017-12-23 22:00:00,14820.99000000,14900.00000000,14302.00000000,14305.16000000,383.98522800,2017-12-23 22:59:59.999,5615999.74243342,4383,165.94576900,2435164.01696488,0
2017-12-23 23:00:00,14351.00000000,14584.60000000,13234.56000000,13300.00000000,1147.32023600,2017-12-23 23:59:59.999,15895698.55310755,10263,503.85894400,6976382.94647765,0
2017-12-24 00:00:00,13300.00000000,13750.42000000,12652.00000000,13199.99000000,1437.05774000,2017-12-24 00:59:59.999,18751611.63325933,11867,697.75988700,9102434.44943600,0
2017-12-24 01:00:00,13170.00000000,13740.00000000,12745.01000000,13000.00000000,1354.45825400,2017-12-24 01:59:59.999,17886109.49264658,9083,698.41559000,9229992.72137538,0
2017-12-24 02:00:00,12999.98000000,13016.73000000,12100.00000000,12157.98000000,1890.04928500,2017-12-24 02:59:59.999,23860520.91674128,11262,860.65949000,10873331.39625352,0
2017-12-24 03:00:00,12179.93000000,13449.99000000,12100.00000000,13271.05000000,1624.31626800,2017-12-24 03:59:59.999,20896556.41124721,9944,859.20191300,11059658.18734417,0
2017-12-24 04:00:00,13271.05000000,13537.29000000,12723.49000000,13070.20000000,1438.57414800,2017-12-24 04:59:59.999,18842792.98136494,7484,728.14699800,9546755.98077918,0
2017-12-24 05:00:00,13098.41000000,13448.59000000,13064.73000000,13436.29000000,1119.69513200,2017-12-24 05:59:59.999,14824919.48784260,4655,615.59713900,8148851.04783015,0
2017-12-24 06:00:00,13443.14000000,13783.13000000,13313.00000000,13660.15000000,1013.51178400,2017-12-24 06:59:59.999,13712506.67127265,5004,572.54534400,7757754.49299508,0
2017-12-24 07:00:00,13667.39000000,13819.99000000,13228.00000000,13252.12000000,970.52490500,2017-12-24 07:59:59.999,13175941.22254832,5653,543.94103300,7384278.57795611,0
2017-12-24 08:00:00,13228.00000000,13600.00000000,13071.16000000,13580.01000000,888.14045200,2017-12-24 08:59:59.999,11837763.21368170,5752,501.97387000,6694691.18513814,0
2017-12-24 09:00:00,13580.01000000,13599.79000000,12767.00000000,12875.01000000,885.63058500,2017-12-24 09:59:59.999,11686921.52212229,5636,467.34094900,6170014.06649729,0
2017-12-24 10:00:00,12875.00000000,12945.87000000,12367.00000000,12730.13000000,1327.17450000,2017-12-24 10:59:59.999,16781416.01510317,8971,639.57545700,8095575.03920128,0
2017-12-24 11:00:00,12730.13000000,12750.00000000,11866.38000000,12345.89000000,1780.69705300,2017-12-24 11:59:59.999,21768934.62913800,11762,843.19189200,10324337.45957140,0
2017-12-24 12:00:00,12345.89000000,12360.00000000,11640.00000000,12218.77000000,1671.66248800,2017-12-24 12:59:59.999,20126680.77937313,10866,832.85556300,10045225.64991629,0
2017-12-24 13:00:00,12218.77000000,12900.00000000,12200.00000000,12899.89000000,1517.82183000,2017-12-24 13:59:59.999,18989289.89701878,9185,863.86356200,10807365.04297668,0
2017-12-24 14:00:00,12898.64000000,13140.00000000,12599.87000000,13002.61000000,1211.92302000,2017-12-24 14:59:59.999,15563262.59309575,7315,756.22317900,9710567.20478381,0
2017-12-24 15:00:00,13002.67000000,13187.94000000,12250.00000000,12543.07000000,1205.05604000,2017-12-24 15:59:59.999,15261216.19601725,8043,660.70995400,8364548.92542652,0
2017-12-24 16:00:00,12540.00000000,12999.82000000,12500.00000000,12700.72000000,1028.60417200,2017-12-24 16:59:59.999,13135200.64924235,5872,605.86542800,7743763.84986768,0
2017-12-24 17:00:00,12700.82000000,12877.00000000,12525.25000000,12549.97000000,924.33974700,2017-12-24 17:59:59.999,11788879.79766269,4606,503.29988200,6427945.33101470,0
2017-12-24 18:00:00,12524.99000000,12600.00000000,12326.42000000,12346.55000000,955.69525100,2017-12-24 18:59:59.999,11891090.76639340,5241,531.62544800,6617488.06215414,0
2017-12-24 19:00:00,12346.52000000,12410.00000000,12030.00000000,12264.33000000,778.54817200,2017-12-24 19:59:59.999,9523117.97011922,5668,468.40856700,5732288.77393706,0
2017-12-24 20:00:00,12264.32000000,12949.88000000,12166.61000000,12760.00000000,932.86828000,2017-12-24 20:59:59.999,11796708.78016212,5241,526.69807200,6668467.52701422,0
2017-12-24 21:00:00,12760.01000000,12850.00000000,12460.03000000,12604.99000000,771.26946400,2017-12-24 21:59:59.999,9767595.17347177,3790,522.08702300,6611947.84553679,0
2017-12-24 22:00:00,12604.00000000,13149.99000000,12542.17000000,13041.00000000,921.56121000,2017-12-24 22:59:59.999,11783898.33308578,4525,544.77318300,6971586.96995631,0
2017-12-24 23:00:00,13054.79000000,13570.00000000,12982.67000000,13500.00000000,908.35520800,2017-12-24 23:59:59.999,12056654.47041866,6132,520.35412200,6904227.28635885,0
2017-12-25 00:00:00,13500.00000000,13650.00000000,13301.00000000,13401.82000000,549.82021000,2017-12-25 00:59:59.999,7416356.96102998,6453,268.97892100,3627577.73105988,0
2017-12-25 01:00:00,13443.12000000,13449.00000000,12980.69000000,13370.00000000,527.25212600,2017-12-25 01:59:59.999,6981276.17575890,5086,234.99588700,3114234.06841895,0
2017-12-25 02:00:00,13370.01000000,13398.15000000,12812.35000000,13003.00000000,1011.53651100,2017-12-25 02:59:59.999,13284399.38666945,5592,548.55728000,7208807.71938032,0
2017-12-25 03:00:00,13003.01000000,13287.67000000,12912.15000000,12957.55000000,829.61754200,2017-12-25 03:59:59.999,10843987.18487329,4762,430.74198400,5635018.88576454,0
2017-12-25 04:00:00,12969.22000000,13550.00000000,12708.00000000,13409.98000000,1058.80916100,2017-12-25 04:59:59.999,13984964.36429797,6858,621.19640800,8213779.80523687,0
2017-12-25 05:00:00,13409.98000000,13446.58000000,13195.00000000,13365.95000000,851.45925900,2017-12-25 05:59:59.999,11359744.89764700,4536,525.33791600,7010658.39908767,0
2017-12-25 06:00:00,13376.40000000,13690.64000000,13350.00000000,13532.99000000,984.87859500,2017-12-25 06:59:59.999,13332595.61687425,5937,574.75133800,7779343.11877690,0
2017-12-25 07:00:00,13533.00000000,13650.00000000,13420.00000000,13561.14000000,864.67376500,2017-12-25 07:59:59.999,11722432.71778807,4264,553.37052500,7501507.22182014,0
2017-12-25 08:00:00,13580.00000000,13880.75000000,13449.98000000,13864.27000000,932.96420900,2017-12-25 08:59:59.999,12757004.50012083,5382,537.34597800,7350839.44028924,0
2017-12-25 09:00:00,13874.31000000,13970.00000000,13600.00000000,13625.01000000,679.22151300,2017-12-25 09:59:59.999,9353462.85902230,5423,395.08068000,5443498.53901756,0
2017-12-25 10:00:00,13625.01000000,13850.00000000,13610.00000000,13733.10000000,681.70839200,2017-12-25 10:59:59.999,9343851.65259604,5432,352.59387500,4835757.87377312,0
2017-12-25 11:00:00,13733.09000000,13950.00000000,13680.00000000,13800.00000000,967.05826900,2017-12-25 11:59:59.999,13345435.77101017,4872,647.83135100,8945366.61724706,0
2017-12-25 12:00:00,13808.11000000,14300.00000000,13766.29000000,14140.69000000,907.03914600,2017-12-25 12:59:59.999,12734799.86522092,5769,585.42708300,8221007.93050473,0
2017-12-25 13:00:00,14140.69000000,14169.97000000,13399.50000000,13477.98000000,624.98673200,2017-12-25 13:59:59.999,8668185.49481827,6511,260.04383900,3607698.18064176,0
2017-12-25 14:00:00,13451.00000000,13612.60000000,13059.00000000,13155.00000000,766.66135400,2017-12-25 14:59:59.999,10244430.16063145,8020,331.32469100,4427939.94266588,0
2017-12-25 15:00:00,13156.18000000,13598.99000000,13100.00000000,13473.00000000,407.59936500,2017-12-25 15:59:59.999,5471943.69766405,4678,179.05816300,2401208.42939328,0
2017-12-25 16:00:00,13473.00000000,13800.99000000,13451.37000000,13645.42000000,935.59197200,2017-12-25 16:59:59.999,12803338.41801246,5249,621.73039400,8509032.84760313,0
2017-12-25 17:00:00,13645.41000000,13683.20000000,13400.00000000,13561.00000000,750.72296000,2017-12-25 17:59:59.999,10176139.66202615,3879,462.99085200,6276298.91126265,0
2017-12-25 18:00:00,13578.99000000,13880.00000000,13565.03000000,13769.52000000,274.74424300,2017-12-25 18:59:59.999,3773172.61021861,3099,158.54836600,2176742.06227767,0
2017-12-25 19:00:00,13798.99000000,13868.88000000,13599.00000000,13808.08000000,156.68344400,2017-12-25 19:59:59.999,2156755.60295279,2240,82.28830900,1133351.16625309,0
2017-12-25 20:00:00,13811.64000000,13885.00000000,13420.00000000,13475.41000000,268.02525100,2017-12-25 20:59:59.999,3665511.95891800,3206,111.07716400,1519675.24324475,0
2017-12-25 21:00:00,13495.00000000,13665.78000000,13331.00000000,13553.92000000,230.20020700,2017-12-25 21:59:59.999,3114446.83758049,2881,106.83716900,1446515.34137508,0
2017-12-25 22:00:00,13553.92000000,13600.00000000,13356.00000000,13540.05000000,229.07382900,2017-12-25 22:59:59.999,3083155.47734607,2836,119.38903000,1608158.20403622,0
2017-12-25 23:00:00,13545.09000000,13750.00000000,13421.47000000,13699.34000000,257.87955200,2017-12-25 23:59:59.999,3522265.75583703,3451,125.15373500,1709831.18049590,0
2017-12-26 00:00:00,13699.34000000,13940.00000000,13670.15000000,13751.04000000,371.05977700,2017-12-26 00:59:59.999,5118177.16038530,3743,189.56010100,2614900.30910898,0
2017-12-26 01:00:00,13752.02000000,13780.00000000,13533.00000000,13670.00000000,283.30945500,2017-12-26 01:59:59.999,3871201.58541494,3299,142.69600500,1950364.15627305,0
2017-12-26 02:00:00,13670.00000000,13850.00000000,13624.98000000,13670.00000000,849.58056900,2017-12-26 02:59:59.999,11668451.79566445,4390,548.24450000,7528760.76498517,0
2017-12-26 03:00:00,13685.98000000,14400.00000000,13651.06000000,14321.99000000,782.25252700,2017-12-26 03:59:59.999,10905789.51219451,6398,545.34925300,7593049.55649266,0
2017-12-26 04:00:00,14300.00000000,14761.99000000,14210.79000000,14660.00000000,1196.65593700,2017-12-26 04:59:59.999,17370759.66622397,10533,736.20183600,10688303.65604012,0
2017-12-26 05:00:00,14686.98000000,15350.00000000,14660.00000000,14870.00000000,1301.94026900,2017-12-26 05:59:59.999,19447604.83212511,11383,763.31144900,11394414.72093969,0
2017-12-26 06:00:00,14847.00000000,15339.63000000,14827.00000000,15180.00000000,1055.11740400,2017-12-26 06:59:59.999,15905088.97154175,6355,563.64722000,8497154.97980139,0
2017-12-26 07:00:00,15178.25000000,15199.00000000,14758.00000000,15063.02000000,1134.24763500,2017-12-26 07:59:59.999,17000802.34829543,6052,610.66608200,9150097.74630957,0
2017-12-26 08:00:00,15073.16000000,15165.58000000,14758.00000000,14758.00000000,870.91557700,2017-12-26 08:59:59.999,13032819.30399083,4569,503.47866800,7538664.68428475,0
2017-12-26 09:00:00,14758.00000000,15149.01000000,14700.99000000,15110.00000000,749.45010700,2017-12-26 09:59:59.999,11138337.21855280,4930,401.04962200,5959301.31061081,0
2017-12-26 10:00:00,15113.55000000,15200.00000000,14900.01000000,14968.41000000,484.60944900,2017-12-26 10:59:59.999,7300350.06861546,4017,267.82122800,4035479.23335941,0
2017-12-26 11:00:00,14968.41000000,15045.00000000,14711.81000000,14849.98000000,828.20174600,2017-12-26 11:59:59.999,12326892.79557547,4976,462.13036300,6880049.98434018,0
2017-12-26 12:00:00,14844.00000000,15099.00000000,14660.00000000,15006.15000000,505.55797600,2017-12-26 12:59:59.999,7537160.75487485,5077,276.51363700,4122313.83725740,0
2017-12-26 13:00:00,15000.01000000,15180.00000000,14989.85000000,15109.92000000,504.52146200,2017-12-26 13:59:59.999,7618645.05848607,4772,298.87411100,4514532.24911985,0
2017-12-26 14:00:00,15101.02000000,15899.13000000,15086.66000000,15879.87000000,915.41220200,2017-12-26 14:59:59.999,14164691.95817187,8726,543.55503800,8411947.31176134,0
2017-12-26 15:00:00,15850.10000000,15900.10000000,15431.43000000,15649.00000000,687.83231300,2017-12-26 15:59:59.999,10793269.28071270,7334,348.40592600,5470572.94792378,0
2017-12-26 16:00:00,15649.99000000,15987.00000000,15527.63000000,15935.00000000,454.14158100,2017-12-26 16:59:59.999,7211984.35673980,6050,232.20711800,3686710.28959061,0
2017-12-26 17:00:00,15934.00000000,15935.00000000,15432.06000000,15666.90000000,450.89718800,2017-12-26 17:59:59.999,7078113.71853033,5381,173.88585200,2731915.30891696,0
2017-12-26 18:00:00,15670.00000000,15810.97000000,15500.00000000,15561.00000000,332.36856200,2017-12-26 18:59:59.999,5197476.80472882,5023,164.11019400,2569334.66324460,0
2017-12-26 19:00:00,15550.01000000,15870.00000000,15538.08000000,15787.88000000,244.94956700,2017-12-26 19:59:59.999,3856802.81764431,4305,117.65710900,1854145.90533853,0
2017-12-26 20:00:00,15787.95000000,16050.00000000,15555.88000000,15700.01000000,368.35746800,2017-12-26 20:59:59.999,5861791.45868373,5005,221.10977700,3521319.67979334,0
2017-12-26 21:00:00,15739.86000000,15950.00000000,15636.23000000,15866.02000000,202.80830700,2017-12-26 21:59:59.999,3201443.46264613,3375,98.36309500,1552865.08117265,0
2017-12-26 22:00:00,15866.02000000,15965.00000000,15580.00000000,15659.88000000,269.05401100,2017-12-26 22:59:59.999,4239867.59192480,3988,146.75587900,2314140.99901274,0
2017-12-26 23:00:00,15661.55000000,15765.01000000,15540.01000000,15689.01000000,191.42701500,2017-12-26 23:59:59.999,2996209.37484542,3452,80.57723500,1261774.41093714,0
2017-12-27 00:00:00,15709.98000000,15800.00000000,15559.54000000,15734.00000000,241.43014500,2017-12-27 00:59:59.999,3788695.69373712,3228,124.50776000,1954503.14169700,0
2017-12-27 01:00:00,15734.00000000,16015.28000000,15733.07000000,15891.10000000,282.07588400,2017-12-27 01:59:59.999,4492877.96892803,3943,146.24717800,2329458.36183798,0
2017-12-27 02:00:00,15892.00000000,15950.00000000,15679.01000000,15808.23000000,444.40946600,2017-12-27 02:59:59.999,7013524.81143913,4387,258.50665000,4081476.06381607,0
2017-12-27 03:00:00,15809.97000000,15891.37000000,15740.01000000,15880.56000000,413.60781200,2017-12-27 03:59:59.999,6534200.08562709,3219,225.22839800,3559505.15658627,0
2017-12-27 04:00:00,15855.71000000,16480.00000000,15855.61000000,16398.90000000,708.34783700,2017-12-27 04:59:59.999,11512381.66148755,7181,413.37434500,6717316.17083937,0
2017-12-27 05:00:00,16398.89000000,16449.72000000,16166.00000000,16351.02000000,415.68715600,2017-12-27 05:59:59.999,6783977.92172720,4848,215.18533600,3512403.12833233,0
2017-12-27 06:00:00,16351.02000000,16498.05000000,16325.98000000,16370.00000000,510.31996300,2017-12-27 06:59:59.999,8376941.34909948,5061,312.12937100,5125548.45247921,0
2017-12-27 07:00:00,16370.00000000,16400.00000000,15863.00000000,16055.00000000,728.98685400,2017-12-27 07:59:59.999,11735282.56351859,8195,362.59572600,5836730.94698865,0
2017-12-27 08:00:00,16073.69000000,16200.00000000,15984.29000000,16025.73000000,454.80704300,2017-12-27 08:59:59.999,7313364.10203946,4599,232.85649000,3744262.98391446,0
2017-12-27 09:00:00,16025.73000000,16080.00000000,15700.00000000,15764.02000000,722.53490300,2017-12-27 09:59:59.999,11477466.39957474,5926,353.32705200,5619661.58381308,0
2017-12-27 10:00:00,15733.31000000,15850.00000000,15250.59000000,15490.07000000,743.45220100,2017-12-27 10:59:59.999,11518314.59249462,7236,374.89124600,5805915.16480964,0
2017-12-27 11:00:00,15458.00000000,15649.99000000,15300.00000000,15570.13000000,525.54911500,2017-12-27 11:59:59.999,8140077.48150798,5117,298.93277400,4630716.68738824,0
2017-12-27 12:00:00,15570.11000000,15978.00000000,15570.00000000,15894.83000000,732.48710300,2017-12-27 12:59:59.999,11583241.91261516,5285,404.58043200,6398703.77431907,0
2017-12-27 13:00:00,15867.80000000,15894.73000000,15506.50000000,15780.23000000,536.25336100,2017-12-27 13:59:59.999,8432380.75268259,4560,291.21114100,4580712.50783318,0
2017-12-27 14:00:00,15780.28000000,15840.00000000,15103.01000000,15256.11000000,829.03082400,2017-12-27 14:59:59.999,12816571.49575415,7201,380.00755100,5885172.11241546,0
2017-12-27 15:00:00,15260.00000000,15328.78000000,14876.00000000,15155.01000000,907.05265100,2017-12-27 15:59:59.999,13699283.46588432,9571,458.86349000,6932026.04110670,0
2017-12-27 16:00:00,15162.25000000,15310.00000000,14425.00000000,14571.00000000,1074.38383400,2017-12-27 16:59:59.999,15922476.45081710,9840,533.29383800,7905950.85370220,0
2017-12-27 17:00:00,14558.63000000,14807.18000000,14200.15000000,14701.00000000,1168.61767800,2017-12-27 17:59:59.999,17003525.28569798,9539,647.37822600,9423129.13023608,0
2017-12-27 18:00:00,14680.02000000,15200.00000000,14680.00000000,15049.07000000,676.63390000,2017-12-27 18:59:59.999,10121911.77772836,6323,336.95883400,5040063.92796937,0
2017-12-27 19:00:00,15049.05000000,15289.76000000,14666.00000000,14793.25000000,689.87228300,2017-12-27 19:59:59.999,10374098.80275034,6640,332.27729900,4995846.32907246,0
2017-12-27 20:00:00,14793.28000000,14985.91000000,14557.25000000,14771.92000000,595.53757100,2017-12-27 20:59:59.999,8798966.11455508,5556,296.29361300,4376795.84956091,0
2017-12-27 21:00:00,14771.89000000,15250.00000000,14688.00000000,15184.10000000,539.65523900,2017-12-27 21:59:59.999,8128424.62146033,5139,304.93102000,4594088.82053856,0
2017-12-27 22:00:00,15162.66000000,15563.63000000,15083.99000000,15315.00000000,576.51544400,2017-12-27 22:59:59.999,8853042.47918314,5395,290.77828300,4463071.00318735,0
2017-12-27 23:00:00,15332.44000000,15520.00000000,15101.00000000,15459.99000000,442.61645600,2017-12-27 23:59:59.999,6808904.69173103,4213,249.06370800,3833041.77977428,0
2017-12-28 00:00:00,15459.97000000,15539.99000000,15010.00000000,15179.04000000,537.33725000,2017-12-28 00:59:59.999,8218058.86831374,4665,289.72340400,4433720.55505669,0
2017-12-28 01:00:00,15179.05000000,15434.99000000,15125.82000000,15400.00000000,443.89590900,2017-12-28 01:59:59.999,6786476.75517310,4010,265.03090400,4052083.29435426,0
2017-12-28 02:00:00,15397.91000000,15453.66000000,13417.99000000,13822.13000000,2163.69831400,2017-12-28 02:59:59.999,31032776.79801556,15581,945.15059000,13606141.94904577,0
2017-12-28 03:00:00,13822.13000000,14555.63000000,13600.00000000,14163.42000000,2244.60884700,2017-12-28 03:59:59.999,31619554.47071179,16665,1068.79225000,15076438.95391220,0
2017-12-28 04:00:00,14163.43000000,14557.10000000,13866.01000000,14274.58000000,994.96926300,2017-12-28 04:59:59.999,14204387.20640526,8731,536.75019600,7672886.39790380,0
2017-12-28 05:00:00,14264.78000000,14366.07000000,13501.05000000,13580.00000000,1150.80589600,2017-12-28 05:59:59.999,15933926.98305240,9627,537.54587300,7449734.60158563,0
2017-12-28 06:00:00,13580.00000000,13966.00000000,13511.14000000,13656.98000000,952.70078800,2017-12-28 06:59:59.999,13108935.21880406,7896,509.90317100,7017082.68022005,0
2017-12-28 07:00:00,13656.98000000,14100.00000000,13656.98000000,13984.39000000,870.29864700,2017-12-28 07:59:59.999,12143589.71018280,5638,503.24284700,7021722.44454967,0
2017-12-28 08:00:00,13984.38000000,14170.00000000,13752.00000000,14054.99000000,772.16566400,2017-12-28 08:59:59.999,10768222.47966626,5537,432.89126000,6040111.77771890,0
2017-12-28 09:00:00,14055.00000000,14348.22000000,14000.00000000,14125.08000000,574.74958200,2017-12-28 09:59:59.999,8135779.98967237,5293,314.73220300,4454741.63940247,0
2017-12-28 10:00:00,14099.33000000,14211.06000000,13188.11000000,13242.71000000,1112.45687400,2017-12-28 10:59:59.999,15306786.01562514,9344,600.30747700,8279877.58284459,0
2017-12-28 11:00:00,13235.71000000,13600.30000000,13150.00000000,13578.98000000,1311.88133400,2017-12-28 11:59:59.999,17558210.28091754,9224,718.74520300,9626848.39400794,0
2017-12-28 12:00:00,13578.98000000,13877.94000000,13335.37000000,13801.19000000,886.09655700,2017-12-28 12:59:59.999,12052023.25085631,6724,489.14637700,6652165.22657784,0
2017-12-28 13:00:00,13803.97000000,14030.00000000,13730.00000000,13877.69000000,684.78524000,2017-12-28 13:59:59.999,9510264.66621968,5625,372.76894400,5178930.70475582,0
2017-12-28 14:00:00,13875.01000000,14153.37000000,13560.09000000,14089.00000000,767.73351300,2017-12-28 14:59:59.999,10652540.31681981,6450,425.99653600,5915938.48417714,0
2017-12-28 15:00:00,14089.00000000,14305.00000000,14000.00000000,14040.00000000,767.41235900,2017-12-28 15:59:59.999,10862838.39977348,6503,428.01714200,6065278.58844468,0
2017-12-28 16:00:00,14045.94000000,14126.77000000,13716.48000000,13799.97000000,629.29231200,2017-12-28 16:59:59.999,8787472.82420083,5737,345.54751100,4829887.53376027,0
2017-12-28 17:00:00,13799.97000000,14068.59000000,13512.00000000,14015.97000000,861.80514300,2017-12-28 17:59:59.999,11903716.67142841,7898,498.08295000,6883130.50192645,0
2017-12-28 18:00:00,14013.15000000,14034.81000000,13190.00000000,13299.94000000,1271.99584800,2017-12-28 18:59:59.999,17248739.62429285,11252,634.89473400,8617030.30187730,0
2017-12-28 19:00:00,13299.94000000,14000.00000000,13266.14000000,13736.43000000,534.65038400,2017-12-28 19:59:59.999,7264499.22345883,5853,336.90487400,4580336.50206558,0
2017-12-28 20:00:00,13736.44000000,14100.00000000,13695.80000000,13742.94000000,658.29324100,2017-12-28 20:59:59.999,9117611.06680306,5778,316.82906100,4391647.80568239,0
2017-12-28 21:00:00,13724.04000000,13883.87000000,13600.00000000,13794.94000000,514.08890500,2017-12-28 21:59:59.999,7079932.98377198,4799,285.23515200,3928309.07794778,0
2017-12-28 22:00:00,13798.74000000,14038.12000000,13750.00000000,13837.90000000,566.17618200,2017-12-28 22:59:59.999,7861876.79739889,4894,321.48882500,4464698.75013381,0
2017-12-28 23:00:00,13837.89000000,14221.99000000,13805.05000000,14182.11000000,445.95996200,2017-12-28 23:59:59.999,6243007.38495587,4308,254.06020700,3557148.30208099,0
2017-12-29 00:00:00,14199.14000000,14399.00000000,14053.03000000,14199.99000000,597.47027700,2017-12-29 00:59:59.999,8475574.61332034,5138,353.71784300,5019777.83982972,0
2017-12-29 01:00:00,14189.34000000,14216.98000000,14008.00000000,14200.00000000,440.94525100,2017-12-29 01:59:59.999,6219957.13325340,4389,237.06383000,3344416.83302633,0
2017-12-29 02:00:00,14200.00000000,14880.00000000,14170.02000000,14850.00000000,947.26105400,2017-12-29 02:59:59.999,13845692.38755007,8568,521.62118400,7620282.37031080,0
2017-12-29 03:00:00,14836.56000000,14850.00000000,14558.00000000,14725.00000000,752.05517800,2017-12-29 03:59:59.999,11042755.81625491,5780,433.74558100,6371157.11727199,0
2017-12-29 04:00:00,14715.49000000,14920.00000000,14627.00000000,14649.83000000,863.79479700,2017-12-29 04:59:59.999,12732892.97976206,5637,530.68378200,7819679.99942690,0
2017-12-29 05:00:00,14649.91000000,14868.81000000,14601.00000000,14824.00000000,635.68864500,2017-12-29 05:59:59.999,9372970.60617073,4997,379.64409800,5597865.80145706,0
2017-12-29 06:00:00,14813.02000000,14981.00000000,14780.00000000,14830.98000000,796.94467600,2017-12-29 06:59:59.999,11863986.60443447,5100,463.09458300,6893913.76199574,0
2017-12-29 07:00:00,14830.98000000,14839.97000000,14319.99000000,14450.00000000,806.07050100,2017-12-29 07:59:59.999,11701756.19384908,6834,402.15352300,5835335.18812378,0
2017-12-29 08:00:00,14456.65000000,14748.00000000,14237.80000000,14450.01000000,690.33834800,2017-12-29 08:59:59.999,9979550.24150667,5810,391.61385200,5662956.59541148,0
2017-12-29 09:00:00,14449.97000000,14520.00000000,14150.00000000,14214.69000000,823.91906300,2017-12-29 09:59:59.999,11819219.50045716,5647,442.27571900,6348644.92693529,0
2017-12-29 10:00:00,14247.03000000,14404.96000000,13850.00000000,13900.70000000,983.39073100,2017-12-29 10:59:59.999,13896952.30941718,8138,473.98649000,6701190.89201850,0
2017-12-29 11:00:00,13930.00000000,14304.22000000,13900.00000000,14280.01000000,706.56557700,2017-12-29 11:59:59.999,9993944.43141396,6247,408.87881100,5783936.65913597,0
2017-12-29 12:00:00,14290.00000000,14350.00000000,14028.01000000,14111.14000000,751.27803200,2017-12-29 12:59:59.999,10632611.15194083,5927,453.28367000,6415456.58451757,0
2017-12-29 13:00:00,14111.14000000,14210.00000000,13900.00000000,14195.00000000,853.86132900,2017-12-29 13:59:59.999,12000641.51287362,5876,577.89474600,8124570.73094660,0
2017-12-29 14:00:00,14195.00000000,14404.95000000,14185.51000000,14343.25000000,816.52168000,2017-12-29 14:59:59.999,11702629.27696065,5881,438.98466500,6291991.46614628,0
2017-12-29 15:00:00,14343.25000000,14595.00000000,14204.99000000,14557.49000000,881.18906200,2017-12-29 15:59:59.999,12704604.17474436,6504,472.45012500,6816185.20076032,0
2017-12-29 16:00:00,14557.52000000,14759.00000000,14500.00000000,14596.00000000,922.60598200,2017-12-29 16:59:59.999,13484017.32845688,7410,557.90389400,8156126.85861147,0
2017-12-29 17:00:00,14596.01000000,14797.00000000,14469.98000000,14516.05000000,730.92762900,2017-12-29 17:59:59.999,10695589.38779961,5965,437.07352200,6395901.84916714,0
2017-12-29 18:00:00,14516.05000000,14749.00000000,14401.00000000,14503.80000000,780.50559000,2017-12-29 18:59:59.999,11335370.72307705,5066,483.92938500,7030471.82430863,0
2017-12-29 19:00:00,14503.77000000,14672.94000000,14350.00000000,14640.70000000,687.85582900,2017-12-29 19:59:59.999,9985398.78160738,4976,400.24430800,5812894.05328795,0
2017-12-29 20:00:00,14640.70000000,14652.52000000,14250.01000000,14335.02000000,651.92209900,2017-12-29 20:59:59.999,9425206.62505032,5611,434.88716300,6293238.92955099,0
2017-12-29 21:00:00,14335.02000000,14410.31000000,14130.00000000,14235.00000000,656.55701000,2017-12-29 21:59:59.999,9379932.79367924,6311,432.38490200,6181380.26085739,0
2017-12-29 22:00:00,14235.00000000,14400.97000000,14180.01000000,14400.97000000,592.90116200,2017-12-29 22:59:59.999,8484879.87343362,4727,339.87156500,4865411.74689304,0
2017-12-29 23:00:00,14400.95000000,14577.11000000,14350.01000000,14378.90000000,701.43861400,2017-12-29 23:59:59.999,10135494.77106314,5561,435.30850900,6291162.47208829,0
2017-12-30 00:00:00,14378.99000000,14388.99000000,14045.00000000,14288.07000000,739.94201400,2017-12-30 00:59:59.999,10517234.53561084,6694,399.54434900,5683524.23472594,0
2017-12-30 01:00:00,14288.06000000,14398.85000000,13574.63000000,13764.51000000,962.33496100,2017-12-30 01:59:59.999,13537428.91929136,9720,519.87707100,7331371.95532182,0
2017-12-30 02:00:00,13792.32000000,13800.66000000,12900.00000000,13336.17000000,1935.90756600,2017-12-30 02:59:59.999,25736869.05196671,17516,910.63647000,12109851.63547109,0
2017-12-30 03:00:00,13336.17000000,13588.00000000,12958.00000000,13423.64000000,1141.90610400,2017-12-30 03:59:59.999,15209844.60041108,10615,686.25485700,9143297.95744669,0
2017-12-30 04:00:00,13423.64000000,13505.16000000,12958.00000000,12958.00000000,757.49780800,2017-12-30 04:59:59.999,10065047.35078064,6939,399.36209400,5316660.21254350,0
2017-12-30 05:00:00,12958.01000000,13400.00000000,12910.00000000,13399.00000000,503.49099800,2017-12-30 05:59:59.999,6628114.61352353,5739,263.10061600,3465058.31726109,0
2017-12-30 06:00:00,13399.98000000,13550.00000000,13281.38000000,13370.00000000,380.40750000,2017-12-30 06:59:59.999,5109601.39648931,4887,231.89387200,3116335.48575014,0
2017-12-30 07:00:00,13401.92000000,13705.82000000,13370.00000000,13620.00000000,430.66485500,2017-12-30 07:59:59.999,5841462.00406010,4729,241.53468400,3273454.26882614,0
2017-12-30 08:00:00,13620.00000000,13647.95000000,13319.78000000,13342.23000000,426.39233600,2017-12-30 08:59:59.999,5742997.63659180,5275,235.29938400,3169777.57714759,0
2017-12-30 09:00:00,13367.99000000,13382.76000000,13094.90000000,13248.18000000,561.25813100,2017-12-30 09:59:59.999,7426293.89978402,6298,266.32347400,3525748.03466069,0
2017-12-30 10:00:00,13232.75000000,13319.46000000,12828.32000000,12890.00000000,719.98403200,2017-12-30 10:59:59.999,9375398.78501892,7975,319.22194100,4159141.07911475,0
2017-12-30 11:00:00,12900.00000000,13250.01000000,12810.00000000,13150.00000000,486.45217100,2017-12-30 11:59:59.999,6350947.23181571,6339,252.79053400,3300430.77455051,0
2017-12-30 12:00:00,13119.03000000,13149.89000000,12248.00000000,12482.78000000,1108.11250800,2017-12-30 12:59:59.999,13991543.83657988,11532,493.61884200,6240138.93736259,0
2017-12-30 13:00:00,12482.78000000,12515.01000000,11821.00000000,12451.88000000,1911.14245100,2017-12-30 13:59:59.999,23299501.50602612,14822,825.42511500,10087977.73982821,0
2017-12-30 14:00:00,12450.28000000,12699.99000000,11966.76000000,12325.98000000,1295.75038300,2017-12-30 14:59:59.999,15976038.01048666,10334,614.61725700,7578724.08714874,0
2017-12-30 15:00:00,12325.96000000,12644.00000000,12182.25000000,12313.99000000,834.12094000,2017-12-30 15:59:59.999,10313216.92488970,8082,431.17321700,5333669.36736935,0
2017-12-30 16:00:00,12315.00000000,12346.97000000,11750.00000000,11874.75000000,1107.42202100,2017-12-30 16:59:59.999,13297484.42574953,9915,413.47947600,4977095.35109033,0
2017-12-30 17:00:00,11885.02000000,12744.00000000,11802.01000000,12660.00000000,893.88179900,2017-12-30 17:59:59.999,11008771.59142257,9267,465.43564100,5733145.36120742,0
2017-12-30 18:00:00,12660.00000000,12700.00000000,12245.00000000,12610.00000000,678.98971300,2017-12-30 18:59:59.999,8473999.50279537,7101,332.16214400,4144594.00905068,0
2017-12-30 19:00:00,12617.98000000,13099.89000000,12500.00000000,13040.00000000,733.22867200,2017-12-30 19:59:59.999,9396483.50490895,7394,449.70785500,5766716.85035987,0
2017-12-30 20:00:00,13043.70000000,13200.00000000,12520.50000000,12776.03000000,559.22788600,2017-12-30 20:59:59.999,7161007.24784698,6431,269.12069200,3449501.54464515,0
2017-12-30 21:00:00,12780.32000000,12819.81000000,12466.97000000,12747.91000000,361.36598400,2017-12-30 21:59:59.999,4577934.02825326,4461,197.71872100,2505332.35854211,0
2017-12-30 22:00:00,12740.92000000,12898.97000000,12520.84000000,12677.42000000,311.79102200,2017-12-30 22:59:59.999,3981594.20556801,3587,140.69490000,1797540.68568048,0
2017-12-30 23:00:00,12677.45000000,12800.79000000,12288.00000000,12440.01000000,379.88618400,2017-12-30 23:59:59.999,4785138.94261482,4552,171.52465400,2163380.45381589,0
2017-12-31 00:00:00,12345.10000000,12897.00000000,12149.98000000,12850.00000000,729.97967800,2017-12-31 00:59:59.999,9125964.54220143,7672,363.27110600,4543054.95240166,0
2017-12-31 01:00:00,12850.00000000,13141.00000000,12511.00000000,12957.14000000,677.24011400,2017-12-31 01:59:59.999,8760793.53104199,7190,378.88034200,4899849.65455239,0
2017-12-31 02:00:00,12957.15000000,13400.00000000,12850.01000000,13347.56000000,657.49161100,2017-12-31 02:59:59.999,8637965.60357531,7808,285.18268500,3739761.07046002,0
2017-12-31 03:00:00,13350.00000000,13411.02000000,12850.01000000,12962.06000000,637.00269700,2017-12-31 03:59:59.999,8406128.73865690,7295,273.22396400,3607461.53974275,0
2017-12-31 04:00:00,12988.04000000,13037.27000000,12755.00000000,12924.54000000,511.78873700,2017-12-31 04:59:59.999,6605016.34519171,4833,288.17649000,3718804.84144190,0
2017-12-31 05:00:00,12924.54000000,13077.97000000,12600.00000000,12650.00000000,463.28146000,2017-12-31 05:59:59.999,5967425.41559534,5792,284.72663400,3666717.27313156,0
2017-12-31 06:00:00,12650.00000000,12828.00000000,12459.00000000,12542.42000000,466.36990700,2017-12-31 06:59:59.999,5880671.77185233,5346,254.86372400,3214651.99791020,0
2017-12-31 07:00:00,12544.99000000,12831.31000000,12493.66000000,12797.46000000,377.64147800,2017-12-31 07:59:59.999,4789354.33177478,4652,235.15642300,2983847.94377192,0
2017-12-31 08:00:00,12797.44000000,12955.00000000,12512.00000000,12552.01000000,355.12810000,2017-12-31 08:59:59.999,4522712.15568679,4523,181.16752000,2309071.87035595,0
2017-12-31 09:00:00,12552.01000000,12700.00000000,12425.98000000,12519.64000000,345.35857000,2017-12-31 09:59:59.999,4332844.37242539,4427,150.02688900,1881453.42822714,0
2017-12-31 10:00:00,12519.64000000,12888.88000000,12483.65000000,12888.88000000,328.94675100,2017-12-31 10:59:59.999,4176714.54979638,4895,163.01410200,2070963.04384571,0
2017-12-31 11:00:00,12890.00000000,13080.00000000,12840.59000000,12989.94000000,494.40300100,2017-12-31 11:59:59.999,6410316.76098871,6305,248.95216800,3228200.02107214,0
2017-12-31 12:00:00,12956.49000000,13309.93000000,12870.01000000,13052.00000000,586.30810800,2017-12-31 12:59:59.999,7680933.84014905,7000,342.36621200,4486799.68326084,0
2017-12-31 13:00:00,13052.00000000,13250.00000000,12949.98000000,13157.94000000,486.02469300,2017-12-31 13:59:59.999,6362932.25878305,5725,250.05332300,3273599.56533976,0
2017-12-31 14:00:00,13160.00000000,13421.75000000,13100.00000000,13337.94000000,573.33989300,2017-12-31 14:59:59.999,7613643.24779314,7307,297.83936700,3955814.26237736,0
2017-12-31 15:00:00,13328.28000000,13346.60000000,13064.59000000,13212.68000000,493.01260000,2017-12-31 15:59:59.999,6514480.66694540,6010,223.53243900,2952584.87418902,0
2017-12-31 16:00:00,13226.16000000,14030.00000000,13192.02000000,13836.00000000,1148.20821800,2017-12-31 16:59:59.999,15779354.43496400,11896,627.54165700,8621514.75786782,0
2017-12-31 17:00:00,13831.01000000,13924.60000000,13641.01000000,13762.99000000,693.80594200,2017-12-31 17:59:59.999,9562592.21299575,7002,345.58415400,4765953.48183476,0
2017-12-31 18:00:00,13776.02000000,13950.00000000,13700.00000000,13737.10000000,345.19249500,2017-12-31 18:59:59.999,4767661.74352954,4187,166.30615600,2298581.82668841,0
2017-12-31 19:00:00,13745.00000000,13875.00000000,13700.00000000,13780.16000000,278.04154200,2017-12-31 19:59:59.999,3832783.94845331,3641,146.70452100,2022867.59306844,0
2017-12-31 20:00:00,13783.09000000,14050.11000000,13780.13000000,13971.95000000,347.90233400,2017-12-31 20:59:59.999,4850475.81474486,4883,210.64986400,2937955.02995038,0
2017-12-31 21:00:00,13971.95000000,14005.00000000,13900.01000000,13940.99000000,239.78446200,2017-12-31 21:59:59.999,3341662.84646233,3552,100.18889700,1397096.05987192,0
2017-12-31 22:00:00,13930.00000000,14012.00000000,13782.00000000,13820.50000000,286.28422100,2017-12-31 22:59:59.999,3977114.73930386,3222,114.28877000,1588090.95060819,0
2017-12-31 23:00:00,13829.97000000,13829.99000000,13645.03000000,13716.36000000,246.45310600,2017-12-31 23:59:59.999,3383741.49412997,3730,153.82587000,2112471.90332416,0
