Open time,Open,High,Low,Close,Volume,Close time,Base asset volume,Number of trades,Taker buy volume,Taker buy base asset volume,Ignore
2018-01-01 00:00:00,13715.65000000,13715.65000000,13155.38000000,13410.03000000,1676.20480700,2018-01-01 03:59:59.999,22516071.86700722,19438,739.51866600,9937536.51382895,0
2018-01-01 04:00:00,13434.98000000,13818.55000000,13322.15000000,13570.35000000,1302.21483600,2018-01-01 07:59:59.999,17702535.72458806,18061,588.51622200,7998795.56202577,0
2018-01-01 08:00:00,13569.98000000,13735.24000000,13001.13000000,13220.56000000,1319.75593100,2018-01-01 11:59:59.999,17651208.19673553,17200,582.66829300,7792108.89944124,0
2018-01-01 12:00:00,13220.56000000,13330.00000000,12750.00000000,13247.00000000,1831.93315300,2018-01-01 15:59:59.999,23912591.04195568,21357,830.31474700,10833038.11256361,0
2018-01-01 16:00:00,13247.00000000,13290.65000000,12940.00000000,13240.37000000,1092.33723400,2018-01-01 19:59:59.999,14348870.61377443,13178,557.45377900,7324319.56741969,0
2018-01-01 20:00:00,13222.03000000,13599.70000000,13222.03000000,13380.00000000,1387.46988300,2018-01-01 23:59:59.999,18668469.99790965,16361,663.46723900,8923948.78510119,0
2018-01-02 00:00:00,13382.16000000,13850.00000000,13231.96000000,13353.78000000,2365.53292600,2018-01-02 03:59:59.999,32053629.30695065,28312,1101.55096800,14922284.99928368,0
2018-01-02 04:00:00,13353.78000000,13480.84000000,12890.02000000,13343.00000000,2980.31605300,2018-01-02 07:59:59.999,39346268.56821580,22814,1662.86362700,21968936.12694433,0
2018-01-02 08:00:00,13343.01000000,13617.28000000,13302.59000000,13490.00000000,2596.18267400,2018-01-02 11:59:59.999,34930623.29101847,18513,1578.44848900,21238250.08897336,0
2018-01-02 12:00:00,13490.00000000,13894.86000000,13450.46000000,13690.03000000,3365.87950800,2018-01-02 15:59:59.999,45967260.36887162,29401,2040.99208600,27868676.95295513,0
2018-01-02 16:00:00,13690.02000000,15473.49000000,13503.00000000,14732.75000000,5090.27348300,2018-01-02 19:59:59.999,72855897.71757299,49057,2865.71504300,40982962.10066558,0
2018-01-02 20:00:00,14710.02000000,15160.31000000,14544.00000000,14675.11000000,3679.90746700,2018-01-02 23:59:59.999,54563428.18108967,29631,2096.75652600,31098978.41449474,0
2018-01-03 00:00:00,14690.00000000,15299.99000000,14660.00000000,14818.49000000,3303.83359000,2018-01-03 03:59:59.999,49173973.82548296,27105,1891.84477200,28156547.96179387,0
2018-01-03 04:00:00,14805.81000000,15307.56000000,14795.05000000,15170.00000000,3211.70206700,2018-01-03 07:59:59.999,48360266.66122553,27848,1929.48360400,29055915.17220744,0
2018-01-03 08:00:00,15170.00000000,15172.99000000,14150.00000000,14730.05000000,4202.80294200,2018-01-03 11:59:59.999,61658918.83423734,37851,2336.72881300,34321725.58048602,0
2018-01-03 12:00:00,14764.73000000,15045.51000000,14400.04000000,15033.77000000,2082.73412500,2018-01-03 15:59:59.999,30797789.49485227,26696,1102.90914100,16304128.11822183,0
2018-01-03 16:00:00,15045.00000000,15130.00000000,14671.00000000,14700.01000000,1659.69735300,2018-01-03 19:59:59.999,24715811.05097705,24082,803.40617900,11964263.86070210,0
2018-01-03 20:00:00,14700.01000000,14990.00000000,14683.00000000,14919.51000000,1444.89756200,2018-01-03 23:59:59.999,21410108.46941496,19205,930.58105700,13784752.55193682,0
2018-01-04 00:00:00,14919.51000000,15280.00000000,14649.99000000,15119.97000000,3062.53564600,2018-01-04 03:00:14.838,45796189.91854075,25901,2038.42873100,30438934.40472739,0
2018-01-04 04:00:00,15119.97000000,15119.97000000,14685.00000000,14748.00000000,2839.90044200,2018-01-04 07:59:59.999,42215770.42386110,22843,1641.08422200,24391348.73357355,0
2018-01-04 08:00:00,14734.07000000,14800.00000000,13918.04000000,14539.97000000,4339.55205100,2018-01-04 11:59:59.999,62412829.49242401,33344,2486.38091400,35801090.95618949,0
2018-01-04 12:00:00,14539.99000000,14653.40000000,14181.88000000,14353.01000000,3960.83118500,2018-01-04 15:59:59.999,57268257.26960831,32978,2253.52595600,32591913.17452410,0
2018-01-04 16:00:00,14367.99000000,14988.00000000,14238.01000000,14895.19000000,3636.61612600,2018-01-04 19:59:59.999,53122079.99882948,28670,2017.32396200,29466851.33295670,0
2018-01-04 20:00:00,14905.00000000,15100.08000000,14601.00000000,15059.54000000,3490.21412400,2018-01-04 23:59:59.999,51966456.69504417,26574,2244.06916600,33426654.40961808,0
2018-01-05 00:00:00,15059.56000000,15200.00000000,14642.00000000,14965.37000000,3624.97469000,2018-01-05 03:59:59.999,54425916.13053777,28051,2174.33779600,32654292.68768129,0
2018-01-05 04:00:00,14970.00000000,15083.63000000,14600.00000000,14920.14000000,3434.49877900,2018-01-05 07:59:59.999,51210966.01015937,26622,2038.48371500,30407212.00850243,0
2018-01-05 08:00:00,14916.95000000,16350.00000000,14880.00000000,16090.69000000,4235.32476200,2018-01-05 11:59:59.999,66819024.04049975,41596,2387.40424100,37654183.88603446,0
2018-01-05 12:00:00,16090.70000000,16267.04000000,15750.00000000,16087.72000000,3780.80103500,2018-01-05 15:59:59.999,60557737.55699459,30152,2132.78791700,34167025.59751811,0
2018-01-05 16:00:00,16094.99000000,17118.13000000,16087.73000000,16593.01000000,4211.11482800,2018-01-05 19:59:59.999,69754690.57560343,37625,2320.28913500,38419456.72919334,0
2018-01-05 20:00:00,16594.14000000,17176.24000000,16353.00000000,16960.39000000,3964.77703100,2018-01-05 23:59:59.999,66553622.17304262,28923,2293.31948900,38527729.77005261,0
2018-01-06 00:00:00,16960.39000000,17099.99000000,16288.00000000,16521.59000000,4247.71364000,2018-01-06 03:59:59.999,71300832.31239988,34400,2509.11882000,42154298.81336597,0
2018-01-06 04:00:00,16521.57000000,16750.00000000,16300.00000000,16518.00000000,2163.98043200,2018-01-06 07:59:59.999,35720794.80839046,20311,1172.68956600,19358726.79617280,0
2018-01-06 08:00:00,16500.18000000,16750.01000000,16340.00000000,16529.89000000,2570.00486300,2018-01-06 11:59:59.999,42492715.02460472,22659,1541.60168000,25487278.10645102,0
2018-01-06 12:00:00,16505.16000000,16639.00000000,16011.21000000,16556.22000000,3636.95381900,2018-01-06 15:59:59.999,59537736.08983884,30652,2075.30738900,33983021.76662679,0
2018-01-06 16:00:00,16550.04000000,16982.00000000,16501.75000000,16770.01000000,3205.68762100,2018-01-06 19:59:59.999,53747378.21619294,26685,1896.25628200,31806050.40880802,0
2018-01-06 20:00:00,16770.01000000,17143.13000000,16612.18000000,17069.79000000,2747.11713300,2018-01-06 23:59:59.999,46417464.53498358,23535,1812.19031900,30628393.17095259,0
2018-01-07 00:00:00,17069.79000000,17099.96000000,16605.01000000,16740.68000000,3154.30460300,2018-01-07 03:59:59.999,53152017.66756561,22706,1903.84261700,32083768.64745829,0
2018-01-07 04:00:00,16727.93000000,16749.98000000,16400.00000000,16746.99000000,2773.56324800,2018-01-07 07:59:59.999,45988400.86976189,21693,1650.91594400,27377873.02979127,0
2018-01-07 08:00:00,16747.00000000,16886.75000000,16560.02000000,16607.00000000,1475.70652000,2018-01-07 11:59:59.999,24730103.14185079,14827,870.19722400,14589002.32598474,0
2018-01-07 12:00:00,16611.00000000,16649.05000000,16300.00000000,16439.65000000,1213.05146500,2018-01-07 15:59:59.999,19998964.55639686,16967,566.39554400,9339340.81950842,0
2018-01-07 16:00:00,16439.64000000,16474.87000000,15610.00000000,16100.90000000,2778.45518300,2018-01-07 19:59:59.999,44506716.34959756,30109,1306.00679400,20932314.29582750,0
2018-01-07 20:00:00,16100.90000000,16500.00000000,15872.07000000,16150.03000000,1098.04453900,2018-01-07 23:59:59.999,17818503.78551082,13967,481.96238500,7828864.00886498,0
2018-01-08 00:00:00,16218.85000000,16322.30000000,15514.99000000,15670.37000000,3174.14413400,2018-01-08 03:59:59.999,50445203.93916413,27921,1659.71591300,26401093.00134141,0
2018-01-08 04:00:00,15632.48000000,15921.68000000,15476.00000000,15865.00000000,3057.43256700,2018-01-08 07:59:59.999,48169601.26488358,24070,1923.53119300,30320249.52821532,0
2018-01-08 08:00:00,15864.99000000,15869.97000000,14551.00000000,15400.00000000,4903.91125600,2018-01-08 11:59:59.999,74266567.64417606,39774,2636.16105000,39972411.49690646,0
2018-01-08 12:00:00,15414.00000000,15499.00000000,12812.00000000,14299.98000000,8735.64896100,2018-01-08 15:59:59.999,124245731.54129588,59527,4106.26865000,58681206.98274062,0
2018-01-08 16:00:00,14297.90000000,15247.33000000,14238.32000000,15196.55000000,4144.27470400,2018-01-08 19:59:59.999,61207329.86799723,32357,2242.34377900,33101520.58375233,0
2018-01-08 20:00:00,15196.56000000,15270.99000000,14392.32000000,14902.54000000,2585.19829000,2018-01-08 23:59:59.999,38235562.89994578,24993,1188.82380400,17573100.54373210,0
2018-01-09 00:00:00,14902.54000000,15500.00000000,14701.00000000,15210.00000000,2267.73093200,2018-01-09 03:59:59.999,34341074.96287452,24158,1113.74842000,16862113.86719451,0
2018-01-09 04:00:00,15186.53000000,15397.00000000,14601.00000000,15062.28000000,2094.69676400,2018-01-09 07:59:59.999,31351055.73406445,21598,1038.30096700,15533781.41901167,0
2018-01-09 08:00:00,15062.28000000,15300.00000000,14170.33000000,14726.00000000,2553.31864300,2018-01-09 11:59:59.999,37480695.95930597,28515,1158.40851200,16994327.93044478,0
2018-01-09 12:00:00,14726.00000000,14829.98000000,14011.05000000,14654.96000000,3506.53769500,2018-01-09 15:59:59.999,50635997.86944212,34921,1697.96551000,24505913.07580281,0
2018-01-09 16:00:00,14655.01000000,14998.62000000,14585.01000000,14717.82000000,1558.96114800,2018-01-09 19:59:59.999,23133245.15552390,19315,851.34107500,12631828.19882436,0
2018-01-09 20:00:00,14717.82000000,14861.56000000,14125.00000000,14400.00000000,2333.75907100,2018-01-09 23:59:59.999,33688117.77645766,28149,981.46880300,14170608.40874327,0
2018-01-10 00:00:00,14401.00000000,14480.00000000,13750.00000000,13964.05000000,2823.25517500,2018-01-10 03:59:59.999,39816242.82728480,27865,1317.97062200,18591763.22937872,0
2018-01-10 04:00:00,13980.00000000,14349.99000000,13855.00000000,13979.00000000,2736.51788700,2018-01-10 07:59:59.999,38607685.28521856,29179,1270.81363900,17922787.55525646,0
2018-01-10 08:00:00,13978.95000000,14128.30000000,13131.31000000,13919.08000000,4921.02178900,2018-01-10 11:59:59.999,67060813.17493566,38528,2388.47940000,32582761.54966323,0
2018-01-10 12:00:00,13919.09000000,14490.00000000,13500.00000000,14399.95000000,3221.04965700,2018-01-10 15:59:59.999,44789331.89496838,27542,1720.54491700,23925163.25748609,0
2018-01-10 16:00:00,14399.95000000,14735.43000000,14172.95000000,14349.98000000,2238.17271900,2018-01-10 19:59:59.999,32397512.24322729,22118,1063.82393300,15403366.07180544,0
2018-01-10 20:00:00,14349.98000000,14955.66000000,14240.00000000,14907.09000000,1470.98442800,2018-01-10 23:59:59.999,21339781.33739330,16244,767.92216400,11144298.14286355,0
2018-01-11 00:00:00,14940.00000000,14968.68000000,12613.00000000,12920.00000000,4980.40759700,2018-01-11 03:59:59.999,68256381.89783263,34703,2248.87864600,30882716.46638264,0
2018-01-11 04:00:00,12911.92000000,13631.98000000,11400.00000000,13530.42000000,12868.42584200,2018-01-11 07:59:59.999,165873941.41820416,70126,6497.33236100,84067628.59605368,0
2018-01-11 08:00:00,13530.42000000,13896.70000000,13041.00000000,13385.10000000,3680.23177100,2018-01-11 11:59:59.999,49614578.91907465,30936,1797.32816800,24219596.52955260,0
2018-01-11 12:00:00,13385.10000000,14400.00000000,13282.13000000,13958.08000000,4441.49346200,2018-01-11 15:59:59.999,61633108.38028549,39597,2197.11572600,30467229.28279464,0
2018-01-11 16:00:00,13950.05000000,14190.00000000,13205.58000000,13430.16000000,2789.52886000,2018-01-11 19:59:59.999,38399667.92412966,26281,1377.46552900,18963802.23913201,0
2018-01-11 20:00:00,13400.00000000,13655.92000000,12511.00000000,13238.78000000,4794.63621900,2018-01-11 23:59:59.999,62809916.15421131,37773,2303.89955000,30161264.26519435,0
2018-01-12 00:00:00,13238.76000000,13855.00000000,12500.00000000,13850.00000000,4171.70347900,2018-01-12 03:59:59.999,55125602.97206160,28755,2054.88702300,27160713.90325369,0
2018-01-12 04:00:00,13854.95000000,13966.63000000,13354.10000000,13722.04000000,2879.46823600,2018-01-12 07:59:59.999,39480638.07701193,26169,1297.67518300,17777838.20210999,0
2018-01-12 08:00:00,13722.04000000,14109.78000000,13301.99000000,13900.02000000,2432.97381500,2018-01-12 11:59:59.999,33439906.79670391,20334,1298.03381200,17850167.49153316,0
2018-01-12 12:00:00,13900.02000000,14059.48000000,13358.99000000,13411.79000000,2641.69364000,2018-01-12 15:59:59.999,36339502.85375477,24210,1330.73024700,18311980.63779838,0
2018-01-12 16:00:00,13411.79000000,13801.01000000,13222.00000000,13717.00000000,2835.85307700,2018-01-12 19:59:59.999,38145439.76181056,21366,1422.41174600,19133876.68436799,0
2018-01-12 20:00:00,13717.00000000,13900.00000000,13510.00000000,13740.01000000,1455.46989000,2018-01-12 23:59:59.999,19984985.81011630,13618,713.57406400,9805443.26241479,0
2018-01-13 00:00:00,13749.95000000,14250.00000000,13706.15000000,14066.00000000,2933.25073700,2018-01-13 03:59:59.999,41146996.10198468,23746,1338.34210900,18759110.09472753,0
2018-01-13 04:00:00,14065.99000000,14320.00000000,13948.41000000,14255.09000000,2020.96998500,2018-01-13 07:59:59.999,28510758.84587343,19396,859.72157300,12126374.33645685,0
2018-01-13 08:00:00,14250.00000000,14254.00000000,13974.94000000,14178.00000000,1680.67953200,2018-01-13 11:59:59.999,23746012.67269288,18655,806.34036200,11396576.88202932,0
2018-01-13 12:00:00,14166.00000000,14580.00000000,14083.55000000,14241.26000000,2567.92361200,2018-01-13 15:59:59.999,36805582.06207665,26247,1207.36876400,17314488.73421906,0
2018-01-13 16:00:00,14257.84000000,14357.00000000,13923.18000000,14089.34000000,1948.45653400,2018-01-13 19:59:59.999,27695774.66434785,21755,928.25841300,13198877.59745284,0
2018-01-13 20:00:00,14086.64000000,14348.19000000,14022.00000000,14210.00000000,1070.22812800,2018-01-13 23:59:59.999,15181364.20090855,13840,434.14718700,6162671.30150009,0
2018-01-14 00:00:00,14210.00000000,14339.50000000,14088.55000000,14162.00000000,1083.62317600,2018-01-14 03:59:59.999,15402103.29610436,12723,513.84724900,7306513.31428542,0
2018-01-14 04:00:00,14165.00000000,14200.00000000,13359.07000000,13590.00000000,2682.71794800,2018-01-14 07:59:59.999,36815507.48439377,26577,1315.04669400,18058959.71314899,0
2018-01-14 08:00:00,13590.00000000,13720.00000000,13120.00000000,13280.15000000,2964.08314900,2018-01-14 11:59:59.999,39724840.98393838,25073,1458.30315900,19545021.18762834,0
2018-01-14 12:00:00,13280.16000000,13426.45000000,12569.20000000,12869.89000000,6253.56516400,2018-01-14 15:59:59.999,81257749.94374441,46102,2987.51698900,38842096.78627095,0
2018-01-14 16:00:00,12869.82000000,13450.00000000,12690.01000000,13109.00000000,2321.42021600,2018-01-14 19:59:59.999,30448265.75736926,22822,1200.14227200,15756869.01444575,0
2018-01-14 20:00:00,13130.52000000,13600.80000000,13100.00000000,13474.99000000,1712.48467600,2018-01-14 23:59:59.999,22876837.66383092,19067,813.52654800,10872096.65681917,0
2018-01-15 00:00:00,13477.98000000,13733.52000000,13215.56000000,13368.43000000,2125.16213200,2018-01-15 03:59:59.999,28615038.98737413,22097,988.55751600,13306251.72261222,0
2018-01-15 04:00:00,13367.00000000,13736.40000000,13251.00000000,13355.00000000,1952.40023200,2018-01-15 07:59:59.999,26436379.16980067,19449,968.53379700,13121537.52079399,0
2018-01-15 08:00:00,13346.34000000,13740.27000000,13147.79000000,13644.90000000,3087.35856700,2018-01-15 11:59:59.999,41645243.51965672,27878,1743.65901200,23533634.69996833,0
2018-01-15 12:00:00,13645.00000000,14249.99000000,13520.17000000,13990.01000000,3698.87732500,2018-01-15 15:59:59.999,51777282.57493185,33669,1956.56915700,27377916.03558171,0
2018-01-15 16:00:00,13990.01000000,14100.00000000,13655.21000000,13760.00000000,1868.79994700,2018-01-15 19:59:59.999,25935187.00920121,21770,803.32961600,11154903.47635420,0
2018-01-15 20:00:00,13774.97000000,13841.75000000,13340.64000000,13539.93000000,1919.49650200,2018-01-15 23:59:59.999,26205423.27737842,20499,970.41417400,13254072.18176037,0
2018-01-16 00:00:00,13500.00000000,13542.93000000,12501.00000000,12828.99000000,7118.01662700,2018-01-16 03:59:59.999,92271559.65540608,45878,3491.77020500,45351976.48851151,0
2018-01-16 04:00:00,12829.98000000,13169.00000000,12222.00000000,12347.32000000,3386.52600800,2018-01-16 07:59:59.999,43426175.08267123,24918,1445.93818200,18564963.67469521,0
2018-01-16 08:00:00,12340.00000000,12488.00000000,10620.88000000,12127.16000000,17380.26109900,2018-01-16 11:59:59.999,202053630.96184080,105071,8545.24983600,99535442.03324390,0
2018-01-16 12:00:00,12140.00000000,12200.00000000,11000.00000000,11964.02000000,8099.86114700,2018-01-16 15:59:59.999,94363282.54845847,60067,4124.19887400,48080564.03656074,0
2018-01-16 16:00:00,11963.90000000,11988.47000000,10575.35000000,11064.52000000,8288.47255900,2018-01-16 19:59:59.999,92490836.80702419,61725,4054.58368500,45264069.52172696,0
2018-01-16 20:00:00,11082.12000000,11439.00000000,9035.00000000,10900.00000000,19128.03173500,2018-01-16 23:59:59.999,197545343.09400167,120584,8691.66093500,89980054.17900804,0
2018-01-17 00:00:00,10899.99000000,11488.88000000,9777.00000000,10415.99000000,12871.83496600,2018-01-17 03:59:59.999,136885934.20771525,86774,6354.34905900,67678985.46238525,0
2018-01-17 04:00:00,10415.99000000,11111.00000000,9950.55000000,10765.01000000,8250.15464900,2018-01-17 07:59:59.999,87422585.04052628,61066,4030.11353500,42660031.79607325,0
2018-01-17 08:00:00,10777.93000000,10799.78000000,9587.99000000,9808.14000000,9702.34414900,2018-01-17 11:59:59.999,98384289.03605322,68354,4478.81576400,45441577.81300710,0
2018-01-17 12:00:00,9850.76000000,10333.01000000,9037.94000000,9227.47000000,14020.73652600,2018-01-17 15:59:59.999,133522798.75623530,92777,6655.21943300,63615695.29509210,0
2018-01-17 16:00:00,9227.46000000,10600.83000000,9150.01000000,10390.00000000,11753.76867300,2018-01-17 19:59:59.999,116208029.82326612,87419,5988.70451000,59247522.76584203,0
2018-01-17 20:00:00,10366.00000000,11680.99000000,10181.89000000,10988.79000000,15732.95768300,2018-01-17 23:59:59.999,171730543.26740973,120903,7905.59583600,86403478.29797938,0
2018-01-18 00:00:00,10972.59000000,11600.00000000,10650.00000000,10955.45000000,9452.00740600,2018-01-18 03:59:59.999,105800696.66386605,75490,4803.97505200,53820523.33460985,0
2018-01-18 04:00:00,10950.01000000,11325.06000000,10435.33000000,10472.97000000,8196.57367400,2018-01-18 07:59:59.999,88533543.36159985,65975,3994.22686900,43197536.76903303,0
2018-01-18 08:00:00,10461.71000000,11499.00000000,10440.01000000,11413.78000000,6725.66349700,2018-01-18 11:59:59.999,74365486.37524330,57106,3428.90573800,37887530.86731535,0
2018-01-18 12:00:00,11413.78000000,11878.82000000,11230.00000000,11700.00000000,8457.27940400,2018-01-18 15:59:59.999,97771051.82813143,72808,4198.72162800,48543385.14887560,0
2018-01-18 16:00:00,11696.99000000,11700.06000000,10888.00000000,11541.94000000,7545.89879600,2018-01-18 19:59:59.999,85145570.69504715,57907,3534.98535100,39894562.74833124,0
2018-01-18 20:00:00,11535.00000000,11742.95000000,10635.30000000,10961.97000000,8087.01216000,2018-01-18 23:59:59.999,89673265.13451684,63826,3853.56820700,42748266.79706180,0
2018-01-19 00:00:00,10960.00000000,11435.00000000,10360.00000000,10830.52000000,8231.73279700,2018-01-19 03:59:59.999,89451661.01000233,61750,3940.31813700,42802180.45289261,0
2018-01-19 04:00:00,10830.52000000,11333.00000000,10601.00000000,11069.72000000,5488.38227500,2018-01-19 07:59:59.999,60487786.60329641,41705,2846.55721400,31374040.07489210,0
2018-01-19 08:00:00,11060.00000000,11596.00000000,10950.00000000,11530.22000000,5898.41491200,2018-01-19 11:59:59.999,67322926.99393461,45429,2947.73014800,33649960.01927870,0
2018-01-19 12:00:00,11535.18000000,11795.00000000,11123.00000000,11400.00000000,6420.48879000,2018-01-19 15:59:59.999,74050227.72147793,52853,3183.96341200,36732251.56179379,0
2018-01-19 16:00:00,11383.16000000,11700.00000000,11003.00000000,11160.50000000,5110.59637900,2018-01-19 19:59:59.999,57852358.42489205,44985,2319.54574700,26274823.16366327,0
2018-01-19 20:00:00,11141.10000000,11487.39000000,11061.22000000,11474.98000000,2979.76026800,2018-01-19 23:59:59.999,33608538.47297587,26549,1633.30169700,18426421.61970195,0
2018-01-20 00:00:00,11474.98000000,11795.00000000,11412.45000000,11749.93000000,3661.42197000,2018-01-20 03:59:59.999,42589914.09510640,28403,1976.08298000,22991696.00930314,0
2018-01-20 04:00:00,11749.91000000,12869.00000000,11545.00000000,12660.98000000,9899.46096600,2018-01-20 07:59:59.999,122980195.47534687,74137,4817.51006800,59736511.64920217,0
2018-01-20 08:00:00,12660.98000000,12835.00000000,12300.00000000,12320.01000000,4266.52772200,2018-01-20 11:59:59.999,53678337.93762433,37823,2181.60293200,27473863.16261488,0
2018-01-20 12:00:00,12320.05000000,12700.00000000,12240.24000000,12539.05000000,3472.51867600,2018-01-20 15:59:59.999,43451311.36166178,34644,1597.25204600,19995494.12395626,0
2018-01-20 16:00:00,12539.08000000,13099.00000000,12535.00000000,12770.02000000,4922.85933100,2018-01-20 19:59:59.999,63265474.24227971,47758,2457.15834500,31568773.40176803,0
2018-01-20 20:00:00,12779.53000000,12929.97000000,12600.00000000,12799.94000000,2546.06916200,2018-01-20 23:59:59.999,32595874.66895136,28882,1359.58963400,17417319.55786279,0
2018-01-21 00:00:00,12799.80000000,12799.80000000,12201.00000000,12400.00000000,5130.62488500,2018-01-21 03:59:59.999,63941412.29607174,45058,2362.24722300,29444451.95897605,0
2018-01-21 04:00:00,12409.96000000,12410.00000000,11300.00000000,11701.14000000,9978.48941900,2018-01-21 07:59:59.999,118759813.62478884,82638,4902.15051000,58368784.18208133,0
2018-01-21 08:00:00,11721.43000000,12194.18000000,11515.00000000,12194.18000000,6688.41109200,2018-01-21 11:59:59.999,78934804.72835435,56293,3627.78624700,42824115.79732877,0
2018-01-21 12:00:00,12194.18000000,12291.35000000,11403.00000000,11412.00000000,5842.03189700,2018-01-21 15:59:59.999,69380562.98884306,54822,2757.46916400,32723838.27760696,0
2018-01-21 16:00:00,11420.99000000,11548.99000000,11024.00000000,11356.99000000,8398.56595700,2018-01-21 19:59:59.999,94505591.97703928,74057,4238.55589300,47720457.32359710,0
2018-01-21 20:00:00,11356.99000000,11542.39000000,10965.00000000,11530.00000000,5341.65017600,2018-01-21 23:59:59.999,59767045.20379512,47339,2686.55102400,30072802.44224477,0
2018-01-22 00:00:00,11530.00000000,11770.00000000,11149.00000000,11502.93000000,5103.97318800,2018-01-22 03:59:59.999,58610903.91278991,45304,2504.19482100,28752478.15208151,0
2018-01-22 04:00:00,11480.56000000,11765.00000000,11400.00000000,11743.97000000,4492.37602400,2018-01-22 07:59:59.999,52076116.70514760,40054,2204.81842500,25567626.47569057,0
2018-01-22 08:00:00,11745.00000000,11926.35000000,11231.00000000,11240.00000000,4390.40334900,2018-01-22 11:59:59.999,51229074.05794942,42891,2110.25459200,24634433.74364923,0
2018-01-22 12:00:00,11240.00000000,11380.00000000,10139.97000000,10330.00000000,14109.46010000,2018-01-22 15:59:59.999,150913337.58889962,109483,6616.47663400,70773370.89981798,0
2018-01-22 16:00:00,10330.06000000,10750.00000000,10231.00000000,10540.71000000,6780.88230000,2018-01-22 19:59:59.999,71148447.33898743,57033,3464.92207100,36370306.71562491,0
2018-01-22 20:00:00,10507.01000000,10849.00000000,9900.24000000,10760.05000000,8875.51183000,2018-01-22 23:59:59.999,91738634.60492306,68499,4399.90928500,45579263.13875778,0
2018-01-23 00:00:00,10760.05000000,10998.00000000,10502.00000000,10835.00000000,5031.53546700,2018-01-23 03:59:59.999,54136162.11032265,45937,2527.62547500,27201360.87185333,0
2018-01-23 04:00:00,10830.82000000,10941.54000000,10108.40000000,10250.00000000,6406.77206900,2018-01-23 07:59:59.999,66704053.79266952,55461,3063.59959700,31928628.54260568,0
2018-01-23 08:00:00,10250.85000000,10645.06000000,9905.00000000,10143.10000000,5818.29343600,2018-01-23 11:59:59.999,59811665.62576726,54610,2853.50971700,29411765.30248589,0
2018-01-23 12:00:00,10143.01000000,10770.54000000,9987.02000000,10750.00000000,6732.22240100,2018-01-23 15:59:59.999,69655055.33343628,60175,3705.04097600,38386455.85536937,0
2018-01-23 16:00:00,10750.00000000,11399.00000000,10740.00000000,10952.98000000,8641.76616500,2018-01-23 19:59:59.999,96060756.15900049,89849,4331.13877800,48124177.54082010,0
2018-01-23 20:00:00,10952.96000000,11199.00000000,10678.00000000,10799.18000000,4843.33301400,2018-01-23 23:59:59.999,53051720.21178453,49254,2266.87928500,24847131.16016535,0
2018-01-24 00:00:00,10799.14000000,10894.08000000,10503.00000000,10820.32000000,4205.30133600,2018-01-24 03:59:59.999,44902596.00961425,43769,1982.92384700,21179399.63624551,0
2018-01-24 04:00:00,10820.32000000,11100.10000000,10500.00000000,10956.00000000,4565.20753800,2018-01-24 07:59:59.999,49201157.64405911,47186,2291.68718000,24707840.04315925,0
2018-01-24 08:00:00,10955.99000000,11234.00000000,10729.00000000,11111.00000000,4105.79521700,2018-01-24 11:59:59.999,45192242.27763714,43288,1863.50604700,20518105.22821760,0
2018-01-24 12:00:00,11111.00000000,11570.48000000,11022.00000000,11070.09000000,7581.66175800,2018-01-24 15:59:59.999,85608246.81492410,79136,3637.47990900,41065373.39110294,0
2018-01-24 16:00:00,11070.09000000,11285.99000000,10862.08000000,11235.28000000,3826.54996900,2018-01-24 19:59:59.999,42351542.65564321,44477,1865.60453300,20648393.69772446,0
2018-01-24 20:00:00,11235.28000000,11390.00000000,11057.00000000,11349.99000000,2874.07194400,2018-01-24 23:59:59.999,32214822.02832239,35573,1446.19157200,16216109.62895241,0
2018-01-25 00:00:00,11349.96000000,11794.05000000,11248.48000000,11688.50000000,4505.19830000,2018-01-25 03:59:59.999,51700470.30643532,47536,2263.08390500,25982496.32326085,0
2018-01-25 04:00:00,11691.28000000,11691.28000000,11430.00000000,11460.00000000,3712.38954700,2018-01-25 07:59:59.999,42929238.41343378,40300,1771.27153900,20485948.39994482,0
2018-01-25 08:00:00,11465.91000000,11483.98000000,11147.07000000,11215.00000000,3271.20610600,2018-01-25 11:59:59.999,37028594.87375206,36367,1548.73607700,17525931.44725978,0
2018-01-25 12:00:00,11215.00000000,11327.73000000,10959.00000000,10999.00000000,3855.51496600,2018-01-25 15:59:59.999,43013618.20758492,40442,1756.61635200,19609683.70346257,0
2018-01-25 16:00:00,10998.99000000,11303.90000000,10950.21000000,11237.57000000,3193.62358600,2018-01-25 19:59:59.999,35503242.33763724,31838,1753.12127400,19502796.51734796,0
2018-01-25 20:00:00,11230.00000000,11395.00000000,11111.00000000,11175.27000000,2302.02167800,2018-01-25 23:59:59.999,25906200.83480897,24557,1108.55777200,12477831.85605896,0
2018-01-26 00:00:00,11184.70000000,11643.00000000,11160.43000000,11507.34000000,3377.24196400,2018-01-26 03:59:59.999,38610910.49384986,33840,1898.80031000,21700203.31815107,0
2018-01-26 04:00:00,11507.36000000,11555.00000000,11010.00000000,11010.00000000,3269.70391400,2018-01-26 07:59:59.999,36879877.32625179,32378,1413.73436400,16001399.46656094,0
2018-01-26 08:00:00,11010.09000000,11034.95000000,10311.15000000,10513.97000000,11290.86184800,2018-01-26 11:59:59.999,119782369.49517718,95400,5249.52146200,55682675.64440295,0
2018-01-26 12:00:00,10510.00000000,11147.85000000,10410.00000000,11147.85000000,7721.12108700,2018-01-26 15:59:59.999,83212217.10465784,66519,3348.11009600,36028741.10767207,0
2018-01-26 16:00:00,11147.84000000,11399.00000000,10868.80000000,10933.00000000,5122.93022000,2018-01-26 19:59:59.999,57056328.60217057,57300,2328.20619600,25927328.83692813,0
2018-01-26 20:00:00,10932.99000000,11168.00000000,10800.93000000,11089.00000000,2275.01292700,2018-01-26 23:59:59.999,24940767.15164702,29283,1092.41712500,11988604.01958728,0
2018-01-27 00:00:00,11089.00000000,11251.00000000,10842.69000000,10985.00000000,2809.37041500,2018-01-27 03:59:59.999,31062345.44091806,30724,1249.29697500,13812756.03865259,0
2018-01-27 04:00:00,10985.00000000,11400.00000000,10963.00000000,11243.68000000,3227.16466900,2018-01-27 07:59:59.999,36220181.16636160,33428,1568.24232700,17612615.92490712,0
2018-01-27 08:00:00,11243.68000000,11349.00000000,10900.00000000,11020.00000000,3153.96421500,2018-01-27 11:59:59.999,35181176.60902911,34567,1397.82944900,15607455.55506439,0
2018-01-27 12:00:00,11018.00000000,11495.00000000,10968.18000000,11464.97000000,3418.74189000,2018-01-27 15:59:59.999,38280470.83812683,35988,1855.92054200,20812583.48407303,0
2018-01-27 16:00:00,11452.62000000,11625.00000000,11360.00000000,11505.17000000,3423.99778100,2018-01-27 19:59:59.999,39301716.50758317,41807,1881.63979000,21597819.32430019,0
2018-01-27 20:00:00,11505.10000000,11650.00000000,11400.00000000,11491.00000000,2827.52937500,2018-01-27 23:59:59.999,32617308.97146349,30964,1256.00888000,14492661.46916571,0
2018-01-28 00:00:00,11499.98000000,11620.00000000,11408.00000000,11592.93000000,2108.36326000,2018-01-28 03:59:59.999,24305895.55134687,27107,969.13004600,11180571.34722060,0
2018-01-28 04:00:00,11592.93000000,12244.00000000,11581.85000000,11969.00000000,5107.71654800,2018-01-28 07:59:59.999,61051164.58772001,55220,2331.66174900,27829907.12601303,0
2018-01-28 08:00:00,11969.00000000,12067.99000000,11818.00000000,12012.62000000,2844.87136600,2018-01-28 11:59:59.999,33959050.26954919,35348,1147.89822800,13705370.84904022,0
2018-01-28 12:00:00,12001.94000000,12079.90000000,11652.00000000,11791.12000000,3154.96615300,2018-01-28 15:59:59.999,37312751.01935970,39835,1305.71308300,15438379.24381107,0
2018-01-28 16:00:00,11793.00000000,11925.00000000,11750.00000000,11870.00000000,1837.88938300,2018-01-28 19:59:59.999,21723130.25555678,22076,841.73808100,9955037.98035826,0
2018-01-28 20:00:00,11870.00000000,11999.98000000,11804.80000000,11879.95000000,1833.53281400,2018-01-28 23:59:59.999,21859591.25992151,26661,746.64581000,8901747.28560432,0
2018-01-29 00:00:00,11879.95000000,11975.02000000,11433.00000000,11598.98000000,3934.33932400,2018-01-29 03:59:59.999,45697246.88376510,40860,1588.13735700,18441550.00855016,0
2018-01-29 04:00:00,11598.98000000,11739.08000000,11273.00000000,11318.01000000,2856.96099800,2018-01-29 07:59:59.999,32807306.18900881,32898,1265.19035000,14528705.04110683,0
2018-01-29 08:00:00,11320.00000000,11528.00000000,11139.55000000,11279.99000000,2467.45903400,2018-01-29 11:59:59.999,27994742.63131030,30397,1044.78401800,11854234.03495350,0
2018-01-29 12:00:00,11272.01000000,11445.00000000,11202.82000000,11383.91000000,1923.31356200,2018-01-29 15:59:59.999,21774463.08536081,25293,747.69595600,8462516.73877013,0
2018-01-29 16:00:00,11383.91000000,11499.00000000,11270.01000000,11283.81000000,1578.50684000,2018-01-29 19:59:59.999,17962759.71112832,20363,740.81845900,8433156.34502182,0
2018-01-29 20:00:00,11280.83000000,11410.00000000,11150.00000000,11251.00000000,1409.79778000,2018-01-29 23:59:59.999,15873636.37823042,19388,629.87073100,7099810.35468507,0
2018-01-30 00:00:00,11250.11000000,11308.42000000,10850.00000000,10995.06000000,2809.95843100,2018-01-30 03:59:59.999,31007347.33930960,32536,1154.17534100,12741698.15692581,0
2018-01-30 04:00:00,10993.07000000,11138.43000000,10929.06000000,11118.99000000,1711.54317000,2018-01-30 07:59:59.999,18921672.25285243,22001,835.08465600,9230291.75242705,0
2018-01-30 08:00:00,11119.00000000,11210.57000000,10900.00000000,11047.34000000,1938.46676000,2018-01-30 11:59:59.999,21381045.19708054,22845,860.25257400,9492828.03318517,0
2018-01-30 12:00:00,11050.34000000,11096.00000000,10206.25000000,10323.02000000,6059.05097400,2018-01-30 15:59:59.999,64071546.43640432,54317,2696.46520400,28463635.00819759,0
2018-01-30 16:00:00,10323.25000000,10600.00000000,9900.00000000,10399.99000000,8297.44726500,2018-01-30 19:59:59.999,84660617.57586648,78177,3823.88341600,39085497.36375275,0
2018-01-30 20:00:00,10380.00000000,10565.84000000,10095.31000000,10237.51000000,4737.90634600,2018-01-30 23:59:59.999,48936100.70710191,49336,2018.23522800,20850338.75654251,0
2018-01-31 00:00:00,10230.00000000,10278.00000000,9700.00000000,10060.00000000,6311.05178600,2018-01-31 03:59:59.999,63008711.34655351,62524,2953.68780000,29493582.56154390,0
2018-01-31 04:00:00,10069.96000000,10347.52000000,9810.00000000,10280.00000000,3055.03373300,2018-01-31 07:59:59.999,30830144.99302447,38878,1513.48984400,15284051.46016865,0
2018-01-31 08:00:00,10280.00000000,10363.00000000,10060.00000000,10290.05000000,2726.34207400,2018-01-31 11:59:59.999,27880728.19448024,29591,1454.74857600,14880898.45092584,0
2018-01-31 12:00:00,10294.97000000,10425.85000000,9900.00000000,10017.47000000,2775.91321900,2018-01-31 15:59:59.999,28163905.65098735,30647,1270.93758100,12902721.92528642,0
2018-01-31 16:00:00,10017.51000000,10190.00000000,9860.00000000,10114.27000000,1885.80898700,2018-01-31 19:59:59.999,18933916.62729271,24405,954.03487900,9582005.27695227,0
2018-01-31 20:00:00,10114.36000000,10298.00000000,10090.00000000,10285.10000000,1261.80700600,2018-01-31 23:59:59.999,12826800.30082434,15377,635.68576200,6466012.96741085,0
2018-02-01 00:00:00,10285.10000000,10335.00000000,9959.04000000,10069.80000000,2404.80488600,2018-02-01 03:59:59.999,24575498.40711174,28470,1013.48935900,10354810.52473214,0
2018-02-01 04:00:00,10069.77000000,10275.47000000,10000.01000000,10063.75000000,1881.37969500,2018-02-01 07:59:59.999,19103285.52859697,23908,1009.02872000,10248868.27740825,0
2018-02-01 08:00:00,10063.75000000,10078.10000000,9500.00000000,9591.44000000,7404.79668100,2018-02-01 11:59:59.999,71916487.20080337,59520,3264.32662400,31716776.74874467,0
2018-02-01 12:00:00,9591.45000000,9665.58000000,9224.00000000,9339.87000000,6612.65463900,2018-02-01 15:59:59.999,62185130.57945631,59969,3010.52875900,28329607.03415374,0
2018-02-01 16:00:00,9326.23000000,9340.00000000,8900.00000000,8941.94000000,7404.96508900,2018-02-01 19:59:59.999,67400332.01802550,70693,3337.37726200,30402073.53722979,0
2018-02-01 20:00:00,8937.86000000,9560.01000000,8750.99000000,9224.52000000,7856.16332100,2018-02-01 23:59:59.999,72455612.25037721,73460,3795.25312500,35078589.74820619,0
2018-02-02 00:00:00,9224.52000000,9250.00000000,8734.00000000,8883.11000000,6149.74227000,2018-02-02 03:59:59.999,54858649.50255535,60439,2741.00012600,24451305.05234920,0
2018-02-02 04:00:00,8878.59000000,8925.00000000,8505.00000000,8673.11000000,6496.55004400,2018-02-02 07:59:59.999,56675046.52320045,58055,2739.69530200,23922311.99270867,0
2018-02-02 08:00:00,8673.11000000,8691.09000000,8250.92000000,8299.75000000,7575.51032300,2018-02-02 11:59:59.999,63867374.60174976,65102,3174.76324800,26798417.85281850,0
2018-02-02 12:00:00,8299.75000000,9120.00000000,8010.02000000,9070.00000000,17952.79337400,2018-02-02 15:59:59.999,154755836.28463734,139725,8647.58434400,74827174.57998673,0
2018-02-02 16:00:00,9070.00000000,9247.79000000,8501.00000000,8699.72000000,8118.46305300,2018-02-02 19:59:59.999,71861121.70708201,81964,4001.48295500,35441502.48247107,0
2018-02-02 20:00:00,8700.00000000,8967.45000000,8556.93000000,8873.03000000,3678.56791100,2018-02-02 23:59:59.999,32218455.08526248,48126,1808.97760900,15852037.55476498,0
2018-02-03 00:00:00,8873.03000000,8920.00000000,8233.00000000,8344.81000000,5058.52904300,2018-02-03 03:59:59.999,43141201.00808101,59440,2132.47186200,18191773.40010981,0
2018-02-03 04:00:00,8344.88000000,8788.00000000,8229.00000000,8708.82000000,4158.33019800,2018-02-03 07:59:59.999,35445953.46630595,52729,2096.76138600,17917331.72977796,0
2018-02-03 08:00:00,8708.82000000,9123.00000000,8579.00000000,9099.87000000,5096.72411400,2018-02-03 11:59:59.999,45279225.58002914,54862,2770.64833100,24643157.01183891,0
2018-02-03 12:00:00,9099.87000000,9459.60000000,8969.00000000,9173.00000000,7066.94034000,2018-02-03 15:59:59.999,65220064.59147570,71482,3725.95525200,34398965.13966731,0
2018-02-03 16:00:00,9173.01000000,9401.00000000,9055.00000000,9339.43000000,4005.86702000,2018-02-03 19:59:59.999,37028104.02685062,47785,1910.95726100,17678721.85578241,0
2018-02-03 20:00:00,9350.00000000,9473.01000000,9022.00000000,9199.96000000,3338.61002000,2018-02-03 23:59:59.999,30720180.38716848,41221,1546.04405400,14238695.35887254,0
2018-02-04 00:00:00,9199.96000000,9250.00000000,8901.01000000,9219.18000000,2810.29891000,2018-02-04 03:59:59.999,25530873.46386455,36301,1312.48846700,11925038.30476671,0
2018-02-04 04:00:00,9219.19000000,9368.00000000,9075.01000000,9200.00000000,2431.08039600,2018-02-04 07:59:59.999,22440446.39943255,32062,1145.18034000,10578990.51564477,0
2018-02-04 08:00:00,9200.00000000,9216.00000000,8687.45000000,8691.99000000,5322.60006300,2018-02-04 11:59:59.999,47314068.26147790,57493,2151.39619900,19114530.84317635,0
2018-02-04 12:00:00,8691.99000000,8894.12000000,8357.93000000,8419.96000000,7359.31838500,2018-02-04 15:59:59.999,63328607.70923217,76079,3296.05632100,28411046.52369649,0
2018-02-04 16:00:00,8419.96000000,8585.00000000,8180.00000000,8264.20000000,5737.00802500,2018-02-04 19:59:59.999,48087307.09332892,65170,2514.96590000,21117346.20253262,0
2018-02-04 20:00:00,8264.19000000,8474.00000000,7930.00000000,8184.81000000,8354.00267000,2018-02-04 23:59:59.999,68210985.49398589,89029,3385.20856300,27737600.81954540,0
2018-02-05 00:00:00,8179.99000000,8342.05000000,7910.00000000,8137.23000000,6227.66747400,2018-02-05 03:59:59.999,50533273.39559983,59920,2696.82849000,21905303.67474750,0
2018-02-05 04:00:00,8148.83000000,8382.80000000,7915.01000000,7965.01000000,4611.51149000,2018-02-05 07:59:59.999,37524656.77262862,51170,2128.71601500,17357810.46939233,0
2018-02-05 08:00:00,7965.01000000,8049.99000000,7510.00000000,7578.00000000,8595.76896300,2018-02-05 11:59:59.999,66911038.12457046,75264,4150.89975800,32349156.95572254,0
2018-02-05 12:00:00,7572.32000000,7788.87000000,7167.00000000,7384.85000000,12353.96073400,2018-02-05 15:59:59.999,92227523.25573648,97331,6046.85520800,45164781.64288737,0
2018-02-05 16:00:00,7375.49000000,7536.41000000,6625.00000000,6698.33000000,13593.16620900,2018-02-05 19:59:59.999,95894630.31590380,109286,6167.72614300,43599733.79357744,0
2018-02-05 20:00:00,6680.76000000,7543.99000000,6625.00000000,6939.99000000,18021.10770900,2018-02-05 23:59:59.999,128075096.84900806,140539,8666.33277600,61645614.48059639,0
2018-02-06 00:00:00,6939.63000000,7150.00000000,6155.00000000,6327.05000000,14648.96660200,2018-02-06 03:59:59.999,96100114.78669444,109497,6908.81365800,45285601.60002738,0
2018-02-06 04:00:00,6317.80000000,6655.00000000,6000.01000000,6043.00000000,18582.33537100,2018-02-06 07:59:59.999,116447918.81288698,139735,8816.66217800,55375109.61442894,0
2018-02-06 08:00:00,6040.98000000,6960.00000000,6019.24000000,6559.00000000,17286.57257400,2018-02-06 11:59:59.999,112101389.77858239,133217,8905.74181600,57685234.61792499,0
2018-02-06 12:00:00,6559.00000000,7462.00000000,6435.99000000,7290.61000000,21152.74039900,2018-02-06 15:59:59.999,148604721.31250232,159131,10563.41392700,74231917.64787760,0
2018-02-06 16:00:00,7299.99000000,7623.83000000,6781.00000000,7544.93000000,14178.22399600,2018-02-06 19:59:59.999,101302646.74167327,122280,6960.89424400,49824082.16720733,0
2018-02-06 20:00:00,7543.18000000,7878.00000000,7425.67000000,7652.14000000,14352.66136500,2018-02-06 23:59:59.999,109807484.93432948,122136,7409.49497100,56715687.76138868,0
2018-02-07 00:00:00,7655.02000000,7770.00000000,7155.00000000,7200.00000000,10107.70538400,2018-02-07 03:59:59.999,75385862.58311057,83404,4621.07860600,34519604.48948384,0
2018-02-07 04:00:00,7200.00000000,7734.52000000,7150.01000000,7669.97000000,7528.66848000,2018-02-07 07:59:59.999,55846524.49661372,67352,3855.31142600,28624674.24533324,0
2018-02-07 08:00:00,7669.97000000,8274.00000000,7580.60000000,8151.53000000,12798.24604200,2018-02-07 11:59:59.999,102001698.73206347,106852,7065.08745500,56382145.18883559,0
2018-02-07 12:00:00,8138.05000000,8476.00000000,8036.00000000,8169.00000000,11365.76843600,2018-02-07 15:59:59.999,93597780.80915657,98569,5838.00238000,48124805.11720527,0
2018-02-07 16:00:00,8165.00000000,8399.00000000,7867.00000000,8130.81000000,8745.31619300,2018-02-07 19:59:59.999,70961959.07091990,82063,4477.62332700,36302647.37403005,0
2018-02-07 20:00:00,8130.81000000,8259.12000000,7531.11000000,7599.00000000,10232.75596200,2018-02-07 23:59:59.999,80141213.11991269,76653,4227.73307200,33184097.03825094,0
2018-02-08 00:00:00,7599.00000000,7844.00000000,7572.09000000,7784.02000000,1521.53731800,2018-02-08 00:28:14.788,11770168.04386595,12417,844.25881300,6532638.63751892,0
2018-02-09 08:00:00,7789.90000000,8395.00000000,7789.90000000,8280.11000000,3483.80523900,2018-02-09 11:59:59.999,28855369.39180809,29747,1605.74520700,13286895.10570103,0
2018-02-09 12:00:00,8288.03000000,8540.00000000,8201.95000000,8333.91000000,6043.02653000,2018-02-09 15:59:59.999,50568445.19153113,66291,2990.73421000,25041880.06221645,0
2018-02-09 16:00:00,8333.98000000,8738.00000000,8312.00000000,8633.15000000,5944.07243900,2018-02-09 19:59:59.999,50934854.45786678,90769,3248.31258300,27828262.45768669,0
2018-02-09 20:00:00,8638.05000000,8720.04000000,8403.00000000,8683.92000000,5012.00661700,2018-02-09 23:59:59.999,42989800.77067292,86284,2559.24879200,21960524.49536087,0
2018-02-10 00:00:00,8683.93000000,8997.00000000,8601.00000000,8905.84000000,7993.50275500,2018-02-10 03:59:59.999,70767239.09701747,89702,4366.43286200,38662938.67366410,0
2018-02-10 04:00:00,8905.84000000,9065.78000000,8760.00000000,8915.15000000,5592.52399500,2018-02-10 07:59:59.999,49769613.16653261,67724,2827.12796000,25154333.48458018,0
2018-02-10 08:00:00,8915.15000000,8920.17000000,8470.00000000,8635.99000000,9309.60836100,2018-02-10 11:59:59.999,80483438.93022342,98728,4308.50666700,37247851.68146813,0
2018-02-10 12:00:00,8626.12000000,8800.00000000,8231.00000000,8263.51000000,9669.49626400,2018-02-10 15:59:59.999,82411240.20665860,96465,4552.93412700,38813496.26673373,0
2018-02-10 16:00:00,8271.00000000,8448.00000000,8120.00000000,8419.00000000,8887.71290500,2018-02-10 19:59:59.999,73766622.22814729,97532,4513.17355000,37460139.32721046,0
2018-02-10 20:00:00,8420.00000000,8572.00000000,8125.00000000,8533.98000000,7928.66837300,2018-02-10 23:59:59.999,66213268.30240064,87427,3938.54812800,32914974.94699793,0
2018-02-11 00:00:00,8533.99000000,8549.00000000,7956.00000000,7969.05000000,8046.32618400,2018-02-11 03:59:59.999,65937934.92074385,92947,3729.08347400,30572232.14501882,0
2018-02-11 04:00:00,7976.73000000,8169.13000000,7800.00000000,7850.72000000,7751.61796700,2018-02-11 07:59:59.999,61793265.39135813,82288,4232.63170600,33726664.50716742,0
2018-02-11 08:00:00,7851.20000000,8190.00000000,7726.53000000,8140.00000000,8613.79197400,2018-02-11 11:59:59.999,68540142.85910449,94152,4685.24823600,37291921.12108125,0
2018-02-11 12:00:00,8139.99000000,8449.90000000,8110.00000000,8449.86000000,8650.39564500,2018-02-11 15:59:59.999,71847854.74977731,99939,4610.95665800,38279406.23097500,0
2018-02-11 16:00:00,8445.06000000,8500.85000000,8151.20000000,8285.00000000,6996.10726400,2018-02-11 19:59:59.999,58086861.64331321,92599,3599.95776600,29907878.20299943,0
2018-02-11 20:00:00,8285.00000000,8342.21000000,8015.00000000,8063.88000000,4966.94891800,2018-02-11 23:59:59.999,40760377.68559152,62701,2322.46408000,19071812.14271644,0
2018-02-12 00:00:00,8063.82000000,8570.00000000,8053.00000000,8479.99000000,8080.33329800,2018-02-12 03:59:59.999,67458475.86609046,90498,4300.29037800,35913850.83378722,0
2018-02-12 04:00:00,8479.00000000,8550.00000000,8337.00000000,8473.76000000,4804.24541900,2018-02-12 07:59:59.999,40621231.00307502,68333,2241.62445600,18954507.24604020,0
2018-02-12 08:00:00,8470.01000000,8840.82000000,8457.03000000,8640.01000000,9193.85050600,2018-02-12 11:59:59.999,80208295.23849900,103187,4593.51784100,40038588.57809736,0
2018-02-12 12:00:00,8640.01000000,8774.90000000,8502.00000000,8670.00000000,6716.41367700,2018-02-12 15:59:59.999,58021364.37248708,73575,3162.18649900,27327284.49062071,0
2018-02-12 16:00:00,8669.99000000,8799.42000000,8620.00000000,8792.76000000,5349.24743400,2018-02-12 19:59:59.999,46577159.45461048,65251,2719.70290800,23691786.81101233,0
2018-02-12 20:00:00,8793.00000000,8989.00000000,8700.00000000,8903.00000000,7843.76015600,2018-02-12 23:59:59.999,69554301.05961485,76816,3899.62766000,34602439.59502683,0
2018-02-13 00:00:00,8903.00000000,8950.00000000,8640.33000000,8760.59000000,6814.37080400,2018-02-13 03:59:59.999,59807142.95394632,73545,3270.46425800,28709906.26164980,0
2018-02-13 04:00:00,8763.20000000,8786.30000000,8554.87000000,8669.39000000,5427.88974100,2018-02-13 07:59:59.999,46988089.71107668,61831,2410.60758800,20869222.60631082,0
2018-02-13 08:00:00,8656.26000000,8669.42000000,8351.00000000,8531.47000000,8785.09271600,2018-02-13 11:59:59.999,74511184.91505460,87815,4006.72998500,33968781.30252462,0
2018-02-13 12:00:00,8525.08000000,8680.00000000,8450.00000000,8489.91000000,5800.85879000,2018-02-13 15:59:59.999,49708128.55509574,66276,2764.42085000,23687909.39157801,0
2018-02-13 16:00:00,8486.05000000,8647.03000000,8486.05000000,8616.04000000,3677.96216500,2018-02-13 19:59:59.999,31548145.91225409,53030,1828.86507900,15689347.20562277,0
2018-02-13 20:00:00,8616.11000000,8725.00000000,8461.00000000,8539.90000000,4948.79874000,2018-02-13 23:59:59.999,42602451.64949594,59396,2277.36792000,19605820.67161626,0
2018-02-14 00:00:00,8535.17000000,8724.00000000,8533.00000000,8709.00000000,4445.53637700,2018-02-14 03:59:59.999,38487642.10143867,63134,2294.02232400,19870068.72919870,0
2018-02-14 04:00:00,8709.00000000,8888.85000000,8705.01000000,8870.17000000,5376.39899600,2018-02-14 07:59:59.999,47369678.70616664,75124,2811.94694700,24770092.61579507,0
2018-02-14 08:00:00,8870.17000000,8930.65000000,8757.50000000,8927.00000000,5163.13491000,2018-02-14 11:59:59.999,45556109.47252651,78803,2638.57040600,23291875.01213239,0
2018-02-14 12:00:00,8929.96000000,9350.00000000,8924.87000000,9330.08000000,13307.60390800,2018-02-14 15:59:59.999,122161977.01234395,148931,6677.71612300,61267451.59680263,0
2018-02-14 16:00:00,9329.22000000,9400.00000000,9170.00000000,9239.36000000,7252.57877800,2018-02-14 19:59:59.999,67299722.38831942,93055,3368.54963400,31268458.65614470,0
2018-02-14 20:00:00,9232.04000000,9489.60000000,9190.00000000,9449.99000000,5266.69989800,2018-02-14 23:59:59.999,49251563.04743783,55850,2717.65801000,25428438.41583703,0
2018-02-15 00:00:00,9449.98000000,9710.00000000,9301.50000000,9636.58000000,8082.55807900,2018-02-15 03:59:59.999,76873010.21026175,103167,4032.53559600,38347408.86797296,0
2018-02-15 04:00:00,9643.00000000,9817.20000000,9620.00000000,9810.01000000,6689.08478900,2018-02-15 07:59:59.999,64873263.90638682,91275,3287.43521800,31888239.27682524,0
2018-02-15 08:00:00,9810.01000000,9925.17000000,9371.56000000,9566.56000000,12804.39925300,2018-02-15 11:59:59.999,123609764.24735142,136581,6170.47537600,59607040.13358687,0
2018-02-15 12:00:00,9560.01000000,9856.61000000,9560.01000000,9811.01000000,6549.37796800,2018-02-15 15:59:59.999,63662868.38854892,84755,3289.47240800,31986352.66773494,0
2018-02-15 16:00:00,9811.01000000,10219.50000000,9742.01000000,10110.75000000,10823.63098400,2018-02-15 19:59:59.999,108437763.59410544,115606,5595.93096300,56050787.37705362,0
2018-02-15 20:00:00,10114.10000000,10167.50000000,9832.95000000,10000.09000000,7478.54564200,2018-02-15 23:59:59.999,74931814.38512851,76965,3429.24933100,34375439.56039487,0
2018-02-16 00:00:00,10000.89000000,10323.37000000,9980.00000000,10104.70000000,6414.81933400,2018-02-16 03:59:59.999,65243106.49260905,71103,3186.91194000,32425888.65165784,0
2018-02-16 04:00:00,10108.00000000,10141.50000000,9679.16000000,9688.50000000,8406.25483300,2018-02-16 07:59:59.999,83528952.95706812,90812,3872.61471200,38480999.70066143,0
2018-02-16 08:00:00,9688.50000000,9973.86000000,9666.00000000,9799.43000000,6739.05492100,2018-02-16 11:59:59.999,66152263.39584062,63662,3279.66873400,32191983.11402597,0
2018-02-16 12:00:00,9796.01000000,10132.00000000,9740.00000000,10039.98000000,6504.21431100,2018-02-16 15:59:59.999,64726985.94593852,67563,3010.23324900,29956345.39868609,0
2018-02-16 16:00:00,10035.05000000,10150.00000000,9865.00000000,10030.66000000,5669.16777700,2018-02-16 19:59:59.999,56749820.16212838,61239,2586.98792900,25894385.57416655,0
2018-02-16 20:00:00,10030.65000000,10213.30000000,9927.93000000,10159.98000000,4427.69479800,2018-02-16 23:59:59.999,44702170.27030014,50931,2376.58790200,23997531.44948455,0
2018-02-17 00:00:00,10156.07000000,10489.66000000,10050.00000000,10459.04000000,7305.96289100,2018-02-17 03:59:59.999,75192698.62825777,73697,3851.10641800,39646768.62867817,0
2018-02-17 04:00:00,10459.04000000,10760.00000000,10418.01000000,10727.91000000,7959.29771700,2018-02-17 07:59:59.999,84376128.45328848,70964,3982.50246800,42210693.82295988,0
2018-02-17 08:00:00,10727.87000000,10877.91000000,10580.00000000,10683.00000000,8235.00471300,2018-02-17 11:59:59.999,88379277.33082873,81832,3920.49632800,42079610.78886566,0
2018-02-17 12:00:00,10683.00000000,10869.00000000,10499.86000000,10731.48000000,7095.96057100,2018-02-17 15:59:59.999,75861210.37422477,73210,3316.11389700,35454513.88495528,0
2018-02-17 16:00:00,10731.48000000,10835.00000000,10674.00000000,10722.99000000,5013.95626900,2018-02-17 19:59:59.999,53904563.91867284,52968,2599.20206500,27951437.59746021,0
2018-02-17 20:00:00,10720.00000000,11075.07000000,10675.10000000,11039.55000000,6271.92624600,2018-02-17 23:59:59.999,68298817.46399466,60914,3478.20361300,37886241.00271634,0
2018-02-18 00:00:00,11039.55000000,11274.00000000,10751.50000000,10800.00000000,9106.72079200,2018-02-18 03:59:59.999,100697056.58322809,84971,4461.54847000,49334799.62707524,0
2018-02-18 04:00:00,10808.99000000,10940.00000000,10323.00000000,10589.76000000,14082.96829100,2018-02-18 07:59:59.999,148908988.25956369,115739,6535.66832700,69114562.48276340,0
2018-02-18 08:00:00,10593.62000000,10599.93000000,10080.00000000,10550.00000000,13349.98388900,2018-02-18 11:59:59.999,138367734.57475781,106841,6290.51567500,65247830.48738496,0
2018-02-18 12:00:00,10550.00000000,10850.00000000,10350.00000000,10633.73000000,9858.36000600,2018-02-18 15:59:59.999,104855237.18687517,89637,4976.74658100,52918208.70211994,0
2018-02-18 16:00:00,10620.01000000,10874.99000000,10411.71000000,10831.26000000,8047.71673800,2018-02-18 19:59:59.999,85640751.86230707,77147,4183.24326600,44533143.34904788,0
2018-02-18 20:00:00,10835.62000000,10837.10000000,10331.00000000,10383.43000000,6691.63101200,2018-02-18 23:59:59.999,70953542.84329094,63199,3146.14145500,33363364.84093974,0
2018-02-19 00:00:00,10375.01000000,10639.00000000,10270.33000000,10499.00000000,6375.82646500,2018-02-19 03:59:59.999,66848578.77964753,59609,3216.91168200,33736231.93463988,0
2018-02-19 04:00:00,10498.86000000,10843.00000000,10334.00000000,10815.62000000,5879.53683500,2018-02-19 07:59:59.999,62293726.17574566,57393,2935.26009500,31115528.46164313,0
2018-02-19 08:00:00,10815.61000000,11031.31000000,10672.01000000,10918.84000000,8631.62452800,2018-02-19 11:59:59.999,93883419.92886991,71327,4332.10233200,47144348.38434367,0
2018-02-19 12:00:00,10918.84000000,11219.00000000,10855.00000000,11171.71000000,6801.51911100,2018-02-19 15:59:59.999,74899964.29881092,61389,3695.78583200,40716292.65575754,0
2018-02-19 16:00:00,11171.71000000,11250.00000000,10881.00000000,11126.06000000,7744.96202700,2018-02-19 19:59:59.999,85821065.62885958,67786,3763.19192300,41711579.62525567,0
2018-02-19 20:00:00,11126.17000000,11212.00000000,11005.00000000,11153.00000000,5397.94816500,2018-02-19 23:59:59.999,60019807.87113247,49378,2676.62526500,29769704.37631284,0
2018-02-20 00:00:00,11147.11000000,11516.51000000,11141.00000000,11424.10000000,9097.96099000,2018-02-20 03:59:59.999,103737019.88833504,69490,4721.46901400,53817653.07774087,0
2018-02-20 04:00:00,11424.10000000,11650.00000000,11379.99000000,11535.00000000,6119.69032600,2018-02-20 07:59:59.999,70407873.06093531,57566,3247.89095200,37376756.11681406,0
2018-02-20 08:00:00,11530.92000000,11585.00000000,11156.00000000,11400.00000000,8485.45597100,2018-02-20 11:59:59.999,96297247.00940853,74657,4037.98665700,45818894.21281458,0
2018-02-20 12:00:00,11408.88000000,11595.00000000,11378.00000000,11516.99000000,5071.93007700,2018-02-20 15:59:59.999,58260054.55578612,52168,2574.14252200,29577116.14442431,0
2018-02-20 16:00:00,11517.00000000,11748.01000000,11494.29000000,11668.00000000,7241.33963200,2018-02-20 19:59:59.999,84292005.62932771,73595,3872.36988400,45075110.87589998,0
2018-02-20 20:00:00,11668.00000000,11786.01000000,11100.59000000,11200.99000000,12136.97729200,2018-02-20 23:59:59.999,138579032.09916610,104721,5757.63278100,65815371.58642543,0
2018-02-21 00:00:00,11195.07000000,11304.03000000,10811.70000000,10915.34000000,15536.14564000,2018-02-21 03:59:59.999,171448241.20989475,124712,7445.67240700,82187750.26004716,0
2018-02-21 04:00:00,10919.00000000,11140.00000000,10620.00000000,11125.00000000,10734.18220600,2018-02-21 07:59:59.999,116588493.87309509,88763,5211.58079600,56613335.62067395,0
2018-02-21 08:00:00,11128.00000000,11185.19000000,10850.00000000,10948.00000000,6891.12062000,2018-02-21 11:59:59.999,75816443.03989457,62862,3247.44536500,35733026.35115261,0
2018-02-21 12:00:00,10948.02000000,11109.00000000,10407.09000000,10540.31000000,13297.64693800,2018-02-21 15:59:59.999,141974245.51874543,96444,6105.68601900,65204965.61569442,0
2018-02-21 16:00:00,10542.64000000,10675.51000000,10312.12000000,10385.50000000,11935.41760400,2018-02-21 19:59:59.999,125049683.21158444,91095,5771.95895900,60496745.74068516,0
2018-02-21 20:00:00,10385.50000000,10562.00000000,10200.00000000,10437.60000000,9719.30574600,2018-02-21 23:59:59.999,100660023.63897178,78464,4555.73045600,47200741.07829074,0
2018-02-22 00:00:00,10439.02000000,10799.00000000,10296.00000000,10711.84000000,8119.95712900,2018-02-22 03:59:59.999,86133029.44053874,64372,4180.85035600,44379830.60612881,0
2018-02-22 04:00:00,10711.84000000,10933.44000000,10520.00000000,10600.00000000,7929.57954000,2018-02-22 07:59:59.999,85225242.36370796,67629,3978.34238800,42758894.34104502,0
2018-02-22 08:00:00,10606.99000000,10670.00000000,10076.00000000,10259.87000000,12298.25206400,2018-02-22 11:59:59.999,126736539.84793199,89452,5745.48349500,59224856.69858792,0
2018-02-22 12:00:00,10260.00000000,10318.00000000,9711.00000000,9980.98000000,20953.44133500,2018-02-22 15:59:59.999,208052729.16161359,135930,10237.62754000,101648832.41885040,0
2018-02-22 16:00:00,9972.12000000,10048.33000000,9679.00000000,10027.70000000,10725.33081900,2018-02-22 19:59:59.999,106003958.36412669,86867,5376.05788500,53166441.17614286,0
2018-02-22 20:00:00,10027.71000000,10127.00000000,9789.00000000,9811.04000000,7033.60559600,2018-02-22 23:59:59.999,69854874.69166899,62023,3510.93596000,34888586.39175148,0
2018-02-23 00:00:00,9815.55000000,9825.91000000,9570.19000000,9807.89000000,10060.30570800,2018-02-23 03:59:59.999,97419804.28361110,77135,4896.42116200,47427312.08752396,0
2018-02-23 04:00:00,9802.14000000,9989.00000000,9656.00000000,9865.66000000,9112.57718100,2018-02-23 07:59:59.999,89607646.81872450,73411,4712.44655100,46353949.09523546,0
2018-02-23 08:00:00,9865.67000000,10230.00000000,9857.34000000,10180.06000000,10914.10644600,2018-02-23 11:59:59.999,109624040.21288931,86723,5456.67823500,54807131.18542882,0
2018-02-23 12:00:00,10180.06000000,10435.00000000,10088.10000000,10292.00000000,10982.84926700,2018-02-23 15:59:59.999,112735693.25975219,82595,5263.46130500,54035627.17402429,0
2018-02-23 16:00:00,10292.00000000,10300.92000000,10004.09000000,10033.00000000,9089.17118000,2018-02-23 19:59:59.999,91984517.64908772,77128,4223.75106400,42751451.55890804,0
2018-02-23 20:00:00,10037.90000000,10230.00000000,9857.75000000,10131.04000000,7043.69258800,2018-02-23 23:59:59.999,70429051.24691169,70488,3478.25305100,34796221.97185060,0
2018-02-24 00:00:00,10131.04000000,10468.00000000,10081.41000000,10400.00000000,6591.55170800,2018-02-24 03:59:59.999,68108941.90324579,58913,3296.57237800,34056946.07719034,0
2018-02-24 04:00:00,10395.74000000,10496.97000000,9938.98000000,10119.16000000,8360.10708900,2018-02-24 07:59:59.999,85543919.49007785,59606,3851.87665800,39450437.79030261,0
2018-02-24 08:00:00,10119.13000000,10155.00000000,9669.94000000,9757.00000000,8044.81209200,2018-02-24 11:59:59.999,79656330.25351801,62158,3321.54055100,32897566.37167435,0
2018-02-24 12:00:00,9757.00000000,9839.00000000,9556.00000000,9752.07000000,7026.97427800,2018-02-24 15:59:59.999,68263495.17132671,52849,3156.83370500,30680209.32558105,0
2018-02-24 16:00:00,9751.62000000,9821.96000000,9515.00000000,9570.00000000,4626.45414200,2018-02-24 19:59:59.999,44687967.86191210,45269,2194.32351500,21201106.61900441,0
2018-02-24 20:00:00,9570.00000000,9737.00000000,9352.00000000,9694.51000000,6238.25699000,2018-02-24 23:59:59.999,59357931.96795742,59123,2825.72415400,26878617.26796473,0
2018-02-25 00:00:00,9694.51000000,9779.00000000,9487.00000000,9559.01000000,4066.78394900,2018-02-25 03:59:59.999,39187370.80236234,39700,2124.89773100,20487510.12318231,0
2018-02-25 04:00:00,9558.78000000,9847.00000000,9534.50000000,9727.30000000,4408.05799100,2018-02-25 07:59:59.999,42928882.02658658,39493,2365.89749600,23036396.99126011,0
2018-02-25 08:00:00,9722.64000000,9787.60000000,9534.82000000,9665.99000000,4486.20914200,2018-02-25 11:59:59.999,43289939.71451334,34603,2181.81154500,21062413.30804082,0
2018-02-25 12:00:00,9663.98000000,9700.00000000,9300.00000000,9390.00000000,6595.83401200,2018-02-25 15:59:59.999,62340932.49732029,46467,2860.96557300,27035368.87642025,0
2018-02-25 16:00:00,9390.00000000,9512.00000000,9274.80000000,9473.09000000,4783.95206500,2018-02-25 19:59:59.999,44944869.07337692,37490,2480.34116800,23316102.91930397,0
2018-02-25 20:00:00,9470.75000000,9670.00000000,9432.34000000,9590.00000000,4032.68042700,2018-02-25 23:59:59.999,38594605.01192669,35814,1942.74802000,18587747.23061399,0
2018-02-26 00:00:00,9590.00000000,9754.98000000,9510.06000000,9590.00000000,3768.86461100,2018-02-26 03:59:59.999,36358574.70322679,32594,1923.83611400,18565557.97358011,0
2018-02-26 04:00:00,9584.72000000,9676.00000000,9379.01000000,9454.49000000,3687.88550600,2018-02-26 07:59:59.999,35168681.55953705,31597,1619.61509100,15450204.86905974,0
2018-02-26 08:00:00,9454.49000000,9745.83000000,9350.00000000,9715.99000000,5066.72838700,2018-02-26 11:59:59.999,48440034.58013176,41732,2450.53646200,23433292.57979585,0
2018-02-26 12:00:00,9708.00000000,10344.00000000,9640.01000000,10260.92000000,12005.28686200,2018-02-26 15:59:59.999,121181650.03682021,91806,6064.62769800,61188045.35254560,0
2018-02-26 16:00:00,10261.00000000,10400.00000000,10121.00000000,10238.62000000,5706.65758100,2018-02-26 19:59:59.999,58442352.56325756,48759,2720.14915200,27867078.84814399,0
2018-02-26 20:00:00,10235.94000000,10444.32000000,10160.00000000,10324.00000000,4642.86980900,2018-02-26 23:59:59.999,47967966.29547847,38788,2267.00418900,23431823.76449077,0
2018-02-27 00:00:00,10321.00000000,10419.70000000,10121.00000000,10270.00000000,4556.64246600,2018-02-27 03:59:59.999,46703423.59211260,34099,2125.23110200,21787354.71566627,0
2018-02-27 04:00:00,10270.00000000,10650.00000000,10217.00000000,10600.00000000,5191.21605000,2018-02-27 07:59:59.999,53878375.45797101,35951,2750.31664100,28544170.97090234,0
2018-02-27 08:00:00,10600.00000000,10780.00000000,10556.91000000,10695.00000000,6876.34964500,2018-02-27 11:59:59.999,73467269.13360176,53100,3460.16105500,36969107.91282819,0
2018-02-27 12:00:00,10698.97000000,10870.00000000,10463.18000000,10568.01000000,7593.74308200,2018-02-27 15:59:59.999,81040795.58673270,54537,3605.17831400,38508172.33595820,0
2018-02-27 16:00:00,10570.00000000,10769.00000000,10559.32000000,10697.00000000,3408.70525400,2018-02-27 19:59:59.999,36258352.46238207,32874,1714.63827700,18239328.95173508,0
2018-02-27 20:00:00,10697.00000000,10792.40000000,10560.01000000,10569.04000000,3078.72862600,2018-02-27 23:59:59.999,32947154.90866561,29981,1531.55834900,16402336.56867773,0
2018-02-28 00:00:00,10584.33000000,10977.95000000,10551.00000000,10919.90000000,4494.99721700,2018-02-28 03:59:59.999,48515274.78497065,39211,2293.95601100,24755398.69094516,0
2018-02-28 04:00:00,10915.03000000,11098.00000000,10669.00000000,10748.86000000,7095.42371000,2018-02-28 07:59:59.999,77235359.17640698,56795,3312.62398800,36064281.76410201,0
2018-02-28 08:00:00,10741.01000000,10828.00000000,10476.28000000,10570.95000000,6099.79143700,2018-02-28 11:59:59.999,64621436.75898593,52408,2851.58510900,30217464.89399710,0
2018-02-28 12:00:00,10574.13000000,10619.35000000,10375.54000000,10506.85000000,4978.68400800,2018-02-28 15:59:59.999,52192087.66752907,47774,2361.14873800,24750904.53392424,0
2018-02-28 16:00:00,10505.00000000,10570.89000000,10400.00000000,10560.02000000,3348.34332600,2018-02-28 19:59:59.999,35092753.37613437,36643,1645.58926100,17256938.60709662,0
2018-02-28 20:00:00,10563.79000000,10722.00000000,10300.00000000,10326.76000000,4783.74408400,2018-02-28 23:59:59.999,50257784.36664825,45055,1947.94322300,20492213.61189992,0
2018-03-01 00:00:00,10325.64000000,10464.99000000,10240.00000000,10356.03000000,3901.72953200,2018-03-01 03:59:59.999,40373744.59932130,35727,1806.53971100,18707880.59439921,0
2018-03-01 04:00:00,10356.01000000,10592.85000000,10335.96000000,10549.33000000,3245.15762500,2018-03-01 07:59:59.999,33917318.99928642,32170,1589.53785000,16611991.00999391,0
2018-03-01 08:00:00,10549.96000000,10745.00000000,10549.96000000,10671.93000000,3990.37689400,2018-03-01 11:59:59.999,42546634.41402801,37127,2133.49611800,22753195.49597853,0
2018-03-01 12:00:00,10671.93000000,10831.00000000,10591.16000000,10717.00000000,4580.85420800,2018-03-01 15:59:59.999,49167819.61353546,39575,2293.34725300,24623367.52339120,0
2018-03-01 16:00:00,10717.00000000,10945.00000000,10700.01000000,10880.00000000,3897.41721000,2018-03-01 19:59:59.999,42228185.81997511,37701,2158.89351800,23399651.14934966,0
2018-03-01 20:00:00,10880.00000000,11060.41000000,10789.26000000,10920.00000000,5477.01846100,2018-03-01 23:59:59.999,59938831.93498300,48128,2803.59005000,30692731.45847077,0
2018-03-02 00:00:00,10923.36000000,11200.00000000,10920.00000000,11117.97000000,5895.81562400,2018-03-02 03:59:59.999,65384040.33646967,43810,3216.78722200,35670571.19486341,0
2018-03-02 04:00:00,11117.97000000,11159.01000000,10901.01000000,11080.42000000,4372.75654600,2018-03-02 07:59:59.999,48260574.66407796,38841,2197.61856000,24258368.02417480,0
2018-03-02 08:00:00,11080.42000000,11139.10000000,10826.52000000,10898.95000000,4214.44968000,2018-03-02 11:59:59.999,46185623.46522317,37856,1935.01932400,21207194.37995637,0
2018-03-02 12:00:00,10898.95000000,11050.00000000,10770.00000000,10855.34000000,3711.74390800,2018-03-02 15:59:59.999,40415279.82470909,34347,1599.84757900,17429155.56672175,0
2018-03-02 16:00:00,10855.00000000,10950.00000000,10780.00000000,10937.00000000,2406.19225300,2018-03-02 19:59:59.999,26159881.73116928,25067,1238.34443900,13467476.26202996,0
2018-03-02 20:00:00,10937.00000000,11130.00000000,10890.81000000,11039.00000000,3309.75207900,2018-03-02 23:59:59.999,36530906.98620839,31770,1705.71650800,18832153.39532852,0
2018-03-03 00:00:00,11038.99000000,11396.70000000,11015.01000000,11324.00000000,4821.32087200,2018-03-03 03:59:59.999,54191807.51738252,42361,2618.54795600,29427612.47670650,0
2018-03-03 04:00:00,11320.00000000,11415.16000000,11301.10000000,11317.00000000,3312.11574700,2018-03-03 07:59:59.999,37610869.96628159,28733,1610.85579800,18294684.39014102,0
2018-03-03 08:00:00,11317.00000000,11382.32000000,11245.50000000,11287.21000000,3328.41595900,2018-03-03 11:59:59.999,37665722.60168598,26772,1533.70220700,17355637.68062898,0
2018-03-03 12:00:00,11287.21000000,11530.00000000,11287.00000000,11483.77000000,3819.50690400,2018-03-03 15:59:59.999,43677188.47470898,33884,2056.43725300,23518298.73405443,0
2018-03-03 16:00:00,11477.02000000,11544.00000000,11452.00000000,11505.21000000,2376.83206000,2018-03-03 19:59:59.999,27336246.86356002,25492,1232.19604800,14173882.45560802,0
2018-03-03 20:00:00,11510.00000000,11526.00000000,11268.00000000,11464.48000000,3628.96173800,2018-03-03 23:59:59.999,41267662.47885263,33202,1790.94352200,20372804.48600963,0
2018-03-04 00:00:00,11464.47000000,11470.00000000,11129.49000000,11163.00000000,3539.37601600,2018-03-04 03:59:59.999,39921825.34433258,29158,1647.48812000,18589888.56402602,0
2018-03-04 04:00:00,11163.00000000,11259.71000000,11050.02000000,11140.30000000,3163.33562900,2018-03-04 07:59:59.999,35310485.45648925,28556,1413.91953700,15781081.76005359,0
2018-03-04 08:00:00,11142.01000000,11273.70000000,11080.97000000,11159.68000000,2222.94002600,2018-03-04 11:59:59.999,24862601.33317555,23304,1026.76260800,11485001.60289697,0
2018-03-04 12:00:00,11159.68000000,11259.00000000,11090.01000000,11150.01000000,2035.65084300,2018-03-04 15:59:59.999,22742275.81209203,23654,777.06547600,8682966.17032968,0
2018-03-04 16:00:00,11150.00000000,11429.99000000,11125.92000000,11378.89000000,3231.81579000,2018-03-04 19:59:59.999,36478064.44244487,32369,1669.77744900,18852980.71662895,0
2018-03-04 20:00:00,11378.19000000,11565.00000000,11361.69000000,11515.00000000,3102.80034900,2018-03-04 23:59:59.999,35534326.73648645,31318,1662.38840500,19045095.64999952,0
2018-03-05 00:00:00,11515.00000000,11589.00000000,11415.01000000,11568.03000000,2248.09477600,2018-03-05 03:59:59.999,25846451.25320829,22821,1253.03523900,14406727.78177591,0
2018-03-05 04:00:00,11558.47000000,11608.00000000,11458.43000000,11539.87000000,2502.64139200,2018-03-05 07:59:59.999,28897323.04335783,25661,1249.94385500,14438596.83274357,0
2018-03-05 08:00:00,11539.87000000,11556.57000000,11435.00000000,11515.00000000,2184.87361100,2018-03-05 11:59:59.999,25080935.59135047,25891,981.79618300,11269873.52294016,0
2018-03-05 12:00:00,11515.00000000,11585.53000000,11441.78000000,11515.61000000,2341.96955100,2018-03-05 15:59:59.999,26965017.56211929,26869,1071.23354400,12333851.93995112,0
2018-03-05 16:00:00,11515.62000000,11680.00000000,11489.97000000,11669.08000000,2533.35518700,2018-03-05 19:59:59.999,29367259.08653637,27373,1452.36840800,16845863.57170066,0
2018-03-05 20:00:00,11666.00000000,11710.00000000,11454.00000000,11454.00000000,3333.29654600,2018-03-05 23:59:59.999,38709964.86149301,35703,1660.44648500,19294072.68746708,0
2018-03-06 00:00:00,11455.00000000,11455.00000000,11181.50000000,11280.01000000,5168.74861300,2018-03-06 03:59:59.999,58369918.53292761,43262,2335.42992100,26373370.40443419,0
2018-03-06 04:00:00,11280.01000000,11360.00000000,11229.80000000,11270.00000000,2469.65742700,2018-03-06 07:59:59.999,27906334.93542525,28974,1114.94791500,12596466.92967474,0
2018-03-06 08:00:00,11275.11000000,11333.00000000,10840.01000000,10937.00000000,6299.68929200,2018-03-06 11:59:59.999,69389647.27552261,47937,2727.24194700,30019636.27719578,0
2018-03-06 12:00:00,10936.00000000,11046.24000000,10777.78000000,10966.00000000,5250.52146300,2018-03-06 15:59:59.999,57283528.56449401,43963,2531.72716300,27633835.26931696,0
2018-03-06 16:00:00,10974.08000000,11013.50000000,10555.48000000,10707.00000000,6073.66049600,2018-03-06 19:59:59.999,65369376.15274005,46571,2776.87684300,29880563.54379169,0
2018-03-06 20:00:00,10707.00000000,10839.00000000,10566.00000000,10716.48000000,4253.29507200,2018-03-06 23:59:59.999,45523411.18748666,39599,1996.07340700,21370248.19790731,0
2018-03-07 00:00:00,10716.48000000,10899.00000000,10660.00000000,10724.99000000,3790.75194200,2018-03-07 03:59:59.999,40913616.81146294,35795,1819.18577200,19633789.60885314,0
2018-03-07 04:00:00,10724.98000000,10830.01000000,10400.00000000,10510.00000000,5354.09053600,2018-03-07 07:59:59.999,56640912.27281199,41278,2428.98548400,25689388.78751811,0
2018-03-07 08:00:00,10509.99000000,10635.03000000,10411.11000000,10635.03000000,4080.91119100,2018-03-07 11:59:59.999,42940526.11255690,35304,2127.49390900,22387486.08386424,0
2018-03-07 12:00:00,10635.60000000,10747.88000000,10502.76000000,10679.56000000,5597.00071600,2018-03-07 15:59:59.999,59453553.55081821,48197,2719.35936600,28892506.25802286,0
2018-03-07 16:00:00,10679.56000000,10716.66000000,9389.31000000,9844.18000000,24387.59063400,2018-03-07 19:59:59.999,241023066.05974389,174776,11387.49309700,112423756.43603747,0
2018-03-07 20:00:00,9837.84000000,10138.04000000,9707.07000000,9910.00000000,7437.32606100,2018-03-07 23:59:59.999,73836358.68052693,61371,3539.93360300,35137844.18579985,0
2018-03-08 00:00:00,9910.00000000,10037.99000000,9470.00000000,9500.00000000,7536.44250100,2018-03-08 03:59:59.999,73406806.48125355,57487,3649.99652200,35577134.67660008,0
2018-03-08 04:00:00,9508.00000000,9991.00000000,9489.39000000,9936.98000000,5008.09326900,2018-03-08 07:59:59.999,48904492.89652106,45330,2654.60060500,25921838.25237728,0
2018-03-08 08:00:00,9936.98000000,10099.00000000,9820.00000000,9910.09000000,4586.87964700,2018-03-08 11:59:59.999,45732495.20896756,43583,2376.02427900,23698758.93234601,0
2018-03-08 12:00:00,9902.98000000,9968.75000000,9624.00000000,9909.29000000,5340.81138200,2018-03-08 15:59:59.999,52276867.90970584,47259,2733.94746400,26759166.32229611,0
2018-03-08 16:00:00,9909.30000000,9914.96000000,9060.00000000,9357.86000000,13329.05639100,2018-03-08 19:59:59.999,124814472.65317448,95426,6057.71165800,56667949.82646850,0
2018-03-08 20:00:00,9349.04000000,9471.00000000,9182.41000000,9271.64000000,5308.19003600,2018-03-08 23:59:59.999,49506145.48881424,47429,2785.17531000,25983868.92495124,0
2018-03-09 00:00:00,9267.07000000,9410.00000000,8835.37000000,8953.01000000,9488.92981200,2018-03-09 03:59:59.999,85943053.87789848,67158,4436.44591100,40191375.91658576,0
2018-03-09 04:00:00,8953.01000000,8960.00000000,8329.00000000,8686.43000000,17058.98544700,2018-03-09 07:59:59.999,147629616.94227836,110199,8031.60701300,69554762.90433842,0
2018-03-09 08:00:00,8685.00000000,8948.00000000,8388.00000000,8923.00000000,9812.88454200,2018-03-09 11:59:59.999,85037539.64679769,76876,5019.80624000,43549356.65726228,0
2018-03-09 12:00:00,8933.91000000,9165.18000000,8822.99000000,8927.00000000,9669.80194000,2018-03-09 15:59:59.999,86947585.23752809,74934,4602.89513700,41370048.78452437,0
2018-03-09 16:00:00,8925.93000000,9049.01000000,8630.00000000,8770.00000000,8803.71973900,2018-03-09 19:59:59.999,77306731.78845638,69625,4347.34296000,38174680.83988575,0
2018-03-09 20:00:00,8770.01000000,9333.33000000,8704.31000000,9227.00000000,9277.96992700,2018-03-09 23:59:59.999,84218373.63898154,63920,4728.31758700,42895220.90816335,0
2018-03-10 00:00:00,9230.00000000,9400.79000000,9073.66000000,9210.00000000,7883.40551900,2018-03-10 03:59:59.999,72997125.90898275,55392,3955.35329700,36642725.76569581,0
2018-03-10 04:00:00,9210.00000000,9490.00000000,9174.44000000,9327.43000000,5768.10053000,2018-03-10 07:59:59.999,53987063.95429463,45383,2568.75942600,24051895.26607985,0
2018-03-10 08:00:00,9327.43000000,9403.09000000,9150.10000000,9345.00000000,4155.68305000,2018-03-10 11:59:59.999,38611693.97664934,34310,1983.64264200,18436273.34462100,0
2018-03-10 12:00:00,9345.00000000,9468.88000000,9180.70000000,9346.14000000,5062.81992800,2018-03-10 15:59:59.999,47299290.85002807,38606,2637.98607700,24656076.54837548,0
2018-03-10 16:00:00,9340.00000000,9418.17000000,8947.27000000,9089.93000000,7045.55030200,2018-03-10 19:59:59.999,64269316.37220385,59493,3212.49610000,29290550.74798451,0
2018-03-10 20:00:00,9089.93000000,9092.30000000,8667.07000000,8770.22000000,7264.45352800,2018-03-10 23:59:59.999,64045757.35265923,54882,3281.58973400,28914264.46157311,0
2018-03-11 00:00:00,8770.22000000,8774.76000000,8450.00000000,8617.00000000,8255.54682100,2018-03-11 03:59:59.999,70943378.96861770,55121,3451.40760400,29682776.89932814,0
2018-03-11 04:00:00,8617.00000000,8844.07000000,8568.10000000,8704.00000000,4267.17851800,2018-03-11 07:59:59.999,37251288.28770018,35984,2026.90396600,17691551.62880081,0
2018-03-11 08:00:00,8700.00000000,9100.66000000,8532.38000000,9027.68000000,5112.71923300,2018-03-11 11:59:59.999,44695799.74905704,41381,2565.61825900,22471021.43164435,0
2018-03-11 12:00:00,9025.03000000,9335.00000000,9015.11000000,9036.04000000,9700.01088800,2018-03-11 15:59:59.999,89017307.33086477,68777,4609.73858100,42328618.56324099,0
2018-03-11 16:00:00,9049.96000000,9711.00000000,9037.01000000,9639.57000000,9947.23172600,2018-03-11 19:59:59.999,94243827.47513242,73921,5356.54493600,50679866.30027127,0
2018-03-11 20:00:00,9637.00000000,9740.00000000,9431.26000000,9533.57000000,7043.28620000,2018-03-11 23:59:59.999,67339659.11615950,58183,3139.99359800,30043790.78818016,0
2018-03-12 00:00:00,9533.57000000,9713.00000000,9356.02000000,9416.09000000,5472.44020300,2018-03-12 03:59:59.999,52233253.08549592,42728,2345.47183700,22393502.29990860,0
2018-03-12 04:00:00,9416.09000000,9688.00000000,9370.05000000,9599.92000000,4184.35280700,2018-03-12 07:59:59.999,39996760.92003207,34142,2057.70915200,19667472.03264065,0
2018-03-12 08:00:00,9599.92000000,9888.88000000,9512.00000000,9837.03000000,5701.16110000,2018-03-12 11:59:59.999,55576203.39557314,48571,2825.91564800,27558931.59493075,0
2018-03-12 12:00:00,9837.04000000,9838.00000000,9110.00000000,9170.01000000,10701.28576300,2018-03-12 15:59:59.999,101016128.64117382,80035,4637.63580600,43739588.64620221,0
2018-03-12 16:00:00,9174.22000000,9309.57000000,8850.00000000,8927.00000000,9329.07183900,2018-03-12 19:59:59.999,84857861.79909313,77431,4336.90139300,39450960.10326093,0
2018-03-12 20:00:00,8934.99000000,9234.07000000,8780.00000000,9131.34000000,6842.46621800,2018-03-12 23:59:59.999,61882524.02366924,53735,3166.06392000,28644169.17928040,0
2018-03-13 00:00:00,9131.34000000,9264.10000000,8933.00000000,9037.71000000,4849.51879400,2018-03-13 03:59:59.999,44230968.20471728,36803,2335.03898300,21313638.58983776,0
2018-03-13 04:00:00,9037.72000000,9474.00000000,9012.90000000,9205.17000000,7727.49738600,2018-03-13 07:59:59.999,71895066.47955415,52755,3624.10843300,33726497.75757579,0
2018-03-13 08:00:00,9205.17000000,9349.00000000,8870.00000000,9044.90000000,7829.72708900,2018-03-13 11:59:59.999,71328625.07071995,59296,3877.19163800,35352488.30767123,0
2018-03-13 12:00:00,9049.47000000,9250.00000000,8823.00000000,9051.00000000,8753.86617200,2018-03-13 15:59:59.999,79213644.35426775,85365,4408.33826500,39901936.91623780,0
2018-03-13 16:00:00,9060.93000000,9275.00000000,8941.45000000,9069.30000000,6899.60997900,2018-03-13 19:59:59.999,62989340.11866223,66609,3428.18617000,31310840.67672695,0
2018-03-13 20:00:00,9072.57000000,9249.99000000,9000.00000000,9150.00000000,4131.18993800,2018-03-13 23:59:59.999,37696340.48536226,41906,2183.59355800,19929038.52724515,0
2018-03-14 00:00:00,9151.92000000,9333.78000000,9137.00000000,9249.93000000,4204.11510400,2018-03-14 03:59:59.999,38928343.98217069,37264,2202.35481000,20396828.17020788,0
2018-03-14 04:00:00,9249.94000000,9251.00000000,9050.00000000,9079.92000000,3851.03806500,2018-03-14 07:59:59.999,35135133.77036772,36656,1826.08447700,16663319.03416283,0
2018-03-14 08:00:00,9067.09000000,9129.99000000,8631.78000000,8675.08000000,8888.80357800,2018-03-14 11:59:59.999,78385863.30909194,70294,3882.13037300,34226268.47225525,0
2018-03-14 12:00:00,8675.08000000,8791.49000000,8570.00000000,8725.83000000,7265.58485100,2018-03-14 15:59:59.999,63069862.67454741,57611,3499.19948500,30384795.49013412,0
2018-03-14 16:00:00,8718.00000000,8726.82000000,8201.00000000,8285.97000000,12877.93898400,2018-03-14 19:59:59.999,107789459.36961467,106847,5369.41321100,44944942.37433538,0
2018-03-14 20:00:00,8285.97000000,8340.64000000,7900.28000000,8170.00000000,12620.61352600,2018-03-14 23:59:59.999,102749346.65015403,90455,6104.14736900,49728012.70732721,0
2018-03-15 00:00:00,8184.01000000,8250.00000000,7717.00000000,7870.15000000,9398.44734100,2018-03-15 03:59:59.999,74798835.35546504,73538,4321.64226500,34407628.25680730,0
2018-03-15 04:00:00,7870.15000000,7950.36000000,7650.00000000,7888.94000000,8941.14462800,2018-03-15 07:59:59.999,69940018.15712480,65618,4680.21163500,36628049.54328084,0
2018-03-15 08:00:00,7887.19000000,8299.00000000,7790.73000000,8235.00000000,9841.89173700,2018-03-15 11:59:59.999,80056674.02211858,93930,4987.06147200,40575615.32343489,0
2018-03-15 12:00:00,8235.00000000,8430.00000000,7925.15000000,8099.00000000,11181.23731300,2018-03-15 15:59:59.999,91492388.93730238,77138,5637.87875800,46160093.69052245,0
2018-03-15 16:00:00,8098.76000000,8310.00000000,7943.90000000,8203.03000000,7549.23784000,2018-03-15 19:59:59.999,61396521.65381738,51550,3981.75636500,32398424.41707181,0
2018-03-15 20:00:00,8210.00000000,8363.21000000,8129.79000000,8240.98000000,5379.06341800,2018-03-15 23:59:59.999,44446279.34727306,38755,2805.60975600,23188434.44328462,0
2018-03-16 00:00:00,8240.98000000,8324.96000000,7900.00000000,8040.74000000,7647.39291500,2018-03-16 03:59:59.999,61802417.04469483,48086,3609.35996000,29182106.13158436,0
2018-03-16 04:00:00,8040.74000000,8287.00000000,8026.00000000,8233.00000000,5280.86664900,2018-03-16 07:59:59.999,43292150.41671182,32934,2967.66491300,24328206.15764320,0
2018-03-16 08:00:00,8233.00000000,8280.00000000,8060.00000000,8192.94000000,5219.53854700,2018-03-16 11:59:59.999,42556151.72856357,34670,2770.63264000,22594111.90074386,0
2018-03-16 12:00:00,8182.07000000,8598.77000000,8139.02000000,8539.00000000,10498.15506300,2018-03-16 15:59:59.999,88412952.58239328,62313,5686.17357300,47863346.85020140,0
2018-03-16 16:00:00,8539.00000000,8611.64000000,8431.01000000,8536.17000000,5537.33692100,2018-03-16 19:59:59.999,47187922.83733890,41456,2898.14289600,24703823.47930635,0
2018-03-16 20:00:00,8536.17000000,8566.08000000,8257.20000000,8260.00000000,4632.11979800,2018-03-16 23:59:59.999,39103407.55549252,36348,2117.46001100,17891899.88220120,0
2018-03-17 00:00:00,8260.00000000,8322.49000000,8078.00000000,8199.92000000,5709.06753700,2018-03-17 03:59:59.999,46770775.08218229,40126,2493.50083400,20433379.85946008,0
2018-03-17 04:00:00,8199.91000000,8233.00000000,8082.50000000,8186.02000000,3507.90409400,2018-03-17 07:59:59.999,28633863.07207252,24971,1798.52015700,14687049.64530872,0
2018-03-17 08:00:00,8197.70000000,8348.62000000,8145.62000000,8158.00000000,3754.30145600,2018-03-17 11:59:59.999,30977079.90981552,26207,1960.17036100,16177627.50092933,0
2018-03-17 12:00:00,8158.01000000,8177.93000000,7852.20000000,7887.11000000,8102.11544100,2018-03-17 15:59:59.999,64697842.27008324,61046,3624.89778800,28934702.04051628,0
2018-03-17 16:00:00,7887.99000000,7968.00000000,7721.99000000,7820.00000000,5850.49554000,2018-03-17 19:59:59.999,45986836.09166649,45865,2732.18651000,21492140.95149016,0
2018-03-17 20:00:00,7820.00000000,8050.00000000,7745.18000000,7824.80000000,6186.32226100,2018-03-17 23:59:59.999,48906715.19180849,93826,3067.98171100,24262872.43554615,0
2018-03-18 00:00:00,7824.01000000,7857.24000000,7539.99000000,7666.35000000,8470.53221300,2018-03-18 03:59:59.999,64987900.68922426,58997,3522.84359900,27027983.91579795,0
2018-03-18 04:00:00,7666.33000000,7771.00000000,7519.84000000,7659.99000000,5540.62970300,2018-03-18 07:59:59.999,42422623.78120771,38127,2682.16989400,20552542.96234762,0
2018-03-18 08:00:00,7659.00000000,7810.97000000,7532.09000000,7760.09000000,6547.55754100,2018-03-18 11:59:59.999,50257255.77963752,42243,3396.62817200,26096098.50530283,0
2018-03-18 12:00:00,7761.19000000,7829.00000000,7322.00000000,7385.00000000,11808.68159800,2018-03-18 15:59:59.999,88637408.70647749,81741,5232.36214600,39309870.99521542,0
2018-03-18 16:00:00,7385.00000000,7584.00000000,7330.00000000,7463.53000000,8959.14227000,2018-03-18 19:59:59.999,66721284.21796592,63306,4348.08687300,32394929.90382735,0
2018-03-18 20:00:00,7473.86000000,8317.40000000,7453.59000000,8189.99000000,18161.68838600,2018-03-18 23:59:59.999,145285260.34430752,138922,9034.42011000,72149376.33733364,0
2018-03-19 00:00:00,8189.00000000,8456.00000000,8088.40000000,8169.25000000,10823.59039000,2018-03-19 03:59:59.999,89378083.47856060,67780,5175.47834900,42748611.53436042,0
2018-03-19 04:00:00,8157.01000000,8367.97000000,8140.54000000,8289.01000000,5991.25167400,2018-03-19 07:59:59.999,49505695.30942038,39773,2765.93379700,22857621.89105433,0
2018-03-19 08:00:00,8292.92000000,8400.81000000,8089.00000000,8330.00000000,8139.86830700,2018-03-19 11:59:59.999,67148617.31698530,54611,4098.48516300,33821459.00351301,0
2018-03-19 12:00:00,8330.00000000,8705.23000000,8205.01000000,8550.00000000,13290.61205900,2018-03-19 15:59:59.999,113002502.93347090,80017,6731.93933300,57209398.56153143,0
2018-03-19 16:00:00,8550.00000000,8630.00000000,8230.70000000,8395.81000000,10646.04962200,2018-03-19 19:59:59.999,89380337.53923679,69292,5205.01586500,43725375.85946076,0
2018-03-19 20:00:00,8395.00000000,8630.07000000,8360.26000000,8600.00000000,6405.71289000,2018-03-19 23:59:59.999,54239102.40445387,48941,3286.47225700,27846020.69698216,0
2018-03-20 00:00:00,8595.01000000,8667.00000000,8410.00000000,8599.97000000,6948.18634000,2018-03-20 03:59:59.999,59276328.14506793,46418,3413.92508500,29138678.41541093,0
2018-03-20 04:00:00,8600.00000000,8600.00000000,8340.00000000,8385.12000000,5511.86287200,2018-03-20 07:59:59.999,46676983.78701404,39542,2438.36217100,20661940.30354392,0
2018-03-20 08:00:00,8385.12000000,8555.00000000,8280.00000000,8516.00000000,7178.23129500,2018-03-20 11:59:59.999,60278168.78079103,39775,4124.95674600,34626770.72691448,0
2018-03-20 12:00:00,8517.44000000,8600.00000000,8429.00000000,8513.97000000,5499.46297100,2018-03-20 15:59:59.999,46823243.25858953,38906,2963.23371600,25242819.66337655,0
2018-03-20 16:00:00,8513.97000000,8968.95000000,8513.88000000,8950.00000000,11531.49355600,2018-03-20 19:59:59.999,101590885.31517923,76548,5928.24301000,52185066.85748628,0
2018-03-20 20:00:00,8950.00000000,9050.00000000,8810.96000000,8909.98000000,8195.86880100,2018-03-20 23:59:59.999,73233784.18397249,57072,3980.31451000,35567555.33409088,0
2018-03-21 00:00:00,8909.96000000,9078.00000000,8860.01000000,9042.23000000,4794.43458800,2018-03-21 03:59:59.999,42928942.15759782,35191,2170.96640900,19448292.10037229,0
2018-03-21 04:00:00,9042.23000000,9145.30000000,8900.00000000,8931.01000000,6513.58768300,2018-03-21 07:59:59.999,58932863.02900322,47215,3193.97332100,28915993.02750900,0
2018-03-21 08:00:00,8931.00000000,9125.00000000,8880.00000000,9063.00000000,5159.89099700,2018-03-21 11:59:59.999,46533256.39195455,40456,2689.92973200,24271011.93885842,0
2018-03-21 12:00:00,9063.00000000,9177.01000000,8956.00000000,9039.99000000,6219.63220000,2018-03-21 15:59:59.999,56394991.90171159,47708,3000.17058200,27212732.17874135,0
2018-03-21 16:00:00,9039.99000000,9069.99000000,8750.60000000,8862.92000000,12399.09702200,2018-03-21 19:59:59.999,110011317.78429265,85108,5464.15220300,48469144.87497950,0
2018-03-21 20:00:00,8862.78000000,8950.00000000,8777.00000000,8885.00000000,4885.76288100,2018-03-21 23:59:59.999,43356102.09667258,38018,2528.29455200,22441228.27677451,0
2018-03-22 00:00:00,8884.82000000,9100.00000000,8860.00000000,9017.01000000,4895.74655900,2018-03-22 03:59:59.999,44143398.64244554,34120,2540.69066500,22912314.45532432,0
2018-03-22 04:00:00,9019.00000000,9052.90000000,8889.00000000,8955.09000000,4039.90983100,2018-03-22 07:59:59.999,36306033.38920442,29905,2088.07476900,18767737.94966868,0
2018-03-22 08:00:00,8955.00000000,9020.00000000,8620.00000000,8642.01000000,9948.35993100,2018-03-22 11:59:59.999,87137886.17518449,66030,4331.54934300,37957077.71461862,0
2018-03-22 12:00:00,8645.00000000,8753.54000000,8465.10000000,8611.51000000,10838.98034400,2018-03-22 15:59:59.999,93138157.90058468,69114,5161.88411900,44383392.85102138,0
2018-03-22 16:00:00,8611.51000000,8695.28000000,8534.00000000,8610.99000000,6405.51070000,2018-03-22 19:59:59.999,55252312.48107997,44107,3155.34622900,27221396.19372711,0
2018-03-22 20:00:00,8610.00000000,8770.00000000,8510.20000000,8722.90000000,4489.04944400,2018-03-22 23:59:59.999,38826340.75480955,33173,2290.01849300,19808791.04814008,0
2018-03-23 00:00:00,8720.00000000,8729.50000000,8330.00000000,8410.05000000,7687.34949300,2018-03-23 03:59:59.999,65196247.03694463,47861,3378.17523600,28666899.36402165,0
2018-03-23 04:00:00,8400.65000000,8505.00000000,8345.00000000,8398.65000000,5832.44911200,2018-03-23 07:59:59.999,49051429.10900581,37550,2784.03961300,23420648.46072567,0
2018-03-23 08:00:00,8398.58000000,8554.00000000,8378.03000000,8510.00000000,5424.02587900,2018-03-23 11:59:59.999,45974030.65415233,33998,2926.72485400,24815100.32035170,0
2018-03-23 12:00:00,8509.99000000,8687.98000000,8269.00000000,8613.00000000,9105.73001900,2018-03-23 15:59:59.999,77092437.93836923,67810,4612.31841300,39047649.83865700,0
2018-03-23 16:00:00,8618.00000000,8749.50000000,8559.25000000,8623.99000000,6608.13412400,2018-03-23 19:59:59.999,57077708.61617175,47639,3217.73283000,27792975.46018682,0
2018-03-23 20:00:00,8623.99000000,8909.00000000,8559.25000000,8898.03000000,5333.31903900,2018-03-23 23:59:59.999,46363739.18988723,43713,3187.79844100,27744367.48513321,0
2018-03-24 00:00:00,8898.04000000,8969.00000000,8805.01000000,8880.02000000,5767.24686200,2018-03-24 03:59:59.999,51249917.49406347,41765,3046.87979400,27081358.04518481,0
2018-03-24 04:00:00,8885.95000000,8987.97000000,8834.29000000,8930.00000000,5220.09649300,2018-03-24 07:59:59.999,46540521.06678838,39644,2387.64930700,21279155.97322740,0
2018-03-24 08:00:00,8931.70000000,8931.89000000,8683.00000000,8723.00000000,5530.61675700,2018-03-24 11:59:59.999,48642074.27020518,41449,2583.79540800,22738627.49007269,0
2018-03-24 12:00:00,8723.00000000,8999.95000000,8666.30000000,8950.00000000,6109.89802500,2018-03-24 15:59:59.999,54182066.36573390,45492,3280.89750000,29119965.57080333,0
2018-03-24 16:00:00,8950.00000000,8954.63000000,8822.91000000,8892.56000000,4409.57213900,2018-03-24 19:59:59.999,39247927.83840373,41053,2283.94069100,20333065.83282949,0
2018-03-24 20:00:00,8884.08000000,8968.00000000,8491.00000000,8546.86000000,8429.17929600,2018-03-24 23:59:59.999,73392322.86994202,60897,3718.94539000,32415606.95275195,0
2018-03-25 00:00:00,8531.25000000,8599.00000000,8433.93000000,8555.58000000,5868.93047900,2018-03-25 03:59:59.999,50006629.80078278,40001,2905.44356300,24760947.18111498,0
2018-03-25 04:00:00,8550.00000000,8592.59000000,8379.23000000,8466.53000000,3770.17561100,2018-03-25 07:59:59.999,32055013.06541537,31881,1751.60595700,14897129.66508167,0
2018-03-25 08:00:00,8468.85000000,8575.00000000,8365.77000000,8407.00000000,4557.50824700,2018-03-25 11:59:59.999,38593805.56932802,32890,2345.48689100,19874458.16316338,0
2018-03-25 12:00:00,8408.00000000,8643.00000000,8380.41000000,8480.00000000,5602.67833400,2018-03-25 15:59:59.999,47742029.92723676,39781,2737.65539200,23326447.77180199,0
2018-03-25 16:00:00,8480.00000000,8669.85000000,8470.99000000,8612.09000000,4708.76730100,2018-03-25 19:59:59.999,40368686.54947664,35589,2538.71208500,21765797.17500802,0
2018-03-25 20:00:00,8620.97000000,8645.53000000,8388.00000000,8470.15000000,4493.70934400,2018-03-25 23:59:59.999,38257007.39571546,35518,2100.36047400,17903484.02664596,0
2018-03-26 00:00:00,8470.14000000,8514.89000000,8353.18000000,8440.92000000,3711.30343500,2018-03-26 03:59:59.999,31282599.31969942,28362,1866.66733200,15744759.58030753,0
2018-03-26 04:00:00,8440.92000000,8491.25000000,8364.57000000,8405.88000000,3229.88755600,2018-03-26 07:59:59.999,27248728.48982088,24490,1722.19222800,14533433.65108517,0
2018-03-26 08:00:00,8400.50000000,8426.99000000,8050.00000000,8089.00000000,10515.50426400,2018-03-26 11:59:59.999,86449864.99561817,74289,4597.24727300,37808108.41323481,0
2018-03-26 12:00:00,8089.00000000,8165.00000000,8000.01000000,8057.16000000,8263.73070700,2018-03-26 15:59:59.999,66805847.06925452,62263,4042.49916200,32692441.65171557,0
2018-03-26 16:00:00,8057.16000000,8099.04000000,7850.01000000,7910.03000000,9370.04723500,2018-03-26 19:59:59.999,74427624.20518798,62578,4198.28039700,33355910.31590734,0
2018-03-26 20:00:00,7910.04000000,8268.50000000,7831.00000000,8134.23000000,8943.12246300,2018-03-26 23:59:59.999,72215094.79361425,58480,4530.37052800,36588778.71010435,0
2018-03-27 00:00:00,8134.22000000,8215.94000000,7820.00000000,7866.42000000,7158.88371000,2018-03-27 03:59:59.999,57250847.58134997,47261,3369.68996300,26978853.10462207,0
2018-03-27 04:00:00,7866.42000000,8050.05000000,7730.00000000,7917.09000000,7293.51021700,2018-03-27 07:59:59.999,57369906.02074678,53546,3673.74710400,28913274.12858851,0
2018-03-27 08:00:00,7917.09000000,8040.00000000,7820.00000000,7934.22000000,5213.61797600,2018-03-27 11:59:59.999,41337000.62858651,36924,2894.60428500,22960913.67421012,0
2018-03-27 12:00:00,7932.20000000,8150.17000000,7878.58000000,8066.87000000,6454.94987200,2018-03-27 15:59:59.999,51895522.89000359,47633,3196.30449600,25691166.14356186,0
2018-03-27 16:00:00,8066.50000000,8126.03000000,7820.00000000,7886.00000000,6178.64167300,2018-03-27 19:59:59.999,49155856.04755447,43650,3025.98587900,24073728.83118753,0
2018-03-27 20:00:00,7886.00000000,8050.00000000,7755.58000000,7795.51000000,5128.04460200,2018-03-27 23:59:59.999,40600523.27219520,37526,2302.05037800,18242709.15323604,0
2018-03-28 00:00:00,7795.51000000,7885.00000000,7728.00000000,7874.98000000,4358.75463000,2018-03-28 03:59:59.999,34011443.82332291,30506,2303.88250800,17989471.17831357,0
2018-03-28 04:00:00,7870.05000000,7965.60000000,7811.02000000,7873.99000000,3776.07950800,2018-03-28 07:59:59.999,29766331.27730030,26355,1901.48280700,14989065.40663196,0
2018-03-28 08:00:00,7865.00000000,8109.00000000,7852.00000000,8040.00000000,5487.99329000,2018-03-28 11:59:59.999,43999055.17997166,38045,2942.03933400,23589396.93816273,0
2018-03-28 12:00:00,8040.00000000,8055.99000000,7825.00000000,7860.01000000,6066.09163300,2018-03-28 15:59:59.999,48239623.26893268,38526,2918.01599100,23235286.59440444,0
2018-03-28 16:00:00,7860.21000000,7952.44000000,7843.50000000,7899.94000000,3359.36495800,2018-03-28 19:59:59.999,26566143.91721280,24378,1878.93037300,14860831.01800885,0
2018-03-28 20:00:00,7890.63000000,8009.00000000,7836.00000000,7949.30000000,3353.04765100,2018-03-28 23:59:59.999,26603495.71643920,25810,1741.06613000,13820533.47669949,0
2018-03-29 00:00:00,7949.30000000,7975.00000000,7855.00000000,7880.94000000,3197.76261200,2018-03-29 03:59:59.999,25284265.57829840,22029,1433.64612800,11343565.46026285,0
2018-03-29 04:00:00,7870.12000000,7880.95000000,7500.00000000,7541.98000000,11418.66332200,2018-03-29 07:59:59.999,87213205.54429590,70182,4005.67563900,30541883.18303134,0
2018-03-29 08:00:00,7541.98000000,7587.00000000,7425.40000000,7466.97000000,6826.53177600,2018-03-29 11:59:59.999,51171853.75060318,48012,3425.85926600,25686875.29913232,0
2018-03-29 12:00:00,7466.89000000,7566.00000000,7334.00000000,7474.01000000,7764.59972200,2018-03-29 15:59:59.999,57772719.17170045,55849,3868.24512100,28796105.08602258,0
2018-03-29 16:00:00,7481.94000000,7580.00000000,7338.00000000,7341.00000000,6613.01144100,2018-03-29 19:59:59.999,49420678.67054625,44564,3312.19867500,24773559.76204434,0
2018-03-29 20:00:00,7341.00000000,7388.33000000,6941.11000000,7090.14000000,18800.34625200,2018-03-29 23:59:59.999,134728435.91687392,118901,8539.18671900,61260569.42064612,0
2018-03-30 00:00:00,7090.16000000,7165.08000000,6740.00000000,6861.01000000,15024.91762200,2018-03-30 03:59:59.999,103451952.41702336,93903,7044.09956300,48560365.89054456,0
2018-03-30 04:00:00,6867.19000000,7272.78000000,6666.66000000,7222.25000000,14399.66120300,2018-03-30 07:59:59.999,100645123.47586678,82801,7331.35090700,51273840.94541178,0
2018-03-30 08:00:00,7222.29000000,7292.43000000,6880.00000000,7027.72000000,8153.31931700,2018-03-30 11:59:59.999,57717316.10752766,52202,3809.78398400,26969665.08753106,0
2018-03-30 12:00:00,7027.73000000,7040.01000000,6679.01000000,6839.98000000,9738.21774800,2018-03-30 15:59:59.999,66723429.46398271,60578,4781.03899300,32812095.36131557,0
2018-03-30 16:00:00,6839.97000000,6911.69000000,6600.10000000,6800.63000000,11291.73942400,2018-03-30 19:59:59.999,75999662.16501789,65587,5513.03433900,37121836.67561075,0
2018-03-30 20:00:00,6816.58000000,6951.00000000,6735.00000000,6840.23000000,6698.17666200,2018-03-30 23:59:59.999,45814525.54157958,44986,3465.08279300,23715831.64669950,0
2018-03-31 00:00:00,6840.24000000,7120.00000000,6837.71000000,6959.02000000,7290.17552800,2018-03-31 03:59:59.999,51126350.86905640,48168,3833.62289300,26878762.85920683,0
2018-03-31 04:00:00,6954.06000000,7050.00000000,6777.00000000,6805.76000000,5742.15708400,2018-03-31 07:59:59.999,39638868.07117264,36329,3006.34202100,20777677.11779432,0
2018-03-31 08:00:00,6810.00000000,7148.20000000,6805.77000000,7073.63000000,7231.15619600,2018-03-31 11:59:59.999,50687042.20573207,44581,4140.87022300,29025444.10188955,0
2018-03-31 12:00:00,7079.72000000,7223.36000000,6978.98000000,7064.98000000,6698.10634400,2018-03-31 15:59:59.999,47489546.14729404,42154,3284.79297000,23298480.63183166,0
2018-03-31 16:00:00,7063.83000000,7172.00000000,6985.00000000,7048.23000000,4818.35135600,2018-03-31 19:59:59.999,34154595.43089835,34747,2365.11845400,16774923.58760019,0
2018-03-31 20:00:00,7054.99000000,7059.01000000,6842.97000000,6923.91000000,5088.59257900,2018-03-31 23:59:59.999,35245131.74820865,34314,2455.28704600,17008700.04868040,0
2018-04-01 00:00:00,6922.00000000,7049.98000000,6892.00000000,6922.12000000,3229.30989800,2018-04-01 03:59:59.999,22525384.48453404,21119,1709.35993900,11925777.43573431,0
2018-04-01 04:00:00,6926.00000000,6969.00000000,6670.00000000,6713.81000000,5586.24339900,2018-04-01 07:59:59.999,38034260.13329416,35512,2622.28479700,17872621.56933566,0
2018-04-01 08:00:00,6713.81000000,6775.00000000,6623.97000000,6685.10000000,5763.28553600,2018-04-01 11:59:59.999,38578571.18951268,37084,2501.90832200,16756407.64521866,0
2018-04-01 12:00:00,6688.53000000,6735.00000000,6430.00000000,6445.00000000,9420.82152200,2018-04-01 15:59:59.999,61696844.63132321,60503,4535.61028500,29711667.17527844,0
2018-04-01 16:00:00,6445.00000000,6961.83000000,6432.65000000,6900.99000000,14864.23398400,2018-04-01 19:59:59.999,101010919.55721303,77113,7957.07612400,54069423.06428144,0
2018-04-01 20:00:00,6900.98000000,6955.00000000,6753.00000000,6813.01000000,5207.53612400,2018-04-01 23:59:59.999,35624518.82368572,29611,2573.06119300,17615276.93228092,0
2018-04-02 00:00:00,6813.01000000,7020.00000000,6765.00000000,6980.72000000,5723.20397900,2018-04-02 03:59:59.999,39704769.60661398,33523,3130.72806700,21714643.94966333,0
2018-04-02 04:00:00,6982.44000000,7102.02000000,6833.00000000,7060.22000000,5541.15586900,2018-04-02 07:59:59.999,38501208.15576859,35445,2942.32690100,20449826.53627553,0
2018-04-02 08:00:00,7065.01000000,7125.00000000,7007.72000000,7046.01000000,5499.03243100,2018-04-02 11:59:59.999,38833694.87608451,36370,2669.85938400,18858840.42956864,0
2018-04-02 12:00:00,7046.00000000,7061.40000000,6873.32000000,7020.72000000,6365.09645700,2018-04-02 15:59:59.999,44419194.36197852,38595,2995.23313800,20909970.87832483,0
2018-04-02 16:00:00,7020.72000000,7048.89000000,6941.00000000,6989.80000000,4484.63832600,2018-04-02 19:59:59.999,31341406.18996905,30990,2286.79093700,15987380.07478878,0
2018-04-02 20:00:00,6989.80000000,7070.00000000,6890.00000000,7056.00000000,4510.43301000,2018-04-02 23:59:59.999,31521886.22290142,31857,2340.74516400,16371743.98948355,0
2018-04-03 00:00:00,7063.97000000,7188.99000000,7011.01000000,7180.01000000,5189.87384500,2018-04-03 03:59:59.999,36863330.11218913,33079,2778.32652600,19732856.17403580,0
2018-04-03 04:00:00,7183.01000000,7447.99000000,7180.01000000,7395.00000000,8721.10585700,2018-04-03 07:59:59.999,63838695.47975648,52522,4643.88082100,33996895.13895806,0
2018-04-03 08:00:00,7396.94000000,7422.63000000,7252.00000000,7307.48000000,6336.40736500,2018-04-03 11:59:59.999,46539085.45188674,41937,2880.10978700,21148125.28773599,0
2018-04-03 12:00:00,7302.03000000,7432.40000000,7277.00000000,7370.01000000,5993.20276000,2018-04-03 15:59:59.999,44089416.37552476,40355,3069.51088000,22586312.87913149,0
2018-04-03 16:00:00,7370.01000000,7520.00000000,7353.00000000,7467.11000000,6590.65015400,2018-04-03 19:59:59.999,49026166.24097583,45036,3365.77049200,25040620.11862584,0
2018-04-03 20:00:00,7467.12000000,7499.00000000,7345.00000000,7405.21000000,4956.09183000,2018-04-03 23:59:59.999,36723379.10137980,35214,2481.25197900,18387423.51518882,0
2018-04-04 00:00:00,7405.21000000,7427.52000000,7223.00000000,7295.71000000,6660.71076000,2018-04-04 03:59:59.999,48757882.90500847,42822,3152.32526100,23077306.27060025,0
2018-04-04 04:00:00,7295.72000000,7382.31000000,7261.41000000,7304.31000000,4074.91667000,2018-04-04 07:59:59.999,29866248.27578938,29340,2050.00024900,15027234.40501799,0
2018-04-04 08:00:00,7304.26000000,7338.00000000,7001.00000000,7058.00000000,9403.69461800,2018-04-04 11:59:59.999,66996549.76510981,56546,4141.88625500,29492808.14227781,0
2018-04-04 12:00:00,7055.00000000,7123.98000000,6766.00000000,6785.00000000,9731.86781800,2018-04-04 15:59:59.999,67596163.64625815,63440,4506.22814400,31310350.86721744,0
2018-04-04 16:00:00,6785.00000000,6918.00000000,6721.00000000,6854.41000000,7450.39715300,2018-04-04 19:59:59.999,50849977.81751560,50970,4036.61725900,27561497.91313560,0
2018-04-04 20:00:00,6857.86000000,6900.00000000,6707.00000000,6796.10000000,4905.59678500,2018-04-04 23:59:59.999,33376760.33644106,34131,2412.34503500,16421781.01170760,0
2018-04-05 00:00:00,6796.10000000,6825.00000000,6566.69000000,6776.99000000,7639.14111500,2018-04-05 03:59:59.999,50915527.54748410,48981,3474.37096200,23160346.22591828,0
2018-04-05 04:00:00,6776.99000000,6870.00000000,6709.00000000,6792.52000000,7280.08140300,2018-04-05 07:59:59.999,49500671.57085991,42387,3614.59805100,24578953.82308588,0
2018-04-05 08:00:00,6792.49000000,6902.00000000,6750.00000000,6779.00000000,5739.60948100,2018-04-05 11:59:59.999,39147258.16876303,34682,2814.72668900,19200385.59900297,0
2018-04-05 12:00:00,6778.99000000,6899.00000000,6612.11000000,6749.53000000,8966.53485200,2018-04-05 15:59:59.999,60493767.81038324,51544,4111.01421100,27769434.06656564,0
2018-04-05 16:00:00,6747.99000000,6800.00000000,6660.00000000,6760.96000000,5184.30442800,2018-04-05 19:59:59.999,34851016.17792072,33474,2672.49750600,17975108.33439998,0
2018-04-05 20:00:00,6760.96000000,6840.00000000,6671.00000000,6770.76000000,4220.06018100,2018-04-05 23:59:59.999,28538699.85671320,27408,2303.89529300,15586538.81748783,0
2018-04-06 00:00:00,6770.00000000,6850.00000000,6718.00000000,6760.00000000,4119.84768000,2018-04-06 03:59:59.999,27915203.00636968,23914,2010.39770300,13635086.77385053,0
2018-04-06 04:00:00,6755.24000000,6848.00000000,6529.68000000,6622.05000000,7606.17873500,2018-04-06 07:59:59.999,50615598.44927291,45079,3503.99299500,23330401.91371905,0
2018-04-06 08:00:00,6621.04000000,6657.86000000,6500.00000000,6600.00000000,5573.38009500,2018-04-06 11:59:59.999,36679647.61014012,29875,2718.78105300,17904163.27992506,0
2018-04-06 12:00:00,6600.00000000,6634.88000000,6540.00000000,6580.01000000,3969.82553200,2018-04-06 15:59:59.999,26149274.69450404,24232,2087.37149600,13755133.77795292,0
2018-04-06 16:00:00,6583.00000000,6627.00000000,6565.83000000,6618.39000000,3265.18992900,2018-04-06 19:59:59.999,21546766.00675287,19639,1762.27584400,11631154.47035131,0
2018-04-06 20:00:00,6618.37000000,6622.72000000,6516.67000000,6601.39000000,2920.58994900,2018-04-06 23:59:59.999,19233310.04161946,19717,1695.24437100,11168103.58312496,0
2018-04-07 00:00:00,6601.39000000,6880.00000000,6586.28000000,6864.32000000,7085.55576300,2018-04-07 03:59:59.999,48046393.20931060,35715,3956.38690000,26818581.82663624,0
2018-04-07 04:00:00,6866.52000000,6888.00000000,6818.00000000,6864.08000000,4551.57510900,2018-04-07 07:59:59.999,31201927.60774825,22692,2224.81014400,15253974.47612847,0
2018-04-07 08:00:00,6864.08000000,6929.86000000,6821.00000000,6862.04000000,4586.75511900,2018-04-07 11:59:59.999,31525492.76272374,25964,2406.74609700,16542764.43830991,0
2018-04-07 12:00:00,6862.04000000,7033.99000000,6760.00000000,7010.00000000,6478.28839400,2018-04-07 15:59:59.999,44711276.46715226,38290,3389.11837600,23397484.52002810,0
2018-04-07 16:00:00,7003.98000000,7070.00000000,6952.05000000,6988.99000000,5820.45551400,2018-04-07 19:59:59.999,40807198.19241361,32087,2670.20989600,18717569.30941372,0
2018-04-07 20:00:00,6988.99000000,7019.56000000,6850.01000000,6895.80000000,3746.94836800,2018-04-07 23:59:59.999,26031575.30209938,23829,1813.46481300,12604159.28217509,0
2018-04-08 00:00:00,6895.81000000,6987.15000000,6880.00000000,6964.98000000,2743.59494800,2018-04-08 03:59:59.999,19037402.55809345,17028,1506.21997200,10453969.32539402,0
2018-04-08 04:00:00,6960.11000000,7050.00000000,6891.79000000,6939.00000000,3098.42269100,2018-04-08 07:59:59.999,21567432.67809165,19767,1677.79965300,11683079.10626071,0
2018-04-08 08:00:00,6939.00000000,7100.00000000,6924.30000000,7099.85000000,4807.76711900,2018-04-08 11:59:59.999,33677857.02091045,39487,2476.04441400,17357750.20699437,0
2018-04-08 12:00:00,7100.00000000,7109.13000000,7019.09000000,7049.93000000,4124.30646800,2018-04-08 15:59:59.999,29155420.82809464,28270,1980.10754400,13999430.11157183,0
2018-04-08 16:00:00,7047.01000000,7049.93000000,6937.03000000,6994.42000000,4096.42135500,2018-04-08 19:59:59.999,28635373.05032323,27075,2199.49986100,15373967.81403514,0
2018-04-08 20:00:00,6989.97000000,7053.09000000,6942.84000000,7018.00000000,2557.16058400,2018-04-08 23:59:59.999,17893860.52717657,20834,1371.94450200,9600301.90830051,0
2018-04-09 00:00:00,7011.04000000,7165.21000000,7011.02000000,7131.85000000,5554.40666800,2018-04-09 03:59:59.999,39456345.06248859,33693,3043.95961200,21621793.76855400,0
2018-04-09 04:00:00,7131.78000000,7160.00000000,7084.00000000,7125.00000000,3480.92686700,2018-04-09 07:59:59.999,24796824.14367617,23442,1873.98019500,13353148.74449815,0
2018-04-09 08:00:00,7129.79000000,7185.00000000,6691.18000000,6745.00000000,10472.41419500,2018-04-09 11:59:59.999,72165655.08705752,66343,4786.49039400,32974700.89270037,0
2018-04-09 12:00:00,6740.00000000,6792.00000000,6676.50000000,6738.98000000,6897.79888800,2018-04-09 15:59:59.999,46412629.84298917,37091,3545.73472100,23854571.73093427,0
2018-04-09 16:00:00,6738.98000000,6767.99000000,6650.01000000,6672.08000000,3585.05294600,2018-04-09 19:59:59.999,24122194.00239181,25384,1726.99930300,11629181.81661654,0
2018-04-09 20:00:00,6677.04000000,6795.00000000,6611.00000000,6782.72000000,4087.69764200,2018-04-09 23:59:59.999,27356305.61173110,26716,2069.26437100,13856183.09324831,0
2018-04-10 00:00:00,6781.55000000,6809.55000000,6706.02000000,6805.63000000,3012.56435300,2018-04-10 03:59:59.999,20365604.88026022,18268,1646.22277700,11130091.97623740,0
2018-04-10 04:00:00,6808.68000000,6820.00000000,6670.25000000,6715.51000000,4122.80189800,2018-04-10 07:59:59.999,27806772.64560435,24062,2018.10810800,13612528.13870924,0
2018-04-10 08:00:00,6717.32000000,6788.62000000,6656.00000000,6735.00000000,3672.96859700,2018-04-10 11:59:59.999,24708633.12718624,24359,1887.49009100,12704252.91495437,0
2018-04-10 12:00:00,6735.00000000,6870.99000000,6719.91000000,6837.54000000,4525.57380700,2018-04-10 15:59:59.999,30742103.30353425,31104,2361.45097200,16037244.99075961,0
2018-04-10 16:00:00,6835.65000000,6874.00000000,6809.60000000,6844.93000000,3554.33712400,2018-04-10 19:59:59.999,24323615.41071381,25871,1797.19105400,12299826.06682514,0
2018-04-10 20:00:00,6844.93000000,6890.00000000,6768.01000000,6843.90000000,3438.48231600,2018-04-10 23:59:59.999,23471114.89909792,24091,1745.98493400,11920449.47176599,0
2018-04-11 00:00:00,6839.56000000,6872.71000000,6800.00000000,6818.79000000,3379.43142600,2018-04-11 03:59:59.999,23124319.16400374,19934,1787.82845300,12235891.47716197,0
2018-04-11 04:00:00,6818.79000000,6867.40000000,6787.00000000,6846.89000000,3131.71036300,2018-04-11 07:59:59.999,21396793.76845942,20249,1600.31235800,10938111.33779478,0
2018-04-11 08:00:00,6846.89000000,6869.34000000,6800.00000000,6851.97000000,3744.03205400,2018-04-11 11:59:59.999,25625579.09540444,23411,2011.07890400,13768664.38422519,0
2018-04-11 12:00:00,6851.53000000,6990.00000000,6840.00000000,6927.06000000,5487.95692400,2018-04-11 15:59:59.999,38017928.44800017,37269,2657.43843600,18410654.11500985,0
2018-04-11 16:00:00,6927.06000000,6936.00000000,6862.60000000,6910.63000000,4428.53827300,2018-04-11 19:59:59.999,30590846.02831586,28990,2312.84644800,15978767.91255705,0
2018-04-11 20:00:00,6914.97000000,6987.41000000,6878.14000000,6953.79000000,3826.20213700,2018-04-11 23:59:59.999,26508536.90852242,25754,2161.15431100,14977467.29061398,0
2018-04-12 00:00:00,6953.78000000,6980.00000000,6885.00000000,6965.20000000,4364.29207000,2018-04-12 03:59:59.999,30308368.51977178,30972,2393.87354100,16629142.57999339,0
2018-04-12 04:00:00,6965.21000000,6985.00000000,6743.20000000,6826.61000000,7045.78097100,2018-04-12 07:59:59.999,48378112.84143795,45426,3241.65196900,22271886.38522090,0
2018-04-12 08:00:00,6826.62000000,8012.23000000,6802.70000000,7690.00000000,20236.74459600,2018-04-12 11:59:59.999,150291178.20407924,127230,10942.83854600,81124819.54197844,0
2018-04-12 12:00:00,7685.55000000,7780.00000000,7569.83000000,7614.21000000,16124.31305600,2018-04-12 15:59:59.999,123625537.04525503,89574,7821.86011600,59976056.06047078,0
2018-04-12 16:00:00,7618.00000000,7775.00000000,7542.00000000,7700.00000000,8247.47460100,2018-04-12 19:59:59.999,63253050.43175984,48300,4385.34217700,33643994.20451707,0
2018-04-12 20:00:00,7699.97000000,7986.10000000,7694.05000000,7923.00000000,8842.99069300,2018-04-12 23:59:59.999,69320005.44703185,63086,4413.30143600,34597587.69519002,0
2018-04-13 00:00:00,7922.99000000,7994.96000000,7732.00000000,7832.99000000,7908.42677700,2018-04-13 03:59:59.999,62257896.73779752,52979,4025.02741500,31693122.65015076,0
2018-04-13 04:00:00,7832.99000000,8195.84000000,7751.00000000,8093.01000000,8485.71388900,2018-04-13 07:59:59.999,67054211.67717732,51867,4686.52211400,37018703.57282587,0
2018-04-13 08:00:00,8100.00000000,8170.00000000,8005.00000000,8091.00000000,10628.53591900,2018-04-13 11:59:59.999,86119829.94198973,64483,4783.43195300,38767395.39549922,0
2018-04-13 12:00:00,8091.40000000,8233.39000000,8013.27000000,8125.00000000,10318.28821500,2018-04-13 15:59:59.999,83770771.46784246,60101,5422.26565700,44048486.70096403,0
2018-04-13 16:00:00,8125.41000000,8168.00000000,8050.00000000,8094.00000000,5340.21966800,2018-04-13 19:59:59.999,43277619.71064697,40412,2547.53624200,20658235.07369132,0
2018-04-13 20:00:00,8093.82000000,8109.90000000,7768.47000000,7877.41000000,12363.33868000,2018-04-13 23:59:59.999,97404193.17649487,82063,6020.29966300,47429165.66916804,0
2018-04-14 00:00:00,7877.48000000,8095.00000000,7810.00000000,8044.66000000,6235.10753100,2018-04-14 03:59:59.999,49762995.54916347,38356,3425.94970200,27357338.24816312,0
2018-04-14 04:00:00,8044.67000000,8186.00000000,7935.15000000,8127.74000000,5787.75560700,2018-04-14 07:59:59.999,46517442.19979689,34236,3025.14976300,24311552.59976486,0
2018-04-14 08:00:00,8129.99000000,8175.00000000,7915.00000000,7965.32000000,5698.79876100,2018-04-14 11:59:59.999,45794079.90752956,34146,2703.42485500,21735871.22308597,0
2018-04-14 12:00:00,7965.00000000,7993.99000000,7849.46000000,7955.01000000,6347.67146800,2018-04-14 15:59:59.999,50312829.06053633,34006,3115.30190700,24697761.34593967,0
2018-04-14 16:00:00,7955.02000000,8046.63000000,7917.00000000,8022.00000000,3868.61951000,2018-04-14 19:59:59.999,30868004.93836276,25462,2135.99202300,17046750.34416408,0
2018-04-14 20:00:00,8022.00000000,8090.23000000,7941.00000000,7999.01000000,3683.33348000,2018-04-14 23:59:59.999,29613409.66522728,28294,1877.64779500,15099787.55451841,0
2018-04-15 00:00:00,8004.00000000,8133.00000000,7999.02000000,8083.99000000,4295.49876500,2018-04-15 03:59:59.999,34742898.76068088,25918,2252.86598300,18221067.83401397,0
2018-04-15 04:00:00,8084.00000000,8150.00000000,8050.00000000,8074.99000000,3247.41926200,2018-04-15 07:59:59.999,26324753.83583440,22247,1631.00052000,13225502.33407892,0
2018-04-15 08:00:00,8074.91000000,8429.54000000,8072.10000000,8330.00000000,7405.71116200,2018-04-15 11:59:59.999,61162636.43106509,47969,4117.00820000,33983580.12055797,0
2018-04-15 12:00:00,8330.00000000,8380.00000000,8230.00000000,8269.99000000,6304.81166300,2018-04-15 15:59:59.999,52471582.88105469,38564,3052.89910100,25418755.15012388,0
2018-04-15 16:00:00,8269.00000000,8349.00000000,8254.95000000,8300.01000000,3614.58901500,2018-04-15 19:59:59.999,29981586.59364395,25569,1866.56116100,15485540.61993767,0
2018-04-15 20:00:00,8305.55000000,8365.87000000,8277.57000000,8355.00000000,3078.69057700,2018-04-15 23:59:59.999,25603641.08202317,21511,1699.12913600,14134585.11293465,0
2018-04-16 00:00:00,8355.07000000,8419.00000000,8076.19000000,8146.90000000,8509.15220500,2018-04-16 03:59:59.999,70015991.00789590,49920,3924.56458800,32295297.55456058,0
2018-04-16 04:00:00,8144.73000000,8151.00000000,8000.00000000,8110.00000000,6751.27860600,2018-04-16 07:59:59.999,54490247.86120115,38641,3229.79279400,26082851.60261416,0
2018-04-16 08:00:00,8110.21000000,8138.53000000,8016.33000000,8086.00000000,4816.13940600,2018-04-16 11:59:59.999,38944449.48466781,29564,2192.94366900,17738470.74541070,0
2018-04-16 12:00:00,8086.00000000,8087.11000000,7867.00000000,7971.99000000,8586.09453800,2018-04-16 15:59:59.999,68291601.59339493,50027,4149.42023100,32999326.53435802,0
2018-04-16 16:00:00,7971.98000000,8056.00000000,7924.65000000,7983.99000000,4672.13409300,2018-04-16 19:59:59.999,37397322.29337866,30381,2638.24035400,21127100.99287000,0
2018-04-16 20:00:00,7983.97000000,8086.01000000,7935.99000000,8064.92000000,3329.27086700,2018-04-16 23:59:59.999,26677924.23441432,28215,1777.97681900,14247292.88262742,0
2018-04-17 00:00:00,8064.92000000,8083.61000000,7956.17000000,8045.78000000,4034.36391500,2018-04-17 03:59:59.999,32411725.85982361,26376,2065.59447100,16600856.31102214,0
2018-04-17 04:00:00,8049.90000000,8172.76000000,7960.00000000,8138.45000000,5071.34264500,2018-04-17 07:59:59.999,40865131.13796996,37452,2635.30952400,21236265.49465408,0
2018-04-17 08:00:00,8143.72000000,8173.70000000,8064.52000000,8124.87000000,5426.33936800,2018-04-17 11:59:59.999,44094214.06878740,35173,2520.52216100,20481247.26369928,0
2018-04-17 12:00:00,8124.87000000,8156.00000000,8051.00000000,8088.63000000,5004.78937200,2018-04-17 15:59:59.999,40588406.45813214,35869,2586.51494600,20981092.99275588,0
2018-04-17 16:00:00,8088.63000000,8134.00000000,7836.40000000,7874.01000000,7112.79127300,2018-04-17 19:59:59.999,56770914.46930698,50385,3254.25457800,25993683.46577101,0
2018-04-17 20:00:00,7874.00000000,7951.49000000,7825.40000000,7885.02000000,5502.97699400,2018-04-17 23:59:59.999,43491373.57969339,35973,2600.59934000,20552353.11525686,0
2018-04-18 00:00:00,7890.96000000,7979.00000000,7868.07000000,7947.71000000,2895.64838000,2018-04-18 03:59:59.999,22975107.58054944,19241,1560.21168900,12380658.22283762,0
2018-04-18 04:00:00,7947.74000000,8149.89000000,7868.00000000,8107.23000000,5703.81604500,2018-04-18 07:59:59.999,45765206.34220014,36433,2999.85332100,24076196.55411663,0
2018-04-18 08:00:00,8113.51000000,8120.00000000,8067.02000000,8103.00000000,3931.82344900,2018-04-18 11:59:59.999,31819817.23309885,27171,2105.33922800,17040352.93887077,0
2018-04-18 12:00:00,8104.00000000,8117.81000000,7931.01000000,7994.00000000,4710.53276300,2018-04-18 15:59:59.999,37877661.72693331,32872,2372.62500600,19098775.90218965,0
2018-04-18 16:00:00,7994.00000000,8149.78000000,7985.01000000,8116.65000000,4444.47905100,2018-04-18 19:59:59.999,36007192.81234856,30241,2528.03122600,20487177.43411077,0
2018-04-18 20:00:00,8116.01000000,8236.43000000,8097.00000000,8173.00000000,5282.74488200,2018-04-18 23:59:59.999,43204174.41504863,37514,2993.09181900,24482156.89356545,0
2018-04-19 00:00:00,8173.99000000,8290.00000000,8100.00000000,8185.00000000,5338.76455700,2018-04-19 03:59:59.999,43674527.52117663,34238,2559.72730800,20946606.81320405,0
2018-04-19 04:00:00,8184.99000000,8249.00000000,8080.00000000,8166.97000000,5047.47899800,2018-04-19 07:59:59.999,41242674.84620253,37299,2623.83756600,21447307.91333019,0
2018-04-19 08:00:00,8166.97000000,8259.00000000,8143.02000000,8207.01000000,4884.57488600,2018-04-19 11:59:59.999,40116482.74535056,32208,2542.11985700,20880820.38396045,0
2018-04-19 12:00:00,8207.00000000,8270.00000000,8171.56000000,8239.02000000,4169.12604600,2018-04-19 15:59:59.999,34296053.35172769,31118,2083.94864400,17148540.56589402,0
2018-04-19 16:00:00,8235.45000000,8296.00000000,8230.01000000,8249.95000000,4177.75347500,2018-04-19 19:59:59.999,34496115.99336480,32147,2137.26579100,17651856.22720742,0
2018-04-19 20:00:00,8249.95000000,8294.99000000,8189.00000000,8278.00000000,3496.14950200,2018-04-19 23:59:59.999,28849251.33063199,29811,1800.69676200,14864089.79919222,0
2018-04-20 00:00:00,8273.84000000,8398.00000000,8270.32000000,8331.03000000,5703.37585800,2018-04-20 03:59:59.999,47578929.72200148,44378,2870.70883400,23949061.00939907,0
2018-04-20 04:00:00,8331.30000000,8348.98000000,8177.09000000,8319.97000000,7471.78614500,2018-04-20 07:59:59.999,61865366.43456452,53631,4000.95912100,33131579.34974938,0
2018-04-20 08:00:00,8319.92000000,8540.37000000,8267.01000000,8515.01000000,7561.73107700,2018-04-20 11:59:59.999,63698714.84312996,50933,4215.03499900,35508901.65800835,0
2018-04-20 12:00:00,8515.00000000,8577.90000000,8431.86000000,8459.99000000,6055.74956000,2018-04-20 15:59:59.999,51480539.86839431,42556,2977.09164600,25311293.20806460,0
2018-04-20 16:00:00,8458.00000000,8539.63000000,8446.00000000,8518.00000000,3722.00541700,2018-04-20 19:59:59.999,31656967.17497182,30038,2014.15076200,17131836.21559280,0
2018-04-20 20:00:00,8518.00000000,8930.00000000,8490.00000000,8856.98000000,9280.68942800,2018-04-20 23:59:59.999,81008062.38265087,68151,5009.95831100,43769922.91433110,0
2018-04-21 00:00:00,8852.12000000,8928.00000000,8730.00000000,8862.00000000,6720.95737500,2018-04-21 03:59:59.999,59322899.30409416,47750,3598.35204000,31765988.37403409,0
2018-04-21 04:00:00,8858.00000000,9035.00000000,8839.99000000,8874.88000000,5496.56585500,2018-04-21 07:59:59.999,48995833.38843514,40220,2861.63947500,25514125.07066217,0
2018-04-21 08:00:00,8874.87000000,8888.00000000,8565.00000000,8700.00000000,13840.66309800,2018-04-21 11:59:59.999,120579286.61250351,94630,6828.48782900,59489150.03873958,0
2018-04-21 12:00:00,8700.01000000,8846.63000000,8680.00000000,8828.20000000,6781.07588200,2018-04-21 15:59:59.999,59390302.64121034,46778,3495.41843200,30619271.08795549,0
2018-04-21 16:00:00,8828.13000000,8874.00000000,8706.50000000,8792.47000000,4427.73643200,2018-04-21 19:59:59.999,38893138.38270590,35456,2294.22367500,20156891.32532479,0
2018-04-21 20:00:00,8792.47000000,8930.00000000,8707.00000000,8915.31000000,3605.23126700,2018-04-21 23:59:59.999,31734517.77508486,30540,2067.72094000,18207838.98775811,0
2018-04-22 00:00:00,8915.31000000,8915.33000000,8786.80000000,8811.00000000,3652.42334000,2018-04-22 03:59:59.999,32287995.74075958,28944,1896.78048900,16771637.84381642,0
2018-04-22 04:00:00,8814.00000000,8904.99000000,8794.62000000,8875.00000000,2768.93910300,2018-04-22 07:59:59.999,24513816.18758141,24716,1522.55561200,13480205.54502879,0
2018-04-22 08:00:00,8875.00000000,9020.00000000,8862.22000000,8916.01000000,5946.71866900,2018-04-22 11:59:59.999,53148356.94044583,44141,3206.92759500,28674218.77404313,0
2018-04-22 12:00:00,8916.01000000,8998.00000000,8768.79000000,8940.67000000,6698.69850700,2018-04-22 15:59:59.999,59590467.43981437,50455,3267.21619100,29086029.78226787,0
2018-04-22 16:00:00,8940.67000000,9020.67000000,8850.00000000,8881.00000000,5135.03226600,2018-04-22 19:59:59.999,45828163.64991398,40058,2569.69710500,22949476.98496281,0
2018-04-22 20:00:00,8881.00000000,8928.00000000,8727.68000000,8787.02000000,5256.44159500,2018-04-22 23:59:59.999,46435572.95083192,41557,2474.72212400,21868669.42526876,0
2018-04-23 00:00:00,8785.70000000,8888.00000000,8745.00000000,8861.52000000,4113.06167700,2018-04-23 03:59:59.999,36324035.64394087,27797,2180.73555400,19262304.30989422,0
2018-04-23 04:00:00,8861.52000000,8970.01000000,8821.01000000,8942.39000000,4592.40437800,2018-04-23 07:59:59.999,40860410.51686547,32473,2192.58139500,19506956.01496030,0
2018-04-23 08:00:00,8942.00000000,8957.04000000,8831.00000000,8910.02000000,4925.65922100,2018-04-23 11:59:59.999,43840904.60114106,39779,2352.02995200,20944230.62133711,0
2018-04-23 12:00:00,8910.02000000,8985.00000000,8858.08000000,8898.00000000,4985.30539700,2018-04-23 15:59:59.999,44466467.72358238,36821,2539.82934600,22664506.11378860,0
2018-04-23 16:00:00,8898.00000000,8938.21000000,8800.60000000,8847.37000000,4009.37006500,2018-04-23 19:59:59.999,35636153.14840806,30560,2050.05451700,18228533.57359529,0
2018-04-23 20:00:00,8847.37000000,8949.98000000,8825.01000000,8934.01000000,3212.31397100,2018-04-23 23:59:59.999,28626668.96274991,23514,1931.37429500,17216523.19428864,0
2018-04-24 00:00:00,8934.00000000,9230.15000000,8922.00000000,9192.47000000,8920.52672500,2018-04-24 03:59:59.999,81551093.96635702,60132,4988.50111300,45575283.77202914,0
2018-04-24 04:00:00,9192.48000000,9300.00000000,9177.00000000,9216.00000000,6142.36724400,2018-04-24 07:59:59.999,56736702.65250087,45459,3225.32264500,29796038.17310559,0
2018-04-24 08:00:00,9217.98000000,9349.00000000,9216.00000000,9294.57000000,5552.90810400,2018-04-24 11:59:59.999,51559139.09367301,41341,2885.42914800,26796054.32113850,0
2018-04-24 12:00:00,9294.59000000,9420.00000000,9155.00000000,9347.77000000,9491.18800800,2018-04-24 15:59:59.999,88294811.67091617,62631,4717.32335200,43906811.21805130,0
2018-04-24 16:00:00,9347.78000000,9455.00000000,9293.29000000,9449.90000000,6519.49472500,2018-04-24 19:59:59.999,61128979.57171973,48181,3488.87954700,32729435.23416626,0
2018-04-24 20:00:00,9452.00000000,9731.01000000,9400.04000000,9619.99000000,9642.30530000,2018-04-24 23:59:59.999,91939321.10733673,68864,5479.25463500,52258242.57461340,0
2018-04-25 00:00:00,9618.96000000,9759.82000000,9323.02000000,9347.99000000,14015.35277400,2018-04-25 03:59:59.999,134322299.26080318,83647,6754.06854700,64817852.07883997,0
2018-04-25 04:00:00,9349.99000000,9500.00000000,9110.00000000,9416.39000000,15935.46409700,2018-04-25 07:59:59.999,148811212.67391642,95569,7450.11396000,69626321.95038837,0
2018-04-25 08:00:00,9415.00000000,9438.54000000,8960.00000000,9144.03000000,15412.11236000,2018-04-25 11:59:59.999,141117044.66703078,91882,7251.19693200,66447614.86721009,0
2018-04-25 12:00:00,9137.00000000,9210.21000000,8730.00000000,8972.09000000,18176.96115900,2018-04-25 15:59:59.999,162822889.70857718,99325,8760.23609900,78490429.13772903,0
2018-04-25 16:00:00,8972.09000000,9089.00000000,8846.00000000,8969.98000000,8529.01279200,2018-04-25 19:59:59.999,76526996.32946265,50198,4234.25782400,37991896.37105739,0
2018-04-25 20:00:00,8969.55000000,9185.01000000,8770.00000000,8869.99000000,9041.13440700,2018-04-25 23:59:59.999,81537320.32907675,56742,4374.14044400,39477391.28748132,0
2018-04-26 00:00:00,8869.99000000,8899.00000000,8660.00000000,8808.02000000,8897.68409500,2018-04-26 03:59:59.999,78233593.04517933,53601,4532.23652300,39870534.29022962,0
2018-04-26 04:00:00,8812.70000000,8977.00000000,8771.00000000,8847.97000000,7692.14356100,2018-04-26 07:59:59.999,68297897.27874554,43663,3978.10375800,35319362.61214706,0
2018-04-26 08:00:00,8847.97000000,8917.51000000,8651.62000000,8857.01000000,8018.56505300,2018-04-26 11:59:59.999,70407674.57676334,52410,4174.33600000,36665604.57375241,0
2018-04-26 12:00:00,8858.51000000,8945.00000000,8740.01000000,8806.10000000,5701.62336700,2018-04-26 15:59:59.999,50398037.66797382,42497,2849.70639200,25192950.72621210,0
2018-04-26 16:00:00,8806.10000000,8925.00000000,8775.89000000,8881.54000000,3963.19235500,2018-04-26 19:59:59.999,35136822.57460596,32995,2111.15220100,18718537.51821341,0
2018-04-26 20:00:00,8880.00000000,9307.48000000,8880.00000000,9266.00000000,9027.09581400,2018-04-26 23:59:59.999,82572622.99459813,60684,4995.13426300,45691898.51959688,0
2018-04-27 00:00:00,9267.03000000,9297.00000000,9123.25000000,9143.01000000,6271.10797000,2018-04-27 03:59:59.999,57879464.49454308,40413,3266.54816100,30154552.72876176,0
2018-04-27 04:00:00,9143.01000000,9265.70000000,9104.88000000,9240.97000000,5121.25552200,2018-04-27 07:59:59.999,47174209.79365340,34483,2549.32408800,23475549.36416044,0
2018-04-27 08:00:00,9240.97000000,9395.00000000,9230.00000000,9309.00000000,6239.52513200,2018-04-27 11:59:59.999,58158536.64307308,41148,3298.45998300,30742400.45260956,0
2018-04-27 12:00:00,9308.90000000,9355.00000000,9150.10000000,9241.21000000,6595.46695800,2018-04-27 15:59:59.999,61028176.35129987,51357,3206.58038700,29679772.60967799,0
2018-04-27 16:00:00,9241.20000000,9328.26000000,9075.01000000,9089.00000000,5616.83476500,2018-04-27 19:59:59.999,51877830.33814231,48751,2545.99415000,23535957.42432427,0
2018-04-27 20:00:00,9089.12000000,9163.38000000,8889.00000000,8915.35000000,7397.15668900,2018-04-27 23:59:59.999,66687456.93104839,52319,3650.69750600,32915430.14404466,0
2018-04-28 00:00:00,8915.35000000,9196.32000000,8870.00000000,9155.00000000,5459.60649500,2018-04-28 03:59:59.999,49420178.92752692,36647,2592.01819100,23483991.00105549,0
2018-04-28 04:00:00,9155.01000000,9215.66000000,9108.99000000,9126.22000000,4402.85624300,2018-04-28 07:59:59.999,40327994.04701055,32667,2322.10060100,21274762.85002388,0
2018-04-28 08:00:00,9121.05000000,9330.00000000,9081.02000000,9218.57000000,7134.42610900,2018-04-28 11:59:59.999,65915198.45792265,47299,3623.76614400,33489401.35073934,0
2018-04-28 12:00:00,9218.57000000,9427.48000000,9210.00000000,9360.00000000,7909.22863100,2018-04-28 15:59:59.999,73872573.17359600,57231,4357.48168700,40723089.00029794,0
2018-04-28 16:00:00,9360.00000000,9410.00000000,9260.00000000,9393.00000000,5649.45640100,2018-04-28 19:59:59.999,52825938.65636008,44709,3154.39372100,29501073.19475761,0
2018-04-28 20:00:00,9393.00000000,9427.48000000,9258.00000000,9348.00000000,4204.05454100,2018-04-28 23:59:59.999,39291982.93777247,38735,2201.87110700,20597352.51052252,0
2018-04-29 00:00:00,9348.00000000,9570.51000000,9340.00000000,9484.26000000,7309.69418500,2018-04-29 03:59:59.999,69278595.94515104,55828,4360.53200200,41326588.19469359,0
2018-04-29 04:00:00,9484.24000000,9533.98000000,9400.11000000,9443.20000000,4986.46448700,2018-04-29 07:59:59.999,47232104.89028692,42024,2452.10469300,23234143.37404123,0
2018-04-29 08:00:00,9443.20000000,9480.00000000,9163.74000000,9265.00000000,12131.54188400,2018-04-29 11:59:59.999,112569721.18931501,87382,5492.58554000,50969710.98388269,0
2018-04-29 12:00:00,9265.00000000,9382.62000000,9205.00000000,9337.06000000,6078.64218000,2018-04-29 15:59:59.999,56535975.10943964,53593,3071.77605100,28578438.29738902,0
2018-04-29 16:00:00,9331.52000000,9368.00000000,9230.23000000,9320.07000000,4050.03632500,2018-04-29 19:59:59.999,37717458.26544256,38468,2092.45720500,19497102.43400857,0
2018-04-29 20:00:00,9326.99000000,9438.00000000,9290.92000000,9419.00000000,3593.47097400,2018-04-29 23:59:59.999,33671040.56405109,34199,1895.48969100,17760670.53557104,0
2018-04-30 00:00:00,9417.04000000,9458.64000000,9235.00000000,9269.85000000,5879.03753800,2018-04-30 03:59:59.999,55172749.38102384,50625,3003.09840400,28202971.87041251,0
2018-04-30 04:00:00,9274.00000000,9369.21000000,9180.00000000,9222.01000000,7591.11257200,2018-04-30 07:59:59.999,70426628.37845799,57310,3488.56253200,32373082.19416879,0
2018-04-30 08:00:00,9222.02000000,9285.90000000,9124.99000000,9276.00000000,6087.82591300,2018-04-30 11:59:59.999,56090959.41251137,48687,3198.64830000,29475570.10381222,0
2018-04-30 12:00:00,9276.00000000,9327.00000000,9240.00000000,9318.06000000,4878.77254400,2018-04-30 15:59:59.999,45315964.23812225,38491,2406.11197500,22349810.47208097,0
2018-04-30 16:00:00,9318.41000000,9369.18000000,9277.37000000,9337.55000000,4650.14828500,2018-04-30 19:59:59.999,43368596.89277488,37667,2393.97265700,22331949.14816042,0
2018-04-30 20:00:00,9337.55000000,9345.00000000,9165.96000000,9246.01000000,5915.13702300,2018-04-30 23:59:59.999,54644490.94705082,53171,2970.79516100,27445689.64952563,0
2018-05-01 00:00:00,9246.01000000,9248.99000000,8870.00000000,8938.01000000,13633.13761000,2018-05-01 03:59:59.999,122687494.65180626,87374,6342.53995100,57058420.65681166,0
2018-05-01 04:00:00,8938.50000000,9022.06000000,8894.00000000,8973.71000000,5084.48244500,2018-05-01 07:59:59.999,45595439.60239671,31381,2455.27196500,22018933.32040522,0
2018-05-01 08:00:00,8980.98000000,9082.08000000,8960.01000000,8975.01000000,5748.78930900,2018-05-01 11:59:59.999,51928641.82541445,36865,2917.28427300,26352739.54356656,0
2018-05-01 12:00:00,8983.94000000,9000.00000000,8800.49000000,8915.09000000,7446.72661600,2018-05-01 15:59:59.999,66300102.15054278,48904,3723.35945000,33166499.96415232,0
2018-05-01 16:00:00,8915.08000000,9038.00000000,8915.08000000,8979.52000000,4278.83483900,2018-05-01 19:59:59.999,38422925.90646354,28145,2332.58760300,20950340.85819707,0
2018-05-01 20:00:00,8986.97000000,9114.59000000,8971.01000000,9071.48000000,4826.49281400,2018-05-01 23:59:59.999,43753745.48506080,36072,2279.12460200,20653070.66954710,0
2018-05-02 00:00:00,9071.48000000,9115.26000000,8970.20000000,9039.06000000,4428.48188800,2018-05-02 03:59:59.999,40049124.95377413,27277,2367.43242900,21409115.10443296,0
2018-05-02 04:00:00,9039.05000000,9170.02000000,9033.27000000,9145.00000000,4182.88068300,2018-05-02 07:59:59.999,38097682.98754303,26700,2427.63251000,22112183.26908649,0
2018-05-02 08:00:00,9145.00000000,9217.30000000,9090.30000000,9170.15000000,4681.34134900,2018-05-02 11:59:59.999,42855028.39150873,33266,2296.12651800,21022023.94476839,0
2018-05-02 12:00:00,9170.15000000,9180.00000000,9031.00000000,9155.00000000,4925.02485100,2018-05-02 15:59:59.999,44857956.77507276,36770,2559.62770300,23323953.62855966,0
2018-05-02 16:00:00,9158.18000000,9172.27000000,9068.50000000,9138.94000000,3409.07343000,2018-05-02 19:59:59.999,31111463.63660370,27159,1725.81316500,15752924.86568277,0
2018-05-02 20:00:00,9135.00000000,9268.00000000,9108.47000000,9247.84000000,4496.74176000,2018-05-02 23:59:59.999,41450577.01361093,37086,2583.82320300,23819443.97076830,0
2018-05-03 00:00:00,9247.81000000,9295.00000000,9188.02000000,9250.90000000,4459.82667000,2018-05-03 03:59:59.999,41224065.04600870,32917,2405.74545600,22240117.34165065,0
2018-05-03 04:00:00,9253.92000000,9315.68000000,9168.40000000,9249.86000000,5557.58843600,2018-05-03 07:59:59.999,51334031.57674387,43390,2643.27741000,24423358.16098939,0
2018-05-03 08:00:00,9249.43000000,9264.27000000,9170.00000000,9224.75000000,4489.59313100,2018-05-03 11:59:59.999,41372437.77287977,30746,2458.11865800,22654900.97372140,0
2018-05-03 12:00:00,9220.00000000,9490.60000000,9207.39000000,9442.28000000,8128.64047900,2018-05-03 15:59:59.999,76289980.28200315,60754,4613.60012600,43284781.36827922,0
2018-05-03 16:00:00,9442.00000000,9779.00000000,9428.38000000,9666.01000000,10766.17799700,2018-05-03 19:59:59.999,103669392.48110297,77499,6126.22174300,58972959.22074523,0
2018-05-03 20:00:00,9670.00000000,9844.00000000,9614.01000000,9750.00000000,5366.56157500,2018-05-03 23:59:59.999,52138458.06840606,37275,2846.17695000,27658235.33700857,0
2018-05-04 00:00:00,9750.00000000,9750.00000000,9520.85000000,9580.00000000,6409.70886900,2018-05-04 03:59:59.999,61639509.70153697,41830,3183.08780200,30613505.50532714,0
2018-05-04 04:00:00,9580.00000000,9733.00000000,9572.00000000,9697.99000000,3601.07465100,2018-05-04 07:59:59.999,34773397.03975274,25871,1826.32728400,17638090.68382809,0
2018-05-04 08:00:00,9697.98000000,9830.04000000,9656.01000000,9765.00000000,5922.37139300,2018-05-04 11:59:59.999,57747044.65111820,43698,3244.75400500,31644296.96506217,0
2018-05-04 12:00:00,9760.33000000,9789.30000000,9570.10000000,9614.67000000,5768.62454200,2018-05-04 15:59:59.999,55829597.42949524,41251,2875.96156900,27839009.25549457,0
2018-05-04 16:00:00,9614.67000000,9711.00000000,9575.00000000,9671.23000000,4076.13670200,2018-05-04 19:59:59.999,39347297.72044390,29111,2090.46158800,20180687.48252481,0
2018-05-04 20:00:00,9671.23000000,9777.14000000,9655.00000000,9713.99000000,2903.67272200,2018-05-04 23:59:59.999,28229151.09081729,28404,1558.90730600,15154820.13014128,0
2018-05-05 00:00:00,9714.00000000,9889.45000000,9682.00000000,9830.32000000,4377.30301200,2018-05-05 03:59:59.999,42914828.39300308,34939,2444.95491800,23978278.77463466,0
2018-05-05 04:00:00,9830.32000000,9888.30000000,9784.89000000,9811.84000000,3308.60261600,2018-05-05 07:59:59.999,32539640.80147590,31010,1645.28774400,16179328.86701309,0
2018-05-05 08:00:00,9810.70000000,9972.00000000,9799.01000000,9900.00000000,4507.50026000,2018-05-05 11:59:59.999,44597755.85661201,38941,2537.34093600,25109158.68976442,0
2018-05-05 12:00:00,9900.56000000,10020.00000000,9890.00000000,9929.99000000,5565.24353600,2018-05-05 15:59:59.999,55442873.87228473,45215,2817.87866300,28079613.82318788,0
2018-05-05 16:00:00,9929.99000000,9970.89000000,9850.00000000,9870.00000000,3631.80271200,2018-05-05 19:59:59.999,35969916.80523362,31174,1787.88156600,17717226.89644224,0
2018-05-05 20:00:00,9867.04000000,9888.88000000,9730.01000000,9864.00000000,3599.56620900,2018-05-05 23:59:59.999,35342547.77785558,30797,1778.50046600,17464035.94544243,0
2018-05-06 00:00:00,9863.99000000,9970.00000000,9854.00000000,9895.99000000,3222.89924300,2018-05-06 03:59:59.999,31971345.04949085,30714,1623.86132300,16110342.14700323,0
2018-05-06 04:00:00,9897.00000000,9930.76000000,9576.41000000,9724.00000000,7090.74459600,2018-05-06 07:59:59.999,68897189.65921893,61564,3045.28081900,29601896.66560895,0
2018-05-06 08:00:00,9724.53000000,9724.53000000,9488.88000000,9539.94000000,5797.24413200,2018-05-06 11:59:59.999,55678943.51129935,42507,2841.91618900,27313439.94019475,0
2018-05-06 12:00:00,9536.98000000,9625.45000000,9417.03000000,9513.93000000,5712.24645100,2018-05-06 15:59:59.999,54491415.98912500,42670,2653.84476100,25330739.63428575,0
2018-05-06 16:00:00,9513.93000000,9650.00000000,9505.41000000,9548.01000000,3414.14198600,2018-05-06 19:59:59.999,32750303.19373714,28548,1825.08842800,17509082.39830298,0
2018-05-06 20:00:00,9548.01000000,9682.28000000,9531.01000000,9659.01000000,2453.07515100,2018-05-06 23:59:59.999,23570222.90071889,23306,1307.51543900,12562269.73983657,0
2018-05-07 00:00:00,9661.02000000,9689.67000000,9252.00000000,9350.02000000,8568.07833000,2018-05-07 03:59:59.999,80346873.77771614,63568,3604.29544800,33831995.34995083,0
2018-05-07 04:00:00,9351.77000000,9390.79000000,9258.00000000,9324.25000000,4546.60827800,2018-05-07 07:59:59.999,42453760.11389722,31074,2320.93733900,21678306.01916526,0
2018-05-07 08:00:00,9319.99000000,9434.80000000,9268.88000000,9339.00000000,5535.90789700,2018-05-07 11:59:59.999,51697901.87299097,36133,2700.75419800,25227044.00257707,0
2018-05-07 12:00:00,9335.88000000,9382.00000000,9181.00000000,9365.28000000,6752.84035000,2018-05-07 15:59:59.999,62830903.26658334,39589,3203.03520900,29803639.86849254,0
2018-05-07 16:00:00,9365.70000000,9465.64000000,9341.04000000,9430.49000000,4592.12924200,2018-05-07 19:59:59.999,43129145.72760645,32420,2255.05378600,21180401.87368353,0
2018-05-07 20:00:00,9432.79000000,9462.79000000,9269.46000000,9365.00000000,3792.07591500,2018-05-07 23:59:59.999,35557376.68303534,27970,1733.97282000,16263948.33201517,0
2018-05-08 00:00:00,9365.00000000,9475.70000000,9358.16000000,9444.00000000,3650.24113400,2018-05-08 03:59:59.999,34413191.24842399,24973,2041.13608900,19243742.93909076,0
2018-05-08 04:00:00,9445.60000000,9445.70000000,9305.00000000,9370.00000000,3421.75791300,2018-05-08 07:59:59.999,32063960.81779260,32145,1686.14403800,15804838.21527487,0
2018-05-08 08:00:00,9370.00000000,9414.40000000,9185.00000000,9198.00000000,5677.68723800,2018-05-08 11:59:59.999,52781013.14397882,38505,2817.76687800,26209345.53361012,0
2018-05-08 12:00:00,9200.00000000,9200.01000000,9060.54000000,9199.60000000,6329.07653200,2018-05-08 15:59:59.999,57809565.58418941,44102,3229.63334800,29507979.04792547,0
2018-05-08 16:00:00,9199.64000000,9271.00000000,9080.00000000,9255.01000000,3750.82950700,2018-05-08 19:59:59.999,34433472.40778706,25806,1941.66642100,17827105.73005232,0
2018-05-08 20:00:00,9255.00000000,9257.00000000,9163.00000000,9187.56000000,2704.23956500,2018-05-08 23:59:59.999,24916952.48476323,23628,1370.20069300,12627071.95701601,0
2018-05-09 00:00:00,9178.00000000,9199.00000000,8984.93000000,9032.08000000,6090.02729700,2018-05-09 03:59:59.999,55336347.40510350,42237,3314.95297500,30139210.47092347,0
2018-05-09 04:00:00,9025.81000000,9099.00000000,8965.00000000,9033.12000000,4515.19538000,2018-05-09 07:59:59.999,40839501.45676293,30242,2304.13498300,20839979.76602396,0
2018-05-09 08:00:00,9032.00000000,9272.00000000,9026.00000000,9258.13000000,4476.59408700,2018-05-09 11:59:59.999,41010677.49224054,32251,2482.18209900,22745681.09647146,0
2018-05-09 12:00:00,9258.65000000,9338.00000000,9240.12000000,9290.00000000,4209.94462800,2018-05-09 15:59:59.999,39124222.96198036,31707,2249.37575700,20904816.52950532,0
2018-05-09 16:00:00,9294.00000000,9390.00000000,9264.00000000,9289.25000000,3534.76597700,2018-05-09 19:59:59.999,32958830.51135408,30724,1722.29260300,16065475.98128367,0
2018-05-09 20:00:00,9289.29000000,9344.00000000,9231.00000000,9310.00000000,2846.99753000,2018-05-09 23:59:59.999,26467202.46081836,25176,1524.32974200,14174396.89399441,0
2018-05-10 00:00:00,9310.00000000,9376.00000000,9280.88000000,9344.89000000,3652.68472300,2018-05-10 03:59:59.999,34093425.93653099,24504,1985.65574600,18536166.57635852,0
2018-05-10 04:00:00,9340.49000000,9389.70000000,9260.00000000,9369.00000000,3466.14643000,2018-05-10 07:59:59.999,32351032.92232110,26992,1739.40320400,16233771.72440192,0
2018-05-10 08:00:00,9362.47000000,9395.12000000,9315.00000000,9344.00000000,3208.46581900,2018-05-10 11:59:59.999,30020598.90445148,25483,1626.20428900,15217798.95078306,0
2018-05-10 12:00:00,9344.00000000,9395.00000000,9323.00000000,9350.00000000,3239.71456100,2018-05-10 15:59:59.999,30326234.57833993,27768,1615.35360400,15124511.19053431,0
2018-05-10 16:00:00,9350.04000000,9380.86000000,9052.96000000,9085.00000000,6763.47406600,2018-05-10 19:59:59.999,62012487.78541609,70799,2943.20497400,26989869.91867570,0
2018-05-10 20:00:00,9085.00000000,9131.00000000,8970.00000000,9002.20000000,4724.57811900,2018-05-10 23:59:59.999,42791222.46855704,45529,2638.31634300,23900263.21029300,0
2018-05-11 00:00:00,9002.21000000,9006.99000000,8850.00000000,8918.86000000,6257.73960000,2018-05-11 03:59:59.999,55801954.66424432,51737,3236.27927600,28870115.34988926,0
2018-05-11 04:00:00,8916.23000000,9016.80000000,8670.20000000,8723.00000000,10372.67381400,2018-05-11 07:59:59.999,91513522.26581100,64106,4781.69431000,42220723.41612774,0
2018-05-11 08:00:00,8710.34000000,8831.00000000,8582.50000000,8594.98000000,10304.72385900,2018-05-11 11:59:59.999,89948283.07819903,75067,4670.10187300,40793449.64953242,0
2018-05-11 12:00:00,8594.98000000,8668.14000000,8462.00000000,8577.42000000,9584.45113500,2018-05-11 15:59:59.999,82035992.94223855,77822,4581.50020300,39224112.26244832,0
2018-05-11 16:00:00,8575.21000000,8684.00000000,8540.00000000,8600.96000000,4662.41906000,2018-05-11 19:59:59.999,40175668.99810998,40429,2406.05119400,20735627.30457823,0
2018-05-11 20:00:00,8596.56000000,8634.00000000,8341.00000000,8400.00000000,7045.04059300,2018-05-11 23:59:59.999,59384384.53301271,56377,3091.83181100,26071847.76341297,0
2018-05-12 00:00:00,8405.94000000,8476.36000000,8345.00000000,8385.03000000,4196.00702500,2018-05-12 03:59:59.999,35351719.29488048,33347,2169.29054200,18279346.21859553,0
2018-05-12 04:00:00,8386.68000000,8438.00000000,8153.00000000,8311.00000000,9235.41405600,2018-05-12 07:59:59.999,76394975.80675172,76201,4066.74970300,33652710.09177144,0
2018-05-12 08:00:00,8311.00000000,8588.00000000,8160.00000000,8524.02000000,9129.85371100,2018-05-12 11:59:59.999,76997026.47851452,60574,4543.07316700,38298641.38990407,0
2018-05-12 12:00:00,8524.02000000,8646.88000000,8280.00000000,8313.13000000,8458.26173600,2018-05-12 15:59:59.999,71787498.93481237,65289,3717.30521500,31561772.40439911,0
2018-05-12 16:00:00,8319.97000000,8500.03000000,8250.00000000,8480.02000000,5433.94990300,2018-05-12 19:59:59.999,45394747.81167005,42648,2914.25654400,24332045.38033555,0
2018-05-12 20:00:00,8483.40000000,8540.11000000,8324.01000000,8465.94000000,3787.83437900,2018-05-12 23:59:59.999,31973897.53350159,32246,2135.29902400,18017921.93451199,0
2018-05-13 00:00:00,8475.44000000,8524.00000000,8346.51000000,8433.00000000,3062.49770200,2018-05-13 03:59:59.999,25802594.47793732,27300,1551.06142800,13072675.42743073,0
2018-05-13 04:00:00,8433.00000000,8508.99000000,8298.00000000,8459.00000000,3557.40228900,2018-05-13 07:59:59.999,29915034.87269442,31614,1793.88486200,15086304.68687124,0
2018-05-13 08:00:00,8458.00000000,8610.00000000,8379.99000000,8555.00000000,4592.78460600,2018-05-13 11:59:59.999,39161011.55591770,37044,2296.99678100,19598642.96038308,0
2018-05-13 12:00:00,8555.00000000,8657.99000000,8505.99000000,8625.50000000,4632.67445900,2018-05-13 15:59:59.999,39804654.91033946,38706,2337.26060500,20083261.57655833,0
2018-05-13 16:00:00,8625.50000000,8700.96000000,8547.00000000,8632.00000000,5535.57300000,2018-05-13 19:59:59.999,47789808.38911355,46063,2761.90123700,23851112.63246825,0
2018-05-13 20:00:00,8632.00000000,8763.36000000,8620.03000000,8679.71000000,4251.93730600,2018-05-13 23:59:59.999,36982578.87435306,34863,2055.94299900,17885066.28788757,0
2018-05-14 00:00:00,8679.71000000,8709.93000000,8365.00000000,8390.00000000,7190.41875800,2018-05-14 03:59:59.999,61484443.63304009,44914,3075.21581400,26353021.59408804,0
2018-05-14 04:00:00,8383.26000000,8430.00000000,8277.00000000,8376.33000000,5513.19318300,2018-05-14 07:59:59.999,46048256.98641009,37576,2796.08892000,23359984.80954910,0
2018-05-14 08:00:00,8376.33000000,8448.00000000,8313.00000000,8415.01000000,4470.21298100,2018-05-14 11:59:59.999,37508437.20184050,35492,2496.74269500,20949680.96327846,0
2018-05-14 12:00:00,8415.02000000,8823.99000000,8300.00000000,8789.12000000,10850.50778200,2018-05-14 15:59:59.999,93727086.52083827,76456,5419.18436800,46816369.68891909,0
2018-05-14 16:00:00,8789.12000000,8813.53000000,8685.74000000,8747.49000000,4162.46999800,2018-05-14 19:59:59.999,36424159.50568311,43694,2061.54307200,18041087.16833439,0
2018-05-14 20:00:00,8747.45000000,8879.99000000,8593.11000000,8663.34000000,5202.86383100,2018-05-14 23:59:59.999,45391228.38227900,54599,2559.28077200,22349379.54365820,0
2018-05-15 00:00:00,8663.37000000,8762.46000000,8611.00000000,8716.44000000,3379.77145600,2018-05-15 03:59:59.999,29378324.01114766,32575,1812.83800200,15755777.10408168,0
2018-05-15 04:00:00,8710.10000000,8788.00000000,8678.13000000,8745.90000000,3151.44330800,2018-05-15 07:59:59.999,27517016.38935493,32409,1548.48926500,13525037.38059192,0
2018-05-15 08:00:00,8745.45000000,8859.99000000,8640.96000000,8760.00000000,4663.12200900,2018-05-15 11:59:59.999,40797266.95927517,56379,2404.54005500,21044216.68836664,0
2018-05-15 12:00:00,8759.48000000,8793.84000000,8456.00000000,8517.01000000,7481.25846300,2018-05-15 15:59:59.999,64285440.44165931,92239,3489.82017300,29987003.65535073,0
2018-05-15 16:00:00,8513.08000000,8588.64000000,8427.00000000,8554.99000000,5920.55729000,2018-05-15 19:59:59.999,50408226.96868351,88179,2868.05928200,24422362.64497170,0
2018-05-15 20:00:00,8555.00000000,8560.00000000,8401.30000000,8462.00000000,3530.80361000,2018-05-15 23:59:59.999,29954756.29154858,58598,1853.75087000,15730025.15095012,0
2018-05-16 00:00:00,8462.00000000,8488.00000000,8083.01000000,8140.00000000,8563.76746800,2018-05-16 03:59:59.999,70685418.05672254,75843,3968.14264300,32773166.57607220,0
2018-05-16 04:00:00,8138.03000000,8249.99000000,8136.10000000,8216.22000000,4622.12879200,2018-05-16 07:59:59.999,37890894.68506332,31568,2215.41498200,18166071.40235808,0
2018-05-16 08:00:00,8216.22000000,8417.87000000,8162.72000000,8355.00000000,4712.37904600,2018-05-16 11:59:59.999,39142756.93561950,44005,2628.05098100,21827491.24037013,0
2018-05-16 12:00:00,8355.00000000,8387.00000000,8109.73000000,8265.00000000,6239.68519800,2018-05-16 15:59:59.999,51425682.66692123,64356,3030.98012000,24990266.23495594,0
2018-05-16 16:00:00,8265.00000000,8352.19000000,8193.19000000,8218.22000000,4520.39259700,2018-05-16 19:59:59.999,37421270.57199381,49553,2366.96431600,19602042.69670860,0
2018-05-16 20:00:00,8227.17000000,8351.91000000,8205.00000000,8330.00000000,2472.36580700,2018-05-16 23:59:59.999,20490529.51375523,35517,1417.54832600,11754340.62467346,0
2018-05-17 00:00:00,8330.00000000,8464.00000000,8305.03000000,8352.00000000,5061.38896100,2018-05-17 03:59:59.999,42349322.97644506,57110,2704.92696100,22635273.24476004,0
2018-05-17 04:00:00,8349.99000000,8372.31000000,8200.00000000,8239.50000000,3224.40055800,2018-05-17 07:59:59.999,26801776.56638808,46744,1654.44456000,13769175.74149426,0
2018-05-17 08:00:00,8246.72000000,8320.91000000,8230.00000000,8296.98000000,2560.75945900,2018-05-17 11:59:59.999,21196811.36777790,39522,1463.22776900,12112741.79342861,0
2018-05-17 12:00:00,8296.98000000,8354.00000000,8230.01000000,8302.00000000,3023.65698100,2018-05-17 15:59:59.999,25094069.53000864,44104,1687.69287600,14008674.08297110,0
2018-05-17 16:00:00,8302.00000000,8334.24000000,8101.00000000,8172.00000000,4517.41266400,2018-05-17 19:59:59.999,37124105.42935143,63955,2002.82074400,16453484.02279033,0
2018-05-17 20:00:00,8172.00000000,8241.91000000,7979.00000000,8041.46000000,7052.22617600,2018-05-17 23:59:59.999,56922953.47107080,59345,2976.15158900,24042888.88784875,0
2018-05-18 00:00:00,8038.82000000,8058.97000000,7911.90000000,7995.00000000,5644.69601900,2018-05-18 03:59:59.999,45046996.55693928,41105,2797.18468400,22329414.13796000,0
2018-05-18 04:00:00,7995.00000000,8172.05000000,7955.24000000,8093.44000000,3973.98913100,2018-05-18 07:59:59.999,31963619.24653573,31846,2103.92367400,16924690.88556868,0
2018-05-18 08:00:00,8093.44000000,8155.00000000,8051.00000000,8103.96000000,3406.87342300,2018-05-18 11:59:59.999,27635411.70340340,30919,1714.44551400,13910203.75293153,0
2018-05-18 12:00:00,8110.04000000,8139.79000000,8030.00000000,8109.99000000,3718.09316700,2018-05-18 15:59:59.999,30068579.74759143,29908,1950.24776000,15775255.18897789,0
2018-05-18 16:00:00,8106.03000000,8273.21000000,8070.93000000,8231.10000000,4296.71656400,2018-05-18 19:59:59.999,35103844.48565910,30242,2455.16334600,20064974.43041496,0
2018-05-18 20:00:00,8231.10000000,8270.93000000,8196.92000000,8239.81000000,2435.78994700,2018-05-18 23:59:59.999,20051929.11765800,19893,1331.99772200,10966547.33309401,0
2018-05-19 00:00:00,8238.01000000,8256.99000000,8143.53000000,8224.40000000,3053.48720300,2018-05-19 03:59:59.999,25054544.40330314,21891,1369.69742500,11240316.66011146,0
2018-05-19 04:00:00,8224.39000000,8248.73000000,8095.73000000,8158.00000000,2835.72832700,2018-05-19 07:59:59.999,23269718.80419268,18668,1393.88055100,11446750.20185289,0
2018-05-19 08:00:00,8155.85000000,8372.86000000,8130.00000000,8366.08000000,2588.17340400,2018-05-19 11:59:59.999,21313175.58982845,21730,1565.98163500,12901638.25538715,0
2018-05-19 12:00:00,8372.83000000,8390.80000000,8280.00000000,8310.00000000,3885.64064900,2018-05-19 15:59:59.999,32351114.69681292,30764,1912.96426900,15930065.89403915,0
2018-05-19 16:00:00,8310.00000000,8325.57000000,8261.00000000,8305.37000000,2169.02957600,2018-05-19 19:59:59.999,17980471.48023495,18182,1171.12458100,9710045.02084623,0
2018-05-19 20:00:00,8305.37000000,8312.00000000,8165.00000000,8233.49000000,2661.36511700,2018-05-19 23:59:59.999,21909750.43472369,22950,1318.30009000,10854112.13320668,0
2018-05-20 00:00:00,8233.49000000,8295.00000000,8163.90000000,8246.02000000,2770.64752400,2018-05-20 03:59:59.999,22807151.70687092,22811,1575.85929300,12971456.96263684,0
2018-05-20 04:00:00,8246.01000000,8285.22000000,8223.17000000,8263.03000000,1944.86952300,2018-05-20 07:59:59.999,16059520.34106790,17984,1140.91042700,9420562.50357273,0
2018-05-20 08:00:00,8263.03000000,8386.00000000,8252.50000000,8340.88000000,3403.87926300,2018-05-20 11:59:59.999,28366605.32576708,25324,1672.65247100,13938724.12468208,0
2018-05-20 12:00:00,8340.88000000,8395.00000000,8291.00000000,8389.00000000,3338.02784100,2018-05-20 15:59:59.999,27853507.19450740,22177,1779.70428100,14849627.59956522,0
2018-05-20 16:00:00,8389.48000000,8558.00000000,8389.00000000,8528.00000000,5555.56937100,2018-05-20 19:59:59.999,47229955.00803966,43216,2926.70608800,24878684.79314633,0
2018-05-20 20:00:00,8528.01000000,8609.00000000,8479.00000000,8526.98000000,2944.06358700,2018-05-20 23:59:59.999,25123814.17313985,29753,1536.61839500,13118463.98829368,0
2018-05-21 00:00:00,8526.97000000,8556.54000000,8441.58000000,8501.00000000,3078.63140600,2018-05-21 03:59:59.999,26175550.30645386,28188,1515.94327800,12893187.28650118,0
2018-05-21 04:00:00,8500.00000000,8595.31000000,8480.01000000,8540.00000000,3525.62816600,2018-05-21 07:59:59.999,30071199.37566585,34144,1810.44602200,15440360.36582669,0
2018-05-21 08:00:00,8540.00000000,8543.58000000,8419.61000000,8469.98000000,3815.14284700,2018-05-21 11:59:59.999,32325554.53090524,35373,1662.77471200,14093012.16338001,0
2018-05-21 12:00:00,8469.99000000,8505.20000000,8350.00000000,8396.01000000,5067.28530800,2018-05-21 15:59:59.999,42666953.59459305,38982,2533.87270400,21346738.09460266,0
2018-05-21 16:00:00,8396.01000000,8408.70000000,8305.00000000,8368.18000000,3581.82760000,2018-05-21 19:59:59.999,29956505.13542759,27108,1865.58929600,15607345.88692118,0
2018-05-21 20:00:00,8368.18000000,8449.11000000,8351.20000000,8381.24000000,2448.08115900,2018-05-21 23:59:59.999,20554911.87830393,20363,1350.06038700,11335601.99305920,0
2018-05-22 00:00:00,8386.89000000,8400.18000000,8251.23000000,8324.94000000,3320.92929300,2018-05-22 03:59:59.999,27601372.85550343,24256,1492.33122000,12405833.91467919,0
2018-05-22 04:00:00,8324.94000000,8368.34000000,8269.20000000,8322.00000000,3152.98679200,2018-05-22 07:59:59.999,26197323.42437488,22743,1814.78063100,15082546.62007416,0
2018-05-22 08:00:00,8322.98000000,8325.00000000,8191.41000000,8202.21000000,3525.55668500,2018-05-22 11:59:59.999,29094322.34291369,25846,1647.57257000,13603696.80619142,0
2018-05-22 12:00:00,8205.01000000,8262.00000000,8145.00000000,8232.00000000,4339.73998300,2018-05-22 15:59:59.999,35610190.40136323,29448,2313.60631400,18993210.24748816,0
2018-05-22 16:00:00,8232.00000000,8261.00000000,8155.20000000,8171.09000000,2670.56333500,2018-05-22 19:59:59.999,21912872.64184533,31659,1452.16428800,11913268.83879348,0
2018-05-22 20:00:00,8171.03000000,8195.30000000,7935.11000000,7977.11000000,6701.12677000,2018-05-22 23:59:59.999,53919350.77154036,58202,3081.07205300,24805048.13424614,0
2018-05-23 00:00:00,7977.12000000,8031.90000000,7860.00000000,7956.00000000,5307.45173900,2018-05-23 03:59:59.999,42059441.44629060,39389,2560.28457100,20291873.33684520,0
2018-05-23 04:00:00,7956.00000000,7961.28000000,7805.00000000,7838.00000000,5064.30096900,2018-05-23 07:59:59.999,39951372.98038126,35259,2409.22768000,19025005.43855749,0
2018-05-23 08:00:00,7838.00000000,7909.69000000,7783.00000000,7834.00000000,6107.47262400,2018-05-23 11:59:59.999,47841059.92372070,48124,3362.97985800,26354459.22804515,0
2018-05-23 12:00:00,7839.96000000,7938.84000000,7641.00000000,7691.00000000,6628.64425600,2018-05-23 15:59:59.999,51756815.33382113,49042,3216.57070600,25151256.47110709,0
2018-05-23 16:00:00,7693.30000000,7696.11000000,7425.00000000,7589.99000000,13262.09234500,2018-05-23 19:59:59.999,100130025.32479381,85600,6343.09365200,47883827.76766625,0
2018-05-23 20:00:00,7590.85000000,7659.92000000,7440.97000000,7501.95000000,6540.70484100,2018-05-23 23:59:59.999,49499334.63173860,49398,2998.73280700,22706398.55536779,0
2018-05-24 00:00:00,7501.95000000,7644.89000000,7496.09000000,7604.35000000,4652.26412200,2018-05-24 03:59:59.999,35291033.09813141,34364,2653.22067000,20131797.58248116,0
2018-05-24 04:00:00,7604.35000000,7730.73000000,7521.98000000,7542.02000000,5467.72572800,2018-05-24 07:59:59.999,41878987.18491024,37483,2620.79821200,20082502.18673555,0
2018-05-24 08:00:00,7547.94000000,7560.00000000,7266.99000000,7364.99000000,9636.97884900,2018-05-24 11:59:59.999,71056613.63905702,60205,4428.07935500,32632483.48398793,0
2018-05-24 12:00:00,7361.98000000,7589.00000000,7268.00000000,7576.06000000,7497.35601400,2018-05-24 15:59:59.999,56146890.22544716,45183,3939.87979700,29511636.95759044,0
2018-05-24 16:00:00,7576.08000000,7630.00000000,7444.00000000,7579.58000000,6114.81770300,2018-05-24 19:59:59.999,46107186.51456667,40637,3112.46379400,23479363.70590834,0
2018-05-24 20:00:00,7579.58000000,7640.79000000,7462.91000000,7575.01000000,4476.30417900,2018-05-24 23:59:59.999,33805667.84598794,35822,2258.53942400,17063634.86375442,0
2018-05-25 00:00:00,7578.99000000,7647.79000000,7503.93000000,7591.96000000,4271.01841400,2018-05-25 03:59:59.999,32339462.87496982,34238,2167.33361700,16419434.93292947,0
2018-05-25 04:00:00,7590.00000000,7649.55000000,7361.01000000,7420.43000000,6396.84433500,2018-05-25 07:59:59.999,47927595.34518067,42138,3338.50309800,25022861.78092839,0
2018-05-25 08:00:00,7419.67000000,7489.26000000,7308.15000000,7463.97000000,4906.62815600,2018-05-25 11:59:59.999,36355649.15854302,44399,2625.62206600,19469015.73261367,0
2018-05-25 12:00:00,7460.00000000,7542.99000000,7416.00000000,7500.02000000,3908.57510300,2018-05-25 15:59:59.999,29258390.08622045,36315,2026.57857800,15176594.29579394,0
2018-05-25 16:00:00,7500.02000000,7505.00000000,7353.33000000,7416.01000000,4159.66763900,2018-05-25 19:59:59.999,30906488.55937221,45628,2084.70867100,15491346.11250283,0
2018-05-25 20:00:00,7417.02000000,7505.00000000,7344.35000000,7457.00000000,3097.22299300,2018-05-25 23:59:59.999,22961999.94521744,36307,1588.12420500,11781380.19178084,0
2018-05-26 00:00:00,7456.99000000,7469.00000000,7398.18000000,7435.46000000,2209.71781700,2018-05-26 03:59:59.999,16417188.67997536,30899,1348.44339100,10018930.29579510,0
2018-05-26 04:00:00,7437.83000000,7620.00000000,7357.40000000,7550.00000000,3551.49091900,2018-05-26 07:59:59.999,26558753.16359572,31610,2091.49286500,15654573.45755928,0
2018-05-26 08:00:00,7549.99000000,7574.78000000,7500.20000000,7528.68000000,2634.81325000,2018-05-26 11:59:59.999,19865417.66901094,37014,1396.68181700,10531474.24257101,0
2018-05-26 12:00:00,7528.69000000,7553.11000000,7462.20000000,7542.77000000,3084.19953600,2018-05-26 15:59:59.999,23198253.05652406,29937,1657.76272500,12470329.94581689,0
2018-05-26 16:00:00,7540.18000000,7569.38000000,7505.57000000,7533.35000000,2836.30214400,2018-05-26 19:59:59.999,21390196.67892990,33111,1643.40062000,12394988.14528887,0
2018-05-26 20:00:00,7533.35000000,7620.00000000,7300.00000000,7333.96000000,5147.56240500,2018-05-26 23:59:59.999,38206417.21099292,49773,2240.17422500,16655461.16681957,0
2018-05-27 00:00:00,7334.00000000,7340.06000000,7231.11000000,7297.95000000,3966.15253100,2018-05-27 03:59:59.999,28883647.37005509,46291,2104.74239800,15330376.32619615,0
2018-05-27 04:00:00,7297.95000000,7380.00000000,7240.00000000,7314.66000000,2575.96322900,2018-05-27 07:59:59.999,18804531.22331008,34477,1486.48898500,10855677.77282359,0
2018-05-27 08:00:00,7314.61000000,7394.40000000,7240.00000000,7334.00000000,2990.61091500,2018-05-27 11:59:59.999,21896170.77146954,26890,1541.33665400,11286712.48026203,0
2018-05-27 12:00:00,7334.00000000,7367.98000000,7274.05000000,7342.00000000,2851.10773700,2018-05-27 15:59:59.999,20869051.79242110,31490,1556.25655900,11392452.23469852,0
2018-05-27 16:00:00,7342.00000000,7400.00000000,7255.00000000,7287.50000000,3819.15140400,2018-05-27 19:59:59.999,27923660.35709636,34677,2058.13914400,15059968.71407347,0
2018-05-27 20:00:00,7289.98000000,7375.62000000,7281.22000000,7338.99000000,2503.95969900,2018-05-27 23:59:59.999,18333556.98366488,24516,1511.31321300,11065643.10295809,0
2018-05-28 00:00:00,7338.99000000,7437.00000000,7301.00000000,7374.98000000,3428.80102500,2018-05-28 03:59:59.999,25251144.69814640,28604,1997.81488800,14710098.04693292,0
2018-05-28 04:00:00,7374.99000000,7386.06000000,7159.10000000,7215.00000000,7766.71009300,2018-05-28 07:59:59.999,56288248.95503247,65672,3814.86792300,27645347.28720680,0
2018-05-28 08:00:00,7220.45000000,7235.80000000,7178.18000000,7191.65000000,3349.06407700,2018-05-28 11:59:59.999,24152136.13626350,32905,1949.66866100,14062050.00281972,0
2018-05-28 12:00:00,7196.74000000,7300.00000000,7148.16000000,7220.12000000,4575.45695000,2018-05-28 15:59:59.999,33123931.41035122,38799,2483.17859700,17984809.47202751,0
2018-05-28 16:00:00,7223.98000000,7246.45000000,7175.23000000,7214.99000000,2998.50343200,2018-05-28 19:59:59.999,21617254.33887207,28320,1775.00618800,12797786.85336162,0
2018-05-28 20:00:00,7215.00000000,7242.99000000,7058.02000000,7099.00000000,5100.90338600,2018-05-28 23:59:59.999,36356278.72714246,39092,2388.95155300,17033638.51578790,0
2018-05-29 00:00:00,7099.00000000,7132.10000000,7032.95000000,7115.99000000,4825.92870200,2018-05-29 03:59:59.999,34239416.08698082,29538,2832.02380500,20099090.40631020,0
2018-05-29 04:00:00,7116.00000000,7161.43000000,7042.03000000,7154.01000000,5536.17754300,2018-05-29 07:59:59.999,39324072.04658679,32161,3220.98714300,22886843.15976086,0
2018-05-29 08:00:00,7155.00000000,7483.78000000,7094.70000000,7405.61000000,10296.44277800,2018-05-29 11:59:59.999,74803020.14591112,50481,5692.55377000,41326790.28579817,0
2018-05-29 12:00:00,7403.98000000,7476.41000000,7382.12000000,7430.53000000,7731.48984700,2018-05-29 15:59:59.999,57414388.60376960,50190,4043.23726900,30029669.49774235,0
2018-05-29 16:00:00,7430.53000000,7540.00000000,7408.00000000,7473.01000000,5700.17794500,2018-05-29 19:59:59.999,42547627.02559711,36369,3223.96363400,24060584.70219759,0
2018-05-29 20:00:00,7473.00000000,7533.35000000,7401.02000000,7461.29000000,5316.99501500,2018-05-29 23:59:59.999,39742120.00402232,38620,2843.16468900,21253500.09081274,0
2018-05-30 00:00:00,7467.98000000,7569.00000000,7442.00000000,7486.01000000,5565.38929100,2018-05-30 03:59:59.999,41768444.15255656,42236,3040.76408200,22823427.32953229,0
2018-05-30 04:00:00,7486.01000000,7530.01000000,7418.00000000,7491.12000000,4133.58492200,2018-05-30 07:59:59.999,30936299.22326756,33564,2338.25258200,17500803.30874434,0
2018-05-30 08:00:00,7489.05000000,7548.00000000,7436.49000000,7518.51000000,4745.78745400,2018-05-30 11:59:59.999,35566383.99761816,37908,2671.82551800,20029630.12375683,0
2018-05-30 12:00:00,7518.51000000,7549.00000000,7290.00000000,7324.81000000,8082.41814000,2018-05-30 15:59:59.999,59956737.70812891,64966,3709.44603100,27539187.32191930,0
2018-05-30 16:00:00,7324.81000000,7352.77000000,7260.50000000,7314.98000000,5358.23823500,2018-05-30 19:59:59.999,39166567.72634467,39143,2872.57624200,21001388.19726920,0
2018-05-30 20:00:00,7314.99000000,7399.00000000,7313.00000000,7375.96000000,4156.16558100,2018-05-30 23:59:59.999,30562461.24157457,24262,2573.08446100,18922356.49100051,0
2018-05-31 00:00:00,7382.07000000,7382.07000000,7327.51000000,7370.24000000,4457.76212900,2018-05-31 03:59:59.999,32789389.72977656,32700,2734.34990800,20112224.39757311,0
2018-05-31 04:00:00,7372.18000000,7600.18000000,7365.00000000,7558.98000000,6495.72073500,2018-05-31 07:59:59.999,48765628.37336932,42663,3457.27893100,25941307.63200409,0
2018-05-31 08:00:00,7555.55000000,7576.49000000,7484.08000000,7531.97000000,4990.39563900,2018-05-31 11:59:59.999,37619991.73255262,45991,2581.57464800,19463709.49585523,0
2018-05-31 12:00:00,7531.00000000,7586.15000000,7486.15000000,7558.63000000,4606.91444300,2018-05-31 15:59:59.999,34756713.26469517,47760,2806.56948200,21177625.09355308,0
2018-05-31 16:00:00,7555.06000000,7699.00000000,7525.08000000,7544.90000000,5241.27198500,2018-05-31 19:59:59.999,39710494.11140415,53196,2872.14985900,21766203.32524548,0
2018-05-31 20:00:00,7544.90000000,7575.00000000,7420.23000000,7485.01000000,4983.99817100,2018-05-31 23:59:59.999,37375362.62233487,52089,2557.09040300,19184075.77065956,0
2018-06-01 00:00:00,7485.01000000,7538.00000000,7454.35000000,7495.13000000,4160.37814900,2018-06-01 03:59:59.999,31202314.51723037,46194,2476.95034600,18578767.38408242,0
2018-06-01 04:00:00,7495.13000000,7608.55000000,7455.48000000,7572.09000000,4890.53534600,2018-06-01 07:59:59.999,36790978.06482252,46410,2788.07202500,20964475.35071636,0
2018-06-01 08:00:00,7572.09000000,7599.99000000,7361.39000000,7361.39000000,5933.21636100,2018-06-01 11:59:59.999,44689444.32919827,54088,3135.89211800,23651433.50334928,0
2018-06-01 12:00:00,7361.49000000,7461.06000000,7355.54000000,7447.30000000,5386.26685300,2018-06-01 15:59:59.999,39963533.84776745,53616,3020.24662400,22413873.55659363,0
2018-06-01 16:00:00,7447.30000000,7461.08000000,7388.03000000,7440.14000000,3750.13659400,2018-06-01 19:59:59.999,27886318.05863879,57821,1995.88671100,14843185.03941038,0
2018-06-01 20:00:00,7440.14000000,7540.00000000,7396.00000000,7521.01000000,4138.59077500,2018-06-01 23:59:59.999,30925923.30542490,44940,2284.15760700,17065120.84431456,0
2018-06-02 00:00:00,7521.01000000,7533.00000000,7437.00000000,7500.00000000,3732.64641500,2018-06-02 03:59:59.999,27974623.46481043,47939,1916.00248400,14361694.41213493,0
2018-06-02 04:00:00,7500.00000000,7685.00000000,7465.53000000,7641.00000000,4894.63411700,2018-06-02 07:59:59.999,37071332.28041330,47031,2959.23185200,22393576.58067109,0
2018-06-02 08:00:00,7641.00000000,7695.17000000,7612.00000000,7652.28000000,5262.61908300,2018-06-02 11:59:59.999,40279531.06670114,54662,2984.43748700,22843649.33006476,0
2018-06-02 12:00:00,7650.00000000,7697.33000000,7590.67000000,7623.10000000,4849.50096400,2018-06-02 15:59:59.999,37049711.43135263,52449,2765.67435900,21132982.00102799,0
2018-06-02 16:00:00,7623.09000000,7672.00000000,7592.77000000,7665.00000000,4608.46465400,2018-06-02 19:59:59.999,35225962.98211719,42675,2843.30753700,21736276.74865976,0
2018-06-02 20:00:00,7664.99000000,7672.00000000,7607.65000000,7640.03000000,3372.82498600,2018-06-02 23:59:59.999,25769286.46525793,45375,2071.39740500,15827819.88298691,0
2018-06-03 00:00:00,7636.81000000,7676.12000000,7600.00000000,7643.10000000,3712.45287600,2018-06-03 03:59:59.999,28381434.16156163,43038,2007.11002200,15348259.15266314,0
2018-06-03 04:00:00,7645.23000000,7786.69000000,7625.00000000,7720.00000000,4633.15452400,2018-06-03 07:59:59.999,35629054.02468076,52571,2713.97873500,20866833.03256456,0
2018-06-03 08:00:00,7720.00000000,7776.25000000,7695.50000000,7714.85000000,5120.15735900,2018-06-03 11:59:59.999,39605943.24179510,66536,2696.45911500,20857174.91315781,0
2018-06-03 12:00:00,7714.85000000,7750.26000000,7680.06000000,7730.01000000,4429.31037700,2018-06-03 15:59:59.999,34175641.01449789,63191,2583.46144000,19938710.11214693,0
2018-06-03 16:00:00,7731.00000000,7739.97000000,7636.21000000,7699.57000000,5393.80449400,2018-06-03 19:59:59.999,41474307.88441466,79969,3038.46049300,23368697.66329313,0
2018-06-03 20:00:00,7699.58000000,7729.00000000,7672.36000000,7714.26000000,4216.27932100,2018-06-03 23:59:59.999,32470996.52653505,44331,2721.44086300,20960745.92253689,0
2018-06-04 00:00:00,7714.26000000,7760.52000000,7665.32000000,7690.00000000,4411.22058200,2018-06-04 03:59:59.999,33993175.08986221,64549,2505.02127300,19309847.93158264,0
2018-06-04 04:00:00,7688.99000000,7707.00000000,7568.00000000,7597.70000000,6223.27034100,2018-06-04 07:59:59.999,47520493.20883575,72339,3097.92866600,23672738.84656733,0
2018-06-04 08:00:00,7597.70000000,7628.98000000,7484.25000000,7505.00000000,7312.84647800,2018-06-04 11:59:59.999,55379796.00764503,69398,3992.80390600,30259297.08611851,0
2018-06-04 12:00:00,7505.00000000,7538.99000000,7446.50000000,7496.99000000,5395.24461200,2018-06-04 15:59:59.999,40437776.55413112,45082,2894.44545300,21699645.88518496,0
2018-06-04 16:00:00,7496.99000000,7515.00000000,7447.00000000,7494.99000000,4825.25859300,2018-06-04 19:59:59.999,36122925.01433583,28075,2846.35462200,21311521.97297374,0
2018-06-04 20:00:00,7494.99000000,7548.82000000,7459.00000000,7487.00000000,4090.99450900,2018-06-04 23:59:59.999,30712885.31220588,27560,2393.78189800,17973372.07443039,0
2018-06-05 00:00:00,7487.00000000,7518.80000000,7376.21000000,7417.36000000,5090.94130500,2018-06-05 03:59:59.999,37869768.23819941,37849,2508.39623900,18668268.09933675,0
2018-06-05 04:00:00,7417.36000000,7455.94000000,7367.83000000,7412.01000000,4866.95187400,2018-06-05 07:59:59.999,36076814.18586180,34146,2635.43646900,19540179.03831743,0
2018-06-05 08:00:00,7412.01000000,7470.00000000,7386.70000000,7428.88000000,4988.37215600,2018-06-05 11:59:59.999,37068393.92216783,35072,2908.95631300,21623475.09621910,0
2018-06-05 12:00:00,7422.10000000,7594.00000000,7358.00000000,7577.09000000,5458.91120600,2018-06-05 15:59:59.999,40617801.37060622,38221,2993.08091900,22286220.46021792,0
2018-06-05 16:00:00,7577.09000000,7679.49000000,7533.98000000,7621.01000000,7226.42354400,2018-06-05 19:59:59.999,54934237.80616293,53670,4125.88262000,31362133.82242996,0
2018-06-05 20:00:00,7620.01000000,7650.00000000,7570.33000000,7625.00000000,4091.37329900,2018-06-05 23:59:59.999,31155132.12958245,37907,2143.93583900,16327234.40619724,0
2018-06-06 00:00:00,7626.64000000,7647.77000000,7583.00000000,7595.00000000,3900.88197700,2018-06-06 03:59:59.999,29710520.50221048,40474,2395.76417100,18249667.83305377,0
2018-06-06 04:00:00,7595.00000000,7690.52000000,7557.00000000,7619.15000000,4444.69033600,2018-06-06 07:59:59.999,33860153.46117664,40725,2651.11118500,20197697.92075730,0
2018-06-06 08:00:00,7619.15000000,7638.00000000,7568.53000000,7619.00000000,4419.82224000,2018-06-06 11:59:59.999,33624601.15465639,39964,2325.13664100,17690013.70596763,0
2018-06-06 12:00:00,7615.02000000,7680.00000000,7600.99000000,7650.50000000,4769.84514600,2018-06-06 15:59:59.999,36425786.10025690,40960,2671.06280700,20398132.88495182,0
2018-06-06 16:00:00,7650.51000000,7669.00000000,7467.05000000,7526.87000000,5436.77837600,2018-06-06 19:59:59.999,40941140.55693147,54847,2629.94880600,19800320.26280629,0
2018-06-06 20:00:00,7523.10000000,7699.00000000,7502.02000000,7658.84000000,4257.97382300,2018-06-06 23:59:59.999,32444456.00496461,40603,2398.56425900,18285284.54942551,0
2018-06-07 00:00:00,7658.79000000,7765.00000000,7647.84000000,7722.28000000,4808.38564900,2018-06-07 03:59:59.999,37093941.40450747,39089,2883.86065700,22246152.35942912,0
2018-06-07 04:00:00,7726.90000000,7730.00000000,7660.83000000,7708.31000000,4178.77769400,2018-06-07 07:59:59.999,32205060.37150070,31931,2350.84315300,18118255.19680426,0
2018-06-07 08:00:00,7708.31000000,7742.00000000,7675.00000000,7696.23000000,5048.75256500,2018-06-07 11:59:59.999,38887391.27498701,41725,2876.71717600,22161807.46154382,0
2018-06-07 12:00:00,7695.02000000,7740.90000000,7651.21000000,7691.43000000,3714.09482800,2018-06-07 15:59:59.999,28591123.21310426,43155,1960.48139700,15095591.63012656,0
2018-06-07 16:00:00,7690.38000000,7735.00000000,7673.00000000,7695.12000000,3834.11405100,2018-06-07 19:59:59.999,29518371.43767262,39918,2237.72322500,17228103.25493248,0
2018-06-07 20:00:00,7695.16000000,7700.00000000,7620.00000000,7691.08000000,3478.10241500,2018-06-07 23:59:59.999,26653169.14022751,48368,2105.92959300,16139370.36941191,0
2018-06-08 00:00:00,7691.08000000,7703.50000000,7630.00000000,7630.50000000,3504.16571800,2018-06-08 03:59:59.999,26877984.70294277,49120,2150.50562500,16499168.63950174,0
2018-06-08 04:00:00,7630.49000000,7654.98000000,7596.00000000,7627.88000000,4766.85539800,2018-06-08 07:59:59.999,36369814.85566784,55638,2319.35315900,17697645.77105416,0
2018-06-08 08:00:00,7627.88000000,7638.64000000,7536.00000000,7558.99000000,4516.54935900,2018-06-08 11:59:59.999,34243369.59164091,76169,2465.99868200,18694636.57907136,0
2018-06-08 12:00:00,7558.99000000,7651.00000000,7531.00000000,7627.51000000,4616.11893800,2018-06-08 15:59:59.999,34931786.77121610,46831,2927.09328800,22148539.40924547,0
2018-06-08 16:00:00,7633.57000000,7668.00000000,7603.70000000,7641.13000000,3295.68049600,2018-06-08 19:59:59.999,25181091.06965719,40597,1730.56997200,13223390.75042013,0
2018-06-08 20:00:00,7641.12000000,7664.43000000,7595.00000000,7603.44000000,2697.43476200,2018-06-08 23:59:59.999,20600111.40855985,53379,1445.43761100,11040318.05311545,0
2018-06-09 00:00:00,7603.44000000,7683.98000000,7601.22000000,7661.15000000,2848.03955200,2018-06-09 03:59:59.999,21773883.91290402,33463,1513.40610500,11572081.23971566,0
2018-06-09 04:00:00,7662.68000000,7682.08000000,7640.00000000,7649.01000000,1992.72861600,2018-06-09 07:59:59.999,15265276.89880318,31795,1022.18187700,7830775.67487305,0
2018-06-09 08:00:00,7652.22000000,7666.66000000,7610.98000000,7635.01000000,2895.42593800,2018-06-09 11:59:59.999,22118300.36714378,41303,1648.33781700,12591787.07980122,0
2018-06-09 12:00:00,7635.01000000,7650.00000000,7566.00000000,7610.00000000,3690.95839300,2018-06-09 15:59:59.999,28063709.16425883,65506,2211.19277900,16810101.16145412,0
2018-06-09 16:00:00,7607.21000000,7624.00000000,7563.30000000,7613.86000000,3032.75355400,2018-06-09 19:59:59.999,23030476.30971563,58913,1858.30514800,14112820.37802088,0
2018-06-09 20:00:00,7610.27000000,7629.94000000,7450.00000000,7491.73000000,4879.97912300,2018-06-09 23:59:59.999,36919506.75994957,47991,2400.03839700,18157752.14391153,0
2018-06-10 00:00:00,7491.73000000,7491.73000000,7252.86000000,7261.03000000,8427.78213200,2018-06-10 03:59:59.999,61789037.39698474,133094,4279.22215400,31362638.91734783,0
2018-06-10 04:00:00,7261.03000000,7315.41000000,7168.79000000,7185.53000000,5260.66715000,2018-06-10 07:59:59.999,38249851.46673183,67074,2945.69667100,21439670.93871607,0
2018-06-10 08:00:00,7185.53000000,7250.43000000,7165.72000000,7235.10000000,5328.42406200,2018-06-10 11:59:59.999,38464100.49837295,56478,2956.89568900,21344557.14533446,0
2018-06-10 12:00:00,7235.10000000,7293.21000000,7170.14000000,7228.78000000,4617.60806200,2018-06-10 15:59:59.999,33409680.01536202,36226,2503.95818900,18124445.57149146,0
2018-06-10 16:00:00,7228.78000000,7244.07000000,6622.81000000,6839.00000000,17704.20691600,2018-06-10 19:59:59.999,121458998.30494636,116706,7780.20299000,53286877.92682066,0
2018-06-10 20:00:00,6839.78000000,6841.35000000,6630.00000000,6764.99000000,11003.33171000,2018-06-10 23:59:59.999,73967086.88068267,61510,5510.27097300,37060751.26019826,0
2018-06-11 00:00:00,6765.00000000,6826.00000000,6669.01000000,6768.60000000,7125.47448000,2018-06-11 03:59:59.999,48105225.33424890,36769,3685.28399600,24895101.85316512,0
2018-06-11 04:00:00,6768.60000000,6795.55000000,6610.00000000,6625.00000000,4855.52678100,2018-06-11 07:59:59.999,32681387.48713355,29951,2676.37341500,18025363.61061984,0
2018-06-11 08:00:00,6625.00000000,6824.67000000,6618.03000000,6770.56000000,5925.71704300,2018-06-11 11:59:59.999,40021534.47388657,31691,3052.86947600,20615009.97771987,0
2018-06-11 12:00:00,6770.62000000,6779.69000000,6634.77000000,6682.00000000,5569.19736600,2018-06-11 15:59:59.999,37398717.40183580,37715,2918.31412400,19608014.76235360,0
2018-06-11 16:00:00,6679.48000000,6783.50000000,6657.75000000,6747.65000000,5582.16158400,2018-06-11 19:59:59.999,37531633.74901239,31729,3422.76142200,23017671.99078420,0
2018-06-11 20:00:00,6747.67000000,6922.00000000,6711.00000000,6872.00000000,5494.08504900,2018-06-11 23:59:59.999,37318184.41165405,35587,2961.06462400,20094418.73263036,0
2018-06-12 00:00:00,6872.00000000,6890.51000000,6770.63000000,6811.00000000,5540.43409600,2018-06-12 03:59:59.999,37913163.78707141,36548,3043.85490900,20830577.92513034,0
2018-06-12 04:00:00,6810.99000000,6847.53000000,6802.41000000,6825.00000000,3929.93308700,2018-06-12 07:59:59.999,26817550.78384065,25929,2425.10912900,16549937.32903484,0
2018-06-12 08:00:00,6825.73000000,6872.68000000,6800.00000000,6831.70000000,4276.75773900,2018-06-12 11:59:59.999,29221409.32276608,26708,2320.76251100,15863327.27677163,0
2018-06-12 12:00:00,6831.68000000,6834.01000000,6681.85000000,6760.00000000,6055.51164600,2018-06-12 15:59:59.999,40817332.43695962,37574,3254.07357900,21929135.98553040,0
2018-06-12 16:00:00,6760.00000000,6761.55000000,6435.00000000,6497.97000000,9782.84913700,2018-06-12 19:59:59.999,64538262.64148686,58557,4286.32807300,28299454.34822708,0
2018-06-12 20:00:00,6494.61000000,6576.61000000,6450.00000000,6530.00000000,7136.72548600,2018-06-12 23:59:59.999,46480081.82909887,39342,3969.60730700,25868705.11083718,0
2018-06-13 00:00:00,6530.00000000,6567.50000000,6520.00000000,6537.63000000,4466.48178600,2018-06-13 03:59:59.999,29235029.16351563,24376,2722.61813600,17821228.23717658,0
2018-06-13 04:00:00,6541.31000000,6627.60000000,6501.01000000,6537.44000000,4486.10114300,2018-06-13 07:59:59.999,29443135.68938940,27042,2539.68993300,16668674.22280982,0
2018-06-13 08:00:00,6540.99000000,6562.00000000,6333.00000000,6447.01000000,11080.05167900,2018-06-13 11:59:59.999,71330698.00351491,65392,6183.20078200,39798901.69442792,0
2018-06-13 12:00:00,6447.01000000,6487.96000000,6335.03000000,6366.31000000,7635.97745100,2018-06-13 15:59:59.999,49117978.47722231,42224,4122.85555000,26531130.47423053,0
2018-06-13 16:00:00,6366.31000000,6408.32000000,6118.68000000,6273.87000000,13500.59679800,2018-06-13 19:59:59.999,84773526.61201949,74934,6932.48965500,43554289.01765217,0
2018-06-13 20:00:00,6274.00000000,6346.88000000,6219.00000000,6292.78000000,5016.30924300,2018-06-13 23:59:59.999,31495313.71667946,32549,2866.38930300,18001053.79218325,0
2018-06-14 00:00:00,6292.78000000,6523.69000000,6260.00000000,6497.05000000,7095.06891400,2018-06-14 03:59:59.999,45345173.75670723,42617,4007.64617300,25617481.58467103,0
2018-06-14 04:00:00,6502.75000000,6513.74000000,6425.01000000,6477.59000000,5121.51677200,2018-06-14 07:59:59.999,33148127.94254989,27610,2980.30062300,19290730.04428578,0
2018-06-14 08:00:00,6479.48000000,6556.77000000,6466.25000000,6528.00000000,6524.18484700,2018-06-14 11:59:59.999,42426648.14724186,37703,3570.32803800,23214712.39590674,0
2018-06-14 12:00:00,6529.71000000,6535.90000000,6275.16000000,6344.35000000,8246.12261000,2018-06-14 15:59:59.999,52850684.03294320,45625,4062.99827300,26054616.33780816,0
2018-06-14 16:00:00,6344.35000000,6720.00000000,6344.35000000,6642.00000000,11753.88071200,2018-06-14 19:59:59.999,77244590.52292029,69459,5951.59542400,39085445.41144056,0
2018-06-14 20:00:00,6642.88000000,6700.00000000,6580.30000000,6635.98000000,5737.35698200,2018-06-14 23:59:59.999,38059584.38176746,33370,3265.35003400,21664694.68155056,0
2018-06-15 00:00:00,6638.67000000,6644.98000000,6551.11000000,6602.12000000,5010.35337200,2018-06-15 03:59:59.999,33043167.51023425,30291,2782.19288400,18349400.96974948,0
2018-06-15 04:00:00,6602.11000000,6620.00000000,6525.01000000,6571.47000000,4281.13089000,2018-06-15 07:59:59.999,28127813.59088049,26991,2319.04862200,15238639.55986016,0
2018-06-15 08:00:00,6563.47000000,6666.66000000,6445.00000000,6525.00000000,6779.32827900,2018-06-15 11:59:59.999,44460440.22404854,37604,3409.89469900,22373961.49133446,0
2018-06-15 12:00:00,6530.47000000,6554.21000000,6468.59000000,6538.90000000,4821.42745100,2018-06-15 15:59:59.999,31382938.81028936,29255,2836.38952500,18465413.21316890,0
2018-06-15 16:00:00,6542.22000000,6620.00000000,6501.00000000,6536.80000000,3756.76321500,2018-06-15 19:59:59.999,24588851.70305862,26428,2067.68943500,13536839.65632844,0
2018-06-15 20:00:00,6539.05000000,6541.55000000,6362.31000000,6388.90000000,5369.32669800,2018-06-15 23:59:59.999,34588884.30702827,34369,2777.23728200,17892427.93070847,0
2018-06-16 00:00:00,6380.01000000,6458.28000000,6370.00000000,6399.02000000,3217.30307200,2018-06-16 03:59:59.999,20642861.68480045,20526,1772.41701300,11373504.68989449,0
2018-06-16 04:00:00,6399.04000000,6481.05000000,6397.00000000,6457.69000000,3885.57183000,2018-06-16 07:59:59.999,25042012.38539878,19542,2153.58061900,13880800.63771113,0
2018-06-16 08:00:00,6457.69000000,6511.50000000,6419.10000000,6447.00000000,3521.64549100,2018-06-16 11:59:59.999,22753370.50600982,23330,2161.29462700,13965761.88815164,0
2018-06-16 12:00:00,6448.97000000,6468.30000000,6320.86000000,6358.96000000,4121.18804600,2018-06-16 15:59:59.999,26377724.49459977,30037,2429.83246000,15562665.06207137,0
2018-06-16 16:00:00,6358.97000000,6560.00000000,6329.00000000,6488.19000000,4662.21877200,2018-06-16 19:59:59.999,30246074.06806899,29597,2579.89204700,16729706.44402215,0
2018-06-16 20:00:00,6488.21000000,6550.85000000,6463.74000000,6483.98000000,2869.31393600,2018-06-16 23:59:59.999,18697990.55520371,17438,1653.61901800,10777911.81678530,0
2018-06-17 00:00:00,6482.50000000,6550.00000000,6480.99000000,6540.00000000,2660.87102400,2018-06-17 03:59:59.999,17353446.98686267,16399,1726.88390800,11262939.72996845,0
2018-06-17 04:00:00,6538.00000000,6551.52000000,6499.79000000,6527.79000000,2695.14739500,2018-06-17 07:59:59.999,17579242.71224255,16110,1590.33127400,10373680.01897529,0
2018-06-17 08:00:00,6527.82000000,6589.03000000,6490.00000000,6508.01000000,3582.01677600,2018-06-17 11:59:59.999,23359020.49349728,23357,2024.79995800,13206285.01013762,0
2018-06-17 12:00:00,6511.47000000,6529.54000000,6435.00000000,6516.59000000,3878.76289100,2018-06-17 15:59:59.999,25150205.71121234,26597,1887.13625000,12241076.48785330,0
2018-06-17 16:00:00,6516.60000000,6560.00000000,6485.00000000,6523.81000000,3626.13318800,2018-06-17 19:59:59.999,23612816.86588818,22743,2275.06971900,14814412.41352239,0
2018-06-17 16:00:00,6516.60000000,6560.00000000,6485.00000000,6523.81000000,3626.13318800,2018-06-17 19:59:59.999,23612816.86588818,22743,2275.06971900,14814412.41352239,0
2018-06-17 20:00:00,6521.83000000,6526.46000000,6422.00000000,6449.61000000,3404.31641400,2018-06-17 23:59:59.999,22065985.99329584,24553,1704.43582400,11051471.50252349,0
2018-06-18 00:00:00,6444.06000000,6467.43000000,6380.00000000,6415.50000000,3986.76421500,2018-06-18 03:59:59.999,25587666.08074481,23425,2044.86324100,13128210.74173463,0
2018-06-18 04:00:00,6415.50000000,6448.00000000,6380.01000000,6431.10000000,3858.66631500,2018-06-18 07:59:59.999,24774457.36277675,20097,2294.10770200,14731674.68655009,0
2018-06-18 08:00:00,6431.10000000,6500.00000000,6385.00000000,6418.26000000,4821.14946000,2018-06-18 11:59:59.999,31071175.31503747,28595,2594.01397400,16713428.59162304,0
2018-06-18 12:00:00,6419.63000000,6480.83000000,6401.42000000,6460.57000000,4119.17726900,2018-06-18 15:59:59.999,26496310.96303087,24543,2399.91167900,15434867.27610159,0
2018-06-18 16:00:00,6458.01000000,6794.38000000,6450.00000000,6694.63000000,10934.92262300,2018-06-18 19:59:59.999,73117908.92557617,60446,6049.20114800,40447708.49205032,0
2018-06-18 20:00:00,6694.62000000,6733.00000000,6689.00000000,6712.46000000,4100.75511300,2018-06-18 23:59:59.999,27522925.31281283,23667,2292.49494900,15388069.97600476,0
2018-06-19 00:00:00,6711.39000000,6730.00000000,6656.50000000,6683.00000000,2335.67198800,2018-06-19 03:59:59.999,15633102.72871029,16864,1069.86979500,7160831.73662126,0
2018-06-19 04:00:00,6684.00000000,6715.37000000,6665.00000000,6699.01000000,3673.03875300,2018-06-19 07:59:59.999,24582840.93730346,21074,2089.84910800,13987917.08016617,0
2018-06-19 08:00:00,6700.00000000,6779.60000000,6679.00000000,6726.11000000,5132.39653900,2018-06-19 11:59:59.999,34489825.86828908,33803,2701.82833800,18152608.52364534,0
2018-06-19 12:00:00,6726.11000000,6841.74000000,6718.09000000,6739.04000000,6788.84362500,2018-06-19 15:59:59.999,45895936.88287745,45287,3618.37306500,24463502.18198521,0
2018-06-19 16:00:00,6739.04000000,6749.00000000,6653.00000000,6742.03000000,4880.82323600,2018-06-19 19:59:59.999,32732410.53611862,27690,2565.82903800,17213496.32323424,0
2018-06-19 20:00:00,6742.03000000,6751.00000000,6682.33000000,6741.21000000,1500.64700200,2018-06-19 23:59:59.999,10085976.84083611,15772,803.99131500,5407256.13976118,0
2018-06-20 00:00:00,6740.00000000,6745.06000000,6551.81000000,6601.73000000,5754.66022700,2018-06-20 03:59:59.999,38040930.36284779,37677,2614.12868600,17284478.28323625,0
2018-06-20 04:00:00,6602.74000000,6645.00000000,6562.00000000,6627.95000000,2395.32838700,2018-06-20 07:59:59.999,15813177.38021180,15235,1052.54718400,6950604.09645060,0
2018-06-20 08:00:00,6627.94000000,6663.81000000,6605.56000000,6626.61000000,4176.41881300,2018-06-20 11:59:59.999,27673281.61462417,24332,2447.25962100,16214777.19314718,0
2018-06-20 12:00:00,6626.60000000,6778.70000000,6572.00000000,6750.62000000,7050.99133200,2018-06-20 15:59:59.999,47278820.80162858,40394,3767.66013200,25270426.08046311,0
2018-06-20 16:00:00,6750.64000000,6817.23000000,6737.60000000,6748.93000000,3826.51130300,2018-06-20 19:59:59.999,25876905.20621601,26096,2032.98740400,13748286.98198837,0
2018-06-20 20:00:00,6748.93000000,6764.91000000,6708.93000000,6761.51000000,3155.84239000,2018-06-20 23:59:59.999,21252220.28505078,22340,1733.35050400,11674300.25611355,0
2018-06-21 00:00:00,6763.21000000,6795.00000000,6729.16000000,6772.41000000,4415.60796100,2018-06-21 03:59:59.999,29871391.46676782,27741,2641.87791600,17872836.87885869,0
2018-06-21 04:00:00,6772.69000000,6776.80000000,6731.43000000,6758.72000000,3777.02649100,2018-06-21 07:59:59.999,25501047.05892338,22305,2379.70453600,16066573.74484804,0
2018-06-21 08:00:00,6751.94000000,6779.69000000,6680.00000000,6732.85000000,4641.32995900,2018-06-21 11:59:59.999,31234405.79304782,30480,2588.76017000,17424881.48401988,0
2018-06-21 12:00:00,6730.00000000,6740.94000000,6672.57000000,6713.96000000,5049.02544100,2018-06-21 15:59:59.999,33897149.86599599,35094,2935.51720900,19710595.78302548,0
2018-06-21 16:00:00,6713.96000000,6737.79000000,6688.00000000,6714.04000000,4295.05747600,2018-06-21 19:59:59.999,28814941.32327584,23513,2679.24268600,17975477.18258108,0
2018-06-21 20:00:00,6714.52000000,6748.00000000,6695.31000000,6718.84000000,3250.80672000,2018-06-21 23:59:59.999,21830923.72801759,20650,1927.39375700,12945502.64998108,0
2018-06-22 00:00:00,6717.69000000,6733.97000000,6600.00000000,6660.29000000,4983.45972300,2018-06-22 03:59:59.999,33232755.87358807,30614,2269.43134800,15147373.50553144,0
2018-06-22 04:00:00,6660.29000000,6670.97000000,6452.01000000,6495.08000000,6550.63230000,2018-06-22 07:59:59.999,43071384.01427174,41899,3011.80459600,19814381.13284185,0
2018-06-22 08:00:00,6499.76000000,6510.00000000,6272.94000000,6348.52000000,9143.77207700,2018-06-22 11:59:59.999,58324546.10128849,50439,4522.63719000,28853433.16115600,0
2018-06-22 12:00:00,6351.00000000,6357.86000000,6070.61000000,6150.00000000,12137.56301600,2018-06-22 15:59:59.999,75151696.87216668,69396,5678.63251100,35171313.50625856,0
2018-06-22 16:00:00,6150.00000000,6236.00000000,6110.75000000,6192.39000000,7436.30986400,2018-06-22 19:59:59.999,45844826.96191965,36056,4057.55114400,25019002.19726071,0
2018-06-22 20:00:00,6193.58000000,6204.40000000,5918.94000000,6045.00000000,11905.63385300,2018-06-22 23:59:59.999,71835457.09128183,72111,5796.66364900,34988814.76809546,0
2018-06-23 00:00:00,6045.92000000,6169.64000000,6031.70000000,6095.42000000,5555.65857700,2018-06-23 03:59:59.999,33974860.20059563,32163,3038.50889700,18578836.95659966,0
2018-06-23 04:00:00,6096.54000000,6131.36000000,6008.48000000,6105.99000000,4950.38429100,2018-06-23 07:59:59.999,30070555.70619193,35780,2735.34067900,16624645.24782182,0
2018-06-23 08:00:00,6105.49000000,6163.29000000,6063.87000000,6126.00000000,4126.84574000,2018-06-23 11:59:59.999,25223547.06198808,26697,2352.06630100,14378183.94254724,0
2018-06-23 12:00:00,6126.00000000,6140.07000000,6049.00000000,6091.64000000,3908.84606700,2018-06-23 15:59:59.999,23840483.41685557,25595,2002.92055300,12220533.82434556,0
2018-06-23 16:00:00,6095.86000000,6150.00000000,6091.31000000,6135.61000000,4272.33639100,2018-06-23 19:59:59.999,26137622.09098594,21987,2539.48170700,15536137.65471584,0
2018-06-23 20:00:00,6135.61000000,6260.00000000,6111.00000000,6149.98000000,3808.71752300,2018-06-23 23:59:59.999,23508697.36852547,27942,2442.42326200,15074723.53809083,0
2018-06-24 00:00:00,6149.98000000,6180.24000000,5977.77000000,6047.85000000,5922.43125800,2018-06-24 03:59:59.999,36003231.58708988,31202,3421.94800000,20794165.74192128,0
2018-06-24 04:00:00,6051.95000000,6054.63000000,5777.77000000,5830.00000000,10621.68516800,2018-06-24 07:59:59.999,62397493.40133174,67240,5213.87970300,30622292.73460470,0
2018-06-24 08:00:00,5829.08000000,5919.50000000,5781.00000000,5904.98000000,6539.38126700,2018-06-24 11:59:59.999,38314860.21713112,36720,3778.65555000,22143056.27700234,0
2018-06-24 12:00:00,5900.01000000,5934.41000000,5750.00000000,5767.02000000,7106.51893200,2018-06-24 15:59:59.999,41671355.93696828,38862,3905.80044200,22928305.58767726,0
2018-06-24 16:00:00,5769.86000000,6259.80000000,5750.00000000,6178.00000000,12305.66859900,2018-06-24 19:59:59.999,75265574.36110010,71004,6792.05001700,41513759.75815737,0
2018-06-24 20:00:00,6178.00000000,6199.00000000,6086.00000000,6136.97000000,4950.31373100,2018-06-24 23:59:59.999,30442820.55426906,30968,2854.08353500,17556550.78220967,0
2018-06-25 00:00:00,6137.95000000,6179.80000000,6097.58000000,6119.90000000,4348.80632900,2018-06-25 03:59:59.999,26668247.14895069,24354,2655.04955000,16280600.83097816,0
2018-06-25 04:00:00,6119.90000000,6196.00000000,6119.25000000,6148.32000000,5244.80936300,2018-06-25 07:59:59.999,32290325.51970008,26710,3290.99118100,20259727.82999056,0
2018-06-25 08:00:00,6148.32000000,6239.73000000,6140.91000000,6232.82000000,6799.83525800,2018-06-25 11:59:59.999,42065400.86134572,33290,3965.39524700,24527672.91676339,0
2018-06-25 12:00:00,6231.00000000,6350.00000000,6061.97000000,6290.00000000,13037.92580600,2018-06-25 15:59:59.999,80869529.75242517,70926,6590.04653400,40876208.63273911,0
2018-06-25 16:00:00,6288.08000000,6327.30000000,6192.86000000,6255.70000000,5846.38454300,2018-06-25 19:59:59.999,36662622.15652447,40674,3145.50582400,19732528.06575853,0
2018-06-25 20:00:00,6255.70000000,6290.00000000,6226.99000000,6252.00000000,3886.75400700,2018-06-25 23:59:59.999,24303790.36469995,22430,2339.06904800,14628531.71389809,0
2018-06-26 00:00:00,6252.00000000,6266.47000000,6180.00000000,6227.99000000,2669.96485300,2018-06-26 01:59:59.999,16614385.64242820,18655,1395.63033000,8686487.10119460,0
2018-06-26 12:00:00,6228.00000000,6247.60000000,6121.05000000,6188.01000000,7021.87100900,2018-06-26 15:59:59.999,43416369.79863034,38802,3461.19515900,21405687.94175529,0
2018-06-26 16:00:00,6188.01000000,6224.01000000,6155.11000000,6161.60000000,4253.75609200,2018-06-26 19:59:59.999,26283949.98960583,25552,2320.71130700,14342681.65764039,0
2018-06-26 20:00:00,6164.95000000,6272.54000000,6035.00000000,6070.78000000,5431.64853000,2018-06-26 23:59:59.999,33361850.13382969,30422,2647.12279600,16275216.72394196,0
2018-06-27 00:00:00,6065.89000000,6113.00000000,6001.00000000,6031.80000000,4231.24341500,2018-06-27 03:59:59.999,25661518.86034678,21580,2323.08372300,14093720.25732069,0
2018-06-27 04:00:00,6031.80000000,6095.00000000,6026.79000000,6072.33000000,3231.66291700,2018-06-27 07:59:59.999,19625797.73437058,14230,1794.55570600,10898269.32176095,0
2018-06-27 08:00:00,6073.50000000,6141.80000000,6066.00000000,6091.74000000,3785.04058000,2018-06-27 11:59:59.999,23075990.58343627,20309,2040.40845000,12438435.28156449,0
2018-06-27 12:00:00,6092.00000000,6164.99000000,5971.00000000,6110.09000000,3317.12107100,2018-06-27 15:59:59.999,20168515.88382159,17152,1705.12556000,10370188.91983955,0
2018-06-27 16:00:00,6106.06000000,6151.92000000,6087.00000000,6133.00000000,2416.26650100,2018-06-27 19:59:59.999,14788197.06008493,13118,1310.03574000,8019143.20824910,0
2018-06-27 20:00:00,6144.84000000,6190.43000000,6106.07000000,6133.73000000,2244.33661400,2018-06-27 23:59:59.999,13782991.68150819,13092,1207.80495700,7416675.03617549,0
2018-06-28 00:00:00,6134.73000000,6165.83000000,6069.91000000,6094.85000000,3390.98907300,2018-06-28 03:59:59.999,20744826.12178143,18445,1982.68757300,12134115.58353245,0
2018-06-28 04:00:00,6088.78000000,6173.01000000,6073.99000000,6116.75000000,3849.53101200,2018-06-28 07:59:59.999,23493134.13446552,21917,2308.93875600,14093018.41241632,0
2018-06-28 08:00:00,6116.75000000,6137.36000000,6082.01000000,6103.51000000,4523.63207500,2018-06-28 11:59:59.999,27619523.41360401,20379,2517.99072300,15373505.99673954,0
2018-06-28 12:00:00,6108.00000000,6136.27000000,6060.59000000,6107.00000000,4616.90646700,2018-06-28 15:59:59.999,28195403.25012877,24139,2484.16885600,15173722.34366286,0
2018-06-28 16:00:00,6104.10000000,6119.00000000,6060.59000000,6088.10000000,4668.82266900,2018-06-28 19:59:59.999,28489142.94518615,17709,2731.99831400,16670493.17097866,0
2018-06-28 20:00:00,6091.42000000,6104.83000000,5827.00000000,5853.98000000,9535.38473000,2018-06-28 23:59:59.999,56704981.01408599,53652,4396.59393700,26153839.22997539,0
2018-06-29 00:00:00,5851.01000000,5923.00000000,5850.00000000,5886.09000000,4819.24821100,2018-06-29 03:59:59.999,28329521.43544790,24004,2596.84003200,15266274.60064284,0
2018-06-29 04:00:00,5886.09000000,5979.00000000,5780.00000000,5904.22000000,6828.02916000,2018-06-29 07:59:59.999,40085882.83415169,39386,3400.83830400,19983488.75666694,0
2018-06-29 08:00:00,5901.03000000,5933.60000000,5840.14000000,5877.12000000,4480.92777700,2018-06-29 11:59:59.999,26420235.62464052,28978,2363.58485400,13936950.52804440,0
2018-06-29 12:00:00,5877.12000000,5913.00000000,5811.02000000,5900.05000000,4863.74033500,2018-06-29 15:59:59.999,28551439.93557896,35121,2834.21944100,16641837.60386037,0
2018-06-29 16:00:00,5903.39000000,5908.67000000,5867.00000000,5883.02000000,4261.21039400,2018-06-29 19:59:59.999,25078393.55042554,27441,2569.46792000,15124349.63537351,0
2018-06-29 20:00:00,5883.59000000,6300.00000000,5881.98000000,6197.92000000,8658.13140100,2018-06-29 23:59:59.999,52943890.53525382,57612,4962.24157700,30338445.20067466,0
2018-06-30 00:00:00,6197.92000000,6528.99000000,6186.03000000,6366.00000000,11020.96736300,2018-06-30 03:59:59.999,70080177.54184710,59292,5474.41761000,34831070.31328761,0
2018-06-30 04:00:00,6365.41000000,6427.60000000,6365.00000000,6409.36000000,5866.59497300,2018-06-30 07:59:59.999,37516287.51679479,30675,3183.83666400,20360537.76055887,0
2018-06-30 08:00:00,6409.36000000,6416.84000000,6367.40000000,6399.00000000,5528.87597900,2018-06-30 11:59:59.999,35353256.36952239,34061,2944.01690700,18825726.27042830,0
2018-06-30 12:00:00,6399.00000000,6466.75000000,6323.93000000,6382.27000000,6367.68952000,2018-06-30 15:59:59.999,40636325.01155109,43729,3400.72252900,21701485.66794234,0
2018-06-30 16:00:00,6382.00000000,6385.87000000,6301.01000000,6325.91000000,4872.66926400,2018-06-30 19:59:59.999,30894247.63562864,32079,2611.18333400,16558129.05051195,0
2018-06-30 20:00:00,6325.75000000,6423.00000000,6318.64000000,6390.07000000,4262.81574100,2018-06-30 23:59:59.999,27088273.95573380,31079,2421.84868200,15389768.32080186,0
2018-07-01 00:00:00,6391.08000000,6441.06000000,6315.00000000,6344.57000000,4204.28627600,2018-07-01 03:59:59.999,26760932.24094276,28137,2388.08293000,15200175.00335298,0
2018-07-01 04:00:00,6344.57000000,6410.00000000,6335.37000000,6376.98000000,4275.16972800,2018-07-01 07:59:59.999,27229557.23777334,24239,2487.15667100,15839627.81500832,0
2018-07-01 08:00:00,6376.97000000,6398.92000000,6330.00000000,6385.00000000,3532.87984100,2018-07-01 11:59:59.999,22529703.19999317,21080,2003.14049500,12775390.43333382,0
2018-07-01 12:00:00,6384.73000000,6389.37000000,6251.00000000,6316.58000000,5416.09983300,2018-07-01 15:59:59.999,34236926.95895782,36750,3063.60060000,19364061.09961276,0
2018-07-01 16:00:00,6316.14000000,6347.14000000,6299.96000000,6326.92000000,4474.12783200,2018-07-01 19:59:59.999,28279843.69173528,28947,2548.02710700,16104640.74337593,0
2018-07-01 20:00:00,6327.00000000,6429.99000000,6312.36000000,6356.81000000,5660.40246400,2018-07-01 23:59:59.999,36059538.16546670,43907,3090.02604500,19688896.61796873,0
2018-07-02 00:00:00,6360.82000000,6369.00000000,6298.57000000,6346.00000000,3536.67622000,2018-07-02 03:59:59.999,22418026.64748305,29437,1934.45614400,12263299.68250865,0
2018-07-02 04:00:00,6344.81000000,6361.75000000,6271.62000000,6345.41000000,4766.45979000,2018-07-02 07:59:59.999,30078906.48965480,29459,2585.79052900,16318221.99365271,0
2018-07-02 08:00:00,6345.41000000,6381.33000000,6315.27000000,6343.99000000,4298.08383300,2018-07-02 11:59:59.999,27269889.77198149,28498,2390.68680700,15169459.88690973,0
2018-07-02 12:00:00,6344.00000000,6679.71000000,6325.88000000,6630.08000000,12697.13107500,2018-07-02 15:59:59.999,83304335.39163544,73726,6200.67241500,40643185.87165594,0
2018-07-02 16:00:00,6630.09000000,6685.00000000,6586.75000000,6629.00000000,6793.13768000,2018-07-02 19:59:59.999,45022416.61032186,48159,3653.75513600,24218369.75454929,0
2018-07-02 20:00:00,6629.00000000,6665.00000000,6599.05000000,6615.29000000,4138.96366600,2018-07-02 23:59:59.999,27430755.73757671,33310,2201.54987600,14593139.00346865,0
2018-07-03 00:00:00,6615.29000000,6670.00000000,6596.31000000,6645.00000000,4815.30080400,2018-07-03 03:59:59.999,31902378.37250421,30610,2712.54236700,17973654.29632245,0
2018-07-03 04:00:00,6642.79000000,6679.35000000,6609.84000000,6645.99000000,4836.81203100,2018-07-03 07:59:59.999,32117619.42120765,33394,2795.26065500,18561860.26070641,0
2018-07-03 08:00:00,6644.21000000,6647.71000000,6519.99000000,6576.51000000,8561.15623300,2018-07-03 11:59:59.999,56373297.40119102,51753,4569.19423700,30095225.87006073,0
2018-07-03 12:00:00,6576.51000000,6599.00000000,6545.02000000,6585.02000000,5382.29925700,2018-07-03 15:59:59.999,35382830.86603421,32593,2870.49909100,18871705.72189718,0
2018-07-03 16:00:00,6585.02000000,6655.00000000,6529.00000000,6601.54000000,5750.29308200,2018-07-03 19:59:59.999,37849616.39261724,35104,3071.09968700,20215983.88042367,0
2018-07-03 20:00:00,6601.54000000,6629.39000000,6463.01000000,6513.86000000,9311.92028400,2018-07-03 23:59:59.999,60924695.68413450,49460,4485.02936200,29329407.78737803,0
2018-07-04 00:00:00,6511.01000000,6524.60000000,6441.11000000,6481.69000000,1543.48440200,2018-07-04 00:22:25.551,10005623.35965307,5307,507.87448000,3296849.94281213,0
2018-07-04 08:00:00,6481.72000000,6600.00000000,6455.20000000,6536.93000000,3983.72323900,2018-07-04 11:59:59.999,26002712.01808652,27569,1943.62953800,12689172.19722639,0
2018-07-04 12:00:00,6536.93000000,6784.92000000,6532.65000000,6683.76000000,8385.55421600,2018-07-04 15:59:59.999,55973777.07787120,51083,4696.49622400,31337304.76428821,0
2018-07-04 16:00:00,6683.77000000,6706.99000000,6632.00000000,6683.07000000,4715.79661100,2018-07-04 19:59:59.999,31476069.59065869,30056,2562.90068500,17108340.44945127,0
2018-07-04 20:00:00,6683.08000000,6697.96000000,6555.00000000,6586.98000000,4943.33430900,2018-07-04 23:59:59.999,32819702.28384648,32188,2533.16998100,16831937.50134082,0
2018-07-05 00:00:00,6585.53000000,6712.00000000,6510.00000000,6626.88000000,5798.26077600,2018-07-05 03:59:59.999,38271952.23976237,34470,3352.26168700,22132924.84890755,0
2018-07-05 04:00:00,6625.92000000,6667.10000000,6560.00000000,6615.00000000,4352.39379100,2018-07-05 07:59:59.999,28771254.81837614,27765,2385.51457200,15771119.48596892,0
2018-07-05 08:00:00,6614.99000000,6689.00000000,6551.00000000,6614.65000000,5642.62626200,2018-07-05 11:59:59.999,37342588.72461391,36348,3188.27803800,21107581.50734684,0
2018-07-05 12:00:00,6613.52000000,6673.79000000,6530.28000000,6611.36000000,7334.57449200,2018-07-05 15:59:59.999,48454856.46676481,45723,3753.96947700,24803408.38827033,0
2018-07-05 16:00:00,6614.79000000,6639.97000000,6453.33000000,6510.32000000,7216.65804700,2018-07-05 19:59:59.999,47187536.12965245,42726,3685.59423100,24114479.42236921,0
2018-07-05 20:00:00,6509.86000000,6563.76000000,6476.99000000,6529.20000000,4727.45953000,2018-07-05 23:59:59.999,30781001.92823545,29501,2849.16269700,18551946.35587376,0
2018-07-06 00:00:00,6529.20000000,6553.00000000,6511.00000000,6530.00000000,4120.32107100,2018-07-06 03:59:59.999,26906727.16269791,24305,2337.06150500,15262903.67557848,0
2018-07-06 04:00:00,6530.00000000,6533.63000000,6425.00000000,6478.85000000,5824.50448600,2018-07-06 07:59:59.999,37783318.74334307,37316,3043.07875500,19745764.31591853,0
2018-07-06 08:00:00,6478.99000000,6548.00000000,6472.10000000,6526.56000000,5275.78245500,2018-07-06 11:59:59.999,34354644.64751738,32050,3069.14360900,19984326.35044388,0
2018-07-06 12:00:00,6526.42000000,6648.54000000,6525.93000000,6565.01000000,5539.83396700,2018-07-06 15:59:59.999,36389343.79465585,44574,3011.28274100,19779091.09185787,0
2018-07-06 16:00:00,6564.66000000,6629.00000000,6512.46000000,6570.01000000,4697.54604600,2018-07-06 19:59:59.999,30860050.92397448,34837,2453.60062200,16122366.22186446,0
2018-07-06 20:00:00,6570.01000000,6630.00000000,6555.00000000,6609.78000000,3939.10672300,2018-07-06 23:59:59.999,25936818.40380344,20772,2378.77792500,15665757.43882707,0
2018-07-07 00:00:00,6609.79000000,6613.99000000,6561.01000000,6599.99000000,3182.38472100,2018-07-07 03:59:59.999,20963322.12423882,20589,1718.35056000,11320371.10321694,0
2018-07-07 04:00:00,6599.45000000,6618.80000000,6561.01000000,6589.93000000,2738.94433600,2018-07-07 07:59:59.999,18057711.61948518,18159,1325.43526600,8739339.39851890,0
2018-07-07 08:00:00,6591.78000000,6592.07000000,6555.00000000,6584.79000000,3539.81398500,2018-07-07 11:59:59.999,23285198.09842713,17905,2138.58812500,14070401.19490675,0
2018-07-07 12:00:00,6584.79000000,6614.00000000,6511.44000000,6558.03000000,4423.57719000,2018-07-07 15:59:59.999,28991544.62576540,28701,2068.37857200,13559774.91215398,0
2018-07-07 16:00:00,6558.03000000,6573.94000000,6525.01000000,6537.84000000,3297.35025300,2018-07-07 19:59:59.999,21601370.41385105,19265,1864.46389900,12214583.96068423,0
2018-07-07 20:00:00,6537.84000000,6818.16000000,6508.88000000,6756.98000000,6791.80640100,2018-07-07 23:59:59.999,45135008.29602385,40830,3779.60715700,25099763.90789224,0
2018-07-08 00:00:00,6753.48000000,6780.00000000,6716.00000000,6718.90000000,5207.16741000,2018-07-08 03:59:59.999,35125278.72317232,31575,2892.36432000,19511148.17055878,0
2018-07-08 04:00:00,6717.01000000,6741.18000000,6708.00000000,6739.19000000,3107.49348800,2018-07-08 07:59:59.999,20908533.60507190,21234,1538.44497700,10352020.26183654,0
2018-07-08 08:00:00,6739.18000000,6745.49000000,6717.01000000,6735.43000000,3799.06254700,2018-07-08 11:59:59.999,25574492.70441352,20144,2310.17386500,15551899.15882301,0
2018-07-08 12:00:00,6738.78000000,6778.73000000,6711.00000000,6740.93000000,4473.47199900,2018-07-08 15:59:59.999,30158295.59989767,27008,2463.17743400,16605970.56081544,0
2018-07-08 16:00:00,6740.93000000,6773.52000000,6739.93000000,6765.18000000,3101.48076700,2018-07-08 19:59:59.999,20961911.53597387,19625,1595.38084700,10783058.40244594,0
2018-07-08 20:00:00,6765.17000000,6774.85000000,6667.44000000,6712.10000000,4934.27158300,2018-07-08 23:59:59.999,33212839.62983081,25763,2347.09119900,15809165.21777676,0
2018-07-09 00:00:00,6712.10000000,6729.18000000,6677.31000000,6717.28000000,4114.95279700,2018-07-09 03:59:59.999,27582099.93063088,20545,2266.29585800,15191045.17908300,0
2018-07-09 04:00:00,6717.28000000,6748.27000000,6682.00000000,6725.00000000,3414.46336800,2018-07-09 07:59:59.999,22902235.18345779,18537,1954.14633800,13107200.18797596,0
2018-07-09 08:00:00,6726.99000000,6752.62000000,6657.02000000,6718.01000000,4660.85291200,2018-07-09 11:59:59.999,31255959.41850395,22743,2530.62141500,16971320.92843419,0
2018-07-09 12:00:00,6718.02000000,6745.00000000,6696.99000000,6726.00000000,4019.66091300,2018-07-09 15:59:59.999,27022268.48875187,22629,2454.39295400,16500415.22307475,0
2018-07-09 16:00:00,6726.00000000,6727.99000000,6660.00000000,6709.00000000,4248.27825000,2018-07-09 19:59:59.999,28457128.06111885,26356,2056.96954100,13782615.50734159,0
2018-07-09 20:00:00,6709.68000000,6802.06000000,6612.24000000,6662.12000000,6274.19831000,2018-07-09 23:59:59.999,42030882.58402200,36505,3121.70937100,20937797.61432232,0
2018-07-10 00:00:00,6662.78000000,6681.00000000,6606.11000000,6632.22000000,5068.92540700,2018-07-10 03:59:59.999,33691918.45970215,26357,2737.86226400,18200385.65795135,0
2018-07-10 04:00:00,6632.14000000,6655.46000000,6544.04000000,6601.17000000,4874.00185700,2018-07-10 07:59:59.999,32215278.87454660,27696,2432.03694000,16083215.44235610,0
2018-07-10 08:00:00,6601.17000000,6617.00000000,6327.00000000,6365.06000000,11525.55164800,2018-07-10 11:59:59.999,74479549.89279539,49466,5225.84399000,33795985.12008039,0
2018-07-10 12:00:00,6365.06000000,6403.83000000,6325.99000000,6383.70000000,7754.39712900,2018-07-10 15:59:59.999,49392387.89515018,37575,4062.17939700,25880342.54485354,0
2018-07-10 16:00:00,6386.97000000,6413.97000000,6334.56000000,6376.13000000,4408.19104400,2018-07-10 19:59:59.999,28072387.96678528,21424,2481.96943100,15805344.56300180,0
2018-07-10 20:00:00,6376.13000000,6404.77000000,6263.00000000,6296.91000000,4929.60561700,2018-07-10 23:59:59.999,31248237.10077009,27395,2321.24383700,14725171.37061222,0
2018-07-11 00:00:00,6296.91000000,6400.00000000,6278.99000000,6337.00000000,6208.85488900,2018-07-11 03:59:59.999,39504618.43085395,25960,3297.87311400,20986197.58805564,0
2018-07-11 04:00:00,6337.00000000,6366.30000000,6280.00000000,6346.01000000,5520.77669000,2018-07-11 07:59:59.999,34914155.60277756,33064,2723.55033600,17227441.33595474,0
2018-07-11 08:00:00,6345.01000000,6406.00000000,6315.01000000,6374.97000000,5332.01538900,2018-07-11 11:59:59.999,33890603.43251018,28006,3031.54676500,19269540.62738069,0
2018-07-11 12:00:00,6374.94000000,6391.91000000,6340.00000000,6359.99000000,4255.12044600,2018-07-11 15:59:59.999,27086199.84339447,25809,2391.84526500,15228421.19235058,0
2018-07-11 16:00:00,6360.00000000,6364.50000000,6282.83000000,6344.59000000,3973.64835100,2018-07-11 19:59:59.999,25178013.45869382,22250,2208.58402900,13999605.00798590,0
2018-07-11 20:00:00,6345.29000000,6381.08000000,6339.42000000,6378.07000000,3425.08272200,2018-07-11 23:59:59.999,21783878.25984092,16780,2014.50990300,12813432.35232422,0
2018-07-12 00:00:00,6378.07000000,6380.28000000,6300.18000000,6343.80000000,3576.77272700,2018-07-12 03:59:59.999,22662487.58590397,17141,1884.34266200,11939296.77432508,0
2018-07-12 04:00:00,6343.80000000,6344.44000000,6141.11000000,6177.99000000,8362.60496400,2018-07-12 07:59:59.999,52174354.62613781,38367,3898.14317000,24328528.60622161,0
2018-07-12 08:00:00,6176.21000000,6209.00000000,6135.00000000,6165.76000000,5802.89511700,2018-07-12 11:59:59.999,35818448.48406539,26061,3097.15052200,19121823.26889913,0
2018-07-12 12:00:00,6165.76000000,6198.36000000,6152.00000000,6167.36000000,3936.23984700,2018-07-12 15:59:59.999,24297018.83462682,20743,2190.84042900,13523644.48000244,0
2018-07-12 16:00:00,6163.65000000,6193.41000000,6154.82000000,6173.98000000,3688.25908400,2018-07-12 19:59:59.999,22771973.90956404,18025,1927.32694200,11901265.38714726,0
2018-07-12 20:00:00,6173.98000000,6274.44000000,6070.00000000,6250.57000000,5939.89160900,2018-07-12 23:59:59.999,36601450.34720625,30648,3069.96288600,18939551.52343133,0
2018-07-13 00:00:00,6251.40000000,6310.00000000,6216.02000000,6258.95000000,4860.72627800,2018-07-13 03:59:59.999,30366723.46856543,24853,2629.18518400,16428077.97725122,0
2018-07-13 04:00:00,6256.26000000,6350.00000000,6211.58000000,6255.00000000,3503.35742200,2018-07-13 07:59:59.999,21896084.86519469,19259,1966.58945200,12290762.78160732,0
2018-07-13 08:00:00,6252.94000000,6255.29000000,6230.00000000,6247.62000000,4450.17143000,2018-07-13 11:59:59.999,27781822.16966830,20922,2070.56335800,12927381.15935419,0
2018-07-13 12:00:00,6250.55000000,6295.00000000,6232.06000000,6265.00000000,3553.40654700,2018-07-13 15:59:59.999,22237190.31165870,21799,1715.50841300,10736740.91656303,0
2018-07-13 16:00:00,6265.00000000,6347.38000000,6161.59000000,6178.00000000,5131.47243800,2018-07-13 19:59:59.999,32017546.51282106,25961,2324.25477100,14508330.59745372,0
2018-07-13 20:00:00,6177.90000000,6244.96000000,6110.00000000,6214.57000000,4876.19117100,2018-07-13 23:59:59.999,30168632.48135016,31963,2485.05583800,15385069.37990126,0
2018-07-14 00:00:00,6214.57000000,6280.00000000,6191.78000000,6208.98000000,2122.04409700,2018-07-14 03:59:59.999,13231933.06443092,15030,1126.34167500,7023663.13277615,0
2018-07-14 04:00:00,6208.98000000,6233.08000000,6195.00000000,6222.99000000,2479.48264700,2018-07-14 07:59:59.999,15418865.58638818,15563,1440.57834700,8958300.10660044,0
2018-07-14 08:00:00,6222.02000000,6245.00000000,6178.00000000,6237.01000000,3273.26916100,2018-07-14 11:59:59.999,20330076.51363717,19239,1674.69317300,10403540.29988531,0
2018-07-14 12:00:00,6237.01000000,6252.89000000,6220.00000000,6242.01000000,2579.79684500,2018-07-14 15:59:59.999,16086657.88156031,14466,1488.74060500,9283696.17063180,0
2018-07-14 16:00:00,6242.26000000,6300.00000000,6206.12000000,6270.01000000,3378.81778900,2018-07-14 19:59:59.999,21139065.49386796,20947,1942.02492300,12152577.38642987,0
2018-07-14 20:00:00,6270.00000000,6335.00000000,6205.00000000,6251.99000000,3949.66146000,2018-07-14 23:59:59.999,24752889.70731464,22807,2160.93430600,13540277.90867693,0
2018-07-15 00:00:00,6250.90000000,6261.27000000,6225.40000000,6257.99000000,2808.08375200,2018-07-15 03:59:59.999,17533286.17871060,14705,1885.18540100,11772332.14318705,0
2018-07-15 04:00:00,6257.99000000,6294.95000000,6255.17000000,6283.99000000,3539.61276600,2018-07-15 07:59:59.999,22207484.97798587,15390,2164.31256800,13578737.11324139,0
2018-07-15 08:00:00,6282.63000000,6395.00000000,6281.17000000,6355.51000000,5169.34114600,2018-07-15 11:59:59.999,32726658.09676957,27695,3028.37105800,19173135.12719020,0
2018-07-15 12:00:00,6355.97000000,6394.00000000,6329.00000000,6385.46000000,4358.88823700,2018-07-15 15:59:59.999,27704773.44916090,21521,2431.64375600,15458120.64870257,0
2018-07-15 16:00:00,6385.46000000,6395.00000000,6340.00000000,6361.66000000,3969.07120900,2018-07-15 19:59:59.999,25284474.29965427,19804,2430.21515500,15480099.17482267,0
2018-07-15 20:00:00,6365.48000000,6388.00000000,6344.00000000,6353.01000000,3134.21439800,2018-07-15 23:59:59.999,19953145.74259539,15882,1650.51223700,10507856.32787812,0
2018-07-16 00:00:00,6354.15000000,6383.85000000,6330.40000000,6357.75000000,4258.90906000,2018-07-16 03:59:59.999,27053699.15275481,19618,2327.96149900,14787675.27698155,0
2018-07-16 04:00:00,6357.75000000,6389.67000000,6343.61000000,6370.00000000,3449.90219300,2018-07-16 07:59:59.999,21960197.34751311,21746,2124.12713400,13520652.53637361,0
2018-07-16 08:00:00,6370.80000000,6670.00000000,6362.02000000,6635.57000000,10354.56576000,2018-07-16 11:59:59.999,67544097.62154947,58576,5489.79565300,35785021.74864725,0
2018-07-16 12:00:00,6631.12000000,6649.10000000,6579.99000000,6632.78000000,7369.26385500,2018-07-16 15:59:59.999,48743663.79202881,40214,4196.02205000,27758148.95089832,0
2018-07-16 16:00:00,6632.45000000,6714.96000000,6616.00000000,6676.48000000,6539.73236600,2018-07-16 19:59:59.999,43531834.49134314,37153,3548.77351000,23620038.72118049,0
2018-07-16 20:00:00,6681.95000000,6747.30000000,6644.09000000,6723.35000000,4232.50384600,2018-07-16 23:59:59.999,28270620.04530604,24426,2462.95496200,16450627.61860440,0
2018-07-17 00:00:00,6723.33000000,6754.00000000,6685.66000000,6739.00000000,5504.92287800,2018-07-17 03:59:59.999,37010817.46669152,24290,3009.13916600,20231566.04308334,0
2018-07-17 04:00:00,6739.71000000,6754.99000000,6652.04000000,6696.67000000,6032.56586400,2018-07-17 07:59:59.999,40376454.28316470,30709,3150.10732700,21083422.35590419,0
2018-07-17 08:00:00,6696.67000000,6734.99000000,6668.06000000,6675.76000000,5024.20300400,2018-07-17 11:59:59.999,33699124.72942588,26497,2979.91019300,19989210.34647976,0
2018-07-17 12:00:00,6675.76000000,6795.00000000,6667.72000000,6778.31000000,6190.27945600,2018-07-17 15:59:59.999,41579127.79599005,36878,3578.61340000,24036261.20100701,0
2018-07-17 16:00:00,6776.68000000,7468.99000000,6728.84000000,7289.64000000,20763.99455600,2018-07-17 19:59:59.999,149054843.84723428,111670,10484.91156600,75112784.50005099,0
2018-07-17 20:00:00,7289.64000000,7385.67000000,7272.00000000,7317.44000000,8589.45770100,2018-07-17 23:59:59.999,62948936.91439998,46134,4846.43491800,35523908.24531888,0
2018-07-18 00:00:00,7317.44000000,7550.00000000,7309.64000000,7457.03000000,9867.36757700,2018-07-18 03:59:59.999,73126770.13015920,55149,5311.09163600,39333453.38879359,0
2018-07-18 04:00:00,7459.00000000,7480.55000000,7399.00000000,7434.00000000,7659.75545400,2018-07-18 07:59:59.999,56975648.89143941,40722,4142.84830700,30813969.58279292,0
2018-07-18 08:00:00,7434.00000000,7438.13000000,7310.48000000,7419.00000000,7760.08100200,2018-07-18 11:59:59.999,57319655.80513106,44212,4247.37665400,31378755.35164917,0
2018-07-18 12:00:00,7418.02000000,7531.30000000,7360.40000000,7428.73000000,10070.60368100,2018-07-18 15:59:59.999,74946584.63090227,55007,5228.05630800,38917424.40404298,0
2018-07-18 16:00:00,7428.46000000,7588.08000000,7336.13000000,7396.99000000,13211.28168000,2018-07-18 19:59:59.999,98413064.52322691,69435,6720.34301500,50098894.06558033,0
2018-07-18 20:00:00,7396.83000000,7398.01000000,7225.38000000,7381.90000000,10918.55405600,2018-07-18 23:59:59.999,79888189.22749354,63424,5546.66639600,40590640.57515352,0
2018-07-19 00:00:00,7381.88000000,7381.90000000,7270.00000000,7316.00000000,5446.05524100,2018-07-19 03:59:59.999,39883168.14729510,35770,3005.73488300,22015689.51091724,0
2018-07-19 04:00:00,7316.00000000,7366.16000000,7306.00000000,7316.66000000,5204.07840600,2018-07-19 07:59:59.999,38168326.84158280,29206,3092.06923900,22680422.24448224,0
2018-07-19 08:00:00,7316.67000000,7440.48000000,7291.37000000,7414.49000000,6157.18985300,2018-07-19 11:59:59.999,45399397.82174679,37127,3438.27541300,25352903.02792372,0
2018-07-19 12:00:00,7419.65000000,7521.86000000,7373.25000000,7392.35000000,9952.68473200,2018-07-19 15:59:59.999,74132103.93028362,52896,5338.80483300,39768332.94774909,0
2018-07-19 16:00:00,7392.35000000,7490.00000000,7352.00000000,7448.78000000,8092.30456100,2018-07-19 19:59:59.999,60023016.38724119,40685,4357.31496600,32321370.63228304,0
2018-07-19 20:00:00,7450.00000000,7576.28000000,7414.14000000,7466.21000000,6365.94364400,2018-07-19 23:59:59.999,47592268.01133672,39913,3450.75708700,25788945.36765795,0
2018-07-20 00:00:00,7468.86000000,7479.82000000,7367.00000000,7461.35000000,5663.27384500,2018-07-20 03:59:59.999,42077225.23529007,35485,2851.74208200,21187549.00352760,0
2018-07-20 04:00:00,7461.35000000,7479.00000000,7336.66000000,7449.99000000,6569.86197300,2018-07-20 07:59:59.999,48686370.95412936,40830,3357.60681400,24887981.03367392,0
2018-07-20 08:00:00,7443.50000000,7517.86000000,7430.00000000,7504.65000000,6260.12598800,2018-07-20 11:59:59.999,46751692.62962420,34978,3708.57664000,27700820.89946381,0
2018-07-20 12:00:00,7504.00000000,7521.07000000,7436.40000000,7467.93000000,6312.52747000,2018-07-20 15:59:59.999,47187947.17532903,33561,3338.62643000,24957714.24370308,0
2018-07-20 16:00:00,7468.96000000,7700.00000000,7273.00000000,7350.05000000,16283.37450300,2018-07-20 19:59:59.999,121115001.53518350,76804,7905.79895500,58827666.14981998,0
2018-07-20 20:00:00,7353.37000000,7373.93000000,7280.00000000,7337.53000000,5051.14966800,2018-07-20 23:59:59.999,37044455.56635342,29733,2844.23370100,20866956.16401682,0
2018-07-21 00:00:00,7337.47000000,7338.19000000,7211.00000000,7280.02000000,6649.58403300,2018-07-21 03:59:59.999,48365873.67323142,34863,3483.90489900,25350657.27521151,0
2018-07-21 04:00:00,7280.01000000,7359.63000000,7255.93000000,7321.27000000,4701.67384800,2018-07-21 07:59:59.999,34388474.98616563,25532,2740.28713300,20044526.04315857,0
2018-07-21 08:00:00,7324.00000000,7350.00000000,7288.22000000,7314.19000000,3922.06390500,2018-07-21 11:59:59.999,28683855.78223750,22939,2237.35464600,16364479.36536987,0
2018-07-21 12:00:00,7314.18000000,7419.54000000,7297.44000000,7391.63000000,5206.54362000,2018-07-21 15:59:59.999,38333936.90673390,31374,2908.37278800,21411496.99908217,0
2018-07-21 16:00:00,7394.87000000,7447.00000000,7379.13000000,7422.92000000,4827.31781600,2018-07-21 19:59:59.999,35794991.37873443,29477,2893.28214500,21457358.76230528,0
2018-07-21 20:00:00,7422.92000000,7458.47000000,7396.08000000,7398.78000000,3579.30706900,2018-07-21 23:59:59.999,26559284.50162864,20716,2164.18095100,16059547.93053556,0
2018-07-22 00:00:00,7399.25000000,7487.49000000,7339.00000000,7422.93000000,4672.43027400,2018-07-22 03:59:59.999,34719371.86566862,22158,2681.59125100,19935903.09716375,0
2018-07-22 04:00:00,7422.93000000,7422.93000000,7370.10000000,7395.03000000,3697.18474100,2018-07-22 07:59:59.999,27340288.07281169,16687,2161.62400700,15985299.99009512,0
2018-07-22 08:00:00,7395.03000000,7469.99000000,7392.80000000,7445.02000000,4223.14072300,2018-07-22 11:59:59.999,31436685.90842926,18854,2567.02733600,19111294.72127300,0
2018-07-22 12:00:00,7446.00000000,7555.00000000,7429.92000000,7527.38000000,5906.59642300,2018-07-22 15:59:59.999,44221914.83349752,30720,3270.56968700,24479179.07101905,0
2018-07-22 16:00:00,7527.99000000,7539.90000000,7484.40000000,7528.05000000,4993.12916400,2018-07-22 19:59:59.999,37527144.40579664,21351,3072.39886400,23093328.47740666,0
2018-07-22 20:00:00,7528.04000000,7582.40000000,7335.50000000,7394.79000000,6777.73711500,2018-07-22 23:59:59.999,50373829.75123834,34941,3333.54714700,24785545.36227805,0
2018-07-23 00:00:00,7394.78000000,7670.00000000,7375.00000000,7623.00000000,8227.33373800,2018-07-23 03:59:59.999,62172196.99022740,35993,4583.34604500,34634276.40153637,0
2018-07-23 04:00:00,7623.00000000,7790.00000000,7623.00000000,7758.94000000,6501.21729400,2018-07-23 07:59:59.999,50041850.04785008,35148,3504.27721500,26983095.02204387,0
2018-07-23 08:00:00,7758.95000000,7763.87000000,7666.00000000,7695.00000000,7645.21095000,2018-07-23 11:59:59.999,58919632.75621978,39777,4063.49227200,31322210.28787025,0
2018-07-23 12:00:00,7695.00000000,7752.00000000,7671.00000000,7733.74000000,5604.94610000,2018-07-23 15:59:59.999,43225884.26449102,31913,3184.16537500,24555588.78311505,0
2018-07-23 16:00:00,7731.50000000,7833.00000000,7638.80000000,7755.00000000,8677.91044000,2018-07-23 19:59:59.999,67197327.78039346,48418,4620.56593300,35790388.98618664,0
2018-07-23 20:00:00,7757.00000000,7780.00000000,7699.00000000,7721.01000000,4989.72814900,2018-07-23 23:59:59.999,38599654.74322811,28527,2800.60308600,21669851.55481558,0
2018-07-24 00:00:00,7721.65000000,7795.28000000,7696.00000000,7774.00000000,5796.55902900,2018-07-24 03:59:59.999,44917843.63369108,34226,3630.04337300,28135094.78043742,0
2018-07-24 04:00:00,7771.18000000,8047.37000000,7766.59000000,8031.00000000,13731.34132200,2018-07-24 07:59:59.999,109012689.95367480,75334,7596.18147900,60302216.72855657,0
2018-07-24 08:00:00,8031.01000000,8280.00000000,7966.10000000,8257.99000000,9689.01261900,2018-07-24 11:59:59.999,78337036.55169104,53531,5524.47523800,44675557.73031731,0
2018-07-24 12:00:00,8257.98000000,8371.93000000,8120.01000000,8180.27000000,15241.88887300,2018-07-24 15:59:59.999,125192894.68921920,78635,7467.87730500,61361107.02689691,0
2018-07-24 16:00:00,8182.40000000,8312.16000000,8160.90000000,8266.24000000,7307.13439100,2018-07-24 19:59:59.999,60162259.63392929,38262,4200.30227300,34579952.80350654,0
2018-07-24 20:00:00,8266.24000000,8486.00000000,8185.00000000,8397.24000000,8355.22751500,2018-07-24 23:59:59.999,69494487.21969279,46341,4561.62865700,37937240.53980650,0
2018-07-25 00:00:00,8397.24000000,8491.77000000,8293.00000000,8374.31000000,9154.94961700,2018-07-25 03:59:59.999,76775108.45819687,52671,4632.49226100,38848168.42327249,0
2018-07-25 04:00:00,8374.31000000,8450.00000000,8296.30000000,8335.00000000,6396.53289300,2018-07-25 07:59:59.999,53526168.03367388,44114,3176.61744500,26583066.33810991,0
2018-07-25 08:00:00,8335.00000000,8335.00000000,8137.01000000,8179.10000000,9211.63427700,2018-07-25 11:59:59.999,75820832.82698868,53019,4665.16448100,38411375.35515542,0
2018-07-25 12:00:00,8184.60000000,8229.58000000,8050.00000000,8114.96000000,8666.90237800,2018-07-25 15:59:59.999,70644022.48912429,46019,4643.24566600,37845469.88710252,0
2018-07-25 16:00:00,8114.96000000,8179.16000000,8071.10000000,8166.98000000,7224.60252900,2018-07-25 19:59:59.999,58704587.45232951,38031,4056.42027100,32963405.66398689,0
2018-07-25 20:00:00,8166.97000000,8337.60000000,8124.00000000,8175.64000000,7603.02743000,2018-07-25 23:59:59.999,62649038.54353689,44081,4273.86640200,35216020.10115647,0
2018-07-26 00:00:00,8175.63000000,8264.73000000,8169.26000000,8228.23000000,5161.17341200,2018-07-26 03:59:59.999,42401011.23447890,30598,2966.95369600,24372591.27056406,0
2018-07-26 04:00:00,8228.23000000,8315.69000000,8188.00000000,8245.87000000,5314.79226200,2018-07-26 07:59:59.999,43793715.50749982,30860,2884.05782900,23767039.63107976,0
2018-07-26 08:00:00,8245.85000000,8313.99000000,8219.96000000,8251.90000000,5524.05152900,2018-07-26 11:59:59.999,45690520.34207096,32526,3073.10597000,25422805.26974249,0
2018-07-26 12:00:00,8255.29000000,8260.00000000,8180.00000000,8205.63000000,4848.60886500,2018-07-26 15:59:59.999,39828791.28645443,30947,2532.50457400,20805535.12156185,0
2018-07-26 16:00:00,8208.29000000,8280.00000000,8191.00000000,8264.27000000,4665.32089600,2018-07-26 19:59:59.999,38389270.75293032,23879,2647.08174700,21782112.42877123,0
2018-07-26 20:00:00,8261.10000000,8299.08000000,7850.06000000,7920.00000000,17709.53471800,2018-07-26 23:59:59.999,141997898.55652078,86871,8263.29117900,66281753.77776948,0
2018-07-27 00:00:00,7920.00000000,7963.94000000,7861.04000000,7886.35000000,6459.31973100,2018-07-27 03:59:59.999,51064438.00348680,30973,3555.28042700,28108498.25247201,0
2018-07-27 04:00:00,7886.90000000,7954.93000000,7885.17000000,7916.99000000,5044.02343200,2018-07-27 07:59:59.999,39947683.28446559,28326,2880.70566100,22817763.58569573,0
2018-07-27 08:00:00,7916.99000000,8003.81000000,7910.00000000,7938.07000000,5848.94752100,2018-07-27 11:59:59.999,46527364.62733226,31303,3259.73971500,25938499.81083380,0
2018-07-27 12:00:00,7934.69000000,8199.51000000,7805.00000000,8152.56000000,12315.34452700,2018-07-27 15:59:59.999,98278089.64869566,65206,6036.00882700,48159465.34934545,0
2018-07-27 16:00:00,8157.22000000,8285.00000000,8152.17000000,8221.63000000,8316.65410200,2018-07-27 19:59:59.999,68312371.75582299,42190,4467.42357800,36695964.55302257,0
2018-07-27 20:00:00,8220.20000000,8277.20000000,8128.00000000,8188.57000000,5686.71657800,2018-07-27 23:59:59.999,46751749.43290366,29399,2969.77711100,24422553.63729983,0
2018-07-28 00:00:00,8188.57000000,8225.30000000,8140.09000000,8164.99000000,3615.95987300,2018-07-28 03:59:59.999,29575011.09518844,23150,2098.02608500,17159635.12160938,0
2018-07-28 04:00:00,8164.99000000,8235.33000000,8164.44000000,8196.72000000,4030.29773800,2018-07-28 07:59:59.999,33042074.34039076,20800,2162.96402700,17734989.09032582,0
2018-07-28 08:00:00,8196.71000000,8225.01000000,8145.00000000,8184.73000000,4061.29269800,2018-07-28 11:59:59.999,33287302.87097389,24362,2159.84700700,17706432.60486971,0
2018-07-28 12:00:00,8184.69000000,8205.00000000,8067.00000000,8116.11000000,5992.23239200,2018-07-28 15:59:59.999,48800621.85397485,32503,2940.51328500,23967255.47368271,0
2018-07-28 16:00:00,8116.11000000,8218.00000000,8116.10000000,8187.64000000,5134.27550700,2018-07-28 19:59:59.999,41987940.23513524,24908,2814.61385500,23019980.87505914,0
2018-07-28 20:00:00,8187.63000000,8246.54000000,8150.00000000,8225.04000000,3381.11563100,2018-07-28 23:59:59.999,27664866.63573862,18447,1800.74443000,14738363.05454951,0
2018-07-29 00:00:00,8225.04000000,8294.51000000,8216.67000000,8240.44000000,5330.34077300,2018-07-29 03:59:59.999,43994749.70345368,28421,3060.61232300,25265045.36454805,0
2018-07-29 04:00:00,8240.03000000,8245.10000000,8169.78000000,8172.78000000,3418.69871000,2018-07-29 07:59:59.999,28055358.60381618,19514,1660.42799500,13628048.22931430,0
2018-07-29 08:00:00,8178.99000000,8180.14000000,8115.00000000,8167.88000000,4164.74830800,2018-07-29 11:59:59.999,33936026.53357724,25311,2232.67063600,18194944.99959805,0
2018-07-29 12:00:00,8167.84000000,8242.42000000,8152.00000000,8227.12000000,5238.79170300,2018-07-29 15:59:59.999,43018632.00062880,27454,2903.42808600,23844216.17979475,0
2018-07-29 16:00:00,8229.82000000,8229.90000000,8161.04000000,8221.01000000,3569.09929700,2018-07-29 19:59:59.999,29267160.05584749,20713,2151.40601000,17643083.51700346,0
2018-07-29 20:00:00,8221.00000000,8278.78000000,8170.72000000,8211.00000000,3809.54739400,2018-07-29 23:59:59.999,31292096.15492612,22918,2218.15205900,18222330.58518099,0
2018-07-30 00:00:00,8210.99000000,8273.00000000,8070.00000000,8192.11000000,6569.85487600,2018-07-30 03:59:59.999,53658936.07430073,34963,3614.05756400,29533526.61747919,0
2018-07-30 04:00:00,8192.10000000,8211.74000000,8125.00000000,8162.10000000,3620.16004500,2018-07-30 07:59:59.999,29573875.21750788,20238,1984.66702500,16213599.78348139,0
2018-07-30 08:00:00,8163.52000000,8188.88000000,8126.31000000,8155.00000000,3945.89404200,2018-07-30 11:59:59.999,32199379.68188938,23673,2332.48434800,19034705.81370284,0
2018-07-30 12:00:00,8155.04000000,8211.74000000,8089.37000000,8122.90000000,5702.98354300,2018-07-30 15:59:59.999,46412900.43110291,32514,3153.53044200,25672347.67553565,0
2018-07-30 16:00:00,8122.95000000,8150.00000000,7866.00000000,8120.00000000,13554.28551900,2018-07-30 19:59:59.999,108412467.31701723,65620,6140.86666300,49170205.00697120,0
2018-07-30 20:00:00,8121.21000000,8200.00000000,8068.09000000,8173.92000000,6299.23851700,2018-07-30 23:59:59.999,51342223.45887986,29903,3450.49402700,28129387.02022170,0
2018-07-31 00:00:00,8171.40000000,8180.00000000,8103.01000000,8129.97000000,3502.47072000,2018-07-31 03:59:59.999,28493625.55558105,19935,1963.73987600,15976371.31282379,0
2018-07-31 04:00:00,8129.97000000,8155.97000000,8088.14000000,8126.77000000,4161.34751300,2018-07-31 07:59:59.999,33816875.39462581,22860,2072.54928100,16845762.86340318,0
2018-07-31 08:00:00,8126.78000000,8131.00000000,7927.00000000,7980.00000000,9202.78375300,2018-07-31 11:59:59.999,73744392.72921616,50607,4443.83219700,35615056.90040143,0
2018-07-31 12:00:00,7980.01000000,7981.45000000,7656.74000000,7758.44000000,16049.89359600,2018-07-31 15:59:59.999,124885373.49868409,73604,7394.14352000,57507959.19760993,0
2018-07-31 16:00:00,7758.44000000,7840.00000000,7687.00000000,7750.65000000,7981.41002800,2018-07-31 19:59:59.999,61868289.34458057,37272,4302.84099800,33359473.01969987,0
2018-07-31 20:00:00,7749.01000000,7777.00000000,7633.00000000,7730.93000000,7399.00997700,2018-07-31 23:59:59.999,57032810.67971457,34854,4096.07901900,31581176.15892523,0
2018-08-01 00:00:00,7735.67000000,7750.00000000,7500.00000000,7539.99000000,9361.56227600,2018-08-01 03:59:59.999,71081404.58643277,45252,4386.32646800,33338181.35559102,0
2018-08-01 04:00:00,7540.00000000,7580.00000000,7464.81000000,7556.93000000,7045.80396800,2018-08-01 07:59:59.999,53076655.31209647,35258,3832.26746700,28872878.10851032,0
2018-08-01 08:00:00,7556.93000000,7660.95000000,7522.00000000,7566.17000000,7090.60425200,2018-08-01 11:59:59.999,53814605.59464880,32713,3555.63503600,26992136.24260951,0
2018-08-01 12:00:00,7569.78000000,7637.00000000,7549.19000000,7601.79000000,5648.88047400,2018-08-01 15:59:59.999,42905918.25397794,28623,3134.23734400,23808013.58198933,0
2018-08-01 16:00:00,7599.05000000,7614.57000000,7529.63000000,7564.84000000,4962.88305300,2018-08-01 19:59:59.999,37523229.08198195,23549,2657.29403000,20091999.96125476,0
2018-08-01 20:00:00,7564.84000000,7636.69000000,7430.00000000,7604.58000000,8472.57890900,2018-08-01 23:59:59.999,63850257.61434882,42613,4594.02527300,34631268.02462900,0
2018-08-02 00:00:00,7600.08000000,7709.46000000,7597.50000000,7642.33000000,7166.17400600,2018-08-02 03:59:59.999,54860825.42932677,28569,4323.40677900,33095812.96424204,0
2018-08-02 04:00:00,7645.00000000,7699.00000000,7617.31000000,7659.00000000,5294.55531000,2018-08-02 07:59:59.999,40513030.34083915,23355,3175.98099300,24302602.94251915,0
2018-08-02 08:00:00,7659.00000000,7663.82000000,7544.13000000,7560.05000000,5914.04232700,2018-08-02 11:59:59.999,44949610.79458831,32268,3272.93570800,24879926.52505819,0
2018-08-02 12:00:00,7562.42000000,7571.34000000,7469.64000000,7524.79000000,7186.31280800,2018-08-02 15:59:59.999,54113102.21619706,36193,3468.92022700,26121523.08464923,0
2018-08-02 16:00:00,7524.78000000,7596.20000000,7455.72000000,7537.43000000,7074.41487500,2018-08-02 19:59:59.999,53263998.84783607,32730,4187.09390600,31531662.13717715,0
2018-08-02 20:00:00,7535.43000000,7575.00000000,7516.92000000,7525.71000000,5030.19735800,2018-08-02 23:59:59.999,37956113.07277622,22512,2788.50051300,21039985.20044498,0
2018-08-03 00:00:00,7525.71000000,7528.91000000,7311.10000000,7325.91000000,7706.21432400,2018-08-03 03:59:59.999,56857184.94311666,41174,3391.35153500,25015588.45887946,0
2018-08-03 04:00:00,7325.91000000,7400.00000000,7282.44000000,7398.68000000,7526.33118900,2018-08-03 07:59:59.999,55165079.15626878,40416,4252.21611100,31176955.42467961,0
2018-08-03 08:00:00,7393.11000000,7425.90000000,7323.89000000,7359.94000000,6015.03927100,2018-08-03 11:59:59.999,44300835.66018722,29317,3357.73819200,24720835.84083575,0
2018-08-03 12:00:00,7359.93000000,7499.00000000,7341.41000000,7480.00000000,8235.96175400,2018-08-03 15:59:59.999,61186497.03978090,41702,4287.80137400,31842402.21961977,0
2018-08-03 16:00:00,7478.87000000,7540.00000000,7359.00000000,7375.85000000,9599.87518600,2018-08-03 19:59:59.999,71695265.89812573,41679,5125.33999300,38285744.61068798,0
2018-08-03 20:00:00,7377.18000000,7447.00000000,7358.00000000,7418.78000000,5586.06432300,2018-08-03 23:59:59.999,41394975.03107293,32439,2982.59463000,22102972.95676497,0
2018-08-04 00:00:00,7412.27000000,7494.81000000,7386.46000000,7456.05000000,4590.30904300,2018-08-04 03:59:59.999,34204891.10941531,27871,2683.27999000,19996538.12058462,0
2018-08-04 04:00:00,7456.05000000,7468.57000000,7412.00000000,7448.66000000,3693.41697400,2018-08-04 07:59:59.999,27489567.98665997,22443,1870.12585900,13922783.43568381,0
2018-08-04 08:00:00,7448.54000000,7482.65000000,7375.26000000,7398.57000000,5643.35261300,2018-08-04 11:59:59.999,41946277.83095067,29772,3003.60327400,22329146.14146473,0
2018-08-04 12:00:00,7397.22000000,7400.00000000,6951.00000000,6981.44000000,15283.61295400,2018-08-04 15:59:59.999,109155239.69557181,73081,6504.78675400,46419293.72962481,0
2018-08-04 16:00:00,6984.25000000,7039.00000000,6926.00000000,6995.00000000,4975.21693800,2018-08-04 19:59:59.999,34757567.97219731,29916,2586.59347900,18072660.49720414,0
2018-08-04 20:00:00,6995.00000000,7049.37000000,6970.00000000,7009.84000000,2102.51748800,2018-08-04 23:59:59.999,14729420.89093809,16252,1122.16580000,7861510.91648842,0
2018-08-05 00:00:00,7009.84000000,7030.65000000,6884.00000000,7011.14000000,6166.73211700,2018-08-05 03:59:59.999,42837083.17300999,28670,3224.55164700,22404773.22626763,0
2018-08-05 04:00:00,7014.94000000,7021.08000000,6934.19000000,6942.00000000,5017.47281800,2018-08-05 07:59:59.999,35004743.79303011,20102,3010.07127400,21002182.31186269,0
2018-08-05 08:00:00,6942.00000000,7089.87000000,6932.00000000,7025.24000000,4920.55377500,2018-08-05 11:59:59.999,34571557.50330201,25635,2674.09204400,18788398.12997403,0
2018-08-05 12:00:00,7025.91000000,7069.98000000,6882.29000000,6999.44000000,7198.26633100,2018-08-05 15:59:59.999,50272012.47326485,33048,3800.07372300,26533633.62994357,0
2018-08-05 16:00:00,6998.01000000,7053.00000000,6950.01000000,7017.18000000,5214.52527800,2018-08-05 19:59:59.999,36512905.15366222,20713,3127.60354000,21900075.68852745,0
2018-08-05 20:00:00,7017.17000000,7079.79000000,7002.04000000,7024.19000000,4377.29946300,2018-08-05 23:59:59.999,30794325.42695245,20490,2499.56411300,17587159.19859078,0
2018-08-06 00:00:00,7024.19000000,7160.00000000,7021.51000000,7087.99000000,6221.44898500,2018-08-06 03:59:59.999,44209735.32515591,28298,3444.17821900,24475977.76746956,0
2018-08-06 04:00:00,7088.32000000,7119.98000000,6983.02000000,7015.00000000,5756.06825300,2018-08-06 07:59:59.999,40732618.38902043,29587,2948.33818000,20870700.90303015,0
2018-08-06 08:00:00,7016.18000000,7018.13000000,6913.37000000,6980.00000000,5194.79089700,2018-08-06 11:59:59.999,36222246.53661862,30625,2750.13811200,19176386.17059901,0
2018-08-06 12:00:00,6979.62000000,6989.00000000,6861.06000000,6972.94000000,5298.68324600,2018-08-06 15:59:59.999,36773281.19870522,31131,2946.87291600,20459975.40912242,0
2018-08-06 16:00:00,6972.99000000,6979.00000000,6901.00000000,6942.89000000,4117.05803500,2018-08-06 19:59:59.999,28549625.29787152,24471,2224.25180500,15426251.27480429,0
2018-08-06 20:00:00,6940.08000000,6952.59000000,6821.00000000,6934.82000000,6172.14222700,2018-08-06 23:59:59.999,42584274.36799500,33266,3172.37234400,21895010.18714300,0
2018-08-07 00:00:00,6935.00000000,6990.53000000,6902.19000000,6935.99000000,4904.54334500,2018-08-07 03:59:59.999,34079809.93912356,26091,2905.56098300,20190378.46027741,0
2018-08-07 04:00:00,6935.49000000,7120.00000000,6920.97000000,7028.00000000,5623.24057500,2018-08-07 07:59:59.999,39298337.70321705,32143,3379.52571600,23611633.09924054,0
2018-08-07 08:00:00,7030.00000000,7119.00000000,7020.00000000,7087.99000000,5820.08171500,2018-08-07 11:59:59.999,41096532.25457294,32625,3382.56192400,23886044.40480937,0
2018-08-07 12:00:00,7087.52000000,7150.46000000,7048.57000000,7115.06000000,7542.41238100,2018-08-07 15:59:59.999,53535410.24241158,37290,4026.82568700,28584930.89745806,0
2018-08-07 16:00:00,7118.59000000,7139.35000000,7001.00000000,7002.06000000,6642.49067300,2018-08-07 19:59:59.999,47109260.60784973,36028,3415.85251400,24245632.40509730,0
2018-08-07 20:00:00,7007.96000000,7020.68000000,6670.00000000,6720.06000000,14905.70481200,2018-08-07 23:59:59.999,101246531.35599139,83025,6902.37003800,46824972.88728947,0
2018-08-08 00:00:00,6720.63000000,6721.54000000,6551.79000000,6588.57000000,9195.10030600,2018-08-08 03:59:59.999,60745045.26829038,47280,4715.89717200,31153085.30106224,0
2018-08-08 04:00:00,6588.66000000,6592.29000000,6392.62000000,6457.98000000,11588.27502900,2018-08-08 07:59:59.999,75345293.69043019,60530,5678.47448900,36931883.22351388,0
2018-08-08 08:00:00,6457.98000000,6536.00000000,6430.00000000,6512.69000000,6974.09971700,2018-08-08 11:59:59.999,45242813.90202493,36300,3792.31659800,24605874.12915443,0
2018-08-08 12:00:00,6512.67000000,6520.86000000,6411.00000000,6473.77000000,7490.17407500,2018-08-08 15:59:59.999,48483114.25807003,41736,4018.39994800,26017686.20578160,0
2018-08-08 16:00:00,6473.78000000,6490.95000000,6123.00000000,6335.00000000,17490.34294300,2018-08-08 19:59:59.999,109841497.03780874,83252,8622.31048700,54159505.87961735,0
2018-08-08 20:00:00,6333.18000000,6339.06000000,6215.00000000,6285.00000000,6812.54424900,2018-08-08 23:59:59.999,42803012.33735712,36505,3377.08627500,21223673.05874926,0
2018-08-09 00:00:00,6283.27000000,6330.00000000,6265.00000000,6310.52000000,6094.32582000,2018-08-09 03:59:59.999,38395534.85850854,29245,3072.07686100,19356426.66181206,0
2018-08-09 04:00:00,6311.37000000,6388.00000000,6281.54000000,6311.99000000,7130.75816200,2018-08-09 07:59:59.999,45149479.21932777,33870,3943.75371100,24965660.04217513,0
2018-08-09 08:00:00,6309.16000000,6350.00000000,6268.00000000,6310.83000000,5597.91086300,2018-08-09 11:59:59.999,35350231.11543566,26407,3156.60222100,19936068.33042120,0
2018-08-09 12:00:00,6315.81000000,6550.00000000,6178.60000000,6446.00000000,14252.52386000,2018-08-09 15:59:59.999,91133968.27510329,76178,7538.69637200,48226753.94003343,0
2018-08-09 16:00:00,6448.00000000,6519.00000000,6433.00000000,6466.21000000,9326.64224400,2018-08-09 19:59:59.999,60311743.09037942,37293,5210.59013200,33694862.82889425,0
2018-08-09 20:00:00,6466.21000000,6622.81000000,6454.57000000,6529.79000000,9539.02416200,2018-08-09 23:59:59.999,62539944.33184468,45580,5369.12958600,35201635.30682834,0
2018-08-10 00:00:00,6529.79000000,6575.88000000,6352.00000000,6457.69000000,8469.71225000,2018-08-10 03:59:59.999,55097205.91927721,38609,4628.94477500,30107303.39715644,0
2018-08-10 04:00:00,6454.29000000,6476.19000000,6369.47000000,6457.33000000,6748.12631400,2018-08-10 07:59:59.999,43393664.65226632,32942,3760.11021700,24184700.39015666,0
2018-08-10 08:00:00,6459.57000000,6467.38000000,6299.82000000,6328.51000000,7992.85240600,2018-08-10 11:59:59.999,50889115.28533134,43528,4061.37243500,25859552.35506993,0
2018-08-10 12:00:00,6328.00000000,6527.39000000,6310.00000000,6452.02000000,9694.73722500,2018-08-10 15:59:59.999,62578194.00012597,48189,5381.08309300,34729782.82617446,0
2018-08-10 16:00:00,6452.50000000,6460.83000000,6332.55000000,6399.00000000,7919.76362300,2018-08-10 19:59:59.999,50668141.80006384,39120,4402.59717700,28164666.50495215,0
2018-08-10 20:00:00,6398.38000000,6398.99000000,6026.39000000,6144.01000000,18209.78308400,2018-08-10 23:59:59.999,112073059.29142681,87273,8800.42477100,54168821.81847294,0
2018-08-11 00:00:00,6148.13000000,6177.00000000,6069.00000000,6114.77000000,6989.16027100,2018-08-11 03:59:59.999,42721092.74244754,34271,4031.69299200,24649120.43876964,0
2018-08-11 04:00:00,6114.72000000,6147.05000000,5971.00000000,6100.80000000,9748.28023300,2018-08-11 07:59:59.999,59230144.03210219,45143,5186.75782200,31541015.36015969,0
2018-08-11 08:00:00,6100.00000000,6170.00000000,6070.25000000,6103.66000000,6883.01336200,2018-08-11 11:59:59.999,42053143.03380168,34107,4261.07561300,26031957.08575369,0
2018-08-11 12:00:00,6103.66000000,6150.00000000,6059.70000000,6107.57000000,7355.81630500,2018-08-11 15:59:59.999,44916408.17018284,34905,4175.95204800,25505094.58686430,0
2018-08-11 16:00:00,6107.57000000,6488.00000000,6064.75000000,6387.85000000,12305.48062700,2018-08-11 19:59:59.999,77749818.74453785,64615,6663.69259200,42067310.60482813,0
2018-08-11 20:00:00,6387.75000000,6411.00000000,6210.20000000,6232.35000000,3851.66775700,2018-08-11 23:59:59.999,24385660.36615659,23132,1764.80035800,11183850.22999030,0
2018-08-12 00:00:00,6222.55000000,6318.20000000,6130.00000000,6272.99000000,4252.62619300,2018-08-12 03:59:59.999,26514132.91547874,22684,2024.37445000,12626746.18283599,0
2018-08-12 04:00:00,6268.39000000,6370.00000000,6244.00000000,6319.99000000,3867.48536300,2018-08-12 07:59:59.999,24432420.62948673,20732,2202.75270100,13916975.62270626,0
2018-08-12 08:00:00,6319.99000000,6374.29000000,6266.00000000,6349.21000000,5940.21447200,2018-08-12 11:59:59.999,37526259.00437427,27735,3166.53328100,20005101.73712830,0
2018-08-12 12:00:00,6349.21000000,6370.20000000,6188.00000000,6318.86000000,8105.97648200,2018-08-12 15:59:59.999,51019153.90716156,40950,4622.74557200,29107352.07760825,0
2018-08-12 16:00:00,6318.84000000,6472.30000000,6211.13000000,6324.95000000,9829.18266900,2018-08-12 19:59:59.999,62127943.82816036,48310,5303.98253700,33522372.55214878,0
2018-08-12 20:00:00,6321.99000000,6403.07000000,6280.00000000,6308.33000000,6572.28553300,2018-08-12 23:59:59.999,41607388.59476557,29988,3634.35877300,23011503.24463768,0
2018-08-13 00:00:00,6308.56000000,6363.83000000,6304.98000000,6349.99000000,5893.93994700,2018-08-13 03:59:59.999,37309229.56268550,24126,3392.23294700,21474962.39371140,0
2018-08-13 04:00:00,6348.31000000,6444.00000000,6295.36000000,6441.49000000,7987.77963800,2018-08-13 07:59:59.999,50960030.27078241,35051,4492.24351700,28656163.45397271,0
2018-08-13 08:00:00,6441.49000000,6545.00000000,6412.00000000,6441.34000000,9805.40934000,2018-08-13 11:59:59.999,63392963.34737766,38328,5896.63140100,38120712.84767782,0
2018-08-13 12:00:00,6441.35000000,6480.00000000,6238.88000000,6288.56000000,10527.84218200,2018-08-13 15:59:59.999,67119761.28475843,46556,5301.67050400,33804438.56067893,0
2018-08-13 16:00:00,6288.00000000,6328.43000000,6145.04000000,6234.76000000,13141.75871100,2018-08-13 19:59:59.999,81837705.90203591,60673,6804.92029300,42401358.70798712,0
2018-08-13 20:00:00,6235.09000000,6297.00000000,6202.33000000,6246.35000000,6539.09896500,2018-08-13 23:59:59.999,40932602.63966014,34868,3629.57760700,22720794.31617515,0
2018-08-14 00:00:00,6248.25000000,6250.33000000,5880.00000000,5974.95000000,16909.73871100,2018-08-14 03:59:59.999,102110519.89862359,86780,7684.88589400,46445975.11166419,0
2018-08-14 04:00:00,5974.31000000,6066.83000000,5933.00000000,6025.03000000,9216.93857300,2018-08-14 07:59:59.999,55159502.43422921,38585,5343.42220100,31985788.02900519,0
2018-08-14 08:00:00,6025.02000000,6071.57000000,5966.00000000,6002.00000000,5613.67850100,2018-08-14 11:59:59.999,33772884.21002840,29576,2796.70132300,16825737.02056761,0
2018-08-14 12:00:00,6000.98000000,6164.52000000,5977.50000000,6025.03000000,8354.33452900,2018-08-14 15:59:59.999,50698444.55696492,41581,4328.41330300,26268192.15484380,0
2018-08-14 16:00:00,6025.02000000,6115.00000000,5981.00000000,6073.56000000,5261.42373500,2018-08-14 19:59:59.999,31835783.23191874,26665,2715.30570100,16435156.59321199,0
2018-08-14 20:00:00,6073.00000000,6219.44000000,6046.58000000,6188.08000000,4830.63104200,2018-08-14 23:59:59.999,29602422.03068546,28817,2661.92507600,16324758.94122328,0
2018-08-15 00:00:00,6188.08000000,6297.77000000,6172.11000000,6289.99000000,8315.01932400,2018-08-15 03:59:59.999,51860450.81652159,47998,4371.11521500,27269083.52314751,0
2018-08-15 04:00:00,6289.98000000,6449.00000000,6247.12000000,6392.77000000,9685.57740500,2018-08-15 07:59:59.999,61310912.06536014,47856,5296.23864300,33539972.14131845,0
2018-08-15 08:00:00,6391.92000000,6451.32000000,6266.00000000,6351.69000000,12301.92412100,2018-08-15 11:59:59.999,78298621.16691027,54895,7138.24465000,45445934.11474842,0
2018-08-15 12:00:00,6350.54000000,6477.24000000,6320.00000000,6434.95000000,10312.96786200,2018-08-15 15:59:59.999,65876514.56941441,49401,5851.37826400,37379823.63007888,0
2018-08-15 16:00:00,6434.93000000,6609.00000000,6340.00000000,6369.97000000,16084.40330300,2018-08-15 19:59:59.999,104911508.72910556,72570,8299.00387900,54145398.16218683,0
2018-08-15 20:00:00,6363.16000000,6449.00000000,6222.22000000,6267.16000000,12106.79501100,2018-08-15 23:59:59.999,76850998.05611842,56693,6188.06151700,39297416.95823658,0
2018-08-16 00:00:00,6265.27000000,6339.16000000,6205.60000000,6270.50000000,9173.92091100,2018-08-16 03:59:59.999,57589087.15860267,39367,5232.86307600,32851493.04291496,0
2018-08-16 04:00:00,6270.49000000,6420.26000000,6255.00000000,6376.19000000,7981.79954500,2018-08-16 07:59:59.999,50494793.50796102,38314,4600.67645900,29097405.81935056,0
2018-08-16 08:00:00,6371.71000000,6480.00000000,6363.01000000,6434.65000000,9352.54472500,2018-08-16 11:59:59.999,59979933.66296016,40834,5288.44559700,33917860.08081765,0
2018-08-16 12:00:00,6434.82000000,6476.01000000,6277.00000000,6403.82000000,11471.02524500,2018-08-16 15:59:59.999,72866212.99550519,47232,5888.20364100,37425863.76184024,0
2018-08-16 16:00:00,6403.82000000,6464.00000000,6366.04000000,6409.31000000,4361.08719300,2018-08-16 19:59:59.999,27940269.73343708,27548,2258.81355000,14475734.26007999,0
2018-08-16 20:00:00,6408.59000000,6417.03000000,6228.00000000,6311.75000000,6174.87699900,2018-08-16 23:59:59.999,38885308.10393775,35647,2754.54668400,17355315.36461541,0
2018-08-17 00:00:00,6316.00000000,6449.00000000,6285.40000000,6413.84000000,7226.37198200,2018-08-17 03:59:59.999,46116096.26266581,40348,4090.74576600,26121816.24277542,0
2018-08-17 04:00:00,6413.84000000,6525.15000000,6410.90000000,6501.38000000,10499.12631000,2018-08-17 07:59:59.999,67932389.88148453,52150,5968.20496100,38622939.74413512,0
2018-08-17 08:00:00,6495.44000000,6555.03000000,6384.41000000,6460.83000000,10329.49138800,2018-08-17 11:59:59.999,66796415.43753989,51199,5487.93599500,35502888.44399522,0
2018-08-17 12:00:00,6463.42000000,6519.99000000,6426.20000000,6473.01000000,10333.10968200,2018-08-17 15:59:59.999,66924016.40188871,47177,5702.28918100,36931771.42002138,0
2018-08-17 16:00:00,6475.99000000,6562.72000000,6455.00000000,6493.48000000,10885.56508200,2018-08-17 19:59:59.999,70789004.37438522,56808,6288.98185900,40901876.84650996,0
2018-08-17 20:00:00,6493.50000000,6585.00000000,6450.50000000,6584.49000000,8577.94635900,2018-08-17 23:59:59.999,55914509.36561704,49048,4869.72679000,31750130.73118421,0
2018-08-18 00:00:00,6579.04000000,6620.00000000,6461.00000000,6524.99000000,9185.57678200,2018-08-18 03:59:59.999,60120874.71475134,51419,5305.46933100,34734174.01976524,0
2018-08-18 04:00:00,6524.99000000,6542.33000000,6444.00000000,6463.37000000,9224.56015200,2018-08-18 07:59:59.999,59893681.14447792,44634,5217.38075400,33880573.58127525,0
2018-08-18 08:00:00,6463.37000000,6533.00000000,6460.00000000,6502.72000000,7599.88788900,2018-08-18 11:59:59.999,49415631.20122435,36595,4476.21900700,29108328.49782983,0
2018-08-18 12:00:00,6502.71000000,6515.50000000,6301.00000000,6356.92000000,11440.88608500,2018-08-18 15:59:59.999,72975330.92968092,62112,5285.95909200,33690580.72737571,0
2018-08-18 16:00:00,6356.93000000,6375.80000000,6288.00000000,6370.19000000,9116.15203200,2018-08-18 19:59:59.999,57773356.75462849,45536,5064.99030800,32104986.94898889,0
2018-08-18 20:00:00,6370.18000000,6437.00000000,6317.61000000,6387.96000000,7175.25923200,2018-08-18 23:59:59.999,45785129.62095823,35825,4119.79199300,26290209.77994782,0
2018-08-19 00:00:00,6387.96000000,6389.35000000,6300.00000000,6335.00000000,6771.78494700,2018-08-19 03:59:59.999,43041808.03609039,26192,3812.97451800,24238921.74780565,0
2018-08-19 04:00:00,6335.78000000,6395.00000000,6322.24000000,6348.95000000,6608.52936600,2018-08-19 07:59:59.999,42052575.32369306,24931,3916.85408000,24930595.80424473,0
2018-08-19 08:00:00,6347.62000000,6450.12000000,6345.10000000,6429.41000000,7335.62575700,2018-08-19 11:59:59.999,46830961.18019265,29193,4120.56657300,26307540.62744758,0
2018-08-19 12:00:00,6429.41000000,6469.32000000,6373.00000000,6409.46000000,7856.90424100,2018-08-19 15:59:59.999,50469609.35841807,38209,4338.26624700,27871208.09584621,0
2018-08-19 16:00:00,6409.46000000,6411.00000000,6329.00000000,6375.48000000,7138.01295900,2018-08-19 19:59:59.999,45466350.66237684,32127,3763.09098800,23974018.19776921,0
2018-08-19 20:00:00,6375.46000000,6541.00000000,6357.55000000,6477.53000000,9479.99072400,2018-08-19 23:59:59.999,61410649.99249431,40106,5416.86086600,35083444.50496475,0
2018-08-20 00:00:00,6477.53000000,6530.00000000,6472.73000000,6484.18000000,7368.85083300,2018-08-20 03:59:59.999,47879939.38714538,33217,4157.91136500,27019635.29764487,0
2018-08-20 04:00:00,6485.55000000,6495.00000000,6420.05000000,6458.00000000,6388.45833600,2018-08-20 07:59:59.999,41248309.57265233,34621,3319.25013900,21433809.88903771,0
2018-08-20 08:00:00,6458.00000000,6471.39000000,6378.00000000,6444.80000000,8346.06360700,2018-08-20 11:59:59.999,53592388.50453734,39793,4813.65025500,30913659.84877394,0
2018-08-20 12:00:00,6447.62000000,6476.31000000,6385.30000000,6426.37000000,7849.46835500,2018-08-20 15:59:59.999,50501789.11140891,36237,4371.49180100,28130900.11565490,0
2018-08-20 16:00:00,6427.44000000,6500.00000000,6408.13000000,6449.96000000,7922.45794200,2018-08-20 19:59:59.999,51167185.30316717,32493,4419.12271400,28537941.75631880,0
2018-08-20 20:00:00,6447.11000000,6470.19000000,6220.00000000,6254.84000000,11560.25618700,2018-08-20 23:59:59.999,73228333.87034967,60694,5386.59081700,34149746.19241094,0
2018-08-21 00:00:00,6251.00000000,6341.99000000,6235.08000000,6311.96000000,9470.69251600,2018-08-21 03:59:59.999,59678403.05267826,34633,5293.57776200,33358259.18622086,0
2018-08-21 04:00:00,6311.96000000,6431.00000000,6280.00000000,6394.99000000,8561.57728100,2018-08-21 07:59:59.999,54358753.45752440,33497,5064.62942300,32162172.83082077,0
2018-08-21 08:00:00,6394.99000000,6490.00000000,6391.27000000,6431.12000000,8863.74573700,2018-08-21 11:59:59.999,57121604.64172412,37980,4895.66885100,31553058.69663207,0
2018-08-21 12:00:00,6431.13000000,6446.31000000,6374.55000000,6416.75000000,7487.21639600,2018-08-21 15:59:59.999,47995585.54349913,32584,4113.46432200,26374261.78434521,0
2018-08-21 16:00:00,6416.75000000,6470.00000000,6365.00000000,6436.29000000,4219.39807500,2018-08-21 19:59:59.999,27116450.68474569,22872,2285.47321100,14691665.09157460,0
2018-08-21 20:00:00,6437.99000000,6500.00000000,6408.57000000,6480.00000000,2967.31740300,2018-08-21 23:59:59.999,19187545.40154901,19012,1567.01040400,10136905.67225895,0
2018-08-22 00:00:00,6479.98000000,6882.54000000,6436.00000000,6726.01000000,21784.34770700,2018-08-22 03:59:59.999,146342709.79489893,87600,11776.66422600,79101494.73515364,0
2018-08-22 04:00:00,6726.00000000,6759.00000000,6627.01000000,6653.55000000,10272.02157200,2018-08-22 07:59:59.999,68790076.83037282,38549,5670.42932000,37986654.65937039,0
2018-08-22 08:00:00,6654.34000000,6707.40000000,6627.56000000,6670.01000000,8007.18155400,2018-08-22 11:59:59.999,53391067.56597255,34355,4381.93322700,29221244.98781652,0
2018-08-22 12:00:00,6671.93000000,6689.00000000,6452.00000000,6459.36000000,9575.21102300,2018-08-22 15:59:59.999,63521390.15284994,43012,4461.10403900,29631176.42922273,0
2018-08-22 16:00:00,6452.01000000,6475.95000000,6384.30000000,6438.20000000,11942.20592400,2018-08-22 19:59:59.999,76803222.83359726,52592,6255.83377300,40240564.19241363,0
2018-08-22 20:00:00,6438.21000000,6475.51000000,6251.20000000,6360.89000000,16328.42357900,2018-08-22 23:59:59.999,103652715.02521059,70454,7885.03741700,50091109.79738507,0
2018-08-23 00:00:00,6362.57000000,6444.00000000,6342.28000000,6399.00000000,7384.72138200,2018-08-23 03:59:59.999,47290328.83932290,32272,4186.83203000,26819645.13547539,0
2018-08-23 04:00:00,6400.00000000,6451.00000000,6383.23000000,6437.99000000,5897.45488600,2018-08-23 07:59:59.999,37851751.93738968,24545,3230.31564900,20730778.57813438,0
2018-08-23 08:00:00,6437.99000000,6449.00000000,6389.35000000,6406.61000000,5239.52974500,2018-08-23 11:59:59.999,33629938.07525563,24057,2840.42490200,18234806.83646080,0
2018-08-23 12:00:00,6406.61000000,6494.26000000,6390.02000000,6435.01000000,6231.55837000,2018-08-23 15:59:59.999,40120474.92535572,30881,3557.30421500,22906821.02435135,0
2018-08-23 16:00:00,6435.01000000,6488.00000000,6360.00000000,6417.30000000,8123.94675500,2018-08-23 19:59:59.999,52364164.83237735,37885,4005.72608700,25825417.47017896,0
2018-08-23 20:00:00,6416.90000000,6576.99000000,6401.00000000,6525.01000000,7480.95568700,2018-08-23 23:59:59.999,48529725.94521377,37997,4314.00035300,27974676.43752227,0
2018-08-24 00:00:00,6525.00000000,6538.06000000,6470.00000000,6495.00000000,3368.19900100,2018-08-24 03:59:59.999,21898843.07082389,19626,1691.39965500,10998382.84266294,0
2018-08-24 04:00:00,6494.38000000,6555.07000000,6478.28000000,6534.65000000,4117.19814300,2018-08-24 07:59:59.999,26837592.76274319,20419,2215.35841700,14445337.76588328,0
2018-08-24 08:00:00,6534.65000000,6573.00000000,6504.86000000,6531.50000000,5567.61225200,2018-08-24 11:59:59.999,36372714.54458159,26422,3198.68681300,20894650.02960295,0
2018-08-24 12:00:00,6537.04000000,6559.00000000,6440.50000000,6504.08000000,8166.63246500,2018-08-24 15:59:59.999,53216181.68724323,35239,4491.35672600,29278632.86617307,0
2018-08-24 16:00:00,6504.08000000,6642.00000000,6498.97000000,6623.56000000,9164.32479000,2018-08-24 19:59:59.999,60372277.34339418,40804,5264.47818900,34670870.51726976,0
2018-08-24 20:00:00,6621.89000000,6725.00000000,6595.77000000,6681.64000000,7921.70867100,2018-08-24 23:59:59.999,52815455.06568540,37657,4419.65602400,29481330.18577491,0
2018-08-25 00:00:00,6686.98000000,6789.00000000,6678.01000000,6717.38000000,5207.31672000,2018-08-25 03:59:59.999,35071573.46220465,27327,2642.54864700,17796709.16902452,0
2018-08-25 04:00:00,6719.84000000,6743.32000000,6650.61000000,6672.01000000,3816.95309200,2018-08-25 07:59:59.999,25559862.14500302,22879,1955.81313200,13096291.61265737,0
2018-08-25 08:00:00,6672.01000000,6725.64000000,6671.91000000,6703.46000000,2433.02243500,2018-08-25 11:59:59.999,16312191.93908764,15766,986.50276800,6613539.71941319,0
2018-08-25 12:00:00,6701.01000000,6757.31000000,6663.03000000,6737.99000000,3513.20801200,2018-08-25 15:59:59.999,23593068.50269243,22082,1964.36603300,13189741.96303026,0
2018-08-25 16:00:00,6737.99000000,6738.90000000,6686.56000000,6711.53000000,2287.10782400,2018-08-25 19:59:59.999,15349432.39745517,18364,1193.37481600,8010484.59688372,0
2018-08-25 20:00:00,6711.53000000,6770.00000000,6688.00000000,6733.64000000,1962.89784600,2018-08-25 23:59:59.999,13197574.02897941,16065,1087.24408800,7312537.84578429,0
2018-08-26 00:00:00,6733.64000000,6775.27000000,6590.00000000,6616.99000000,5549.18140200,2018-08-26 03:59:59.999,37048170.99116856,31291,2464.81556000,16469216.79861668,0
2018-08-26 04:00:00,6616.99000000,6641.72000000,6568.00000000,6637.04000000,2867.25445800,2018-08-26 07:59:59.999,18947542.94285846,17525,1409.13578600,9317208.14512605,0
2018-08-26 08:00:00,6635.03000000,6720.00000000,6623.64000000,6698.76000000,3720.97089500,2018-08-26 11:59:59.999,24808476.60200364,21699,1977.27648700,13183388.77564255,0
2018-08-26 12:00:00,6697.01000000,6743.27000000,6670.01000000,6676.00000000,3483.99781500,2018-08-26 15:59:59.999,23356487.47534578,24906,1720.98498300,11539167.62229084,0
2018-08-26 16:00:00,6676.00000000,6708.40000000,6627.16000000,6708.40000000,2750.92829100,2018-08-26 19:59:59.999,18355970.54693669,20259,1415.80187000,9451136.98084034,0
2018-08-26 20:00:00,6705.01000000,6725.00000000,6661.01000000,6700.00000000,1734.96434700,2018-08-26 23:59:59.999,11601281.83743706,15089,909.23569100,6081866.42589128,0
2018-08-27 00:00:00,6700.00000000,6710.72000000,6646.50000000,6670.54000000,2914.75723800,2018-08-27 03:59:59.999,19466615.98244911,19616,1531.60141900,10231007.18528772,0
2018-08-27 04:00:00,6670.53000000,6737.78000000,6670.52000000,6709.43000000,6879.72462900,2018-08-27 07:59:59.999,46191343.03439696,36295,3915.43031700,26285670.98078864,0
2018-08-27 08:00:00,6711.45000000,6725.00000000,6685.00000000,6713.01000000,5200.77123000,2018-08-27 11:59:59.999,34869527.55548903,29598,2983.55380900,20003233.54624239,0
2018-08-27 12:00:00,6713.01000000,6768.28000000,6680.00000000,6747.80000000,8521.55490600,2018-08-27 15:59:59.999,57234886.28537079,39673,4613.10044500,30992450.80658858,0
2018-08-27 16:00:00,6749.99000000,6751.59000000,6723.00000000,6744.77000000,5679.65240500,2018-08-27 19:59:59.999,38268458.33012472,31389,3511.14339100,23658740.03601082,0
2018-08-27 20:00:00,6743.56000000,6940.51000000,6710.20000000,6908.64000000,8550.61833900,2018-08-27 23:59:59.999,58183899.12929359,48870,4903.27246200,33365870.30298323,0
2018-08-28 00:00:00,6907.26000000,6943.10000000,6860.00000000,6877.11000000,8499.93609000,2018-08-28 03:59:59.999,58649707.09335635,42276,4623.82619900,31909748.43169133,0
2018-08-28 04:00:00,6877.11000000,6949.98000000,6877.11000000,6928.99000000,5723.27899100,2018-08-28 07:59:59.999,39561157.76553665,29454,3102.61949000,21448699.20766227,0
2018-08-28 08:00:00,6928.98000000,7050.00000000,6905.00000000,7030.00000000,9202.98968000,2018-08-28 11:59:59.999,64026190.26975576,42885,5218.21629100,36301995.17553721,0
2018-08-28 12:00:00,7030.00000000,7091.00000000,7002.36000000,7049.79000000,9524.23077200,2018-08-28 15:59:59.999,67161741.32233809,48412,5170.60709000,36463992.05277084,0
2018-08-28 16:00:00,7049.80000000,7120.00000000,6966.00000000,7088.97000000,8685.16912800,2018-08-28 19:59:59.999,61227424.99245391,48234,4877.99502400,34397834.20699783,0
2018-08-28 20:00:00,7088.98000000,7135.00000000,7025.00000000,7076.11000000,6717.31250200,2018-08-28 23:59:59.999,47594062.84672496,40772,3502.32587200,24821065.26591869,0
2018-08-29 00:00:00,7077.00000000,7089.99000000,7006.05000000,7045.00000000,5908.56298500,2018-08-29 03:59:59.999,41660777.57197886,35168,3212.73654400,22655822.77731048,0
2018-08-29 04:00:00,7043.29000000,7078.64000000,7031.27000000,7060.92000000,5135.73423800,2018-08-29 07:59:59.999,36227837.88553767,26231,2833.96118500,19989022.17490892,0
2018-08-29 08:00:00,7061.02000000,7133.81000000,7040.00000000,7090.00000000,6858.51255200,2018-08-29 11:59:59.999,48590870.19562782,36333,3922.76864400,27793986.56202000,0
2018-08-29 12:00:00,7090.00000000,7118.72000000,6912.34000000,6977.97000000,10908.48120900,2018-08-29 15:59:59.999,76873287.10625708,54061,5465.18843700,38570135.16231817,0
2018-08-29 16:00:00,6975.05000000,7027.99000000,6922.09000000,6999.99000000,9128.29123300,2018-08-29 19:59:59.999,63811008.73350204,43413,5121.06290900,35801962.67552544,0
2018-08-29 20:00:00,6999.99000000,7070.00000000,6989.60000000,7031.22000000,5312.90517500,2018-08-29 23:59:59.999,37401656.99210234,28566,3160.48503100,22251629.02314361,0
2018-08-30 00:00:00,7033.21000000,7063.63000000,6956.24000000,7022.18000000,4991.45024300,2018-08-30 03:59:59.999,35060836.56510778,27240,2681.80546700,18842938.90273128,0
2018-08-30 04:00:00,7022.18000000,7024.00000000,6930.00000000,6972.12000000,6210.96079400,2018-08-30 07:59:59.999,43412158.76366252,31850,3612.46879700,25258593.29303090,0
2018-08-30 08:00:00,6972.16000000,6985.08000000,6839.50000000,6870.14000000,9249.44180600,2018-08-30 11:59:59.999,64018550.42320315,48877,4758.17745800,32951988.91969722,0
2018-08-30 12:00:00,6873.99000000,6905.47000000,6811.00000000,6863.69000000,9157.50031600,2018-08-30 15:59:59.999,62829928.85949829,46284,4973.16621000,34126575.56467228,0
2018-08-30 16:00:00,6862.47000000,6877.00000000,6784.81000000,6809.98000000,7118.18384400,2018-08-30 19:59:59.999,48698372.27243970,35640,3839.10521500,26275652.82206557,0
2018-08-30 20:00:00,6809.98000000,6998.15000000,6800.00000000,6984.84000000,7989.23761700,2018-08-30 23:59:59.999,55337379.69971382,40957,4588.31863400,31778723.34011290,0
2018-08-31 00:00:00,6984.84000000,6986.85000000,6922.67000000,6973.00000000,5167.88126100,2018-08-31 03:59:59.999,35961112.41118034,26797,2873.42756500,19993717.14192727,0
2018-08-31 04:00:00,6973.00000000,7023.00000000,6955.44000000,6965.58000000,6158.48460400,2018-08-31 07:59:59.999,43057533.24739429,34206,3298.58574600,23063103.96443869,0
2018-08-31 08:00:00,6965.58000000,6990.68000000,6934.09000000,6967.40000000,6388.27185600,2018-08-31 11:59:59.999,44490166.14688614,29755,3293.39490500,22936925.30666799,0
2018-08-31 12:00:00,6967.68000000,6997.92000000,6888.00000000,6960.00000000,8264.46333800,2018-08-31 15:59:59.999,57347650.59998102,39675,4426.93387400,30714174.81620699,0
2018-08-31 16:00:00,6959.52000000,7089.00000000,6951.37000000,7047.48000000,8537.22181200,2018-08-31 19:59:59.999,59996946.00185564,43093,4672.54269300,32831987.57391971,0
2018-08-31 20:00:00,7045.68000000,7065.75000000,6992.02000000,7011.21000000,5951.07776700,2018-08-31 23:59:59.999,41869321.65402207,29616,3103.52742500,21837903.08931774,0
2018-09-01 00:00:00,7011.21000000,7071.75000000,7008.74000000,7066.92000000,5064.66669400,2018-09-01 03:59:59.999,35695940.49664440,28441,2964.85625400,20896733.47075147,0
2018-09-01 04:00:00,7067.17000000,7079.00000000,7027.37000000,7046.99000000,4636.91961100,2018-09-01 07:59:59.999,32682385.20230529,25325,2640.46383500,18610646.43921367,0
2018-09-01 08:00:00,7046.98000000,7113.62000000,7046.57000000,7069.01000000,5469.74895200,2018-09-01 11:59:59.999,38705178.29358545,32514,3071.39098300,21736024.95869482,0
2018-09-01 12:00:00,7069.34000000,7225.00000000,7031.00000000,7166.53000000,9849.87572000,2018-09-01 15:59:59.999,70018584.06827198,52459,5332.66024000,37893276.17311523,0
2018-09-01 16:00:00,7167.02000000,7275.00000000,7166.52000000,7247.56000000,8393.75230100,2018-09-01 19:59:59.999,60470474.97604433,45642,4595.46877100,33111998.84801065,0
2018-09-01 20:00:00,7250.82000000,7258.18000000,7165.00000000,7200.01000000,6908.45081500,2018-09-01 23:59:59.999,49726784.73229417,32905,3947.87606200,28419135.86306408,0
2018-09-02 00:00:00,7201.57000000,7210.00000000,7127.00000000,7192.26000000,5780.12900300,2018-09-02 03:59:59.999,41421161.40332534,32551,2929.52912200,20992317.66737195,0
2018-09-02 04:00:00,7192.46000000,7247.95000000,7189.13000000,7233.66000000,5552.52782000,2018-09-02 07:59:59.999,40095225.36195127,29249,3409.25242500,24622220.35049747,0
2018-09-02 08:00:00,7233.66000000,7345.45000000,7214.41000000,7232.00000000,10501.71101300,2018-09-02 11:59:59.999,76411302.39814502,53392,6096.21737900,44354459.41260871,0
2018-09-02 12:00:00,7230.75000000,7271.14000000,7174.47000000,7214.24000000,6255.11274100,2018-09-02 15:59:59.999,45194649.23029375,34150,3354.10934300,24233414.34964408,0
2018-09-02 16:00:00,7214.24000000,7333.33000000,7189.29000000,7310.26000000,7257.01447100,2018-09-02 19:59:59.999,52851461.44099999,38462,4105.20376400,29901271.04291392,0
2018-09-02 20:00:00,7310.36000000,7313.23000000,7263.00000000,7302.01000000,4468.34530400,2018-09-02 23:59:59.999,32552218.87856357,22478,2528.20859700,18419992.86933203,0
2018-09-03 00:00:00,7302.00000000,7325.00000000,7246.02000000,7263.02000000,4744.60623800,2018-09-03 03:59:59.999,34516279.21101993,28296,2396.78877500,17442177.22996246,0
2018-09-03 04:00:00,7263.48000000,7264.04000000,7191.63000000,7253.01000000,5075.18982100,2018-09-03 07:59:59.999,36697225.56707272,26050,2494.43323800,18038164.96529227,0
2018-09-03 08:00:00,7253.01000000,7275.00000000,7213.53000000,7226.60000000,5526.51197200,2018-09-03 11:59:59.999,40001621.00130650,26888,2994.42184300,21675568.99645298,0
2018-09-03 12:00:00,7226.60000000,7308.00000000,7225.00000000,7288.02000000,5919.82505700,2018-09-03 15:59:59.999,43053329.91396214,32419,3159.46849000,22975662.75321432,0
2018-09-03 16:00:00,7288.14000000,7338.28000000,7254.00000000,7316.19000000,5921.04874600,2018-09-03 19:59:59.999,43149580.34180080,30091,3283.93691600,23931403.39643714,0
2018-09-03 20:00:00,7316.95000000,7337.54000000,7225.89000000,7263.02000000,5208.83653700,2018-09-03 23:59:59.999,37975565.38997829,30102,2585.83132600,18854896.54614366,0
2018-09-04 00:00:00,7263.00000000,7297.09000000,7252.35000000,7272.05000000,4077.59251800,2018-09-04 03:59:59.999,29669686.20581660,18626,2251.26412200,16382249.48745534,0
2018-09-04 04:00:00,7272.19000000,7323.18000000,7227.17000000,7323.18000000,5625.57745400,2018-09-04 07:59:59.999,40958446.44590902,28192,3172.77967900,23104835.32525074,0
2018-09-04 08:00:00,7323.18000000,7349.00000000,7290.29000000,7345.00000000,5760.32974000,2018-09-04 11:59:59.999,42154067.97619704,30418,3439.61777400,25172908.10156693,0
2018-09-04 12:00:00,7344.17000000,7410.00000000,7335.00000000,7377.89000000,8627.29536000,2018-09-04 15:59:59.999,63601820.72158384,42719,5068.49985900,37367829.64958218,0
2018-09-04 16:00:00,7377.88000000,7409.90000000,7336.00000000,7356.00000000,6779.63122900,2018-09-04 19:59:59.999,49985354.61162968,36780,3786.92005300,27925118.60408289,0
2018-09-04 20:00:00,7355.94000000,7380.00000000,7341.00000000,7359.06000000,4430.21421700,2018-09-04 23:59:59.999,32609035.30994978,26443,2264.09610400,16666446.83090591,0
2018-09-05 00:00:00,7359.05000000,7394.98000000,7355.00000000,7379.33000000,5299.45057700,2018-09-05 03:59:59.999,39078598.99012540,27013,3327.86598800,24539484.65240930,0
2018-09-05 04:00:00,7379.17000000,7397.30000000,7359.00000000,7367.16000000,5140.41527800,2018-09-05 07:59:59.999,37900298.45458067,26414,2799.46861400,20643587.38008709,0
2018-09-05 08:00:00,7367.83000000,7393.59000000,6909.00000000,6991.90000000,17571.29601100,2018-09-05 11:59:59.999,125179112.53679022,88523,7546.40152500,53716239.58657419,0
2018-09-05 12:00:00,6991.02000000,7050.00000000,6934.29000000,6990.02000000,11652.25495800,2018-09-05 15:59:59.999,81582292.17875972,53707,6149.10323300,43057616.22710695,0
2018-09-05 16:00:00,6990.50000000,7000.00000000,6851.00000000,6912.76000000,12861.54619100,2018-09-05 19:59:59.999,88957441.91190953,59775,6399.99058900,44271655.28090936,0
2018-09-05 20:00:00,6912.76000000,6995.00000000,6682.00000000,6700.00000000,11190.29325200,2018-09-05 23:59:59.999,76765744.98583200,53381,5308.74907200,36491367.55733874,0
2018-09-06 00:00:00,6697.27000000,6725.00000000,6313.23000000,6444.58000000,20865.11615300,2018-09-06 03:59:59.999,134669682.57425065,88607,10385.22861500,67010320.90532219,0
2018-09-06 04:00:00,6444.60000000,6476.46000000,6352.74000000,6405.88000000,8782.42481900,2018-09-06 07:59:59.999,56350287.99140797,40998,4781.82128600,30694072.23014507,0
2018-09-06 08:00:00,6405.88000000,6450.00000000,6265.00000000,6408.65000000,8950.61755300,2018-09-06 11:59:59.999,57160816.26963176,41261,4873.02559800,31134722.49900713,0
2018-09-06 12:00:00,6409.41000000,6533.00000000,6383.00000000,6422.51000000,9826.78610900,2018-09-06 15:59:59.999,63409626.84190266,46953,5178.16755400,33410699.13671672,0
2018-09-06 16:00:00,6423.26000000,6483.00000000,6359.00000000,6474.88000000,6355.34488300,2018-09-06 19:59:59.999,40860653.04548779,34670,3611.78445900,23229714.62976412,0
2018-09-06 20:00:00,6470.68000000,6544.00000000,6428.03000000,6516.01000000,5864.17471000,2018-09-06 23:59:59.999,37940865.48643679,28356,3502.52202100,22657795.11592524,0
2018-09-07 00:00:00,6516.84000000,6544.00000000,6465.00000000,6492.27000000,6802.07324000,2018-09-07 03:59:59.999,44255522.72051501,32634,3736.64993300,24311067.52956672,0
2018-09-07 04:00:00,6494.00000000,6536.00000000,6453.41000000,6486.45000000,5749.30271400,2018-09-07 07:59:59.999,37311106.00916393,30083,3178.25798100,20629030.12771073,0
2018-09-07 08:00:00,6487.20000000,6489.23000000,6320.00000000,6367.00000000,7686.51332300,2018-09-07 11:59:59.999,49196164.24559848,43216,3876.30661200,24819318.63384548,0
2018-09-07 12:00:00,6367.00000000,6480.00000000,6350.00000000,6375.69000000,8000.14945000,2018-09-07 15:59:59.999,51413330.11043214,34264,4658.09645000,29941927.61724515,0
2018-09-07 16:00:00,6373.69000000,6477.00000000,6360.00000000,6418.99000000,6621.65357100,2018-09-07 19:59:59.999,42548565.97800941,30846,3701.83090000,23790548.51024267,0
2018-09-07 20:00:00,6419.00000000,6460.00000000,6380.01000000,6395.54000000,4046.59575200,2018-09-07 23:59:59.999,25991440.84147081,23408,2311.89369500,14852943.93831725,0
2018-09-08 00:00:00,6395.54000000,6459.00000000,6390.73000000,6428.75000000,4159.15567800,2018-09-08 03:59:59.999,26758946.02879409,19922,2238.41875500,14402027.20484311,0
2018-09-08 04:00:00,6428.75000000,6468.00000000,6412.00000000,6449.02000000,3940.78243700,2018-09-08 07:59:59.999,25387225.97204629,20181,2057.07527700,13255707.14964158,0
2018-09-08 08:00:00,6449.97000000,6478.00000000,6418.03000000,6429.01000000,5038.11195900,2018-09-08 11:59:59.999,32509892.95336125,24197,2733.38763400,17641479.95516078,0
2018-09-08 12:00:00,6429.01000000,6432.96000000,6355.55000000,6429.40000000,5785.60250900,2018-09-08 15:59:59.999,37050684.09568283,26186,3232.17649100,20700261.89334486,0
2018-09-08 16:00:00,6429.40000000,6434.11000000,6125.00000000,6176.04000000,12405.99645600,2018-09-08 19:59:59.999,77526409.59196979,60560,5697.57848800,35638352.37594147,0
2018-09-08 20:00:00,6176.05000000,6206.88000000,6111.00000000,6185.05000000,6885.38313200,2018-09-08 23:59:59.999,42478186.72934919,29785,3656.44754800,22563295.86928559,0
2018-09-09 00:00:00,6185.06000000,6206.00000000,6141.53000000,6171.92000000,4960.91471400,2018-09-09 03:59:59.999,30640579.84823644,23456,2953.53430300,18244298.56251689,0
2018-09-09 04:00:00,6171.92000000,6199.05000000,6164.23000000,6187.83000000,5028.38623600,2018-09-09 07:59:59.999,31093632.19275931,20139,2603.48343200,16100167.63392529,0
2018-09-09 08:00:00,6186.86000000,6441.00000000,6181.55000000,6377.77000000,9024.39173800,2018-09-09 11:59:59.999,57110391.85983149,40810,4948.03722900,31255207.36937359,0
2018-09-09 12:00:00,6377.77000000,6436.00000000,6352.74000000,6369.05000000,6584.35904800,2018-09-09 15:59:59.999,42079972.20583058,31915,3942.39357300,25196843.89139559,0
2018-09-09 16:00:00,6369.05000000,6396.28000000,6360.33000000,6384.19000000,4928.48796800,2018-09-09 19:59:59.999,31440056.69358874,24264,3134.87138500,19999313.99557762,0
2018-09-09 20:00:00,6384.19000000,6400.00000000,6211.00000000,6250.81000000,6527.38411600,2018-09-09 23:59:59.999,41218817.30517393,36125,3222.46074800,20347578.18908145,0
2018-09-10 00:00:00,6252.26000000,6373.98000000,6246.39000000,6312.97000000,5633.46502700,2018-09-10 03:59:59.999,35466256.10354704,22680,3229.40170200,20333688.79651986,0
2018-09-10 04:00:00,6314.01000000,6346.81000000,6259.00000000,6326.25000000,4694.22966200,2018-09-10 07:59:59.999,29618364.57895665,25596,2396.23854300,15122367.20771991,0
2018-09-10 08:00:00,6326.27000000,6342.08000000,6245.00000000,6313.00000000,5248.05809900,2018-09-10 11:59:59.999,33037052.25359745,31950,2773.67010100,17462331.90003481,0
2018-09-10 12:00:00,6313.00000000,6346.99000000,6271.84000000,6295.74000000,5578.24161100,2018-09-10 15:59:59.999,35153638.00333037,27384,3419.32465100,21549883.38310753,0
2018-09-10 16:00:00,6297.00000000,6305.00000000,6221.00000000,6296.73000000,6465.50124900,2018-09-10 19:59:59.999,40555867.48682482,33971,3753.06238000,23553105.33220065,0
2018-09-10 20:00:00,6294.65000000,6321.80000000,6267.46000000,6312.00000000,4819.96078400,2018-09-10 23:59:59.999,30347171.54361837,23705,2882.99860700,18150607.54503085,0
2018-09-11 00:00:00,6311.99000000,6404.00000000,6289.00000000,6355.00000000,5421.17407800,2018-09-11 03:59:59.999,34409593.22384511,28400,3229.58580800,20494807.80376833,0
2018-09-11 04:00:00,6355.00000000,6366.66000000,6300.00000000,6310.19000000,5169.09456800,2018-09-11 07:59:59.999,32747625.51071279,23373,2936.41886700,18600260.21769623,0
2018-09-11 08:00:00,6310.19000000,6361.29000000,6250.00000000,6283.75000000,4728.86229800,2018-09-11 11:59:59.999,29838790.58236466,25834,2529.83909000,15967728.84284370,0
2018-09-11 12:00:00,6280.77000000,6303.29000000,6169.68000000,6250.63000000,7323.66597800,2018-09-11 15:59:59.999,45829396.17784104,35495,3590.38456900,22475295.24916556,0
2018-09-11 16:00:00,6250.60000000,6288.00000000,6186.70000000,6268.00000000,5371.26797800,2018-09-11 19:59:59.999,33540161.69126851,33044,3260.59229200,20365562.52264008,0
2018-09-11 20:00:00,6269.23000000,6323.41000000,6242.09000000,6294.91000000,5090.82369000,2018-09-11 23:59:59.999,31981081.61442724,27189,2871.15298000,18037006.87596249,0
2018-09-12 00:00:00,6293.00000000,6300.59000000,6218.00000000,6260.97000000,4591.47810700,2018-09-12 03:59:59.999,28770191.41173909,24454,2345.17963200,14695886.80935601,0
2018-09-12 04:00:00,6261.95000000,6305.05000000,6230.27000000,6244.94000000,4796.73586600,2018-09-12 07:59:59.999,30069247.57756256,25482,2725.14507300,17085960.19388304,0
2018-09-12 08:00:00,6245.00000000,6278.22000000,6192.37000000,6243.74000000,5302.76500900,2018-09-12 11:59:59.999,33095365.38720823,29456,2900.88107900,18109177.96550172,0
2018-09-12 12:00:00,6243.76000000,6299.00000000,6243.76000000,6269.39000000,5099.08228900,2018-09-12 15:59:59.999,31978791.68120848,26379,2997.16360600,18799352.77581792,0
2018-09-12 16:00:00,6269.39000000,6360.00000000,6261.60000000,6312.77000000,6434.28871100,2018-09-12 19:59:59.999,40538793.20961466,34088,3453.37804700,21761358.36429519,0
2018-09-12 20:00:00,6313.86000000,6353.48000000,6297.00000000,6338.62000000,5209.29595700,2018-09-12 23:59:59.999,32945619.74523365,25731,2790.24945300,17646448.65533881,0
2018-09-13 00:00:00,6338.62000000,6439.00000000,6337.40000000,6388.00000000,6878.51480500,2018-09-13 03:59:59.999,43998034.02061369,34615,3834.44836900,24529286.47918734,0
2018-09-13 04:00:00,6388.02000000,6414.88000000,6368.46000000,6385.01000000,4455.43705400,2018-09-13 07:59:59.999,28482500.32585094,26091,2057.81605800,13156123.43889174,0
2018-09-13 08:00:00,6385.01000000,6488.48000000,6383.12000000,6468.00000000,6983.57995900,2018-09-13 11:59:59.999,44939809.18657092,38321,3875.07956800,24947692.37342279,0
2018-09-13 12:00:00,6467.50000000,6535.00000000,6436.55000000,6480.00000000,8347.27217600,2018-09-13 15:59:59.999,54134265.19479022,45920,4518.92818600,29304295.94142051,0
2018-09-13 16:00:00,6480.00000000,6528.96000000,6418.00000000,6447.76000000,7813.89803500,2018-09-13 19:59:59.999,50683669.95623055,41643,4194.85831800,27223427.93987602,0
2018-09-13 20:00:00,6449.93000000,6519.00000000,6411.02000000,6487.38000000,5986.36107800,2018-09-13 23:59:59.999,38746886.50778831,29047,3204.17237000,20736757.20303716,0
2018-09-14 00:00:00,6487.39000000,6584.99000000,6454.68000000,6542.37000000,6180.38874100,2018-09-14 03:59:59.999,40303214.62327541,35204,3285.78411500,21431590.72979204,0
2018-09-14 04:00:00,6545.79000000,6583.89000000,6535.21000000,6543.84000000,5078.33706700,2018-09-14 07:59:59.999,33286312.91786268,28509,2656.25484100,17409530.44143886,0
2018-09-14 08:00:00,6543.86000000,6549.97000000,6385.62000000,6459.28000000,8521.23319000,2018-09-14 11:59:59.999,55072974.36682791,45412,4314.53363300,27885918.64575626,0
2018-09-14 12:00:00,6458.52000000,6485.49000000,6426.01000000,6480.00000000,5843.08258100,2018-09-14 15:59:59.999,37712112.34464178,27716,3257.76440600,21029349.66398969,0
2018-09-14 16:00:00,6479.99000000,6538.93000000,6452.54000000,6531.00000000,6449.20957400,2018-09-14 19:59:59.999,41869718.67094615,32237,3764.24291300,24441328.67076600,0
2018-09-14 20:00:00,6531.00000000,6545.63000000,6449.38000000,6476.63000000,5101.08812400,2018-09-14 23:59:59.999,33222329.72445182,29297,2647.51233800,17248785.38714847,0
2018-09-15 00:00:00,6476.63000000,6527.79000000,6473.30000000,6496.85000000,3524.01838000,2018-09-15 03:59:59.999,22907977.05611692,21737,1803.94582500,11726467.28518388,0
2018-09-15 04:00:00,6496.26000000,6521.00000000,6466.13000000,6498.01000000,4020.74578500,2018-09-15 07:59:59.999,26123951.89456423,19448,2256.57582300,14663041.75377287,0
2018-09-15 08:00:00,6498.01000000,6559.35000000,6495.11000000,6523.51000000,4578.92911600,2018-09-15 11:59:59.999,29850941.29378073,25635,2483.82535400,16194717.14364028,0
2018-09-15 12:00:00,6524.26000000,6565.45000000,6513.04000000,6542.22000000,5705.16415500,2018-09-15 15:59:59.999,37300646.82624321,29673,3085.04882700,20172197.37673282,0
2018-09-15 16:00:00,6542.18000000,6558.00000000,6501.99000000,6530.00000000,3850.81437300,2018-09-15 19:59:59.999,25168691.24025302,21911,2059.67318100,13462384.69517130,0
2018-09-15 20:00:00,6530.00000000,6537.98000000,6470.42000000,6514.96000000,3563.98480300,2018-09-15 23:59:59.999,23205632.76891109,22958,1942.25885000,12649742.38556117,0
2018-09-16 00:00:00,6514.96000000,6524.62000000,6469.23000000,6478.33000000,4685.25280300,2018-09-16 03:59:59.999,30450849.81889665,23268,2608.57357600,16952271.52598141,0
2018-09-16 04:00:00,6478.38000000,6486.21000000,6370.00000000,6447.82000000,6455.64053700,2018-09-16 07:59:59.999,41582767.35116934,29937,3320.31822800,21399547.77317641,0
2018-09-16 08:00:00,6447.82000000,6520.00000000,6443.58000000,6499.35000000,4188.72389600,2018-09-16 11:59:59.999,27188129.75606370,24510,2332.48124500,15142050.07837722,0
2018-09-16 12:00:00,6497.74000000,6511.00000000,6456.01000000,6482.00000000,3756.33796300,2018-09-16 15:59:59.999,24351090.83723500,21868,1986.12117700,12874362.66358234,0
2018-09-16 16:00:00,6482.00000000,6516.00000000,6409.74000000,6505.75000000,4850.64867100,2018-09-16 19:59:59.999,31444659.89466096,25184,2852.54343200,18502866.78059971,0
2018-09-16 20:00:00,6505.73000000,6517.00000000,6477.22000000,6505.00000000,3631.52902700,2018-09-16 23:59:59.999,23596581.49347389,21154,2177.32263600,14146840.66221222,0
2018-09-17 00:00:00,6500.08000000,6533.84000000,6500.00000000,6517.16000000,3138.57175900,2018-09-17 03:59:59.999,20466793.97344093,19387,1950.20851300,12719387.25610600,0
2018-09-17 04:00:00,6517.17000000,6521.00000000,6460.00000000,6480.01000000,2557.20664300,2018-09-17 07:59:59.999,16572851.40287350,17943,1257.92765500,8153717.54130658,0
2018-09-17 08:00:00,6480.03000000,6510.00000000,6417.51000000,6475.94000000,5080.76435000,2018-09-17 11:59:59.999,32903072.64787065,26109,2551.57006300,16534362.57321176,0
2018-09-17 12:00:00,6473.05000000,6475.94000000,6225.00000000,6265.06000000,12024.94831700,2018-09-17 15:59:59.999,76360867.60459588,64963,5153.41989400,32747844.29131427,0
2018-09-17 16:00:00,6262.10000000,6320.00000000,6243.08000000,6270.00000000,7156.58247000,2018-09-17 19:59:59.999,45007722.54046885,35397,3998.87785400,25154404.44436535,0
2018-09-17 20:00:00,6269.99000000,6279.48000000,6201.00000000,6248.69000000,6029.18119900,2018-09-17 23:59:59.999,37659392.58117234,33125,3220.45650500,20126128.92551176,0
2018-09-18 00:00:00,6248.69000000,6266.18000000,6224.98000000,6238.74000000,4341.96367100,2018-09-18 03:59:59.999,27128110.20906156,19746,2458.70316900,15363728.61618860,0
2018-09-18 04:00:00,6237.55000000,6294.08000000,6232.17000000,6290.15000000,4899.85834700,2018-09-18 07:59:59.999,30719908.45802063,22053,2713.26429100,17009791.30750636,0
2018-09-18 08:00:00,6292.94000000,6296.81000000,6234.44000000,6287.65000000,4339.90562800,2018-09-18 11:59:59.999,27180479.81265056,27794,2451.11890100,15350467.58768720,0
2018-09-18 12:00:00,6287.65000000,6390.00000000,6267.00000000,6360.01000000,8145.79478100,2018-09-18 15:59:59.999,51701674.93044442,45403,4512.87218600,28649382.33360379,0
2018-09-18 16:00:00,6360.01000000,6371.74000000,6285.51000000,6302.00000000,6124.80780300,2018-09-18 19:59:59.999,38789350.48974654,30722,3411.51727100,21609144.23894727,0
2018-09-18 20:00:00,6301.90000000,6368.99000000,6280.00000000,6336.45000000,4768.53644000,2018-09-18 23:59:59.999,30216805.50715495,23337,2587.21950900,16393933.00473372,0
2018-09-19 00:00:00,6336.39000000,6369.00000000,6305.00000000,6364.10000000,4540.01336000,2018-09-19 03:59:59.999,28777613.52672256,21690,2862.67340200,18145883.70509279,0
2018-09-19 04:00:00,6362.58000000,6369.04000000,6327.00000000,6356.95000000,3411.33715200,2018-09-19 07:59:59.999,21646550.02974200,19691,1773.56894500,11255681.14082053,0
2018-09-19 08:00:00,6356.94000000,6366.99000000,6257.29000000,6286.42000000,5727.21976600,2018-09-19 11:59:59.999,36201959.11807530,29823,3022.11603500,19109736.81589172,0
2018-09-19 12:00:00,6286.42000000,6348.48000000,6252.17000000,6327.95000000,4529.42540200,2018-09-19 15:59:59.999,28551583.81854669,29216,2779.52315000,17528069.59162306,0
2018-09-19 16:00:00,6330.67000000,6517.70000000,6123.00000000,6410.20000000,14980.65633500,2018-09-19 19:59:59.999,94742331.94914996,67429,7581.95446600,48046845.13324322,0
2018-09-19 20:00:00,6412.14000000,6465.38000000,6366.00000000,6391.89000000,5855.42806700,2018-09-19 23:59:59.999,37535326.08155907,30366,3178.69037700,20377400.93760631,0
2018-09-20 00:00:00,6392.00000000,6427.96000000,6374.99000000,6397.29000000,5128.94393600,2018-09-20 03:59:59.999,32817789.40560365,21660,2837.43560800,18148862.38821198,0
2018-09-20 04:00:00,6397.29000000,6413.81000000,6382.54000000,6411.00000000,1787.02859000,2018-09-20 07:59:59.999,11433859.94913783,12688,997.61755600,6382895.35908372,0
2018-09-20 08:00:00,6411.00000000,6440.00000000,6375.61000000,6427.88000000,2080.99973400,2018-09-20 11:59:59.999,13333886.93579649,18150,1190.00193800,7626266.41095663,0
2018-09-20 12:00:00,6425.03000000,6449.00000000,6394.00000000,6417.92000000,3500.62579800,2018-09-20 15:59:59.999,22475789.06021277,25558,1767.57737500,11352875.00628687,0
2018-09-20 16:00:00,6417.77000000,6436.93000000,6390.00000000,6420.01000000,2668.26876100,2018-09-20 19:59:59.999,17114825.85901696,18902,1328.31775800,8523286.80635237,0
2018-09-20 20:00:00,6421.99000000,6540.00000000,6325.00000000,6492.00000000,10023.15790900,2018-09-20 23:59:59.999,64668120.42383914,56728,5444.54865200,35172681.78813297,0
2018-09-21 00:00:00,6492.00000000,6579.00000000,6491.00000000,6554.70000000,6052.32217200,2018-09-21 03:59:59.999,39520024.02292735,34584,3121.94838100,20399915.13291935,0
2018-09-21 04:00:00,6554.67000000,6678.23000000,6522.11000000,6647.91000000,7537.44978400,2018-09-21 07:59:59.999,49552115.86647965,42312,4133.27298600,27179126.41235168,0
2018-09-21 08:00:00,6647.91000000,6770.00000000,6647.91000000,6742.23000000,10700.42824000,2018-09-21 11:59:59.999,71763403.77796674,54588,5819.45199800,39029567.63015492,0
2018-09-21 12:00:00,6742.23000000,6779.01000000,6666.00000000,6681.65000000,10890.66581000,2018-09-21 15:59:59.999,73175718.19121260,68377,5552.93859200,37323088.47711864,0
2018-09-21 16:00:00,6683.81000000,6784.86000000,6681.67000000,6749.13000000,9467.00301000,2018-09-21 19:59:59.999,63661806.13059144,49904,5743.13733500,38621713.65283197,0
2018-09-21 20:00:00,6749.14000000,6780.00000000,6682.94000000,6759.02000000,7131.47444700,2018-09-21 23:59:59.999,48073874.01080860,42729,4027.66948100,27155384.43660478,0
2018-09-22 00:00:00,6759.01000000,6839.03000000,6715.01000000,6738.15000000,6895.45058700,2018-09-22 03:59:59.999,46746910.04293460,37189,3856.40212900,26148835.32089411,0
2018-09-22 04:00:00,6738.27000000,6769.54000000,6700.00000000,6718.57000000,5468.97242900,2018-09-22 07:59:59.999,36838009.85851836,24263,3142.90412600,21173737.69393449,0
2018-09-22 08:00:00,6719.31000000,6728.00000000,6627.00000000,6666.78000000,7724.03152900,2018-09-22 11:59:59.999,51602929.06515903,34176,4593.84509800,30688312.56693051,0
2018-09-22 12:00:00,6664.13000000,6714.65000000,6648.23000000,6685.21000000,4672.19087500,2018-09-22 15:59:59.999,31227663.48067279,20433,2608.87065900,17444979.51696429,0
2018-09-22 16:00:00,6687.47000000,6760.00000000,6640.00000000,6725.54000000,2909.62133300,2018-09-22 19:59:59.999,19516898.39423908,18175,1538.21351600,10324844.92191692,0
2018-09-22 20:00:00,6727.76000000,6742.55000000,6686.74000000,6723.05000000,1679.42391400,2018-09-22 23:59:59.999,11278260.05045464,11484,814.72910400,5473955.97347032,0
2018-09-23 00:00:00,6723.05000000,6740.00000000,6683.00000000,6711.60000000,3973.41856900,2018-09-23 03:59:59.999,26646279.92898133,21149,2174.06181700,14579938.57690951,0
2018-09-23 04:00:00,6711.60000000,6745.55000000,6702.80000000,6721.40000000,3883.43134200,2018-09-23 07:59:59.999,26119849.52981307,23811,2074.19494600,13953484.80746968,0
2018-09-23 08:00:00,6721.87000000,6788.23000000,6720.00000000,6747.24000000,6749.12027600,2018-09-23 11:59:59.999,45599874.66127101,37559,3961.53621900,26767705.28900445,0
2018-09-23 12:00:00,6747.27000000,6755.48000000,6661.75000000,6685.94000000,6700.59023100,2018-09-23 15:59:59.999,45002003.30586454,38196,3538.31392300,23769662.80682616,0
2018-09-23 16:00:00,6685.93000000,6710.00000000,6669.86000000,6693.30000000,5375.39736000,2018-09-23 19:59:59.999,35972799.35752503,24610,3011.83205400,20155157.72641555,0
2018-09-23 20:00:00,6693.30000000,6725.00000000,6670.00000000,6708.00000000,3604.27199500,2018-09-23 23:59:59.999,24138412.60295153,23029,2292.69758800,15358186.70606417,0
2018-09-24 00:00:00,6706.81000000,6730.00000000,6682.27000000,6719.66000000,4598.74232800,2018-09-24 03:59:59.999,30872914.01005272,21129,2551.12917000,17127774.90705417,0
2018-09-24 04:00:00,6719.68000000,6722.01000000,6609.00000000,6677.92000000,5783.13832100,2018-09-24 07:59:59.999,38578229.12222994,35376,2921.30831400,19495579.64965483,0
2018-09-24 08:00:00,6677.90000000,6677.90000000,6563.14000000,6576.98000000,7991.65032900,2018-09-24 11:59:59.999,52844326.63056601,40255,3801.89778600,25146710.92651612,0
2018-09-24 12:00:00,6577.05000000,6642.99000000,6573.00000000,6605.02000000,6342.90393300,2018-09-24 15:59:59.999,41953736.05193876,31038,3396.68268700,22465406.16873982,0
2018-09-24 16:00:00,6609.94000000,6666.00000000,6595.00000000,6619.90000000,5643.92119400,2018-09-24 19:59:59.999,37440889.00514756,28854,3198.80280000,21223890.90735502,0
2018-09-24 20:00:00,6619.90000000,6645.98000000,6557.00000000,6581.39000000,4945.38380500,2018-09-24 23:59:59.999,32665904.72318328,28645,2792.62771400,18456112.30774414,0
2018-09-25 00:00:00,6581.42000000,6584.01000000,6403.00000000,6468.18000000,10073.06251600,2018-09-25 03:59:59.999,65158958.78227322,46026,4980.41296900,32195373.74754335,0
2018-09-25 04:00:00,6467.05000000,6484.68000000,6367.00000000,6382.89000000,6554.80299700,2018-09-25 07:59:59.999,42202331.82401280,37827,3512.35859000,22629341.52528125,0
2018-09-25 08:00:00,6379.99000000,6435.14000000,6371.00000000,6407.99000000,5861.13277600,2018-09-25 11:59:59.999,37540357.86614253,35039,3104.69454200,19887182.35490123,0
2018-09-25 12:00:00,6409.98000000,6456.90000000,6356.00000000,6403.00000000,5666.10006900,2018-09-25 15:59:59.999,36369902.31568899,33490,3143.50211600,20182802.89517460,0
2018-09-25 16:00:00,6403.00000000,6430.00000000,6325.02000000,6363.92000000,6063.41916600,2018-09-25 19:59:59.999,38696314.98390400,31449,3107.16392100,19838736.71671902,0
2018-09-25 20:00:00,6362.91000000,6448.00000000,6361.89000000,6447.54000000,6082.51192800,2018-09-25 23:59:59.999,38959335.05904278,36134,3467.94072400,22214782.23293786,0
2018-09-26 00:00:00,6445.11000000,6447.50000000,6379.70000000,6390.50000000,4935.15806500,2018-09-26 03:59:59.999,31613633.50328271,23607,2984.62222300,19119966.16158339,0
2018-09-26 04:00:00,6390.50000000,6476.87000000,6385.00000000,6455.83000000,4695.86192200,2018-09-26 07:59:59.999,30219412.94261024,27894,2541.99620300,16359271.71217387,0
2018-09-26 08:00:00,6455.88000000,6532.57000000,6429.00000000,6528.58000000,5290.23346000,2018-09-26 11:59:59.999,34253466.54574320,32914,2872.13305600,18596143.78048249,0
2018-09-26 12:00:00,6528.64000000,6557.81000000,6455.22000000,6544.51000000,7060.15275000,2018-09-26 15:59:59.999,45969649.47466170,43284,4071.29336900,26510485.16056032,0
2018-09-26 16:00:00,6542.55000000,6557.99000000,6485.48000000,6492.11000000,6268.03356500,2018-09-26 19:59:59.999,40892803.43486288,30512,3424.43109100,22342875.61644140,0
2018-09-26 20:00:00,6490.43000000,6515.00000000,6430.00000000,6465.12000000,5235.10230800,2018-09-26 23:59:59.999,33910709.40018270,26027,2938.66374600,19041092.21822054,0
2018-09-27 00:00:00,6467.84000000,6530.00000000,6465.00000000,6508.47000000,4690.13722100,2018-09-27 03:59:59.999,30499926.04202672,19776,2713.27995100,17646913.64626881,0
2018-09-27 04:00:00,6510.99000000,6518.40000000,6450.00000000,6461.17000000,2734.57941900,2018-09-27 07:59:59.999,17720573.25173213,21137,1342.30329400,8699349.10759960,0
2018-09-27 08:00:00,6460.01000000,6513.63000000,6434.00000000,6489.87000000,5327.74864000,2018-09-27 11:59:59.999,34490642.83297472,26855,2694.48705800,17447850.51030659,0
2018-09-27 12:00:00,6488.93000000,6540.00000000,6483.57000000,6498.97000000,5962.41677100,2018-09-27 15:59:59.999,38833378.71677709,36614,3421.94706800,22289112.20195485,0
2018-09-27 16:00:00,6498.97000000,6684.00000000,6487.65000000,6669.36000000,6302.68925800,2018-09-27 19:59:59.999,41328787.41174920,36817,3651.02232900,23943076.13486902,0
2018-09-27 20:00:00,6669.36000000,6750.00000000,6663.30000000,6689.13000000,8069.85698800,2018-09-27 23:59:59.999,54041544.98649189,41391,4572.75011100,30625649.40761102,0
2018-09-28 00:00:00,6689.12000000,6736.40000000,6680.00000000,6702.26000000,6762.33797800,2018-09-28 03:59:59.999,45357350.97666789,29481,3984.24111100,26727634.62591270,0
2018-09-28 04:00:00,6702.26000000,6814.80000000,6687.00000000,6788.99000000,7688.33768400,2018-09-28 07:59:59.999,51850366.20323058,41143,4537.62019100,30607303.66487949,0
2018-09-28 08:00:00,6786.71000000,6787.73000000,6580.00000000,6657.73000000,9319.53324700,2018-09-28 11:59:59.999,62181778.61609819,46732,4748.69535500,31691518.68622761,0
2018-09-28 12:00:00,6657.73000000,6695.86000000,6582.00000000,6672.99000000,7094.55650300,2018-09-28 15:59:59.999,47172370.18939274,37184,3820.46875800,25416975.59652738,0
2018-09-28 16:00:00,6673.00000000,6700.00000000,6540.88000000,6684.00000000,7018.97069600,2018-09-28 19:59:59.999,46567590.20234266,34902,3695.60258200,24533226.53560401,0
2018-09-28 20:00:00,6683.99000000,6686.51000000,6614.13000000,6634.58000000,4515.71241500,2018-09-28 23:59:59.999,30015531.31649853,22407,2901.87855200,19291142.05240334,0
2018-09-29 00:00:00,6634.58000000,6634.58000000,6490.00000000,6500.89000000,6761.51610900,2018-09-29 03:59:59.999,44186361.49862212,37493,3034.36421300,19839137.58481137,0
2018-09-29 04:00:00,6503.82000000,6557.00000000,6464.57000000,6545.81000000,5239.83110100,2018-09-29 07:59:59.999,34090872.08122195,27609,2640.10390300,17183284.05042561,0
2018-09-29 08:00:00,6549.04000000,6620.00000000,6530.74000000,6584.96000000,5656.86950600,2018-09-29 11:59:59.999,37150427.38012169,34096,3453.65968000,22681727.01845511,0
2018-09-29 12:00:00,6584.96000000,6609.92000000,6541.14000000,6589.01000000,4815.64357500,2018-09-29 15:59:59.999,31684708.81700683,26442,2752.73869200,18113751.47745584,0
2018-09-29 16:00:00,6589.01000000,6607.03000000,6550.83000000,6588.59000000,3816.04997700,2018-09-29 19:59:59.999,25131042.96966373,22958,1981.94724200,13054116.27798617,0
2018-09-29 20:00:00,6588.64000000,6636.00000000,6577.55000000,6596.38000000,3966.04943200,2018-09-29 23:59:59.999,26180890.85996934,22429,2174.21902100,14355089.00780569,0
2018-09-30 00:00:00,6597.66000000,6607.43000000,6557.70000000,6580.00000000,3468.86501600,2018-09-30 03:59:59.999,22836269.00846580,18811,2121.91214300,13970855.59576223,0
2018-09-30 04:00:00,6576.34000000,6602.44000000,6542.48000000,6577.75000000,3380.66444300,2018-09-30 07:59:59.999,22207683.23772778,21347,1995.01606100,13106655.01769943,0
2018-09-30 08:00:00,6577.77000000,6662.00000000,6575.32000000,6627.93000000,5683.88590900,2018-09-30 11:59:59.999,37605914.19029128,30375,2982.12359800,19733546.59564029,0
2018-09-30 12:00:00,6634.40000000,6660.54000000,6585.94000000,6607.29000000,5116.05544700,2018-09-30 15:59:59.999,33942561.69282142,29215,2601.45169100,17261123.43741682,0
2018-09-30 16:00:00,6605.16000000,6640.32000000,6592.00000000,6603.95000000,4921.14719800,2018-09-30 19:59:59.999,32591305.61814611,22451,2896.47544100,19183793.39544895,0
2018-09-30 20:00:00,6604.01000000,6650.00000000,6533.00000000,6626.57000000,5194.10650600,2018-09-30 23:59:59.999,34255258.62974297,31248,2604.02538300,17182577.09996575,0
2018-10-01 00:00:00,6626.57000000,6667.09000000,6620.77000000,6644.61000000,2972.88136300,2018-10-01 03:59:59.999,19758685.26509217,18633,1793.05726800,11918310.71348911,0
2018-10-01 04:00:00,6644.60000000,6661.58000000,6604.10000000,6604.81000000,1941.42315800,2018-10-01 07:59:59.999,12870779.66034801,18692,863.95309900,5728443.93818777,0
2018-10-01 08:00:00,6604.81000000,6636.26000000,6558.09000000,6595.00000000,3573.64542800,2018-10-01 11:59:59.999,23616863.75024275,21711,1875.13961600,12399833.02321496,0
2018-10-01 12:00:00,6595.00000000,6616.03000000,6510.00000000,6569.92000000,3556.46530000,2018-10-01 15:59:59.999,23342754.47478421,21218,1623.11907400,10659506.30823443,0
2018-10-01 16:00:00,6567.54000000,6610.16000000,6541.00000000,6587.91000000,4493.51110700,2018-10-01 19:59:59.999,29591025.83493867,23240,2594.29851500,17084415.37704926,0
2018-10-01 20:00:00,6587.91000000,6630.00000000,6575.00000000,6611.61000000,4083.58053800,2018-10-01 23:59:59.999,26935147.98290098,26239,2314.24428700,15265636.74188762,0
2018-10-02 00:00:00,6610.00000000,6640.00000000,6584.17000000,6606.02000000,4039.84745800,2018-10-02 03:59:59.999,26703214.71677815,22181,2000.61101300,13225188.03657592,0
2018-10-02 04:00:00,6605.99000000,6623.33000000,6591.27000000,6606.86000000,3501.57317100,2018-10-02 07:59:59.999,23143813.31175767,19751,2015.73833600,13321921.24728385,0
2018-10-02 08:00:00,6604.13000000,6616.50000000,6560.00000000,6572.01000000,4326.89455100,2018-10-02 11:59:59.999,28510041.99579260,26815,2232.37206700,14710096.08370170,0
2018-10-02 12:00:00,6572.48000000,6600.00000000,6532.00000000,6555.80000000,5844.42823600,2018-10-02 15:59:59.999,38383894.84461317,28730,3096.11448300,20339579.02980371,0
2018-10-02 16:00:00,6560.80000000,6585.36000000,6494.00000000,6564.11000000,7548.65841400,2018-10-02 19:59:59.999,49407492.74199499,32036,4116.71813400,26964885.16471462,0
2018-10-02 20:00:00,6562.69000000,6586.00000000,6510.08000000,6525.79000000,2984.40825800,2018-10-02 23:59:59.999,19577034.66930254,17761,1654.26698900,10857240.68011013,0
2018-10-03 00:00:00,6525.79000000,6549.00000000,6430.00000000,6462.09000000,5317.99692200,2018-10-03 03:59:59.999,34530780.82701979,33484,2431.10559000,15795922.86106439,0
2018-10-03 04:00:00,6464.00000000,6486.42000000,6441.86000000,6460.28000000,4402.32465700,2018-10-03 07:59:59.999,28477562.62205248,22883,2428.12499200,15706174.96015661,0
2018-10-03 08:00:00,6460.29000000,6510.40000000,6451.81000000,6496.13000000,5082.90741500,2018-10-03 11:59:59.999,32934848.47959356,23533,2816.86038600,18254735.44832264,0
2018-10-03 12:00:00,6496.12000000,6545.01000000,6463.49000000,6512.47000000,5401.06955600,2018-10-03 15:59:59.999,35117295.99429610,26376,3146.05911800,20454473.62015173,0
2018-10-03 16:00:00,6514.24000000,6530.00000000,6455.99000000,6478.89000000,4142.68604700,2018-10-03 19:59:59.999,26924027.58919155,22266,2387.77612700,15521986.52298855,0
2018-10-03 20:00:00,6475.20000000,6538.88000000,6450.73000000,6510.00000000,4104.98454100,2018-10-03 23:59:59.999,26638441.51275379,22065,2086.78529300,13543089.02210188,0
2018-10-04 00:00:00,6510.01000000,6643.46000000,6505.09000000,6598.51000000,6311.34369800,2018-10-04 03:59:59.999,41582895.91287071,27285,3774.29538700,24874290.80345350,0
2018-10-04 04:00:00,6598.50000000,6618.25000000,6564.30000000,6574.45000000,2368.22598500,2018-10-04 07:59:59.999,15621071.43711112,11154,1141.59878100,7531091.42313184,0
2018-10-04 08:00:00,6574.45000000,6627.83000000,6569.32000000,6570.81000000,1911.37131700,2018-10-04 11:59:59.999,12604652.66655490,11867,945.58892400,6236992.90945773,0
2018-10-04 12:00:00,6570.00000000,6600.00000000,6564.73000000,6597.77000000,2172.87058500,2018-10-04 15:59:59.999,14312097.94809419,12218,1087.12520200,7161830.02849193,0
2018-10-04 16:00:00,6598.00000000,6621.49000000,6583.99000000,6611.09000000,4290.08745500,2018-10-04 19:59:59.999,28333344.15374853,19041,2368.48744200,15642134.99185859,0
2018-10-04 20:00:00,6612.05000000,6617.13000000,6557.00000000,6593.79000000,3020.40177800,2018-10-04 23:59:59.999,19894618.55762661,15259,1760.75677600,11597470.67082114,0
2018-10-05 00:00:00,6591.69000000,6632.98000000,6543.08000000,6579.00000000,2300.29881300,2018-10-05 03:59:59.999,15152504.64065394,14460,1056.76356100,6965831.99829668,0
2018-10-05 04:00:00,6578.96000000,6610.00000000,6570.01000000,6578.76000000,1420.78360700,2018-10-05 07:59:59.999,9356261.29743894,9128,748.46143500,4928897.83543818,0
2018-10-05 08:00:00,6577.12000000,6600.00000000,6567.21000000,6590.00000000,1352.99411000,2018-10-05 11:59:59.999,8906084.56347954,9082,735.32377900,4840697.13348152,0
2018-10-05 12:00:00,6589.60000000,6607.51000000,6581.33000000,6598.51000000,2251.40139900,2018-10-05 15:59:59.999,14854618.31981765,12663,1331.10902800,8783074.29055781,0
2018-10-05 16:00:00,6598.48000000,6614.98000000,6575.00000000,6595.50000000,4193.03832600,2018-10-05 19:59:59.999,27632559.06513849,18130,2194.90332000,14464853.93352551,0
2018-10-05 20:00:00,6595.42000000,6697.00000000,6588.08000000,6635.65000000,4578.03613700,2018-10-05 23:59:59.999,30362486.77104799,23238,2527.18883300,16765862.39411575,0
2018-10-06 00:00:00,6635.65000000,6651.00000000,6584.22000000,6608.91000000,3689.75393600,2018-10-06 03:59:59.999,24427920.18414748,15283,1867.91793800,12367404.74055935,0
2018-10-06 04:00:00,6608.91000000,6627.00000000,6605.09000000,6620.35000000,571.95758700,2018-10-06 07:59:59.999,3785009.55212370,6386,275.41377300,1822781.50373654,0
2018-10-06 08:00:00,6619.43000000,6634.15000000,6570.00000000,6587.16000000,1422.63656200,2018-10-06 11:59:59.999,9397526.13935199,10373,628.69524900,4156568.57573315,0
2018-10-06 12:00:00,6588.86000000,6600.00000000,6566.77000000,6596.08000000,1365.79587400,2018-10-06 15:59:59.999,8988839.69729082,10069,687.14195800,4523395.55483008,0
2018-10-06 16:00:00,6597.50000000,6607.00000000,6585.00000000,6593.34000000,1208.90113600,2018-10-06 19:59:59.999,7974043.52187545,8401,553.44388800,3651289.22490461,0
2018-10-06 20:00:00,6593.34000000,6606.00000000,6582.63000000,6594.27000000,2680.46029600,2018-10-06 23:59:59.999,17674603.31950464,11553,1200.25328800,7915908.35705787,0
2018-10-07 00:00:00,6596.44000000,6605.00000000,6589.14000000,6604.07000000,3516.92935100,2018-10-07 03:59:59.999,23208904.66041755,12381,1593.87065500,10518329.97720272,0
2018-10-07 04:00:00,6604.98000000,6609.83000000,6566.01000000,6570.93000000,2580.52165800,2018-10-07 07:59:59.999,16999464.45196481,14693,1373.34124800,9043714.67641481,0
2018-10-07 08:00:00,6569.46000000,6571.99000000,6525.00000000,6556.00000000,5299.94134300,2018-10-07 11:59:59.999,34731368.61946279,23136,2929.90804200,19201616.22353505,0
2018-10-07 12:00:00,6555.90000000,6586.89000000,6545.75000000,6582.07000000,3316.59746700,2018-10-07 15:59:59.999,21774353.70837539,15520,1350.69635600,8865043.92854391,0
2018-10-07 16:00:00,6582.07000000,6599.00000000,6572.70000000,6584.00000000,1017.23063600,2018-10-07 19:59:59.999,6702134.90380362,7598,528.43567300,3482456.44819260,0
2018-10-07 20:00:00,6583.65000000,6640.00000000,6579.01000000,6615.26000000,1675.61130700,2018-10-07 23:59:59.999,11072856.40961863,9516,991.95630600,6557287.15830951,0
2018-10-08 00:00:00,6615.26000000,6628.63000000,6600.66000000,6605.26000000,2697.67783000,2018-10-08 03:59:59.999,17829025.57414686,13849,1419.24032700,9379938.27025349,0
2018-10-08 04:00:00,6605.26000000,6613.00000000,6587.00000000,6596.03000000,3279.94051500,2018-10-08 07:59:59.999,21648818.64466698,18794,1744.15546900,11513751.01053217,0
2018-10-08 08:00:00,6596.52000000,6666.66000000,6592.41000000,6647.78000000,4325.46857000,2018-10-08 11:59:59.999,28642144.61452330,26866,2544.40268600,16851238.28381877,0
2018-10-08 12:00:00,6647.78000000,6715.60000000,6645.00000000,6674.56000000,7687.72963000,2018-10-08 15:59:59.999,51314286.00950783,40543,3992.67328900,26648371.14321103,0
2018-10-08 16:00:00,6676.51000000,6705.00000000,6657.98000000,6695.33000000,3821.05508600,2018-10-08 19:59:59.999,25502751.53546132,22954,2065.44637700,13785643.27169119,0
2018-10-08 20:00:00,6695.32000000,6703.00000000,6664.22000000,6673.01000000,1311.54791000,2018-10-08 23:59:59.999,8767576.05193513,12150,568.99681900,3803633.96591510,0
2018-10-09 00:00:00,6673.01000000,6685.38000000,6646.00000000,6661.17000000,1271.84718600,2018-10-09 03:59:59.999,8476813.72334533,11718,606.25881800,4041623.46060682,0
2018-10-09 04:00:00,6661.17000000,6683.00000000,6656.85000000,6672.25000000,1122.54735500,2018-10-09 07:59:59.999,7485230.92598637,11058,564.11549700,3762338.34639267,0
2018-10-09 08:00:00,6669.42000000,6675.29000000,6630.89000000,6642.02000000,1886.86809600,2018-10-09 11:59:59.999,12545725.19023270,14284,934.74789100,6215943.10891129,0
2018-10-09 12:00:00,6644.67000000,6645.00000000,6607.00000000,6641.56000000,2864.95731000,2018-10-09 15:59:59.999,18992179.66040317,21015,1427.41991800,9464550.04976092,0
2018-10-09 16:00:00,6643.78000000,6674.94000000,6625.00000000,6656.49000000,4349.22308600,2018-10-09 19:59:59.999,28926566.98528663,23940,2275.54929500,15137034.71017746,0
2018-10-09 20:00:00,6658.24000000,6670.50000000,6643.86000000,6656.61000000,3859.33643600,2018-10-09 23:59:59.999,25688669.94356904,19941,1798.83158000,11973519.37530386,0
2018-10-10 00:00:00,6656.67000000,6659.95000000,6595.00000000,6616.06000000,3509.70856700,2018-10-10 03:59:59.999,23282725.46443201,19451,1343.87744000,8919288.83543150,0
2018-10-10 04:00:00,6612.20000000,6625.98000000,6530.00000000,6576.98000000,4001.20336000,2018-10-10 07:59:59.999,26283103.96004214,21627,1622.47369200,10661371.26901706,0
2018-10-10 08:00:00,6576.88000000,6605.00000000,6565.68000000,6592.00000000,2342.87831800,2018-10-10 11:59:59.999,15425943.80592879,14129,1207.63736200,7951272.28318682,0
2018-10-10 12:00:00,6590.06000000,6615.00000000,6585.96000000,6588.99000000,2085.39235100,2018-10-10 15:59:59.999,13761934.19986995,16617,952.69152700,6287373.43502805,0
2018-10-10 16:00:00,6588.98000000,6646.20000000,6582.00000000,6635.96000000,2136.10937500,2018-10-10 19:59:59.999,14138455.12822157,16910,1068.11273200,7070325.47177903,0
2018-10-10 20:00:00,6638.56000000,6644.99000000,6605.61000000,6631.00000000,1315.36947300,2018-10-10 23:59:59.999,8717518.32367811,11055,624.86214200,4141965.56259659,0
2018-10-11 00:00:00,6630.21000000,6633.92000000,6256.55000000,6340.52000000,16911.76974000,2018-10-11 03:59:59.999,107844441.18075396,83593,7638.28819900,48607052.52092528,0
2018-10-11 04:00:00,6340.52000000,6370.52000000,6258.96000000,6300.86000000,7161.02099300,2018-10-11 07:59:59.999,45226517.76419523,41040,3741.61734000,23642936.10212700,0
2018-10-11 08:00:00,6298.77000000,6325.99000000,6271.84000000,6281.61000000,5830.39786700,2018-10-11 11:59:59.999,36728082.40729208,28808,3046.43934700,19193209.43660630,0
2018-10-11 12:00:00,6278.70000000,6335.31000000,6219.17000000,6294.09000000,7734.45958200,2018-10-11 15:59:59.999,48681520.54599358,36767,4460.32188500,28090595.33775385,0
2018-10-11 16:00:00,6294.03000000,6335.33000000,6289.85000000,6298.12000000,4925.56100400,2018-10-11 19:59:59.999,31093065.54213537,27814,2558.70595000,16153511.26399864,0
2018-10-11 20:00:00,6302.61000000,6312.65000000,6205.00000000,6252.68000000,6149.19114600,2018-10-11 23:59:59.999,38579497.00545399,35202,2989.88146300,18769483.31244802,0
2018-10-12 00:00:00,6252.71000000,6314.99000000,6209.00000000,6308.11000000,5494.54968600,2018-10-12 03:59:59.999,34463746.13610646,33532,2881.80148100,18082485.58350827,0
2018-10-12 04:00:00,6310.65000000,6360.00000000,6300.02000000,6332.61000000,5558.64726000,2018-10-12 07:59:59.999,35163525.66316840,27598,3220.11805700,20373615.23916777,0
2018-10-12 08:00:00,6332.61000000,6340.99000000,6295.40000000,6309.49000000,4575.23642800,2018-10-12 11:59:59.999,28892144.01366497,21485,2702.95918700,17068647.33903629,0
2018-10-12 12:00:00,6309.49000000,6355.00000000,6305.61000000,6341.69000000,4860.08191800,2018-10-12 15:59:59.999,30721444.63788403,24706,2994.66979500,18930353.58318613,0
2018-10-12 16:00:00,6341.68000000,6344.51000000,6300.00000000,6320.52000000,4378.13055600,2018-10-12 19:59:59.999,27664135.26167963,20717,2114.37359100,13362782.79660803,0
2018-10-12 20:00:00,6320.04000000,6328.70000000,6278.00000000,6298.01000000,4137.42557100,2018-10-12 23:59:59.999,26125277.29877129,20039,1976.51074600,12481506.77899172,0
2018-10-13 00:00:00,6298.00000000,6329.99000000,6285.07000000,6296.01000000,3414.61597000,2018-10-13 03:59:59.999,21559138.76666014,19378,1676.49168200,10586373.68456135,0
2018-10-13 04:00:00,6297.69000000,6330.57000000,6294.47000000,6318.47000000,3371.58667400,2018-10-13 07:59:59.999,21303045.26527833,16969,1766.38311200,11161597.20235780,0
2018-10-13 08:00:00,6320.00000000,6338.99000000,6306.83000000,6327.25000000,3769.45006100,2018-10-13 11:59:59.999,23834046.19585979,19374,1822.62963200,11524265.38004390,0
2018-10-13 12:00:00,6326.61000000,6345.00000000,6304.00000000,6329.26000000,4628.19406000,2018-10-13 15:59:59.999,29267324.28076760,26103,2420.30898000,15302576.04513004,0
2018-10-13 16:00:00,6329.26000000,6342.42000000,6301.05000000,6326.01000000,3271.98837700,2018-10-13 19:59:59.999,20702165.17197080,19688,1447.95534000,9162367.75344001,0
2018-10-13 20:00:00,6326.21000000,6338.07000000,6314.23000000,6332.93000000,642.23488300,2018-10-13 23:59:59.999,4062931.31543027,7469,289.38772200,1831065.26646148,0
2018-10-14 00:00:00,6332.92000000,6383.97000000,6320.00000000,6363.11000000,2904.08863000,2018-10-14 03:59:59.999,18420813.75616096,16351,1398.36876000,8872192.48507980,0
2018-10-14 04:00:00,6363.24000000,6416.00000000,6363.18000000,6379.95000000,4041.80209000,2018-10-14 07:59:59.999,25810613.46865338,19325,1951.78424800,12463625.39045750,0
2018-10-14 08:00:00,6379.95000000,6388.00000000,6345.00000000,6361.01000000,2382.10442400,2018-10-14 11:59:59.999,15165572.23291990,17265,1084.76198100,6906941.26483318,0
2018-10-14 12:00:00,6361.07000000,6386.30000000,6359.86000000,6380.77000000,1587.68403400,2018-10-14 15:59:59.999,10117083.17135603,11986,755.82218500,4816108.65359574,0
2018-10-14 16:00:00,6380.76000000,6410.80000000,6375.73000000,6404.33000000,1858.01387500,2018-10-14 19:59:59.999,11881955.70276181,15113,903.67773200,5779495.28798658,0
2018-10-14 20:00:00,6404.33000000,6408.78000000,6308.00000000,6339.34000000,2853.71826100,2018-10-14 23:59:59.999,18131255.75297856,16073,1032.95368100,6567362.74431709,0
2018-10-15 00:00:00,6339.34000000,6384.64000000,6300.00000000,6380.00000000,2579.90324000,2018-10-15 03:59:59.999,16392775.90059149,19547,1150.34140400,7310579.71935312,0
2018-10-15 04:00:00,6380.97000000,7680.00000000,6374.39000000,6860.25000000,40314.79961800,2018-10-15 07:59:59.999,282792952.90466331,193547,20857.85932200,145964565.65802620,0
2018-10-15 08:00:00,6860.25000000,7091.41000000,6722.00000000,6982.28000000,20356.63468300,2018-10-15 11:59:59.999,140503849.21286822,103122,9816.02221700,67732090.86225007,0
2018-10-15 12:00:00,6982.28000000,6999.00000000,6844.52000000,6907.01000000,11393.75206200,2018-10-15 15:59:59.999,78892439.55409741,55210,6375.90562300,44149737.82635504,0
2018-10-15 16:00:00,6906.03000000,6958.94000000,6737.23000000,6741.00000000,8866.49775200,2018-10-15 19:59:59.999,60819970.22801003,48960,5093.91850800,34953628.51440886,0
2018-10-15 20:00:00,6741.00000000,6783.38000000,6650.00000000,6752.50000000,7236.44389100,2018-10-15 23:59:59.999,48582517.75534235,36527,3920.75697900,26327664.59539870,0
2018-10-16 00:00:00,6752.50000000,6757.02000000,6690.35000000,6730.96000000,2818.64323500,2018-10-16 03:59:59.999,18962562.78939972,19416,1356.49799500,9127288.17475232,0
2018-10-16 04:00:00,6730.97000000,6900.00000000,6721.00000000,6824.71000000,4911.10837900,2018-10-16 07:59:59.999,33504714.18380164,33104,2423.83509200,16548030.12259437,0
2018-10-16 08:00:00,6823.32000000,6829.90000000,6732.22000000,6797.90000000,4906.90377500,2018-10-16 11:59:59.999,33188148.69382498,30944,2315.47082100,15659562.31660733,0
2018-10-16 12:00:00,6796.38000000,6799.97000000,6712.64000000,6719.76000000,5864.87525900,2018-10-16 15:59:59.999,39593910.60737603,37577,3158.23524000,21323509.33845640,0
2018-10-16 16:00:00,6719.76000000,6740.16000000,6670.00000000,6729.01000000,4961.00778600,2018-10-16 19:59:59.999,33294089.09069668,28215,2926.30791000,19645850.91465961,0
2018-10-16 20:00:00,6729.24000000,6785.02000000,6701.05000000,6759.27000000,4095.41933000,2018-10-16 23:59:59.999,27579346.85776178,25819,2023.66484600,13624542.53300884,0
2018-10-17 00:00:00,6762.76000000,6781.91000000,6733.67000000,6774.00000000,4694.50421800,2018-10-17 03:59:59.999,31732366.07297183,25163,2322.02656700,15696191.69639096,0
2018-10-17 04:00:00,6774.01000000,6811.12000000,6742.40000000,6750.01000000,5670.56230500,2018-10-17 07:59:59.999,38373609.92144854,28199,2921.34725700,19771706.59921410,0
2018-10-17 08:00:00,6751.00000000,6780.06000000,6676.01000000,6726.13000000,5837.92309900,2018-10-17 11:59:59.999,39252214.20219994,31603,3096.29218900,20823004.35144351,0
2018-10-17 12:00:00,6728.56000000,6761.04000000,6700.01000000,6748.02000000,5317.29596900,2018-10-17 15:59:59.999,35781841.60877114,30903,2907.74794600,19566493.22735850,0
2018-10-17 16:00:00,6746.89000000,6756.00000000,6715.00000000,6716.96000000,3508.48954900,2018-10-17 19:59:59.999,23652108.71581992,29768,1771.66322400,11942849.53379682,0
2018-10-17 20:00:00,6717.01000000,6754.53000000,6710.00000000,6740.89000000,1612.65623900,2018-10-17 23:59:59.999,10849592.64302585,13110,733.39874000,4935128.46572057,0
2018-10-18 00:00:00,6739.01000000,6796.00000000,6724.00000000,6761.26000000,1880.74328600,2018-10-18 03:59:59.999,12703629.36270434,17310,1071.25470200,7238508.17520119,0
2018-10-18 04:00:00,6760.40000000,6766.32000000,6717.48000000,6732.65000000,4442.40961300,2018-10-18 07:59:59.999,29947899.32012383,22762,2076.39192300,13999700.11215995,0
2018-10-18 08:00:00,6734.85000000,6736.29000000,6701.13000000,6715.86000000,3704.67264400,2018-10-18 11:59:59.999,24907394.24731473,28074,1942.28445900,13059930.71105422,0
2018-10-18 12:00:00,6715.86000000,6725.00000000,6672.80000000,6704.90000000,3868.92009800,2018-10-18 15:59:59.999,25954578.29236849,23227,1801.20184900,12084914.32106162,0
2018-10-18 16:00:00,6704.90000000,6716.00000000,6611.93000000,6636.03000000,3858.80962600,2018-10-18 19:59:59.999,25676505.64129110,26345,1852.42501400,12321293.45480603,0
2018-10-18 20:00:00,6639.11000000,6644.86000000,6567.00000000,6618.96000000,2360.96667400,2018-10-18 23:59:59.999,15587353.29063179,20284,992.09664600,6547694.31492753,0
2018-10-19 00:00:00,6618.96000000,6648.14000000,6595.14000000,6613.00000000,4062.85900400,2018-10-19 03:59:59.999,26878760.31652457,16000,2242.58157900,14839102.39356579,0
2018-10-19 04:00:00,6613.08000000,6638.11000000,6583.00000000,6588.01000000,935.84567000,2018-10-19 05:59:59.999,6193859.12938722,8245,365.30179300,2417561.89646661,0
2018-10-19 08:00:00,6588.00000000,6617.48000000,6581.00000000,6586.65000000,3139.55561100,2018-10-19 11:59:59.999,20723139.82817440,15885,1778.40812200,11739621.95122138,0
2018-10-19 12:00:00,6586.63000000,6589.70000000,6551.02000000,6572.35000000,4342.98089200,2018-10-19 15:59:59.999,28541970.96175376,25847,2361.07130000,15517373.29442028,0
2018-10-19 16:00:00,6572.12000000,6596.11000000,6551.01000000,6555.38000000,4455.15387700,2018-10-19 19:59:59.999,29270927.54331708,24537,2722.45098800,17887075.82124922,0
2018-10-19 20:00:00,6555.38000000,6560.00000000,6523.00000000,6528.88000000,3836.20571600,2018-10-19 23:59:59.999,25077557.88989766,21823,2232.71856200,14595174.65709281,0
2018-10-20 00:00:00,6528.88000000,6557.23000000,6505.55000000,6543.05000000,5003.40218700,2018-10-20 03:59:59.999,32667517.93256761,20266,2989.89980600,19522051.47392284,0
2018-10-20 04:00:00,6542.09000000,6605.00000000,6538.37000000,6576.43000000,4070.48688100,2018-10-20 07:59:59.999,26732578.88322617,23327,2278.99091500,14974014.11411722,0
2018-10-20 08:00:00,6576.00000000,6601.18000000,6566.00000000,6597.78000000,4183.63091800,2018-10-20 11:59:59.999,27524000.70471963,20903,2120.35800200,13950558.02696352,0
2018-10-20 12:00:00,6597.20000000,6617.65000000,6570.00000000,6573.13000000,3441.76089100,2018-10-20 15:59:59.999,22687492.46144143,26194,1813.27417900,11953411.84779665,0
2018-10-20 16:00:00,6573.63000000,6586.00000000,6562.04000000,6582.16000000,2021.33372400,2018-10-20 19:59:59.999,13288082.63339174,12768,1019.26746800,6701056.20600123,0
2018-10-20 20:00:00,6582.16000000,6599.27000000,6571.34000000,6588.40000000,520.10764600,2018-10-20 23:59:59.999,3426124.88035927,7351,265.21690700,1747311.36770064,0
2018-10-21 00:00:00,6585.72000000,6663.90000000,6581.69000000,6616.62000000,1057.03255500,2018-10-21 03:59:59.999,6998272.01103392,11876,563.39766200,3730780.46899739,0
2018-10-21 04:00:00,6616.63000000,6629.00000000,6604.07000000,6620.52000000,600.97684900,2018-10-21 07:59:59.999,3977489.93146177,8707,256.20174900,1695785.07464950,0
2018-10-21 08:00:00,6620.00000000,6640.00000000,6613.87000000,6618.43000000,792.01671000,2018-10-21 11:59:59.999,5247692.70738014,9664,353.25553300,2341001.96065080,0
2018-10-21 12:00:00,6618.51000000,6658.05000000,6616.00000000,6645.00000000,1459.37720400,2018-10-21 15:59:59.999,9689004.84562104,13094,755.98676100,5018258.31526662,0
2018-10-21 16:00:00,6645.00000000,6647.99000000,6620.04000000,6625.60000000,952.00030800,2018-10-21 19:59:59.999,6313518.34835061,10272,532.77008400,3533042.82073916,0
2018-10-21 20:00:00,6627.46000000,6632.53000000,6580.00000000,6590.11000000,1653.95416600,2018-10-21 23:59:59.999,10920423.74533967,14405,891.34805500,5885570.56492646,0
2018-10-22 00:00:00,6590.12000000,6616.07000000,6555.42000000,6597.91000000,3173.26653000,2018-10-22 03:59:59.999,20922144.17250895,14814,1646.07942800,10854485.73648774,0
2018-10-22 04:00:00,6597.91000000,6639.00000000,6595.00000000,6615.06000000,2837.88357500,2018-10-22 07:59:59.999,18792119.53672626,20290,1248.24756800,8265268.77268372,0
2018-10-22 08:00:00,6616.83000000,6620.00000000,6569.58000000,6594.00000000,2514.54839700,2018-10-22 11:59:59.999,16567673.44030958,18472,1358.65706000,8951291.81541778,0
2018-10-22 12:00:00,6594.50000000,6595.69000000,6535.27000000,6563.49000000,3360.55165000,2018-10-22 15:59:59.999,22081521.03039742,19757,1909.06988700,12545681.33591664,0
2018-10-22 16:00:00,6562.71000000,6584.20000000,6551.28000000,6560.14000000,2025.47175000,2018-10-22 19:59:59.999,13305670.25995227,15265,1039.87078900,6831507.84462484,0
2018-10-22 20:00:00,6562.55000000,6590.08000000,6560.49000000,6581.20000000,2301.97075800,2018-10-22 23:59:59.999,15145891.11175584,13075,1199.62086200,7893735.68794607,0
2018-10-23 00:00:00,6581.20000000,6595.00000000,6565.60000000,6577.88000000,2058.82152200,2018-10-23 03:59:59.999,13559240.87116649,10895,823.57801700,5425155.02924718,0
2018-10-23 04:00:00,6577.88000000,6589.26000000,6566.90000000,6573.46000000,1921.31310200,2018-10-23 07:59:59.999,12639056.55081181,10121,1082.11526000,7119200.85052526,0
2018-10-23 08:00:00,6572.03000000,6580.00000000,6515.45000000,6541.87000000,3109.22282400,2018-10-23 11:59:59.999,20363606.69045328,17143,1681.96839500,11017865.11068770,0
2018-10-23 12:00:00,6541.86000000,6584.98000000,6533.44000000,6556.60000000,2390.05550700,2018-10-23 15:59:59.999,15687296.31247462,17234,1328.48648300,8720767.46687415,0
2018-10-23 16:00:00,6556.60000000,6590.60000000,6555.00000000,6576.52000000,2424.48102400,2018-10-23 19:59:59.999,15918039.18102781,16153,1288.27742100,8458663.82867905,0
2018-10-23 20:00:00,6576.52000000,6582.29000000,6541.01000000,6553.51000000,1952.70777700,2018-10-23 23:59:59.999,12802551.41922559,15392,1083.62335600,7105551.75104606,0
2018-10-24 00:00:00,6553.51000000,6587.00000000,6547.53000000,6581.65000000,1846.43065100,2018-10-24 03:59:59.999,12132412.78113731,13276,884.24316000,5809710.02956153,0
2018-10-24 04:00:00,6581.93000000,6630.00000000,6570.15000000,6610.94000000,2544.60195700,2018-10-24 07:59:59.999,16816979.07635506,18432,1061.82536600,7016669.86217604,0
2018-10-24 08:00:00,6610.95000000,6621.25000000,6591.00000000,6600.53000000,1972.10346000,2018-10-24 11:59:59.999,13027734.38866719,14993,864.26530200,5710345.23169725,0
2018-10-24 12:00:00,6600.53000000,6620.11000000,6580.42000000,6581.00000000,1834.72331100,2018-10-24 15:59:59.999,12118577.98351283,17403,904.09295700,5971209.77548350,0
2018-10-24 16:00:00,6580.99000000,6601.93000000,6566.00000000,6578.82000000,1910.64554100,2018-10-24 19:59:59.999,12586290.53655569,14368,937.41909700,6175613.04965072,0
2018-10-24 20:00:00,6577.01000000,6588.20000000,6555.00000000,6565.50000000,1843.03905700,2018-10-24 23:59:59.999,12113622.25518770,12290,899.77449800,5915094.22069777,0
2018-10-25 00:00:00,6566.81000000,6575.09000000,6502.80000000,6536.00000000,3374.70329000,2018-10-25 03:59:59.999,22062489.64083296,19957,1847.30007100,12075674.32286899,0
2018-10-25 04:00:00,6536.00000000,6558.00000000,6527.41000000,6552.15000000,2881.45065300,2018-10-25 07:59:59.999,18863033.07186035,15370,1576.39259600,10319316.06477289,0
2018-10-25 08:00:00,6553.25000000,6560.00000000,6531.65000000,6546.00000000,1116.40401800,2018-10-25 11:59:59.999,7309159.48720920,11121,616.81514600,4038935.20536179,0
2018-10-25 12:00:00,6544.99000000,6570.00000000,6541.00000000,6546.14000000,1387.05502600,2018-10-25 15:59:59.999,9092103.75722271,10951,518.70434200,3400279.83753997,0
2018-10-25 16:00:00,6546.14000000,6563.82000000,6541.04000000,6551.28000000,834.01990100,2018-10-25 19:59:59.999,5464164.43173030,8777,425.53550600,2788248.99567182,0
2018-10-25 20:00:00,6553.00000000,6560.00000000,6528.00000000,6528.09000000,749.06835600,2018-10-25 23:59:59.999,4900995.05710701,9387,381.41311600,2495858.02532725,0
2018-10-26 00:00:00,6528.13000000,6547.47000000,6525.20000000,6529.16000000,1754.31739700,2018-10-26 03:59:59.999,11463706.28717481,9901,1025.35020800,6700065.26045489,0
2018-10-26 04:00:00,6529.17000000,6543.10000000,6520.00000000,6533.60000000,2463.26491100,2018-10-26 07:59:59.999,16093530.07335909,15205,1098.38284100,7176978.64636179,0
2018-10-26 08:00:00,6533.60000000,6600.00000000,6528.00000000,6557.90000000,2146.33880500,2018-10-26 11:59:59.999,14093800.70675684,18121,1018.67672700,6688281.13925386,0
2018-10-26 12:00:00,6557.93000000,6560.79000000,6515.01000000,6545.02000000,1545.48202200,2018-10-26 15:59:59.999,10103286.42909476,14580,817.14135700,5342344.05615242,0
2018-10-26 16:00:00,6544.49000000,6556.60000000,6533.04000000,6544.99000000,945.79003100,2018-10-26 19:59:59.999,6190445.18302101,11162,455.15604100,2979335.12269758,0
2018-10-26 20:00:00,6544.96000000,6552.35000000,6526.23000000,6538.63000000,588.31099000,2018-10-26 23:59:59.999,3847719.11701683,9016,265.33468700,1735517.75871840,0
2018-10-27 00:00:00,6538.63000000,6558.35000000,6534.46000000,6550.06000000,871.36178100,2018-10-27 03:59:59.999,5702971.83755860,9251,395.79093100,2590743.90297851,0
2018-10-27 04:00:00,6550.06000000,6555.00000000,6540.00000000,6545.09000000,639.50363100,2018-10-27 07:59:59.999,4186591.38725522,9001,303.22985400,1985260.70645631,0
2018-10-27 08:00:00,6545.09000000,6557.99000000,6533.00000000,6535.00000000,1039.48189300,2018-10-27 11:59:59.999,6798972.52610899,10735,539.02204200,3526036.67999250,0
2018-10-27 12:00:00,6535.03000000,6541.27000000,6463.04000000,6494.93000000,2539.83584700,2018-10-27 15:59:59.999,16525140.96761758,23250,1213.26172100,7893446.01209025,0
2018-10-27 16:00:00,6493.86000000,6504.97000000,6478.52000000,6489.92000000,1229.20857300,2018-10-27 19:59:59.999,7978079.87830548,17475,733.43095200,4760507.88537842,0
2018-10-27 20:00:00,6490.08000000,6514.00000000,6481.96000000,6505.60000000,1457.51613900,2018-10-27 23:59:59.999,9475463.44756671,17136,641.49224000,4170183.68103341,0
2018-10-28 00:00:00,6505.60000000,6507.32000000,6493.80000000,6499.79000000,625.78913400,2018-10-28 03:59:59.999,4068600.36781402,9704,328.94046200,2138655.18132533,0
2018-10-28 04:00:00,6499.79000000,6514.00000000,6477.32000000,6492.98000000,982.79659900,2018-10-28 07:59:59.999,6388264.15573152,11304,461.30720500,2998750.19801713,0
2018-10-28 08:00:00,6492.98000000,6497.94000000,6482.33000000,6493.22000000,748.54188500,2018-10-28 11:59:59.999,4857987.86107228,9825,368.55367100,2392093.31512669,0
2018-10-28 12:00:00,6493.22000000,6514.17000000,6486.00000000,6487.01000000,1321.84692100,2018-10-28 15:59:59.999,8596218.09459515,14619,603.38162600,3924182.49984793,0
2018-10-28 16:00:00,6487.01000000,6503.39000000,6465.00000000,6468.65000000,1074.79978000,2018-10-28 19:59:59.999,6971307.56776631,13406,478.86496400,3106511.95229010,0
2018-10-28 20:00:00,6468.65000000,6505.00000000,6453.00000000,6489.93000000,990.15940900,2018-10-28 23:59:59.999,6415979.21573414,12789,487.46096100,3159245.84860873,0
2018-10-29 00:00:00,6489.93000000,6505.01000000,6479.27000000,6496.94000000,837.26119000,2018-10-29 03:59:59.999,5436473.89315090,12297,427.41771600,2775745.25671240,0
2018-10-29 04:00:00,6496.93000000,6502.68000000,6493.00000000,6498.97000000,911.35528600,2018-10-29 07:59:59.999,5921434.21007253,13678,429.47681600,2790687.49766393,0
2018-10-29 08:00:00,6497.55000000,6501.00000000,6390.00000000,6429.90000000,3733.89949100,2018-10-29 11:59:59.999,24047797.64006031,30521,1716.11740300,11057861.24787344,0
2018-10-29 12:00:00,6427.41000000,6429.79000000,6315.00000000,6382.56000000,5325.25445000,2018-10-29 15:59:59.999,33908947.52842113,44830,2524.99528400,16083565.29179628,0
2018-10-29 16:00:00,6383.29000000,6385.99000000,6331.00000000,6336.10000000,1793.00691400,2018-10-29 19:59:59.999,11400360.28856482,18501,775.01914800,4928689.26366790,0
2018-10-29 20:00:00,6336.10000000,6349.76000000,6317.00000000,6344.50000000,1226.44673600,2018-10-29 23:59:59.999,7769707.47597542,15759,663.39581400,4203312.17400241,0
2018-10-30 00:00:00,6344.50000000,6378.62000000,6340.37000000,6363.76000000,1137.68036500,2018-10-30 03:59:59.999,7231198.57520423,15097,668.64051200,4249793.49333715,0
2018-10-30 04:00:00,6361.07000000,6395.00000000,6358.93000000,6373.00000000,1556.72093300,2018-10-30 07:59:59.999,9924098.23540211,17126,820.07981600,5228849.75919768,0
2018-10-30 08:00:00,6373.00000000,6373.00000000,6330.00000000,6359.02000000,1539.47167000,2018-10-30 11:59:59.999,9778198.09805387,15700,829.89769700,5272179.70979754,0
2018-10-30 12:00:00,6360.33000000,6376.81000000,6342.00000000,6353.97000000,1576.03744500,2018-10-30 15:59:59.999,10021842.84814032,16175,810.13818900,5151900.15350251,0
2018-10-30 16:00:00,6353.97000000,6355.00000000,6326.57000000,6332.00000000,1598.62865100,2018-10-30 19:59:59.999,10136236.31891590,15527,750.83936700,4761318.27297206,0
2018-10-30 20:00:00,6331.00000000,6349.68000000,6317.01000000,6330.87000000,1468.63632100,2018-10-30 23:59:59.999,9301865.10717238,15491,667.54011500,4228101.20107703,0
2018-10-31 00:00:00,6330.01000000,6347.12000000,6330.00000000,6339.39000000,1325.73682500,2018-10-31 03:59:59.999,8403578.78732391,12859,643.98414200,4081999.80757937,0
2018-10-31 04:00:00,6338.99000000,6342.88000000,6327.97000000,6335.33000000,874.45078300,2018-10-31 07:59:59.999,5541009.56858605,11309,467.12086400,2960048.96218518,0
2018-10-31 08:00:00,6335.33000000,6342.98000000,6320.00000000,6331.87000000,1512.51183700,2018-10-31 11:59:59.999,9575510.24584880,15198,763.14102200,4831608.49199852,0
2018-10-31 12:00:00,6331.88000000,6428.00000000,6245.02000000,6394.80000000,5473.75259700,2018-10-31 15:59:59.999,34575330.56857934,37413,2704.76627600,17103495.74911745,0
2018-10-31 16:00:00,6393.38000000,6393.38000000,6347.41000000,6371.37000000,2183.09343700,2018-10-31 19:59:59.999,13908219.68226764,21638,1069.55732100,6814853.76728065,0
2018-10-31 20:00:00,6371.37000000,6384.64000000,6363.41000000,6371.93000000,779.34273700,2018-10-31 23:59:59.999,4966839.42905469,13135,389.18319200,2480573.80565459,0
2018-11-01 00:00:00,6369.52000000,6377.00000000,6352.50000000,6362.59000000,1099.34851900,2018-11-01 03:59:59.999,6994839.28289497,12282,498.08698600,3169778.83073663,0
2018-11-01 04:00:00,6362.80000000,6400.00000000,6360.00000000,6388.99000000,1320.66377000,2018-11-01 07:59:59.999,8416907.55785754,13557,719.37331000,4585056.23892061,0
2018-11-01 08:00:00,6388.99000000,6392.00000000,6363.63000000,6366.98000000,1393.24741700,2018-11-01 11:59:59.999,8880252.08325369,13410,701.43551600,4470330.51240101,0
2018-11-01 12:00:00,6368.17000000,6372.00000000,6348.66000000,6367.23000000,1650.93365900,2018-11-01 15:59:59.999,10508421.44756757,16292,872.31709000,5552990.45566765,0
2018-11-01 16:00:00,6368.12000000,6386.89000000,6363.00000000,6379.68000000,1472.50609000,2018-11-01 19:59:59.999,9382575.23413685,14987,788.46650500,5024182.66795027,0
2018-11-01 20:00:00,6379.68000000,6442.65000000,6376.00000000,6410.00000000,2162.33638600,2018-11-01 23:59:59.999,13848691.22581408,19073,981.05620100,6283795.62314419,0
2018-11-02 00:00:00,6410.00000000,6460.34000000,6407.65000000,6431.97000000,1912.06626300,2018-11-02 03:59:59.999,12306789.31154755,21053,942.99059700,6070260.53796249,0
2018-11-02 04:00:00,6431.97000000,6436.78000000,6415.00000000,6425.20000000,1349.13897600,2018-11-02 07:59:59.999,8670429.31634282,16205,703.73827600,4523915.28394221,0
2018-11-02 08:00:00,6424.73000000,6425.20000000,6388.20000000,6421.36000000,1589.14717700,2018-11-02 11:59:59.999,10185554.00010945,17645,761.22855900,4879703.81246586,0
2018-11-02 12:00:00,6421.08000000,6448.00000000,6402.00000000,6424.80000000,2152.73853400,2018-11-02 15:59:59.999,13835181.32455387,21934,1079.65712600,6939523.96727118,0
2018-11-02 16:00:00,6424.80000000,6437.62000000,6413.00000000,6430.99000000,1488.07419600,2018-11-02 19:59:59.999,9561229.51526897,16066,834.48008000,5361702.47605408,0
2018-11-02 20:00:00,6431.00000000,6445.00000000,6424.72000000,6433.98000000,1248.27553300,2018-11-02 23:59:59.999,8030244.75242607,16579,639.54057800,4114695.20460547,0
2018-11-03 00:00:00,6432.80000000,6439.97000000,6413.77000000,6414.95000000,1189.87960400,2018-11-03 03:59:59.999,7645222.08280050,13959,605.04142600,3887778.60282317,0
2018-11-03 04:00:00,6414.95000000,6425.00000000,6403.47000000,6408.08000000,944.75813600,2018-11-03 07:59:59.999,6060267.27365726,12034,454.11821200,2912960.54520351,0
2018-11-03 08:00:00,6408.08000000,6413.34000000,6345.00000000,6367.04000000,2167.26175100,2018-11-03 11:59:59.999,13821613.25120573,19100,945.08598700,6027084.09855264,0
2018-11-03 12:00:00,6366.00000000,6377.94000000,6345.78000000,6374.00000000,1670.58005000,2018-11-03 15:59:59.999,10633956.19243656,15445,774.83415000,4932733.70831614,0
2018-11-03 16:00:00,6373.87000000,6382.00000000,6364.35000000,6375.34000000,802.81492400,2018-11-03 19:59:59.999,5116536.87844912,12060,401.87289500,2561418.62102258,0
2018-11-03 20:00:00,6377.91000000,6392.28000000,6376.63000000,6387.09000000,885.94701100,2018-11-03 23:59:59.999,5656642.26137012,11238,454.91628700,2904800.37238691,0
2018-11-04 00:00:00,6388.00000000,6389.00000000,6362.00000000,6371.82000000,1059.42702800,2018-11-04 03:59:59.999,6753245.73348642,13019,558.98366500,3563370.63149647,0
2018-11-04 04:00:00,6371.85000000,6416.60000000,6359.00000000,6391.09000000,1355.67912200,2018-11-04 07:59:59.999,8653964.97940424,19031,758.30979500,4840963.68545854,0
2018-11-04 08:00:00,6388.33000000,6415.47000000,6387.00000000,6402.54000000,1338.89951400,2018-11-04 11:59:59.999,8572179.11440792,19757,697.04496000,4463303.32696644,0
2018-11-04 12:00:00,6403.96000000,6500.00000000,6397.03000000,6479.99000000,2301.16627200,2018-11-04 15:59:59.999,14794711.07805154,23946,1323.10293800,8511142.89042175,0
2018-11-04 16:00:00,6481.70000000,6525.00000000,6444.35000000,6481.10000000,3408.58525100,2018-11-04 19:59:59.999,22084593.13733058,34399,1888.15279600,12234587.08369892,0
2018-11-04 20:00:00,6481.16000000,6491.58000000,6460.00000000,6485.85000000,1128.63775600,2018-11-04 23:59:59.999,7310879.14426930,16048,490.66447000,3178742.87919674,0
2018-11-05 00:00:00,6485.85000000,6495.00000000,6460.49000000,6468.97000000,1449.25198500,2018-11-05 03:59:59.999,9384930.58095653,17877,744.36883300,4821393.60499367,0
2018-11-05 04:00:00,6466.24000000,6478.57000000,6460.03000000,6472.01000000,785.87600600,2018-11-05 07:59:59.999,5085935.77788274,14665,396.98520800,2569378.35876078,0
2018-11-05 08:00:00,6472.64000000,6472.64000000,6438.90000000,6452.84000000,1535.98448300,2018-11-05 11:59:59.999,9917456.07295661,19444,752.57950900,4859503.45943068,0
2018-11-05 12:00:00,6454.15000000,6504.39000000,6452.83000000,6473.15000000,2556.87519500,2018-11-05 15:59:59.999,16562690.63800766,25678,1293.38132900,8379154.91208594,0
2018-11-05 16:00:00,6475.19000000,6478.38000000,6431.02000000,6448.12000000,1796.00056100,2018-11-05 19:59:59.999,11595582.64337535,21434,888.49942300,5736939.54154482,0
2018-11-05 20:00:00,6449.57000000,6475.00000000,6448.00000000,6468.99000000,863.89392600,2018-11-05 23:59:59.999,5580617.42613705,15137,479.70912900,3099310.36177970,0
2018-11-06 00:00:00,6468.99000000,6476.44000000,6445.18000000,6448.38000000,1507.74613300,2018-11-06 03:59:59.999,9743741.50145978,19146,665.64849100,4302456.19759596,0
2018-11-06 04:00:00,6451.66000000,6468.74000000,6446.09000000,6464.34000000,1160.23590700,2018-11-06 07:59:59.999,7495332.92053116,19066,565.00098100,3650306.70026960,0
2018-11-06 08:00:00,6464.34000000,6514.73000000,6462.00000000,6471.72000000,2599.81675900,2018-11-06 11:59:59.999,16860329.93511087,30601,1286.30395300,8343086.12656921,0
2018-11-06 12:00:00,6470.15000000,6509.80000000,6468.80000000,6496.27000000,2759.79857400,2018-11-06 15:59:59.999,17912170.86048118,30045,1292.44164400,8388736.22452345,0
2018-11-06 16:00:00,6496.27000000,6502.07000000,6475.60000000,6479.87000000,1714.64056600,2018-11-06 19:59:59.999,11129831.07567974,23976,757.73700600,4919329.56409423,0
2018-11-06 20:00:00,6479.87000000,6531.31000000,6476.05000000,6519.11000000,2184.32776000,2018-11-06 23:59:59.999,14194694.89393202,27641,1167.18905600,7585193.92001459,0
2018-11-07 00:00:00,6522.73000000,6615.15000000,6509.00000000,6580.00000000,4316.04484600,2018-11-07 03:59:59.999,28383539.85373321,36123,2181.78818500,14351745.94878262,0
2018-11-07 04:00:00,6580.00000000,6590.02000000,6561.00000000,6581.97000000,1488.19047100,2018-11-07 07:59:59.999,9782935.61678526,23168,727.12151400,4780338.25984529,0
2018-11-07 08:00:00,6579.32000000,6604.99000000,6563.01000000,6575.01000000,2561.07273100,2018-11-07 11:59:59.999,16856101.83667566,23023,1199.11897100,7892091.06367654,0
2018-11-07 12:00:00,6577.63000000,6587.11000000,6536.00000000,6547.96000000,2604.82332300,2018-11-07 15:59:59.999,17088628.57890662,26411,1256.69122600,8246139.44211261,0
2018-11-07 16:00:00,6547.94000000,6592.09000000,6540.05000000,6570.00000000,2054.32044300,2018-11-07 19:59:59.999,13509987.34742814,23973,1071.20138200,7045385.94510691,0
2018-11-07 20:00:00,6571.38000000,6584.70000000,6563.33000000,6578.46000000,1247.13930300,2018-11-07 23:59:59.999,8199383.40111067,18362,623.16669500,4097625.39629659,0
2018-11-08 00:00:00,6578.46000000,6594.00000000,6505.00000000,6511.08000000,2999.21726900,2018-11-08 03:59:59.999,19618203.99492732,29078,1348.91419000,8829522.98123146,0
2018-11-08 04:00:00,6511.07000000,6539.12000000,6505.48000000,6536.31000000,1530.31610300,2018-11-08 07:59:59.999,9988197.41549776,21540,760.50237400,4963892.97168675,0
2018-11-08 08:00:00,6531.98000000,6548.96000000,6519.26000000,6527.34000000,1495.05497900,2018-11-08 11:59:59.999,9769454.85634084,21022,796.45865200,5204901.95679642,0
2018-11-08 12:00:00,6529.80000000,6560.00000000,6527.33000000,6539.01000000,1637.48578500,2018-11-08 15:59:59.999,10722411.65015376,21167,821.23209600,5377753.01573436,0
2018-11-08 16:00:00,6538.98000000,6542.14000000,6471.22000000,6495.72000000,3659.26174000,2018-11-08 19:59:59.999,23766681.10505393,29925,1624.69505700,10552459.03555920,0
2018-11-08 20:00:00,6495.74000000,6515.00000000,6468.22000000,6479.84000000,1938.45340600,2018-11-08 23:59:59.999,12585414.65637865,22673,1018.72888900,6614822.33577895,0
2018-11-09 00:00:00,6479.84000000,6493.08000000,6472.99000000,6486.84000000,1535.32311400,2018-11-09 03:59:59.999,9950692.10987098,15361,908.49869800,5888397.78663462,0
2018-11-09 04:00:00,6486.84000000,6502.00000000,6483.26000000,6499.27000000,1143.02149600,2018-11-09 07:59:59.999,7422482.85859834,14726,570.40287000,3704379.84453283,0
2018-11-09 08:00:00,6499.27000000,6511.53000000,6412.90000000,6428.91000000,3275.24494600,2018-11-09 11:59:59.999,21144236.70840080,27629,1654.88139900,10686043.99954245,0
2018-11-09 12:00:00,6425.81000000,6444.00000000,6391.01000000,6429.89000000,2821.00985000,2018-11-09 15:59:59.999,18116765.18824129,23808,1460.07087500,9378699.50872672,0
2018-11-09 16:00:00,6429.89000000,6442.70000000,6422.11000000,6434.03000000,1654.02687100,2018-11-09 19:59:59.999,10643717.04124642,17624,797.00758800,5129170.26876435,0
2018-11-09 20:00:00,6434.03000000,6444.00000000,6391.50000000,6419.99000000,1358.99030600,2018-11-09 23:59:59.999,8719883.59620125,17895,602.90963200,3868815.10461500,0
2018-11-10 00:00:00,6419.99000000,6443.19000000,6411.00000000,6434.69000000,1072.64193600,2018-11-10 03:59:59.999,6898182.87435413,14066,579.75184700,3729020.67720163,0
2018-11-10 04:00:00,6436.77000000,6472.57000000,6426.64000000,6445.89000000,1489.52270800,2018-11-10 07:59:59.999,9598241.86085557,17328,673.20342300,4338882.58599303,0
2018-11-10 08:00:00,6445.85000000,6453.85000000,6431.11000000,6450.08000000,1018.65337300,2018-11-10 11:59:59.999,6560191.85516379,14949,488.01200800,3143395.89094030,0
2018-11-10 12:00:00,6450.08000000,6467.22000000,6443.52000000,6452.22000000,1750.68955600,2018-11-10 15:59:59.999,11302599.69271676,19860,839.91412300,5423194.51582427,0
2018-11-10 16:00:00,6452.22000000,6475.55000000,6443.52000000,6447.40000000,1362.31569100,2018-11-10 19:59:59.999,8800111.30874883,18165,646.13453000,4173903.25084281,0
2018-11-10 20:00:00,6447.44000000,6465.00000000,6431.11000000,6433.05000000,1021.00666200,2018-11-10 23:59:59.999,6585980.04940060,13378,487.11953700,3143168.91401265,0
2018-11-11 00:00:00,6435.16000000,6449.29000000,6422.10000000,6428.72000000,965.70151400,2018-11-11 03:59:59.999,6215530.22148329,13168,476.56296700,3067566.88949194,0
2018-11-11 04:00:00,6427.01000000,6450.00000000,6425.27000000,6443.67000000,1047.62324700,2018-11-11 07:59:59.999,6744059.82982228,13096,531.57193400,3422281.68427880,0
2018-11-11 08:00:00,6443.69000000,6448.63000000,6403.35000000,6410.01000000,1318.41732800,2018-11-11 11:59:59.999,8475212.00483151,15033,554.81718600,3567331.95574223,0
2018-11-11 12:00:00,6413.16000000,6428.21000000,6355.00000000,6380.89000000,1957.68050200,2018-11-11 15:59:59.999,12522056.25081858,20720,834.43908400,5337632.65045957,0
2018-11-11 16:00:00,6380.01000000,6435.42000000,6363.34000000,6421.38000000,1696.02616200,2018-11-11 19:59:59.999,10858543.49531935,20024,754.96583700,4833150.34307592,0
2018-11-11 20:00:00,6421.38000000,6462.14000000,6404.00000000,6449.81000000,1228.05836400,2018-11-11 23:59:59.999,7893697.51557108,16394,647.34365700,4160885.97630857,0
2018-11-12 00:00:00,6450.71000000,6497.00000000,6443.00000000,6455.25000000,1710.39224600,2018-11-12 03:59:59.999,11061525.50742785,18905,889.24281000,5752606.95856358,0
2018-11-12 04:00:00,6455.46000000,6464.00000000,6438.00000000,6447.29000000,1404.12763100,2018-11-12 07:59:59.999,9060390.02576560,18520,661.03968200,4265372.26589825,0
2018-11-12 08:00:00,6447.29000000,6455.14000000,6432.70000000,6439.28000000,1702.35943600,2018-11-12 11:59:59.999,10968600.00034443,20473,891.27086400,5742761.89101568,0
2018-11-12 12:00:00,6439.28000000,6483.93000000,6439.14000000,6452.12000000,2666.69575000,2018-11-12 15:59:59.999,17224290.31546048,25790,1405.00518600,9075452.10758225,0
2018-11-12 16:00:00,6452.12000000,6464.01000000,6436.00000000,6458.64000000,1335.95924200,2018-11-12 19:59:59.999,8613765.54443487,20109,619.10925700,3991908.88048978,0
2018-11-12 20:00:00,6458.64000000,6461.47000000,6421.00000000,6453.07000000,1313.24826200,2018-11-12 23:59:59.999,8462310.74745098,19347,696.96263000,4491135.80981523,0
2018-11-13 00:00:00,6451.68000000,6472.00000000,6391.15000000,6443.01000000,2062.98010400,2018-11-13 03:59:59.999,13273384.88022213,22138,1031.62407000,6641058.18379225,0
2018-11-13 04:00:00,6446.07000000,6473.63000000,6437.59000000,6460.48000000,1596.91890700,2018-11-13 07:59:59.999,10313191.84785742,21150,841.02437100,5431736.26460524,0
2018-11-13 08:00:00,6462.03000000,6469.00000000,6426.53000000,6443.24000000,1737.45599200,2018-11-13 11:59:59.999,11202937.48739648,24470,866.20917500,5585573.22565043,0
2018-11-13 12:00:00,6446.35000000,6472.07000000,6438.98000000,6459.50000000,2024.31186900,2018-11-13 15:59:59.999,13065387.34857916,25885,1109.99178900,7165411.40410510,0
2018-11-13 16:00:00,6460.97000000,6498.00000000,6443.65000000,6461.30000000,2805.60599900,2018-11-13 19:59:59.999,18164695.24158642,35470,1540.10878900,9974043.27131516,0
2018-11-13 20:00:00,6461.30000000,6492.00000000,6457.66000000,6457.66000000,1563.29206200,2018-11-13 23:59:59.999,10123386.34632190,21827,787.50808300,5099259.01791480,0
2018-11-14 00:00:00,6458.98000000,6474.92000000,6451.00000000,6472.00000000,750.08455200,2018-11-14 01:59:59.999,4848052.93978959,11062,397.90055900,2571921.73704616,0
2018-11-14 08:00:00,6469.00000000,6482.84000000,6340.00000000,6381.88000000,4003.12036700,2018-11-14 11:59:59.999,25594890.83208463,29130,1498.54111900,9578627.87471901,0
2018-11-14 12:00:00,6381.88000000,6398.00000000,6203.36000000,6232.83000000,6438.91381000,2018-11-14 15:59:59.999,40611965.45671032,47233,2836.74923900,17886873.08260347,0
2018-11-14 16:00:00,6231.36000000,6274.33000000,5700.00000000,5863.94000000,25417.28849600,2018-11-14 19:59:59.999,151239798.01355401,163125,11041.03588600,65629919.72064386,0
2018-11-14 20:00:00,5861.21000000,5925.00000000,5656.87000000,5922.41000000,9869.55677800,2018-11-14 23:59:59.999,57337915.65222918,68461,4655.32008500,27060407.43180229,0
2018-11-15 00:00:00,5917.20000000,5939.54000000,5667.52000000,5746.57000000,6888.97864500,2018-11-15 03:59:59.999,40083081.58138706,53934,3383.55910900,19685695.44932677,0
2018-11-15 04:00:00,5745.39000000,5790.00000000,5628.27000000,5760.94000000,6250.84826300,2018-11-15 07:59:59.999,35661968.47813209,47439,3354.34687300,19133405.77501456,0
2018-11-15 08:00:00,5763.48000000,5787.35000000,5540.00000000,5590.20000000,7510.36208000,2018-11-15 11:59:59.999,42412782.48284993,55303,4118.41632200,23265720.76299828,0
2018-11-15 12:00:00,5590.08000000,5730.00000000,5403.42000000,5675.12000000,14168.15279400,2018-11-15 15:59:59.999,78883098.26399944,77314,6895.27596000,38456700.64343272,0
2018-11-15 16:00:00,5675.13000000,5763.45000000,5561.00000000,5690.39000000,8549.82930100,2018-11-15 19:59:59.999,48525949.28381388,44814,4360.56423100,24755366.54323715,0
2018-11-15 20:00:00,5690.39000000,5766.52000000,5581.40000000,5753.40000000,4332.65831800,2018-11-15 23:59:59.999,24566623.57113024,25021,2312.43150100,13116337.15723200,0
2018-11-16 00:00:00,5757.09000000,5782.89000000,5674.66000000,5730.47000000,3988.48381200,2018-11-16 03:59:59.999,22825098.12466434,24585,2108.59223700,12067517.85031286,0
2018-11-16 04:00:00,5731.80000000,5731.80000000,5634.00000000,5641.80000000,7452.90106700,2018-11-16 07:59:59.999,42430590.06410577,28671,3990.52193500,22723645.20345620,0
2018-11-16 08:00:00,5641.80000000,5699.00000000,5560.05000000,5669.80000000,9051.74168500,2018-11-16 11:59:59.999,51017751.04907713,57521,5039.29194800,28408938.25323867,0
2018-11-16 12:00:00,5669.80000000,5696.90000000,5640.74000000,5645.62000000,6078.63237300,2018-11-16 15:59:59.999,34450189.87816611,38717,3318.80562000,18809426.98299078,0
2018-11-16 16:00:00,5645.63000000,5694.97000000,5620.97000000,5627.50000000,5194.62962500,2018-11-16 19:59:59.999,29387465.71603010,33420,2848.38547800,16114293.96072122,0
2018-11-16 20:00:00,5627.50000000,5668.91000000,5549.25000000,5655.94000000,6955.41371200,2018-11-16 23:59:59.999,38986121.13470854,38579,3558.87346300,19952856.16546516,0
2018-11-17 00:00:00,5650.57000000,5654.64000000,5566.92000000,5576.46000000,4393.00979500,2018-11-17 03:59:59.999,24630898.23433418,32179,2373.82066400,13311687.93507066,0
2018-11-17 04:00:00,5575.08000000,5646.59000000,5565.43000000,5638.06000000,4858.02646500,2018-11-17 07:59:59.999,27172604.14153620,31155,2655.73100400,14855419.08816463,0
2018-11-17 08:00:00,5638.64000000,5639.87000000,5571.00000000,5615.90000000,4587.72907100,2018-11-17 11:59:59.999,25692596.68184462,30087,2608.97345900,14610820.40300930,0
2018-11-17 12:00:00,5615.90000000,5635.00000000,5585.00000000,5600.38000000,4214.14325800,2018-11-17 15:59:59.999,23632564.62495326,26753,2326.87455000,13050328.16495047,0
2018-11-17 16:00:00,5600.60000000,5656.60000000,5597.77000000,5611.59000000,4687.36565200,2018-11-17 19:59:59.999,26322047.37478323,27155,2603.46014700,14619773.44374325,0
2018-11-17 20:00:00,5612.43000000,5635.00000000,5588.89000000,5628.29000000,3670.96717200,2018-11-17 23:59:59.999,20621682.04465294,24074,2094.08637900,11764526.92361582,0
2018-11-18 00:00:00,5630.49000000,5688.84000000,5626.07000000,5671.24000000,4213.79815600,2018-11-18 03:59:59.999,23839062.53827718,26403,2315.71641200,13100358.34456360,0
2018-11-18 04:00:00,5671.31000000,5685.00000000,5653.09000000,5660.59000000,3711.11562600,2018-11-18 07:59:59.999,21039105.04164741,24561,1921.45726200,10893605.79200910,0
2018-11-18 08:00:00,5661.58000000,5663.29000000,5617.00000000,5627.01000000,3694.64840400,2018-11-18 11:59:59.999,20839168.13985219,24527,2000.77821600,11286015.56618958,0
2018-11-18 12:00:00,5629.20000000,5653.14000000,5622.00000000,5641.09000000,3538.92267500,2018-11-18 15:59:59.999,19962617.32276102,24516,1931.04367000,10893474.51256899,0
2018-11-18 16:00:00,5642.38000000,5738.17000000,5637.18000000,5687.36000000,4811.56917100,2018-11-18 19:59:59.999,27307867.15730961,29012,2609.28461800,14809731.84742050,0
2018-11-18 20:00:00,5687.06000000,5687.85000000,5622.90000000,5662.00000000,3874.94531500,2018-11-18 23:59:59.999,21905416.78637689,25798,2092.41277600,11829430.92689357,0
2018-11-19 00:00:00,5661.94000000,5664.00000000,5515.46000000,5591.28000000,5908.47435400,2018-11-19 03:59:59.999,33033356.19593214,34235,2946.91097700,16477253.55746051,0
2018-11-19 04:00:00,5591.28000000,5595.80000000,5400.00000000,5467.52000000,7981.16512100,2018-11-19 07:59:59.999,43736125.58844342,51986,3760.51427000,20622868.91600104,0
2018-11-19 08:00:00,5467.52000000,5467.56000000,5251.00000000,5332.87000000,13626.17596200,2018-11-19 11:59:59.999,72805917.70097579,73345,6798.69900300,36324198.05020876,0
2018-11-19 12:00:00,5332.29000000,5359.98000000,5150.00000000,5203.16000000,11073.00056700,2018-11-19 15:59:59.999,57904194.77531229,68379,5334.21019400,27905347.47319386,0
2018-11-19 16:00:00,5203.13000000,5230.00000000,5014.64000000,5072.14000000,15538.86721900,2018-11-19 19:59:59.999,79341819.73250436,73309,7752.04461000,39592922.16424647,0
2018-11-19 20:00:00,5072.13000000,5134.57000000,4855.00000000,4910.03000000,16453.20963300,2018-11-19 23:59:59.999,81867329.46124096,77241,8239.68642300,41039279.20829155,0
2018-11-20 00:00:00,4913.40000000,5048.24000000,4910.00000000,4954.01000000,8715.20612300,2018-11-20 03:59:59.999,43447612.48109513,45337,4766.80357600,23769205.39093911,0
2018-11-20 04:00:00,4954.01000000,4978.00000000,4600.00000000,4671.19000000,19551.35168400,2018-11-20 07:59:59.999,92808129.52262750,99406,10314.63553000,48912625.43735497,0
2018-11-20 08:00:00,4675.00000000,4711.87000000,4405.00000000,4511.84000000,26434.12792800,2018-11-20 11:59:59.999,121028027.85189843,131873,12803.32024000,58598943.84419163,0
2018-11-20 12:00:00,4511.32000000,4954.99000000,4501.51000000,4952.05000000,18774.78655600,2018-11-20 15:59:59.999,88896864.21615534,99523,10155.59321800,48037016.78064325,0
2018-11-20 16:00:00,4954.98000000,4977.97000000,4631.00000000,4673.93000000,17023.96384000,2018-11-20 19:59:59.999,81199469.46376345,89300,8155.10697000,38855413.77087090,0
2018-11-20 20:00:00,4673.78000000,4674.98000000,4326.00000000,4558.86000000,26881.51545900,2018-11-20 23:59:59.999,120656525.19381753,131330,13820.69818200,62035953.78241778,0
2018-11-21 00:00:00,4559.91000000,4700.00000000,4413.85000000,4635.00000000,11971.51074300,2018-11-21 03:59:59.999,54288805.79727135,60977,6338.56657300,28772821.56996411,0
2018-11-21 04:00:00,4635.00000000,4661.00000000,4487.00000000,4653.78000000,7631.58445200,2018-11-21 07:59:59.999,35000483.54611809,42743,4206.34161400,19296268.20055766,0
2018-11-21 08:00:00,4655.33000000,4787.20000000,4605.08000000,4624.15000000,13524.61105700,2018-11-21 11:59:59.999,63647760.60666375,61090,6625.12481900,31173749.09740072,0
2018-11-21 12:00:00,4624.13000000,4697.96000000,4521.83000000,4632.87000000,9706.74314400,2018-11-21 15:59:59.999,44722181.31138518,48869,5035.03355600,23213455.40747333,0
2018-11-21 16:00:00,4631.79000000,4661.97000000,4506.00000000,4543.99000000,7849.65974900,2018-11-21 19:59:59.999,35876566.17924913,38671,3893.72432900,17802701.55819187,0
2018-11-21 20:00:00,4545.91000000,4699.20000000,4469.84000000,4661.07000000,10387.72033000,2018-11-21 23:59:59.999,47728636.04397167,49570,5439.81991800,25011594.77227343,0
2018-11-22 00:00:00,4661.08000000,4721.77000000,4611.36000000,4636.71000000,5442.16364400,2018-11-22 03:59:59.999,25383121.75528319,28744,2744.53066700,12804921.70715099,0
2018-11-22 04:00:00,4637.98000000,4658.38000000,4592.00000000,4630.02000000,4644.96441900,2018-11-22 07:59:59.999,21478821.82603558,24898,2455.92531800,11359409.00704780,0
2018-11-22 08:00:00,4629.03000000,4644.00000000,4510.64000000,4560.02000000,5989.41515000,2018-11-22 11:59:59.999,27417410.58526766,31280,2852.56420400,13064293.29117398,0
2018-11-22 12:00:00,4560.02000000,4599.00000000,4470.00000000,4562.43000000,6462.41630100,2018-11-22 15:59:59.999,29326687.20680538,32007,3291.41432700,14950460.40096020,0
2018-11-22 16:00:00,4562.36000000,4577.00000000,4483.27000000,4496.00000000,4343.52464600,2018-11-22 19:59:59.999,19686786.07810283,25160,2171.43526600,9843089.30009437,0
2018-11-22 20:00:00,4496.00000000,4580.00000000,4335.00000000,4370.00000000,7648.63498300,2018-11-22 23:59:59.999,34166906.27265287,38246,3588.84658700,16056990.13195517,0
2018-11-23 00:00:00,4370.90000000,4450.73000000,4239.27000000,4318.73000000,12801.14934800,2018-11-23 03:59:59.999,55384055.19424277,56101,6230.35912200,26956449.60870612,0
2018-11-23 04:00:00,4314.77000000,4420.00000000,4222.94000000,4355.08000000,9168.73196200,2018-11-23 07:59:59.999,39654462.36844687,38937,4533.83269200,19631773.83036849,0
2018-11-23 08:00:00,4355.52000000,4484.00000000,4353.23000000,4396.37000000,8189.54814400,2018-11-23 11:59:59.999,36173967.74778339,35672,4700.22147000,20761228.88653427,0
2018-11-23 12:00:00,4396.39000000,4427.37000000,4345.01000000,4404.99000000,6080.92048200,2018-11-23 15:59:59.999,26670349.72208230,31930,3239.16870000,14210052.16035251,0
2018-11-23 16:00:00,4406.89000000,4411.53000000,4293.00000000,4372.45000000,7052.96721100,2018-11-23 19:59:59.999,30694459.38012902,35155,3690.03477400,16062432.36622505,0
2018-11-23 20:00:00,4372.45000000,4470.00000000,4330.18000000,4420.61000000,6078.60317500,2018-11-23 23:59:59.999,26706361.70271039,30140,3431.39217400,15081592.55067163,0
2018-11-24 00:00:00,4415.63000000,4527.00000000,4414.80000000,4443.78000000,7578.78370300,2018-11-24 03:59:59.999,33910333.94641787,33197,4261.80840800,19075853.65884192,0
2018-11-24 04:00:00,4443.83000000,4468.39000000,4356.50000000,4389.04000000,4072.13903900,2018-11-24 07:59:59.999,17951041.50210868,22503,2090.68498900,9220779.77681344,0
2018-11-24 08:00:00,4389.01000000,4450.00000000,4360.10000000,4388.44000000,6272.81538800,2018-11-24 11:59:59.999,27635712.18636536,28587,3521.45418400,15517332.28332729,0
2018-11-24 12:00:00,4388.44000000,4400.63000000,4338.00000000,4372.02000000,5246.89861900,2018-11-24 15:59:59.999,22955229.59575178,26258,2660.09646300,11637787.07503515,0
2018-11-24 16:00:00,4372.90000000,4373.21000000,4255.32000000,4270.65000000,5468.77541900,2018-11-24 19:59:59.999,23669261.92554205,27562,2500.45052000,10830826.18506646,0
2018-11-24 20:00:00,4269.42000000,4292.86000000,3824.69000000,3932.44000000,33053.69883800,2018-11-24 23:59:59.999,132581348.54297852,136963,15207.69463000,60948952.58706653,0
2018-11-25 00:00:00,3933.68000000,3978.00000000,3750.00000000,3768.89000000,16191.84365400,2018-11-25 03:59:59.999,62507584.25804455,64885,8012.93596800,30954511.95074605,0
2018-11-25 04:00:00,3768.92000000,3872.29000000,3734.72000000,3866.78000000,10602.26115100,2018-11-25 07:59:59.999,40379070.97980206,47763,5810.04171600,22136665.75344381,0
2018-11-25 08:00:00,3866.78000000,4038.09000000,3652.66000000,3910.48000000,24650.13335800,2018-11-25 11:59:59.999,94422984.15309568,102908,13051.04920300,50043058.59315013,0
2018-11-25 12:00:00,3907.16000000,4025.48000000,3851.91000000,3880.00000000,13883.35874900,2018-11-25 15:59:59.999,54522865.15303752,58347,7156.80543800,28120553.34538400,0
2018-11-25 16:00:00,3881.62000000,4027.43000000,3811.00000000,3949.03000000,13696.54960900,2018-11-25 19:59:59.999,53360915.14479178,65068,7392.40984100,28828550.07752183,0
2018-11-25 20:00:00,3949.00000000,4233.00000000,3931.91000000,4085.78000000,22669.82906700,2018-11-25 23:59:59.999,93060148.84046684,89200,11788.92883400,48385301.66640901,0
2018-11-26 00:00:00,4088.69000000,4206.00000000,4030.00000000,4118.98000000,11929.36851300,2018-11-26 03:59:59.999,49073215.93588230,51101,5974.51202200,24588918.37991065,0
2018-11-26 04:00:00,4119.01000000,4191.29000000,4028.42000000,4085.81000000,10246.68415900,2018-11-26 07:59:59.999,42141199.16051184,46579,5419.12771700,22290883.47070831,0
2018-11-26 08:00:00,4085.81000000,4096.38000000,3971.48000000,4057.89000000,13668.45774400,2018-11-26 11:59:59.999,55251215.35519139,60977,7326.84057300,29624171.99906179,0
2018-11-26 12:00:00,4057.89000000,4060.00000000,3822.00000000,3834.16000000,17004.27662400,2018-11-26 15:59:59.999,66930716.23796929,73343,8239.40118700,32446465.30627127,0
2018-11-26 16:00:00,3837.32000000,3987.00000000,3701.00000000,3904.15000000,23339.57529900,2018-11-26 19:59:59.999,90284046.59390911,95123,11901.30626600,46093959.74423693,0
2018-11-26 20:00:00,3909.05000000,3909.79000000,3707.00000000,3862.20000000,18316.50337800,2018-11-26 23:59:59.999,69549915.00131351,86216,9371.31776600,35599430.15815413,0
2018-11-27 00:00:00,3864.45000000,3895.00000000,3770.00000000,3804.48000000,9523.67549400,2018-11-27 03:59:59.999,36423648.74418927,45723,4924.45666900,18837986.86290232,0
2018-11-27 04:00:00,3800.35000000,3920.00000000,3765.76000000,3849.54000000,9961.32343900,2018-11-27 07:59:59.999,38293104.28842197,42630,5635.42627800,21666089.54263944,0
2018-11-27 08:00:00,3849.82000000,3860.00000000,3689.12000000,3756.91000000,14451.64679300,2018-11-27 11:59:59.999,54626246.02893583,59662,7178.94154200,27164218.56591331,0
2018-11-27 12:00:00,3755.60000000,3859.84000000,3732.75000000,3779.40000000,11974.89269800,2018-11-27 15:59:59.999,45469869.00607291,48065,6522.40905300,24776625.42650501,0
2018-11-27 16:00:00,3779.06000000,3877.00000000,3750.00000000,3821.99000000,10362.00471200,2018-11-27 19:59:59.999,39443476.03028867,43292,5795.31443600,22064056.13096188,0
2018-11-27 20:00:00,3821.46000000,3940.00000000,3790.00000000,3875.21000000,11207.06407600,2018-11-27 23:59:59.999,43336824.02391660,49359,6265.73593800,24238082.40088432,0
2018-11-28 00:00:00,3875.63000000,3947.40000000,3874.27000000,3936.15000000,9571.29034300,2018-11-28 03:59:59.999,37416749.18254165,40919,5205.15602100,20347767.45952366,0
2018-11-28 04:00:00,3936.15000000,4150.00000000,3911.00000000,4106.80000000,16115.20869900,2018-11-28 07:59:59.999,65530482.01529611,67974,8306.04848400,33770043.51957995,0
2018-11-28 08:00:00,4106.30000000,4131.55000000,4019.85000000,4090.55000000,10797.97502100,2018-11-28 11:59:59.999,43971981.92213801,46754,5447.06022400,22178079.94200224,0
2018-11-28 12:00:00,4089.35000000,4294.30000000,4055.01000000,4249.82000000,21824.32601300,2018-11-28 15:59:59.999,91574063.49598155,85458,11221.57006800,47078926.89447228,0
2018-11-28 16:00:00,4249.81000000,4393.00000000,4180.21000000,4332.17000000,18051.39483600,2018-11-28 19:59:59.999,77297022.81851347,79991,9252.47380300,39620212.77891692,0
2018-11-28 20:00:00,4331.60000000,4394.47000000,4185.01000000,4264.85000000,15623.37303700,2018-11-28 23:59:59.999,66907008.86315619,65618,7887.28581900,33774327.97101013,0
2018-11-29 00:00:00,4262.06000000,4294.00000000,4136.00000000,4163.70000000,9813.05838800,2018-11-29 03:59:59.999,41196016.24496029,45483,4683.20718000,19662658.37523768,0
2018-11-29 04:00:00,4162.03000000,4258.93000000,4125.65000000,4212.71000000,9117.56581400,2018-11-29 07:59:59.999,38349009.52549260,39136,4795.73547400,20173522.78459375,0
2018-11-29 08:00:00,4214.87000000,4450.38000000,4190.00000000,4386.34000000,17675.35926100,2018-11-29 11:59:59.999,76957399.96678003,66944,9004.23546300,39182511.87158060,0
2018-11-29 12:00:00,4383.70000000,4413.85000000,4225.35000000,4271.13000000,15662.25941500,2018-11-29 15:59:59.999,67511372.12794938,65129,7359.12856800,31716599.70878453,0
2018-11-29 16:00:00,4271.69000000,4395.00000000,4201.00000000,4245.02000000,12477.23614500,2018-11-29 19:59:59.999,53665203.14756555,56640,6484.35356700,27908958.44838778,0
2018-11-29 20:00:00,4247.15000000,4314.39000000,4170.22000000,4295.84000000,9234.71964600,2018-11-29 23:59:59.999,39130037.39713481,43269,4635.81335100,19658829.11690414,0
2018-11-30 00:00:00,4295.72000000,4341.36000000,4201.11000000,4292.08000000,8917.75960400,2018-11-30 03:59:59.999,38101110.83531168,38052,4796.84791100,20509039.38364601,0
2018-11-30 04:00:00,4293.29000000,4339.00000000,4202.42000000,4223.27000000,8622.93800100,2018-11-30 07:59:59.999,36861597.80027513,35270,4381.43444900,18746399.83108600,0
2018-11-30 08:00:00,4223.37000000,4255.27000000,3989.00000000,4022.79000000,19175.21394400,2018-11-30 11:59:59.999,79004607.66547195,78154,8966.63351800,36964218.62992811,0
2018-11-30 12:00:00,4020.04000000,4085.00000000,3943.00000000,4027.38000000,17035.57195900,2018-11-30 15:59:59.999,68402700.84258959,68817,8510.94136900,34198705.70975437,0
2018-11-30 16:00:00,4028.81000000,4096.14000000,4016.00000000,4036.34000000,6717.09154300,2018-11-30 19:59:59.999,27219525.86243836,32034,3497.53063300,14172378.44952938,0
2018-11-30 20:00:00,4037.26000000,4058.80000000,3951.00000000,4041.32000000,7289.87123200,2018-11-30 23:59:59.999,29221031.92969726,35771,3650.58887300,14641404.68880464,0
2018-12-01 00:00:00,4041.27000000,4063.40000000,4009.19000000,4030.39000000,4035.27612300,2018-12-01 03:59:59.999,16279908.75961527,21816,2105.88153500,8496848.32336419,0
2018-12-01 04:00:00,4029.70000000,4034.03000000,3963.01000000,3997.80000000,5845.51081900,2018-12-01 07:59:59.999,23357321.46174798,25601,2700.38168200,10791943.90034116,0
2018-12-01 08:00:00,3997.78000000,4200.11000000,3997.77000000,4175.87000000,11469.18829000,2018-12-01 11:59:59.999,47278538.20667342,52767,5942.46401200,24470412.15211062,0
2018-12-01 12:00:00,4175.25000000,4233.00000000,4167.17000000,4219.00000000,9293.14951400,2018-12-01 15:59:59.999,39016502.78656938,39444,4765.15760100,20011498.21512747,0
2018-12-01 16:00:00,4219.00000000,4299.99000000,4216.06000000,4275.00000000,7635.65010100,2018-12-01 19:59:59.999,32587333.06920113,36585,3721.09376500,15876022.94593026,0
2018-12-01 20:00:00,4274.30000000,4282.46000000,4175.00000000,4190.02000000,6561.29863400,2018-12-01 23:59:59.999,27638010.03179003,29259,3190.43271500,13446165.51407663,0
2018-12-01 20:00:00,4274.30000000,4282.46000000,4175.00000000,4190.02000000,6561.29863400,2018-12-01 23:59:59.999,27638010.03179003,29259,3190.43271500,13446165.51407663,0
2018-12-02 00:00:00,4190.98000000,4312.99000000,4177.00000000,4200.02000000,7097.10897900,2018-12-02 03:59:59.999,30128477.31357795,31306,3587.61611900,15236554.59490963,0
2018-12-02 04:00:00,4202.63000000,4212.38000000,4120.00000000,4179.93000000,6021.90515800,2018-12-02 07:59:59.999,25075946.76822202,28119,2962.95319300,12338352.55413713,0
2018-12-02 08:00:00,4180.01000000,4245.00000000,4103.04000000,4152.02000000,7821.92719900,2018-12-02 11:59:59.999,32632363.68647518,35276,3888.79544800,16237960.13864308,0
2018-12-02 12:00:00,4150.33000000,4208.33000000,4129.00000000,4174.79000000,6035.30965400,2018-12-02 15:59:59.999,25165497.89004154,28281,3253.63013600,13569729.30000491,0
2018-12-02 16:00:00,4174.77000000,4191.81000000,4130.00000000,4180.05000000,4442.35948000,2018-12-02 19:59:59.999,18497382.01846059,23851,2260.25459600,9414232.59460127,0
2018-12-02 20:00:00,4180.05000000,4268.00000000,4129.00000000,4161.01000000,7493.54432000,2018-12-02 23:59:59.999,31417671.32969638,31254,3679.23626600,15439995.59970734,0
2018-12-03 00:00:00,4160.55000000,4179.00000000,3982.00000000,4035.00000000,10634.03243700,2018-12-03 03:59:59.999,43138571.49457009,42323,4703.02786200,19083991.99150022,0
2018-12-03 04:00:00,4035.63000000,4057.00000000,4004.05000000,4032.76000000,4957.24662900,2018-12-03 07:59:59.999,19965357.57222435,23271,2669.16905000,10754182.50688204,0
2018-12-03 08:00:00,4032.76000000,4068.00000000,3995.00000000,4027.77000000,5666.86523400,2018-12-03 11:59:59.999,22860058.26862359,24520,2765.29237400,11164564.40166849,0
2018-12-03 12:00:00,4025.33000000,4066.00000000,3856.05000000,3882.86000000,13201.91907700,2018-12-03 15:59:59.999,52203287.33716099,53661,5716.72680000,22630101.56965396,0
2018-12-03 16:00:00,3882.82000000,3918.00000000,3827.00000000,3871.41000000,9276.45964500,2018-12-03 19:59:59.999,36008211.93939261,36340,4422.69156100,17175331.91383537,0
2018-12-03 20:00:00,3870.55000000,3944.29000000,3850.00000000,3884.01000000,5357.84614100,2018-12-03 23:59:59.999,20880432.93140124,27019,2942.72669800,11473230.66443222,0
2018-12-04 00:00:00,3884.76000000,3935.00000000,3828.60000000,3866.68000000,7665.08483100,2018-12-04 03:59:59.999,29790302.68974661,33647,3783.30190700,14708697.65185248,0
2018-12-04 04:00:00,3866.97000000,4033.00000000,3781.00000000,4027.64000000,12467.01633500,2018-12-04 07:59:59.999,48861083.28074754,54338,6289.24479900,24686173.16470251,0
2018-12-04 08:00:00,4027.64000000,4037.84000000,3970.83000000,3996.26000000,6134.44616500,2018-12-04 11:59:59.999,24521678.55175975,29828,3068.19416200,12267315.81289479,0
2018-12-04 12:00:00,3996.28000000,4085.00000000,3965.11000000,4024.83000000,9992.75053200,2018-12-04 15:59:59.999,40175038.91230800,42211,4973.43071300,19998054.49139812,0
2018-12-04 16:00:00,4024.52000000,4026.36000000,3930.74000000,3960.00000000,7126.19661200,2018-12-04 19:59:59.999,28246770.98856058,31987,3463.77050100,13725748.17258707,0
2018-12-04 20:00:00,3960.00000000,3966.39000000,3900.00000000,3951.64000000,5104.05713800,2018-12-04 23:59:59.999,20078549.28314343,28804,2356.29382400,9272357.78676917,0
2018-12-05 00:00:00,3950.98000000,3970.00000000,3866.00000000,3886.87000000,6321.47312800,2018-12-05 03:59:59.999,24744152.91561192,30098,2691.45445600,10532942.78870164,0
2018-12-05 04:00:00,3888.18000000,3920.63000000,3831.25000000,3850.89000000,6257.45780700,2018-12-05 07:59:59.999,24273341.67361917,27969,3107.38877300,12059361.47218107,0
2018-12-05 08:00:00,3851.52000000,3925.00000000,3835.83000000,3918.00000000,6432.57754600,2018-12-05 11:59:59.999,24986637.38134374,28187,3241.35429400,12591010.49981870,0
2018-12-05 12:00:00,3918.00000000,3925.97000000,3843.00000000,3877.95000000,6512.62413700,2018-12-05 15:59:59.999,25314688.85384159,29908,3250.53789100,12636192.53863221,0
2018-12-05 16:00:00,3877.97000000,3882.99000000,3745.00000000,3774.19000000,13238.50912200,2018-12-05 19:59:59.999,50209435.86879209,57284,5642.40755400,21406419.66728091,0
2018-12-05 20:00:00,3774.64000000,3828.72000000,3752.00000000,3769.84000000,5242.15770800,2018-12-05 23:59:59.999,19876111.49836332,25565,2567.83862500,9739742.69741660,0
2018-12-06 00:00:00,3768.44000000,3820.00000000,3735.00000000,3771.65000000,6457.36734200,2018-12-06 03:59:59.999,24406775.75804290,29401,3262.93818100,12340202.54383131,0
2018-12-06 04:00:00,3771.08000000,3899.99000000,3678.00000000,3859.33000000,12016.38065400,2018-12-06 07:59:59.999,45904183.31836642,49966,5846.89950900,22403666.37753063,0
2018-12-06 08:00:00,3859.33000000,3890.00000000,3790.51000000,3816.79000000,6722.77843300,2018-12-06 11:59:59.999,25792036.34298977,30483,3416.50896600,13114568.70445391,0
2018-12-06 12:00:00,3816.54000000,3827.99000000,3631.00000000,3691.91000000,19055.84681700,2018-12-06 15:59:59.999,70906753.88038387,78266,8737.00520100,32556664.22037358,0
2018-12-06 16:00:00,3695.93000000,3701.16000000,3613.13000000,3694.44000000,12468.12090200,2018-12-06 19:59:59.999,45591867.93047083,54538,6500.17330700,23783279.95245961,0
2018-12-06 20:00:00,3692.40000000,3700.00000000,3500.00000000,3508.75000000,11658.30279500,2018-12-06 23:59:59.999,42120714.26468673,50858,4894.93622100,17729895.63721532,0
2018-12-07 00:00:00,3508.75000000,3534.09000000,3341.04000000,3367.60000000,22675.24843900,2018-12-07 03:59:59.999,77501306.34466839,91874,11235.13940600,38383094.03867014,0
2018-12-07 04:00:00,3367.56000000,3454.11000000,3362.00000000,3398.00000000,11259.53268000,2018-12-07 07:59:59.999,38382299.80634378,57428,5379.35441000,18339105.48863211,0
2018-12-07 08:00:00,3398.38000000,3444.09000000,3346.50000000,3397.62000000,10826.77242700,2018-12-07 11:59:59.999,36688289.70460298,48062,5791.63366200,19638418.28212693,0
2018-12-07 12:00:00,3396.65000000,3443.00000000,3318.03000000,3319.99000000,10519.89110100,2018-12-07 15:59:59.999,35748345.75404534,49162,5227.60659400,17772545.42463089,0
2018-12-07 16:00:00,3319.89000000,3549.99000000,3224.60000000,3492.66000000,28013.82703800,2018-12-07 19:59:59.999,93744165.81981876,110598,14155.44045500,47406553.58230232,0
2018-12-07 20:00:00,3492.07000000,3493.46000000,3326.50000000,3403.55000000,11850.18575700,2018-12-07 23:59:59.999,40300196.85072962,56397,5981.46326500,20348317.08228156,0
2018-12-08 00:00:00,3403.57000000,3495.00000000,3398.00000000,3449.70000000,8687.41121500,2018-12-08 03:59:59.999,29898652.25433469,47172,4631.58060900,15943030.53851553,0
2018-12-08 04:00:00,3448.79000000,3493.00000000,3405.73000000,3428.78000000,8137.25452000,2018-12-08 07:59:59.999,27998688.48405967,37589,4396.07440000,15132728.84212632,0
2018-12-08 08:00:00,3429.55000000,3431.41000000,3365.56000000,3412.24000000,7033.72174300,2018-12-08 11:59:59.999,23850057.15150944,33348,3721.45451400,12619924.41359285,0
2018-12-08 12:00:00,3410.01000000,3414.98000000,3222.00000000,3361.57000000,10887.35103900,2018-12-08 15:59:59.999,36428469.86765620,44506,5441.49940600,18229026.99510715,0
2018-12-08 16:00:00,3360.53000000,3430.00000000,3350.00000000,3379.09000000,8431.63516200,2018-12-08 19:59:59.999,28570277.13139070,37843,4746.68123200,16084013.65181462,0
2018-12-08 20:00:00,3377.52000000,3485.50000000,3276.47000000,3410.93000000,12188.57627000,2018-12-08 23:59:59.999,41163731.35999669,53192,6434.45093000,21740048.81170358,0
2018-12-09 00:00:00,3411.36000000,3540.71000000,3401.00000000,3418.66000000,6062.44523500,2018-12-09 03:59:59.999,20842952.20121172,26078,3278.64480600,11275095.24039202,0
2018-12-09 04:00:00,3419.09000000,3460.20000000,3398.15000000,3416.72000000,3529.69105700,2018-12-09 07:59:59.999,12095395.46639722,21792,1858.49379600,6370043.93066981,0
2018-12-09 08:00:00,3417.06000000,3473.67000000,3394.04000000,3443.04000000,5044.88439800,2018-12-09 11:59:59.999,17281767.61648541,23316,2602.37728400,8914279.19039465,0
2018-12-09 12:00:00,3443.02000000,3590.73000000,3434.00000000,3580.95000000,12364.03045900,2018-12-09 15:59:59.999,43431905.22189903,44646,6551.04324100,22999973.06276467,0
2018-12-09 16:00:00,3580.00000000,3658.00000000,3551.71000000,3580.82000000,13264.08551500,2018-12-09 19:59:59.999,47682200.91217578,51040,6346.96740300,22813461.97791026,0
2018-12-09 20:00:00,3581.00000000,3609.99000000,3515.78000000,3545.37000000,5691.75663200,2018-12-09 23:59:59.999,20284376.41042133,27695,2762.41907800,9846884.53292339,0
2018-12-10 00:00:00,3548.49000000,3610.00000000,3523.00000000,3552.51000000,4966.97206400,2018-12-10 03:59:59.999,17699546.47958340,26000,2404.02336000,8568650.34697803,0
2018-12-10 04:00:00,3552.02000000,3557.00000000,3475.00000000,3503.63000000,6061.34854900,2018-12-10 07:59:59.999,21275666.92815891,33610,3019.99597400,10602857.01138121,0
2018-12-10 08:00:00,3503.63000000,3537.00000000,3460.37000000,3516.32000000,6922.89782500,2018-12-10 11:59:59.999,24218804.05272136,38990,3987.75722600,13951198.77652745,0
2018-12-10 12:00:00,3511.78000000,3516.23000000,3413.00000000,3428.00000000,7645.06657400,2018-12-10 15:59:59.999,26494473.26996507,36688,3855.73490900,13368203.92279451,0
2018-12-10 16:00:00,3428.79000000,3520.00000000,3370.11000000,3402.89000000,9863.60650100,2018-12-10 19:59:59.999,33912384.58130314,35945,4551.01980700,15671466.89593470,0
2018-12-10 20:00:00,3402.87000000,3450.00000000,3380.00000000,3432.88000000,5529.35304000,2018-12-10 23:59:59.999,18907057.76184705,21366,2796.50697900,9565745.32400837,0
2018-12-11 00:00:00,3434.01000000,3436.78000000,3390.03000000,3411.06000000,4054.12206600,2018-12-11 03:59:59.999,13824413.56756182,21058,2006.77122600,6843277.25347307,0
2018-12-11 04:00:00,3411.07000000,3480.00000000,3397.37000000,3421.26000000,5365.57190900,2018-12-11 07:59:59.999,18418863.68959832,27163,2671.51343000,9172644.26913951,0
2018-12-11 08:00:00,3421.85000000,3443.79000000,3356.00000000,3381.68000000,8027.29282300,2018-12-11 11:59:59.999,27243403.18303532,32663,4088.36435100,13874185.37580656,0
2018-12-11 12:00:00,3380.69000000,3396.15000000,3342.62000000,3353.01000000,7009.43853900,2018-12-11 15:59:59.999,23603471.72100409,29212,3540.49815100,11924889.97131394,0
2018-12-11 16:00:00,3351.03000000,3394.99000000,3324.32000000,3370.28000000,5750.29022400,2018-12-11 19:59:59.999,19346889.00906599,26003,3045.28812200,10251997.71235969,0
2018-12-11 20:00:00,3370.02000000,3430.19000000,3366.00000000,3380.39000000,5714.14859300,2018-12-11 23:59:59.999,19404434.12255380,26167,3091.19143400,10499367.28156412,0
2018-12-12 00:00:00,3379.23000000,3391.18000000,3350.00000000,3365.64000000,4442.42574800,2018-12-12 03:59:59.999,14979091.31796434,20685,2345.30537600,7910177.30689088,0
2018-12-12 04:00:00,3365.70000000,3425.00000000,3360.00000000,3405.96000000,4945.40221900,2018-12-12 07:59:59.999,16789784.11174761,22891,2861.78329800,9716206.57097989,0
2018-12-12 08:00:00,3405.40000000,3479.50000000,3391.03000000,3436.99000000,6991.99374300,2018-12-12 11:59:59.999,24008477.75958960,31422,3841.40818200,13188002.79297975,0
2018-12-12 12:00:00,3436.99000000,3480.00000000,3401.00000000,3460.30000000,8319.02035100,2018-12-12 15:59:59.999,28573333.85837141,32922,4341.10831100,14911822.10261441,0
2018-12-12 16:00:00,3460.30000000,3492.00000000,3428.81000000,3445.81000000,5803.76247600,2018-12-12 19:59:59.999,20077818.95844256,25917,2985.75382200,10331823.31697815,0
2018-12-12 20:00:00,3446.34000000,3472.73000000,3423.09000000,3445.00000000,3420.32674900,2018-12-12 23:59:59.999,11798679.78628519,18230,1751.83971700,6044181.70840890,0
2018-12-13 00:00:00,3446.38000000,3460.00000000,3384.39000000,3405.78000000,4754.49517000,2018-12-13 03:59:59.999,16210554.40552510,19240,2238.25011100,7633024.86132155,0
2018-12-13 04:00:00,3405.66000000,3407.50000000,3362.93000000,3402.60000000,5300.97186800,2018-12-13 07:59:59.999,17943558.71918695,21566,2574.22209600,8714720.70007320,0
2018-12-13 08:00:00,3402.62000000,3424.00000000,3365.50000000,3385.00000000,5929.82311000,2018-12-13 11:59:59.999,20163764.92705252,23993,3155.75485800,10734975.17371303,0
2018-12-13 12:00:00,3384.26000000,3435.00000000,3382.21000000,3416.02000000,5537.76668400,2018-12-13 15:59:59.999,18911265.56135089,22445,2925.50859300,9990850.61079437,0
2018-12-13 16:00:00,3414.08000000,3421.48000000,3326.59000000,3345.47000000,6652.51442500,2018-12-13 19:59:59.999,22465497.13393942,28171,2970.02608700,10040552.84370232,0
2018-12-13 20:00:00,3345.46000000,3358.55000000,3255.50000000,3302.06000000,11865.34575600,2018-12-13 23:59:59.999,39122412.98042824,45056,5807.55333400,19148638.11084527,0
2018-12-14 00:00:00,3302.06000000,3335.39000000,3250.00000000,3287.28000000,8135.78128400,2018-12-14 03:59:59.999,26789992.19530849,32005,4114.96018500,13557884.57661632,0
2018-12-14 04:00:00,3287.28000000,3320.00000000,3280.71000000,3307.42000000,3712.08753800,2018-12-14 07:59:59.999,12263552.21979605,19432,1936.39168600,6397174.13286262,0
2018-12-14 08:00:00,3307.40000000,3325.00000000,3277.01000000,3285.63000000,5044.81336400,2018-12-14 11:59:59.999,16646265.86639018,22351,2632.19619800,8686928.03159757,0
2018-12-14 12:00:00,3287.61000000,3313.95000000,3256.01000000,3260.29000000,7190.00310700,2018-12-14 15:59:59.999,23626232.39859885,26039,3638.18697800,11956885.02075029,0
2018-12-14 16:00:00,3260.72000000,3271.00000000,3200.00000000,3220.55000000,11628.19704900,2018-12-14 19:59:59.999,37466141.36240534,45441,5709.96607100,18400202.16493561,0
2018-12-14 20:00:00,3220.21000000,3281.87000000,3177.00000000,3224.17000000,8782.10146500,2018-12-14 23:59:59.999,28309225.45109952,39257,4514.96901000,14560136.37508478,0
2018-12-15 00:00:00,3225.19000000,3262.00000000,3213.17000000,3256.22000000,3713.21633100,2018-12-15 03:59:59.999,12015718.86703617,21358,2064.98555300,6681517.10713347,0
2018-12-15 04:00:00,3255.02000000,3276.50000000,3215.00000000,3227.90000000,3671.91688900,2018-12-15 07:59:59.999,11910652.00568667,18418,1979.28027500,6421075.95223514,0
2018-12-15 08:00:00,3228.48000000,3238.92000000,3166.50000000,3201.24000000,6781.32022600,2018-12-15 11:59:59.999,21704189.51890754,29686,3343.08187100,10699940.53819135,0
2018-12-15 12:00:00,3200.97000000,3213.00000000,3156.26000000,3172.05000000,5849.04582200,2018-12-15 15:59:59.999,18613002.51918359,25589,3076.04471700,9790139.72139043,0
2018-12-15 16:00:00,3172.62000000,3210.00000000,3164.00000000,3206.00000000,4479.85117000,2018-12-15 19:59:59.999,14270197.40219670,20782,2633.85451200,8391436.78704286,0
2018-12-15 20:00:00,3206.00000000,3249.00000000,3197.01000000,3211.72000000,5300.69099800,2018-12-15 23:59:59.999,17075033.32757778,23973,2947.33150200,9496287.79506101,0
2018-12-16 00:00:00,3211.71000000,3283.64000000,3186.00000000,3272.59000000,6357.56827600,2018-12-16 03:59:59.999,20653667.02535260,29463,3571.30428600,11604075.64100355,0
2018-12-16 04:00:00,3273.58000000,3293.64000000,3246.73000000,3251.12000000,3451.74223900,2018-12-16 07:59:59.999,11291607.15226924,19885,1728.43312800,5655272.52915316,0
2018-12-16 08:00:00,3251.10000000,3274.97000000,3238.91000000,3267.47000000,3405.07764300,2018-12-16 11:59:59.999,11087422.19001457,17653,1883.56210000,6132798.82758037,0
2018-12-16 12:00:00,3267.79000000,3294.00000000,3220.98000000,3242.65000000,4647.02675200,2018-12-16 15:59:59.999,15107432.18535516,23503,2379.07694900,7735451.51162089,0
2018-12-16 16:00:00,3242.60000000,3267.00000000,3222.00000000,3256.59000000,3622.39587200,2018-12-16 19:59:59.999,11748724.29492462,17964,2039.46735200,6616654.52593739,0
2018-12-16 20:00:00,3256.59000000,3258.16000000,3215.20000000,3228.67000000,3144.99775600,2018-12-16 23:59:59.999,10179306.55690218,17097,1507.92969800,4881873.37036082,0
2018-12-17 00:00:00,3229.22000000,3253.76000000,3216.00000000,3239.36000000,2856.91121300,2018-12-17 03:59:59.999,9245004.54806192,15429,1549.93055600,5016061.05445269,0
2018-12-17 04:00:00,3239.73000000,3280.00000000,3231.02000000,3273.33000000,3531.20162200,2018-12-17 07:59:59.999,11488549.20263359,17132,2040.53966700,6640312.83322219,0
2018-12-17 08:00:00,3273.33000000,3290.00000000,3255.21000000,3271.86000000,4955.47571700,2018-12-17 11:59:59.999,16198342.96602406,20582,2580.37169500,8436645.91953258,0
2018-12-17 12:00:00,3271.86000000,3449.98000000,3271.00000000,3421.40000000,22314.85422400,2018-12-17 15:59:59.999,75780167.74707563,87046,11425.92983500,38782957.96770827,0
2018-12-17 16:00:00,3421.76000000,3580.00000000,3419.04000000,3535.61000000,19168.56444900,2018-12-17 19:59:59.999,67022429.56438195,83629,9821.21491600,34320141.89412471,0
2018-12-17 20:00:00,3535.99000000,3585.00000000,3472.25000000,3509.08000000,13935.20916300,2018-12-17 23:59:59.999,49023591.59028400,59997,7149.22776900,25149747.28897251,0
2018-12-18 00:00:00,3509.03000000,3547.85000000,3482.48000000,3537.27000000,6956.02638300,2018-12-18 03:59:59.999,24448704.34724804,39001,3574.78419300,12564190.09079297,0
2018-12-18 04:00:00,3537.33000000,3538.39000000,3481.34000000,3510.83000000,5921.17261000,2018-12-18 07:59:59.999,20775098.68329737,35529,3144.84406800,11034174.09340233,0
2018-12-18 08:00:00,3510.81000000,3510.81000000,3424.47000000,3490.85000000,11012.99893100,2018-12-18 11:59:59.999,38162103.11866403,45354,5597.50962900,19393935.90932147,0
2018-12-18 12:00:00,3490.85000000,3577.00000000,3474.00000000,3512.18000000,14111.53218400,2018-12-18 15:59:59.999,49822778.05171757,62154,7515.07466300,26534934.32375365,0
2018-12-18 16:00:00,3512.18000000,3542.94000000,3485.00000000,3536.07000000,8556.78425800,2018-12-18 19:59:59.999,30096670.38282730,47722,4252.30785000,14959046.05780809,0
2018-12-18 20:00:00,3536.49000000,3678.59000000,3503.00000000,3652.98000000,14811.10089100,2018-12-18 23:59:59.999,53258420.44147763,66673,7991.08011800,28731956.61220061,0
2018-12-19 00:00:00,3653.00000000,3743.00000000,3622.55000000,3727.85000000,17539.43179600,2018-12-19 03:59:59.999,64650710.15933132,74183,9546.15605900,35196886.68661929,0
2018-12-19 04:00:00,3727.85000000,3749.00000000,3652.00000000,3698.31000000,10560.57616100,2018-12-19 07:59:59.999,39130344.93821180,48736,5326.58317300,19738718.40550644,0
2018-12-19 08:00:00,3699.59000000,3830.00000000,3683.95000000,3821.40000000,14576.95873700,2018-12-19 11:59:59.999,54873406.78206590,67919,7179.36875200,27008461.95087466,0
2018-12-19 12:00:00,3818.45000000,3912.73000000,3715.00000000,3744.93000000,26305.36005600,2018-12-19 15:59:59.999,100340099.32493592,107180,13187.61223700,50322922.08770074,0
2018-12-19 16:00:00,3743.68000000,3814.50000000,3727.25000000,3751.40000000,11001.39504200,2018-12-19 19:59:59.999,41464425.71619670,64604,5830.14122700,21970876.00736635,0
2018-12-19 20:00:00,3751.40000000,3767.97000000,3630.23000000,3662.22000000,14153.61922200,2018-12-19 23:59:59.999,52179226.61778974,71404,7036.89745900,25951360.16092672,0
2018-12-20 00:00:00,3660.01000000,3758.00000000,3635.00000000,3707.00000000,8946.38530800,2018-12-20 03:59:59.999,33138227.43940804,48745,4693.89566300,17389541.47544391,0
2018-12-20 04:00:00,3705.62000000,3735.20000000,3650.00000000,3733.70000000,7070.10733200,2018-12-20 07:59:59.999,26187953.18136863,40810,3841.91327300,14234203.96463917,0
2018-12-20 08:00:00,3733.68000000,4065.00000000,3732.15000000,3974.78000000,31129.49692900,2018-12-20 11:59:59.999,123162702.82104078,136943,16370.79922700,64739272.85982772,0
2018-12-20 12:00:00,3974.77000000,4063.00000000,3926.98000000,3985.94000000,17696.83360800,2018-12-20 15:59:59.999,70571427.75444178,89394,8962.93307800,35759482.27431776,0
2018-12-20 16:00:00,3987.20000000,4120.00000000,3965.05000000,4012.82000000,19200.94427500,2018-12-20 19:59:59.999,77496549.48315809,100343,10065.67339100,40635404.64516670,0
2018-12-20 20:00:00,4011.73000000,4084.19000000,3860.00000000,4049.62000000,17500.06853400,2018-12-20 23:59:59.999,69410197.10339917,84271,8837.71853600,35045786.78429656,0
2018-12-21 00:00:00,4051.86000000,4139.99000000,3950.18000000,4020.29000000,17106.21737000,2018-12-21 03:59:59.999,69090470.03459367,87762,8500.10934300,34345714.81899509,0
2018-12-21 04:00:00,4020.61000000,4021.00000000,3880.00000000,3986.00000000,10191.91339600,2018-12-21 07:59:59.999,40337389.36833189,58651,5110.19484900,20239939.38910345,0
2018-12-21 08:00:00,3986.00000000,4033.95000000,3922.83000000,3995.51000000,12463.24974700,2018-12-21 11:59:59.999,49662769.60514155,65962,6404.23182400,25517956.94025901,0
2018-12-21 12:00:00,3995.28000000,4070.99000000,3930.00000000,3944.93000000,15609.08559500,2018-12-21 15:59:59.999,62487605.07887207,82890,8011.91623300,32080032.81408329,0
2018-12-21 16:00:00,3944.93000000,3978.39000000,3792.00000000,3806.27000000,15681.30487500,2018-12-21 19:59:59.999,61141633.43933243,81993,7576.76508300,29554936.26654236,0
2018-12-21 20:00:00,3806.24000000,3867.22000000,3764.00000000,3838.66000000,11292.07912900,2018-12-21 23:59:59.999,43083412.43639800,58929,5762.67166500,21992031.56376922,0
2018-12-22 00:00:00,3840.25000000,3872.00000000,3790.00000000,3818.21000000,6199.07357400,2018-12-22 03:59:59.999,23740875.63682718,40568,3208.68668800,12292243.00606653,0
2018-12-22 04:00:00,3818.65000000,3845.00000000,3785.00000000,3834.70000000,5204.67325300,2018-12-22 07:59:59.999,19870546.42671005,33699,2845.22159200,10865102.01426449,0
2018-12-22 08:00:00,3835.00000000,3933.39000000,3821.00000000,3875.00000000,9560.86350100,2018-12-22 11:59:59.999,37118152.98980857,46776,4915.11674100,19084589.94196853,0
2018-12-22 12:00:00,3874.73000000,3885.00000000,3785.00000000,3830.10000000,7731.28615600,2018-12-22 15:59:59.999,29596620.86016437,44291,4046.92922200,15492709.89890293,0
2018-12-22 16:00:00,3830.05000000,3888.34000000,3794.41000000,3877.86000000,6110.70831800,2018-12-22 19:59:59.999,23487939.37149383,38117,3198.71654500,12297889.59847209,0
2018-12-22 20:00:00,3877.86000000,3979.00000000,3819.00000000,3948.91000000,8015.74607000,2018-12-22 23:59:59.999,31271432.30056217,45697,4387.65329600,17125707.92962716,0
2018-12-23 00:00:00,3948.91000000,4003.84000000,3922.37000000,3980.97000000,8998.17603500,2018-12-23 03:59:59.999,35669786.07994439,51876,4645.06176700,18416367.22748231,0
2018-12-23 04:00:00,3980.97000000,3998.00000000,3940.00000000,3958.92000000,4925.90944800,2018-12-23 07:59:59.999,19552198.90585108,34659,2403.34153600,9540737.89499103,0
2018-12-23 08:00:00,3957.07000000,4021.53000000,3935.00000000,3994.40000000,7756.49474000,2018-12-23 11:59:59.999,30885473.27093429,47082,4208.71255100,16755283.65962446,0
2018-12-23 12:00:00,3996.52000000,4010.27000000,3870.00000000,3907.51000000,9187.51702700,2018-12-23 15:59:59.999,36303298.53852172,52607,4211.36078300,16655159.51078939,0
2018-12-23 16:00:00,3906.35000000,3968.95000000,3891.00000000,3929.74000000,4610.33621200,2018-12-23 19:59:59.999,18143043.37176445,36735,2439.60009200,9603760.60884219,0
2018-12-23 20:00:00,3931.48000000,3954.00000000,3888.00000000,3929.71000000,4639.09806700,2018-12-23 23:59:59.999,18202556.65060788,35458,2308.80398600,9062713.97830015,0
2018-12-24 00:00:00,3929.71000000,4168.00000000,3924.83000000,4141.01000000,16051.09768600,2018-12-24 03:59:59.999,65770642.58084956,86432,8943.41576200,36625541.33979485,0
2018-12-24 04:00:00,4141.01000000,4196.28000000,4111.00000000,4161.50000000,8690.38767500,2018-12-24 07:59:59.999,36101306.72723838,60094,4608.05665300,19143996.72170772,0
2018-12-24 08:00:00,4160.06000000,4198.00000000,4066.00000000,4105.96000000,10482.39218300,2018-12-24 11:59:59.999,43273477.46379462,63810,5127.29970500,21180484.02319326,0
2018-12-24 12:00:00,4105.97000000,4190.00000000,4021.00000000,4021.22000000,10743.53686700,2018-12-24 15:59:59.999,44235590.82717710,69075,5180.36152500,21351667.97824463,0
2018-12-24 16:00:00,4022.00000000,4078.09000000,3965.01000000,4012.49000000,12967.96266900,2018-12-24 19:59:59.999,52251875.08651050,75884,6345.60130300,25586073.36289330,0
2018-12-24 20:00:00,4012.49000000,4066.00000000,3984.78000000,4008.01000000,5712.43204900,2018-12-24 23:59:59.999,22996074.38034059,45108,2919.77375000,11757766.48031840,0
2018-12-25 00:00:00,4010.11000000,4020.00000000,3705.00000000,3709.10000000,18520.45762200,2018-12-25 03:59:59.999,70716769.85565099,95252,8647.99495700,32998185.91745439,0
2018-12-25 04:00:00,3709.10000000,3793.42000000,3708.52000000,3750.39000000,7775.18397700,2018-12-25 07:59:59.999,29194199.28192468,51795,4103.14698500,15404275.28151329,0
2018-12-25 08:00:00,3750.57000000,3786.95000000,3684.00000000,3737.31000000,9248.18026600,2018-12-25 11:59:59.999,34618449.48735467,57019,4652.00715500,17417713.02903345,0
2018-12-25 12:00:00,3735.86000000,3764.99000000,3646.41000000,3688.00000000,10706.02419300,2018-12-25 15:59:59.999,39739559.85787325,58960,5328.63427900,19790892.90619545,0
2018-12-25 16:00:00,3688.00000000,3730.00000000,3661.00000000,3707.45000000,8168.90525800,2018-12-25 19:59:59.999,30219319.74422769,45346,4372.58244400,16178176.97850747,0
2018-12-25 20:00:00,3706.74000000,3781.00000000,3693.45000000,3745.79000000,8306.87811600,2018-12-25 23:59:59.999,31096004.72552978,48005,4437.61045200,16615036.38498175,0
2018-12-26 00:00:00,3745.56000000,3837.15000000,3715.05000000,3795.23000000,8750.40394800,2018-12-26 03:59:59.999,33170987.81764258,52493,4580.09980400,17365653.68688977,0
2018-12-26 04:00:00,3795.43000000,3803.49000000,3720.50000000,3743.45000000,6145.06713100,2018-12-26 07:59:59.999,23158465.11269848,39251,3043.74650100,11476946.02030572,0
2018-12-26 08:00:00,3743.45000000,3744.33000000,3686.62000000,3722.65000000,6916.89846300,2018-12-26 11:59:59.999,25693594.19994080,41827,3580.44218700,13301311.25759142,0
2018-12-26 12:00:00,3722.65000000,3753.07000000,3656.74000000,3706.44000000,8432.43142900,2018-12-26 15:59:59.999,31240117.81675988,48901,4181.93322600,15495828.87951181,0
2018-12-26 16:00:00,3706.43000000,3792.20000000,3690.34000000,3769.95000000,6590.13691800,2018-12-26 19:59:59.999,24634727.71083469,43730,3782.00621900,14139628.70229231,0
2018-12-26 20:00:00,3769.61000000,3800.00000000,3715.00000000,3777.74000000,5794.43792800,2018-12-26 23:59:59.999,21807311.84627925,41544,3123.99190800,11759659.28188927,0
2018-12-27 00:00:00,3777.74000000,3813.98000000,3690.00000000,3711.59000000,7502.93965200,2018-12-27 03:59:59.999,28058551.47182905,41249,3795.11138600,14203995.52843273,0
2018-12-27 04:00:00,3709.47000000,3734.00000000,3670.00000000,3725.47000000,5711.39488200,2018-12-27 07:59:59.999,21178585.85716099,36577,2878.44309800,10678940.00335069,0
2018-12-27 08:00:00,3725.06000000,3750.00000000,3697.52000000,3724.13000000,5365.50846700,2018-12-27 11:59:59.999,19983013.82328535,33260,3031.96050900,11295821.10176355,0
2018-12-27 12:00:00,3723.16000000,3760.95000000,3697.00000000,3717.96000000,5514.42736400,2018-12-27 15:59:59.999,20532871.63437044,34676,2935.72935200,10934036.98545787,0
2018-12-27 16:00:00,3717.96000000,3740.60000000,3565.00000000,3577.77000000,11256.69950200,2018-12-27 19:59:59.999,40992001.05269859,63637,5378.91088300,19612819.46357161,0
2018-12-27 20:00:00,3577.20000000,3588.00000000,3535.00000000,3567.91000000,8746.42304500,2018-12-27 23:59:59.999,31170826.03376060,53334,4229.31859600,15078245.97348934,0
2018-12-28 00:00:00,3567.89000000,3588.00000000,3551.10000000,3566.72000000,4009.45229100,2018-12-28 03:59:59.999,14324727.29955552,32925,2122.74913100,7584569.86656101,0
2018-12-28 04:00:00,3567.95000000,3580.29000000,3540.04000000,3561.00000000,4058.97292300,2018-12-28 07:59:59.999,14469474.66042180,31092,2242.75515400,7996073.98146714,0
2018-12-28 08:00:00,3560.87000000,3609.37000000,3552.00000000,3607.00000000,5337.49120000,2018-12-28 11:59:59.999,19123447.49948381,33477,2978.91756400,10674356.31522490,0
2018-12-28 12:00:00,3607.00000000,3820.00000000,3568.00000000,3785.58000000,11901.86058600,2018-12-28 15:59:59.999,43718216.16068755,58190,6240.30542400,22939132.92332282,0
2018-12-28 16:00:00,3785.90000000,3887.25000000,3778.50000000,3819.54000000,14949.35673800,2018-12-28 19:59:59.999,57126986.99062185,64428,7991.23786600,30535979.95122289,0
2018-12-28 20:00:00,3821.88000000,3859.00000000,3805.00000000,3839.26000000,5707.17124900,2018-12-28 23:59:59.999,21875666.63650797,30928,2873.95951400,11017591.86471983,0
2018-12-29 00:00:00,3839.00000000,3870.00000000,3815.00000000,3830.75000000,4452.83248500,2018-12-29 03:59:59.999,17112150.62255397,34083,2308.96509400,8873396.50827841,0
2018-12-29 04:00:00,3830.73000000,3867.49000000,3816.00000000,3858.26000000,3880.51103700,2018-12-29 07:59:59.999,14893435.42563091,30047,2137.72814500,8205775.72184843,0
2018-12-29 08:00:00,3857.21000000,3892.00000000,3756.20000000,3804.60000000,9966.00872100,2018-12-29 11:59:59.999,38058127.01628579,48645,5006.16544100,19119449.84380194,0
2018-12-29 12:00:00,3804.82000000,3838.20000000,3791.00000000,3822.10000000,4425.99468700,2018-12-29 15:59:59.999,16890039.26778775,33374,2271.71632600,8670158.00286883,0
2018-12-29 16:00:00,3822.49000000,3824.70000000,3760.00000000,3793.31000000,5794.79553600,2018-12-29 19:59:59.999,21945859.59435491,36867,2875.45356700,10891974.63273549,0
2018-12-29 20:00:00,3794.49000000,3884.00000000,3670.00000000,3695.32000000,10354.23143700,2018-12-29 23:59:59.999,39305588.18112389,61828,4922.16447300,18739998.46582716,0
2018-12-30 00:00:00,3696.71000000,3724.92000000,3657.90000000,3711.55000000,7014.98252000,2018-12-30 03:59:59.999,25971706.91915118,39832,3369.49736200,12472860.61908693,0
2018-12-30 04:00:00,3711.44000000,3747.00000000,3708.18000000,3724.94000000,2752.16162500,2018-12-30 07:59:59.999,10266212.26876018,26976,1457.27359600,5436479.14465064,0
2018-12-30 08:00:00,3724.93000000,3825.00000000,3718.01000000,3785.93000000,6693.40858900,2018-12-30 11:59:59.999,25311221.62320105,40076,3680.51344900,13920514.07525722,0
2018-12-30 12:00:00,3785.92000000,3903.50000000,3720.41000000,3768.00000000,7820.78568500,2018-12-30 15:59:59.999,29571979.27077772,45907,4161.03404500,15739260.12009455,0
2018-12-30 16:00:00,3768.00000000,3809.85000000,3735.57000000,3780.12000000,3827.05577700,2018-12-30 19:59:59.999,14466188.61940378,32880,1913.86919500,7236129.89825944,0
2018-12-30 20:00:00,3779.31000000,3823.00000000,3745.00000000,3801.91000000,5113.97506600,2018-12-30 23:59:59.999,19378920.81893505,33258,2845.15463800,10782721.04616221,0
2018-12-31 00:00:00,3803.12000000,3810.00000000,3715.73000000,3744.58000000,6384.78161400,2018-12-31 03:59:59.999,23977181.78499561,37642,3596.07371000,13501669.44547205,0
2018-12-31 04:00:00,3744.59000000,3763.12000000,3731.76000000,3754.45000000,2781.91261800,2018-12-31 07:59:59.999,10432639.00117286,23281,1493.92835800,5603015.50504715,0
2018-12-31 08:00:00,3755.35000000,3791.63000000,3692.11000000,3725.42000000,5778.73356300,2018-12-31 11:59:59.999,21644801.23099579,34514,2831.05115600,10610881.24593884,0
2018-12-31 12:00:00,3725.42000000,3783.34000000,3715.00000000,3752.46000000,4470.05290400,2018-12-31 15:59:59.999,16725110.50146877,32134,2327.64253100,8710184.36108655,0
2018-12-31 16:00:00,3752.22000000,3776.85000000,3630.33000000,3687.47000000,6179.61328200,2018-12-31 19:59:59.999,22893281.49442608,35130,2945.42150800,10915432.27683991,0
2018-12-31 20:00:00,3687.47000000,3707.50000000,3657.70000000,3702.90000000,4396.68436900,2018-12-31 23:59:59.999,16174202.10402297,27607,2329.67887100,8571075.92848066,0
