Open time,Open,High,Low,Close,Volume,Close time,Base asset volume,Number of trades,Taker buy volume,Taker buy base asset volume,Ignore
2020-01-01 00:00:00,7195.24000000,7245.00000000,7175.46000000,7225.01000000,2833.74918000,2020-01-01 03:59:59.999,20445895.80179560,32476,1548.86561900,11176594.41972043,0
2020-01-01 04:00:00,7225.00000000,7236.27000000,7199.11000000,7209.83000000,2061.29505100,2020-01-01 07:59:59.999,14890182.27509305,29991,1049.71123600,7582850.37593562,0
2020-01-01 08:00:00,7209.83000000,7237.73000000,7180.00000000,7197.20000000,3166.65436100,2020-01-01 11:59:59.999,22807318.59055887,33507,1562.34431400,11253695.89627296,0
2020-01-01 12:00:00,7197.20000000,7255.00000000,7196.15000000,7234.19000000,3492.53745900,2020-01-01 15:59:59.999,25235559.66071409,36549,2086.27911900,15076709.32825345,0
2020-01-01 16:00:00,7234.20000000,7249.99000000,7214.00000000,7229.48000000,2980.58329100,2020-01-01 19:59:59.999,21561774.16981082,32877,1673.06059400,12104158.06723686,0
2020-01-01 20:00:00,7229.48000000,7242.98000000,7175.15000000,7200.85000000,2257.56882300,2020-01-01 23:59:59.999,16273721.61808985,28610,1026.69465300,7403777.12491502,0
2020-01-02 00:00:00,7200.77000000,7212.50000000,7120.37000000,7129.61000000,3739.35483200,2020-01-02 03:59:59.999,26789555.88832981,41321,1739.23444300,12463103.02396427,0
2020-01-02 04:00:00,7129.25000000,7161.00000000,7105.00000000,7110.57000000,4057.96135500,2020-01-02 07:59:59.999,28945573.83354037,40753,1814.54172000,12944586.90214649,0
2020-01-02 08:00:00,7110.98000000,7180.00000000,7109.11000000,7139.79000000,4162.20301000,2020-01-02 11:59:59.999,29771688.32422764,41502,2122.93353800,15185516.04679916,0
2020-01-02 12:00:00,7139.73000000,7163.40000000,7107.43000000,7130.98000000,4179.04183300,2020-01-02 15:59:59.999,29821656.36588822,41933,1929.32310500,13771352.26269946,0
2020-01-02 16:00:00,7130.37000000,7146.85000000,6924.74000000,6983.27000000,12699.02823300,2020-01-02 19:59:59.999,88967851.70900555,101577,5985.88601100,41902588.27541364,0
2020-01-02 20:00:00,6982.63000000,6985.00000000,6941.27000000,6965.71000000,3113.89466900,2020-01-02 23:59:59.999,21686015.18014871,35581,1549.69252300,10793682.56704162,0
2020-01-03 00:00:00,6965.49000000,6966.80000000,6871.04000000,6952.04000000,7625.89678800,2020-01-03 03:59:59.999,52836314.59680640,63802,3610.62128600,25022824.34185555,0
2020-01-03 04:00:00,6952.04000000,7264.71000000,6948.64000000,7203.21000000,17397.30470600,2020-01-03 07:59:59.999,124698016.58708977,112960,9381.14118100,67265606.05929410,0
2020-01-03 08:00:00,7202.28000000,7371.92000000,7202.28000000,7340.46000000,15196.88502100,2020-01-03 11:59:59.999,110976530.27168470,115788,7829.59847600,57190407.72452470,0
2020-01-03 12:00:00,7340.46000000,7380.00000000,7229.30000000,7320.18000000,10578.98552900,2020-01-03 15:59:59.999,77205179.37214706,82061,5477.11560500,39987752.67539163,0
2020-01-03 16:00:00,7320.17000000,7405.00000000,7280.00000000,7343.08000000,11735.08447700,2020-01-03 19:59:59.999,86285226.37848328,86220,6096.29414400,44839145.24004635,0
2020-01-03 20:00:00,7343.62000000,7361.00000000,7260.01000000,7344.96000000,5894.34393000,2020-01-03 23:59:59.999,43097315.75582422,59023,3200.72558100,23407377.81061626,0
2020-01-04 00:00:00,7345.00000000,7350.00000000,7280.85000000,7333.11000000,3693.78483500,2020-01-04 03:59:59.999,27020741.04698006,40064,1869.49499700,13677299.23559031,0
2020-01-04 04:00:00,7333.14000000,7369.28000000,7312.65000000,7348.11000000,4519.54989100,2020-01-04 07:59:59.999,33194990.95123276,41378,2399.91059700,17626716.73224263,0
2020-01-04 08:00:00,7348.04000000,7369.63000000,7302.10000000,7336.45000000,5684.86006500,2020-01-04 11:59:59.999,41742234.41284417,46855,3133.34019300,23009073.35286105,0
2020-01-04 12:00:00,7336.75000000,7339.58000000,7291.00000000,7318.99000000,4424.83328600,2020-01-04 15:59:59.999,32360609.80976774,43428,2557.99174400,18708712.94251706,0
2020-01-04 16:00:00,7318.98000000,7404.00000000,7272.21000000,7334.83000000,8358.35610800,2020-01-04 19:59:59.999,61270034.59402405,68263,4590.65141400,33660335.83118941,0
2020-01-04 20:00:00,7334.89000000,7367.31000000,7310.67000000,7354.11000000,3306.59079200,2020-01-04 23:59:59.999,24285630.12509933,39382,1817.99330300,13352973.62967119,0
2020-01-05 00:00:00,7354.19000000,7482.87000000,7354.11000000,7475.99000000,11311.44984600,2020-01-05 03:59:59.999,84134360.45508217,82614,6254.11202800,46507627.70152020,0
2020-01-05 04:00:00,7476.00000000,7495.00000000,7437.40000000,7463.63000000,4866.90592800,2020-01-05 07:59:59.999,36313085.05456346,41032,2487.11631200,18557703.36575589,0
2020-01-05 08:00:00,7463.64000000,7472.00000000,7400.00000000,7422.33000000,5665.07725800,2020-01-05 11:59:59.999,42066779.49595185,47559,2881.11857000,21394399.72981228,0
2020-01-05 12:00:00,7422.27000000,7476.31000000,7415.00000000,7468.42000000,5088.90842500,2020-01-05 15:59:59.999,37891340.46471982,52899,2507.17780700,18669683.15069357,0
2020-01-05 16:00:00,7467.91000000,7484.00000000,7421.77000000,7444.14000000,4847.77460900,2020-01-05 19:59:59.999,36137911.69872611,48821,2407.66869300,17948340.58914090,0
2020-01-05 20:00:00,7444.71000000,7445.00000000,7318.00000000,7358.75000000,6550.96953800,2020-01-05 23:59:59.999,48305206.62013280,56284,2918.17615400,21522339.85272790,0
2020-01-06 00:00:00,7357.64000000,7580.00000000,7346.76000000,7540.90000000,13578.25865600,2020-01-06 03:59:59.999,101658114.43919881,90571,7253.70693800,54289384.54407606,0
2020-01-06 04:00:00,7540.90000000,7554.61000000,7496.00000000,7507.91000000,4822.71815500,2020-01-06 07:59:59.999,36286039.59522891,44909,2533.85160500,19064450.20549535,0
2020-01-06 08:00:00,7508.18000000,7582.27000000,7507.39000000,7544.72000000,7827.32759300,2020-01-06 11:59:59.999,59043380.07551334,71448,3633.64159100,27411971.60151161,0
2020-01-06 12:00:00,7544.72000000,7622.00000000,7465.44000000,7519.99000000,9210.89392400,2020-01-06 15:59:59.999,69483827.30136426,74063,4670.26521200,35241618.51615729,0
2020-01-06 16:00:00,7519.05000000,7561.00000000,7509.43000000,7539.90000000,4503.57387900,2020-01-06 19:59:59.999,33952019.92891205,49375,2232.93587100,16834450.14706498,0
2020-01-06 20:00:00,7539.74000000,7795.34000000,7534.90000000,7758.00000000,14692.92310900,2020-01-06 23:59:59.999,112907099.88583182,119571,8529.36655300,65569735.64511935,0
2020-01-07 00:00:00,7758.90000000,8000.00000000,7758.29000000,7894.90000000,20969.43657800,2020-01-07 03:59:59.999,165663512.44546847,141563,10994.80158800,86860460.79115781,0
2020-01-07 04:00:00,7894.71000000,7905.50000000,7821.00000000,7883.37000000,7779.68916300,2020-01-07 07:59:59.999,61185863.74728458,65526,4011.23170900,31547130.89564143,0
2020-01-07 08:00:00,7883.11000000,7965.00000000,7855.00000000,7895.14000000,8698.80149600,2020-01-07 11:59:59.999,68727867.63769617,70273,4208.00042100,33243539.76607462,0
2020-01-07 12:00:00,7895.13000000,7915.77000000,7740.29000000,7764.59000000,13815.63926000,2020-01-07 15:59:59.999,108226997.46997521,104490,6978.07391000,54670492.68089925,0
2020-01-07 16:00:00,7764.04000000,8137.00000000,7723.71000000,8073.69000000,23314.90438300,2020-01-07 19:59:59.999,186138206.50837004,162221,11917.80602600,95153915.89210398,0
2020-01-07 20:00:00,8073.69000000,8207.68000000,7945.72000000,8145.28000000,16593.21378100,2020-01-07 23:59:59.999,134260343.33416816,141242,8082.19789500,65391427.58805468,0
2020-01-08 00:00:00,8145.92000000,8455.00000000,8142.00000000,8300.34000000,29882.76757800,2020-01-08 03:59:59.999,249278984.67629778,214439,15479.53026800,129153136.01438960,0
2020-01-08 04:00:00,8300.34000000,8377.00000000,8277.21000000,8297.26000000,9759.58652000,2020-01-08 07:59:59.999,81284192.51276621,87286,4931.51603100,41072654.43231526,0
2020-01-08 08:00:00,8297.27000000,8370.00000000,8264.86000000,8332.47000000,9015.76602400,2020-01-08 11:59:59.999,74999557.70908977,76520,4111.89180000,34207714.94893289,0
2020-01-08 12:00:00,8332.20000000,8418.61000000,8184.00000000,8305.97000000,20431.67321300,2020-01-08 15:59:59.999,169790325.35318288,151217,10000.94594000,83137876.03471991,0
2020-01-08 16:00:00,8306.09000000,8335.79000000,7963.05000000,7963.35000000,26733.72217300,2020-01-08 19:59:59.999,216783134.12664024,172979,12202.01663500,98958035.36003195,0
2020-01-08 20:00:00,7963.56000000,8125.57000000,7870.00000000,8055.98000000,16799.12713200,2020-01-08 23:59:59.999,134274038.22652894,127934,8345.20884000,66754833.66414996,0
2020-01-09 00:00:00,8054.72000000,8055.96000000,7928.00000000,7954.72000000,9990.26035900,2020-01-09 03:59:59.999,79727246.34863195,79104,4769.57859600,38060248.56371673,0
2020-01-09 04:00:00,7954.96000000,7978.31000000,7896.00000000,7949.84000000,7975.92084500,2020-01-09 07:59:59.999,63346230.63580104,64304,4035.76346900,32050469.82658509,0
2020-01-09 08:00:00,7949.57000000,7955.83000000,7852.01000000,7878.56000000,9886.09173100,2020-01-09 11:59:59.999,78063921.17944053,74225,4978.17214400,39320377.87803792,0
2020-01-09 12:00:00,7878.02000000,7945.00000000,7871.00000000,7907.05000000,8465.58572000,2020-01-09 15:59:59.999,66923251.42375238,64484,4314.34102600,34107098.27152001,0
2020-01-09 16:00:00,7907.05000000,7957.48000000,7778.00000000,7917.54000000,13370.93087000,2020-01-09 19:59:59.999,104825199.65085433,92762,6559.49637900,51435664.01454986,0
2020-01-09 20:00:00,7917.55000000,8000.00000000,7750.00000000,7817.76000000,14550.73030500,2020-01-09 23:59:59.999,114372401.23639941,103921,6988.40760700,54925820.77999142,0
2020-01-10 00:00:00,7817.74000000,7854.06000000,7770.00000000,7818.02000000,4946.41275700,2020-01-10 03:59:59.999,38652855.84716160,49565,2363.09721100,18468242.13197619,0
2020-01-10 04:00:00,7818.06000000,7819.84000000,7711.76000000,7752.98000000,8595.70002200,2020-01-10 07:59:59.999,66695728.15756949,61743,4035.69072400,31318955.09003579,0
2020-01-10 08:00:00,7753.05000000,7854.44000000,7672.00000000,7841.69000000,16190.71085200,2020-01-10 11:59:59.999,125568149.81420179,105330,8035.61232700,62313882.71927421,0
2020-01-10 12:00:00,7841.03000000,8086.85000000,7811.00000000,8066.60000000,19947.25053700,2020-01-10 15:59:59.999,158562714.00065988,134722,10585.30978200,84186563.73040579,0
2020-01-10 16:00:00,8067.50000000,8140.11000000,7909.98000000,8059.49000000,22918.93772500,2020-01-10 19:59:59.999,183994648.56412956,163167,12060.61300100,96838872.80765183,0
2020-01-10 20:00:00,8058.05000000,8199.00000000,7981.59000000,8197.02000000,9807.76555500,2020-01-10 23:59:59.999,79300124.00471471,91574,5281.43226200,42718869.19548922,0
2020-01-11 00:00:00,8198.86000000,8253.26000000,8119.75000000,8158.49000000,10029.60439700,2020-01-11 03:59:59.999,82099998.44756105,78572,5142.72885900,42101503.22208556,0
2020-01-11 04:00:00,8158.83000000,8179.94000000,8044.65000000,8074.18000000,7452.94165400,2020-01-11 07:59:59.999,60350236.32211462,67726,3815.15648500,30890923.95625842,0
2020-01-11 08:00:00,8074.17000000,8129.97000000,8010.00000000,8045.95000000,7736.81792500,2020-01-11 11:59:59.999,62431906.29093031,71381,3877.84835200,31295665.57075868,0
2020-01-11 12:00:00,8045.89000000,8135.00000000,8018.41000000,8099.73000000,7221.14897500,2020-01-11 15:59:59.999,58293208.73757763,64855,3811.51069100,30774500.21930166,0
2020-01-11 16:00:00,8099.16000000,8221.55000000,8070.00000000,8151.78000000,10064.72494800,2020-01-11 19:59:59.999,82098331.25920993,85549,5209.28511700,42488783.48329607,0
2020-01-11 20:00:00,8151.77000000,8286.34000000,8003.16000000,8020.01000000,12304.79476800,2020-01-11 23:59:59.999,99760668.50730850,101048,6059.59547000,49164624.99118568,0
2020-01-12 00:00:00,8020.01000000,8110.92000000,7960.00000000,8091.33000000,7289.35449700,2020-01-12 03:59:59.999,58612864.66241500,62308,3916.54841800,31501312.47484108,0
2020-01-12 04:00:00,8090.70000000,8153.84000000,8070.98000000,8097.51000000,5085.38147100,2020-01-12 07:59:59.999,41230962.65368748,50838,2749.89031800,22298234.16059891,0
2020-01-12 08:00:00,8097.51000000,8164.08000000,8080.01000000,8114.08000000,5601.97890100,2020-01-12 11:59:59.999,45506766.08971084,57032,2834.03985600,23020386.89032506,0
2020-01-12 12:00:00,8114.08000000,8185.00000000,8113.11000000,8152.70000000,6596.31245400,2020-01-12 15:59:59.999,53742732.55215841,62674,3431.00175900,27955287.64733405,0
2020-01-12 16:00:00,8152.63000000,8197.00000000,8072.00000000,8132.01000000,9412.79672700,2020-01-12 19:59:59.999,76495385.56529109,76138,4547.23986100,36953977.21930649,0
2020-01-12 20:00:00,8131.40000000,8185.00000000,8091.22000000,8184.98000000,4145.67028600,2020-01-12 23:59:59.999,33763208.93558720,41672,2239.82088400,18243465.60051311,0
2020-01-13 00:00:00,8184.97000000,8196.00000000,8086.39000000,8105.77000000,5013.85492500,2020-01-13 03:59:59.999,40802171.43607395,48726,2547.44565000,20732484.46288254,0
2020-01-13 04:00:00,8105.73000000,8126.31000000,8057.59000000,8075.26000000,5383.79604600,2020-01-13 07:59:59.999,43549596.43821632,47816,2037.02725200,16480785.90568916,0
2020-01-13 08:00:00,8075.26000000,8134.60000000,8065.00000000,8075.01000000,6585.46143300,2020-01-13 11:59:59.999,53386233.61454368,54919,3361.13167700,27249032.05051586,0
2020-01-13 12:00:00,8076.86000000,8114.48000000,8055.89000000,8084.89000000,5021.38480100,2020-01-13 15:59:59.999,40598989.95064657,46662,2310.64232800,18683485.49574920,0
2020-01-13 16:00:00,8085.07000000,8129.45000000,8071.12000000,8111.83000000,4153.28493600,2020-01-13 19:59:59.999,33658445.28654364,43425,2064.23191800,16729069.35896184,0
2020-01-13 20:00:00,8111.83000000,8160.00000000,8101.00000000,8110.34000000,5001.97354200,2020-01-13 23:59:59.999,40661528.63212597,47596,2894.74767600,23532494.64428074,0
2020-01-14 00:00:00,8110.34000000,8488.11000000,8105.54000000,8461.84000000,24831.75499700,2020-01-14 03:59:59.999,207524607.79212676,162561,13513.34335800,112918559.11991480,0
2020-01-14 04:00:00,8461.83000000,8573.00000000,8453.35000000,8509.99000000,15416.45456300,2020-01-14 07:59:59.999,131294391.48939860,114800,8133.20226900,69264731.78355372,0
2020-01-14 08:00:00,8509.85000000,8561.00000000,8470.00000000,8526.87000000,10140.48985400,2020-01-14 11:59:59.999,86332964.89978823,78426,4299.55681900,36608563.47406556,0
2020-01-14 12:00:00,8526.87000000,8760.00000000,8480.00000000,8675.48000000,27970.13860000,2020-01-14 15:59:59.999,241190461.99799939,200382,15100.29435800,130294823.12073703,0
2020-01-14 16:00:00,8673.18000000,8850.00000000,8520.00000000,8767.56000000,31177.50731000,2020-01-14 19:59:59.999,271124469.72817436,245405,15969.43704600,138970040.60003938,0
2020-01-14 20:00:00,8765.51000000,8880.00000000,8666.22000000,8810.01000000,10862.78141800,2020-01-14 23:59:59.999,95268284.95838650,113754,5476.26282600,48024919.95587521,0
2020-01-15 00:00:00,8814.64000000,8900.00000000,8701.00000000,8727.61000000,17630.43469000,2020-01-15 03:59:59.999,155082983.92410801,169640,8791.11816600,77368668.06316384,0
2020-01-15 04:00:00,8727.00000000,8741.75000000,8564.00000000,8627.13000000,12394.59959700,2020-01-15 07:59:59.999,107088221.61947330,125036,5625.48630300,48606936.84129447,0
2020-01-15 08:00:00,8626.80000000,8810.00000000,8605.03000000,8730.00000000,11514.93662600,2020-01-15 11:59:59.999,100571487.96814189,112140,6137.67771700,53625170.19344387,0
2020-01-15 12:00:00,8730.00000000,8916.48000000,8720.38000000,8762.74000000,18787.51924800,2020-01-15 15:59:59.999,165717636.25324768,153161,9454.13339400,83415095.58011400,0
2020-01-15 16:00:00,8762.73000000,8820.00000000,8676.08000000,8761.57000000,11713.45638500,2020-01-15 19:59:59.999,102616231.45865672,104989,5970.06408100,52311372.60231968,0
2020-01-15 20:00:00,8761.57000000,8876.40000000,8738.37000000,8821.41000000,12775.35106000,2020-01-15 23:59:59.999,112635676.05545404,99082,6515.07136500,57443501.89896331,0
2020-01-16 00:00:00,8820.01000000,8859.81000000,8586.00000000,8640.01000000,12783.45867500,2020-01-16 03:59:59.999,111079205.52435254,129120,5810.19088400,50494926.74969332,0
2020-01-16 04:00:00,8640.01000000,8730.00000000,8615.00000000,8680.00000000,7142.49557500,2020-01-16 07:59:59.999,62035594.29664900,77637,3194.24512300,27735611.61217640,0
2020-01-16 08:00:00,8679.99000000,8725.00000000,8600.40000000,8724.91000000,9781.35347900,2020-01-16 11:59:59.999,84740548.99985548,90893,5333.44044100,46226560.69769183,0
2020-01-16 12:00:00,8724.82000000,8789.00000000,8640.35000000,8710.02000000,8891.03574400,2020-01-16 15:59:59.999,77435982.89237452,91493,4532.95594600,39483471.22518824,0
2020-01-16 16:00:00,8710.01000000,8720.82000000,8626.00000000,8705.00000000,7069.06875800,2020-01-16 19:59:59.999,61365703.21730472,84151,3509.47108600,30467810.95965535,0
2020-01-16 20:00:00,8705.01000000,8757.00000000,8672.00000000,8720.01000000,6323.66205300,2020-01-16 23:59:59.999,55095345.35054485,69770,3615.99787000,31506507.13336719,0
2020-01-17 00:00:00,8720.15000000,8840.40000000,8672.44000000,8786.43000000,8331.74324800,2020-01-17 03:59:59.999,72914909.24541193,81460,3896.86019000,34126651.48505246,0
2020-01-17 04:00:00,8786.43000000,8997.00000000,8760.00000000,8933.95000000,17583.95761400,2020-01-17 07:59:59.999,156333278.52582334,158955,10078.47676300,89569044.95150086,0
2020-01-17 08:00:00,8935.54000000,9041.65000000,8880.50000000,8903.45000000,15958.17414200,2020-01-17 11:59:59.999,142748070.80912352,137252,7763.24882700,69459606.26609603,0
2020-01-17 12:00:00,8903.53000000,8919.41000000,8765.00000000,8850.83000000,11602.98440300,2020-01-17 15:59:59.999,102456417.00119999,101805,5459.03426200,48198875.19717909,0
2020-01-17 16:00:00,8851.39000000,8955.55000000,8813.00000000,8879.71000000,10924.96600000,2020-01-17 19:59:59.999,97180091.84640129,116998,5413.22719000,48160597.15586740,0
2020-01-17 20:00:00,8879.63000000,8961.60000000,8861.66000000,8913.28000000,6495.91197000,2020-01-17 23:59:59.999,57935973.27904890,79933,3528.96161300,31482385.90322085,0
2020-01-18 00:00:00,8913.27000000,8988.88000000,8855.55000000,8925.99000000,6811.01530300,2020-01-18 03:59:59.999,60874998.19564057,82625,3534.19975100,31589491.92043881,0
2020-01-18 04:00:00,8926.07000000,8926.95000000,8806.38000000,8843.63000000,7327.35257200,2020-01-18 07:59:59.999,64873021.51105987,79453,3550.52592100,31437986.81465637,0
2020-01-18 08:00:00,8843.63000000,8919.00000000,8818.00000000,8879.79000000,5142.09983800,2020-01-18 11:59:59.999,45629870.61904382,58715,2333.57286600,20708327.40925919,0
2020-01-18 12:00:00,8879.29000000,8964.00000000,8869.98000000,8903.26000000,8996.26140900,2020-01-18 15:59:59.999,80226875.83229037,101909,5001.81418000,44595031.36851294,0
2020-01-18 16:00:00,8903.27000000,8935.17000000,8848.80000000,8907.93000000,5689.85134300,2020-01-18 19:59:59.999,50611088.99787368,74874,2725.36045300,24244513.81790438,0
2020-01-18 20:00:00,8907.79000000,8960.00000000,8889.00000000,8915.96000000,4328.16608000,2020-01-18 23:59:59.999,38636982.76017200,60606,2275.82214200,20320051.90897148,0
2020-01-19 00:00:00,8915.09000000,9198.98000000,8888.02000000,9157.61000000,15190.42298800,2020-01-19 03:59:59.999,138165509.74663075,129894,8279.62291300,75316753.49421600,0
2020-01-19 04:00:00,9157.74000000,9165.00000000,9041.00000000,9084.36000000,7138.45343000,2020-01-19 07:59:59.999,65012400.73074980,72057,3280.15677800,29881753.75195365,0
2020-01-19 08:00:00,9083.80000000,9127.36000000,8524.20000000,8681.44000000,20326.67229500,2020-01-19 11:59:59.999,178635151.15453729,151561,8001.47919800,70264179.84697333,0
2020-01-19 12:00:00,8681.16000000,8684.76000000,8559.02000000,8631.95000000,10631.57741800,2020-01-19 15:59:59.999,91673560.76495015,99290,5454.75466600,47040266.93377244,0
2020-01-19 16:00:00,8630.98000000,8676.05000000,8610.00000000,8645.57000000,4773.14966000,2020-01-19 19:59:59.999,41281175.94690293,58075,2364.56517700,20452634.50750155,0
2020-01-19 20:00:00,8646.67000000,8758.84000000,8466.00000000,8701.70000000,12616.61346800,2020-01-19 23:59:59.999,109183065.93252188,104788,6275.36450900,54327229.55874210,0
2020-01-20 00:00:00,8701.72000000,8735.84000000,8627.94000000,8667.56000000,5725.63372400,2020-01-20 03:59:59.999,49675512.00708392,57594,2901.34652600,25170100.89200442,0
2020-01-20 04:00:00,8667.64000000,8694.00000000,8632.76000000,8665.14000000,4331.12923500,2020-01-20 07:59:59.999,37548329.84460287,47982,2191.08042000,18997541.11937109,0
2020-01-20 08:00:00,8665.24000000,8682.92000000,8595.00000000,8615.25000000,6628.20800100,2020-01-20 11:59:59.999,57307442.82137799,62336,3226.82000800,27905792.68571691,0
2020-01-20 12:00:00,8615.71000000,8678.55000000,8521.28000000,8675.38000000,11184.19604500,2020-01-20 15:59:59.999,96258298.70096509,95780,5743.47258300,49440475.88727013,0
2020-01-20 16:00:00,8675.45000000,8709.31000000,8640.15000000,8673.67000000,5034.32793000,2020-01-20 19:59:59.999,43644850.95018204,56208,2522.79879500,21872889.72769352,0
2020-01-20 20:00:00,8673.51000000,8746.99000000,8616.00000000,8642.35000000,5993.14481100,2020-01-20 23:59:59.999,52013402.67759400,65106,2868.34545000,24906207.17549041,0
2020-01-21 00:00:00,8642.35000000,8683.00000000,8618.00000000,8674.10000000,3485.22486900,2020-01-21 03:59:59.999,30156013.99106464,45157,1786.20837200,15455700.68577608,0
2020-01-21 04:00:00,8674.09000000,8699.84000000,8623.64000000,8634.70000000,3723.75189800,2020-01-21 07:59:59.999,32240077.64706935,45810,1826.63002100,15817991.24787759,0
2020-01-21 08:00:00,8634.16000000,8677.12000000,8602.80000000,8656.76000000,5719.12137500,2020-01-21 11:59:59.999,49447471.44908961,57565,3008.58695900,26014793.98698022,0
2020-01-21 12:00:00,8656.76000000,8676.95000000,8634.62000000,8645.06000000,4495.17276500,2020-01-21 15:59:59.999,38914390.05130741,51669,2209.21933400,19125818.42864805,0
2020-01-21 16:00:00,8645.10000000,8663.47000000,8488.00000000,8531.86000000,7182.07013000,2020-01-21 19:59:59.999,61736065.40162764,71614,3135.70510500,26969893.11294896,0
2020-01-21 20:00:00,8530.75000000,8789.00000000,8529.11000000,8736.03000000,11889.34662200,2020-01-21 23:59:59.999,103562686.44457935,93806,6765.52184600,58918960.48056265,0
2020-01-22 00:00:00,8736.04000000,8758.08000000,8701.00000000,8715.77000000,3142.10979400,2020-01-22 03:59:59.999,27425118.70057590,39152,1738.15060100,15170248.77919872,0
2020-01-22 04:00:00,8715.00000000,8818.00000000,8706.07000000,8740.27000000,4893.52592800,2020-01-22 07:59:59.999,42803529.25551558,54472,2465.58267700,21572005.69703786,0
2020-01-22 08:00:00,8740.49000000,8746.34000000,8622.00000000,8659.87000000,8024.69159100,2020-01-22 11:59:59.999,69613138.88981737,71849,3535.15877100,30661804.62297241,0
2020-01-22 12:00:00,8659.00000000,8681.08000000,8636.31000000,8655.37000000,4586.76527800,2020-01-22 15:59:59.999,39713356.02300666,53223,2238.12419800,19378945.83741572,0
2020-01-22 16:00:00,8655.32000000,8710.45000000,8590.00000000,8670.39000000,6263.95924500,2020-01-22 19:59:59.999,54284141.39609595,65868,3217.43565600,27894667.93722107,0
2020-01-22 20:00:00,8670.00000000,8686.22000000,8645.80000000,8682.36000000,2169.50530200,2020-01-22 23:59:59.999,18799603.94991404,32860,1282.70560900,11116717.12169688,0
2020-01-23 00:00:00,8682.77000000,8691.81000000,8568.26000000,8597.23000000,5642.14209600,2020-01-23 03:59:59.999,48607645.35194524,53567,2487.24638700,21436545.40098428,0
2020-01-23 04:00:00,8598.00000000,8613.38000000,8502.00000000,8581.75000000,7387.61538700,2020-01-23 07:59:59.999,63187656.66652002,66759,3476.93432200,29741833.82679473,0
2020-01-23 08:00:00,8581.71000000,8624.51000000,8400.00000000,8423.00000000,12779.65843800,2020-01-23 11:59:59.999,108338579.95520497,116132,6283.51044900,53277525.56798720,0
2020-01-23 12:00:00,8422.98000000,8488.00000000,8326.00000000,8359.42000000,10362.74828200,2020-01-23 15:59:59.999,86910188.57907363,87615,5084.14176900,42655171.62479970,0
2020-01-23 16:00:00,8357.81000000,8380.00000000,8306.39000000,8370.98000000,6489.03827700,2020-01-23 19:59:59.999,54158611.50372052,75983,3181.38912200,26555827.53087554,0
2020-01-23 20:00:00,8369.90000000,8445.00000000,8345.79000000,8404.52000000,5504.74211700,2020-01-23 23:59:59.999,46226126.61887265,64749,2774.49039500,23298178.08897225,0
2020-01-24 00:00:00,8404.52000000,8419.86000000,8275.50000000,8320.57000000,6228.83462100,2020-01-24 03:59:59.999,51944407.92803780,64114,3229.02813800,26932733.08749503,0
2020-01-24 04:00:00,8320.59000000,8353.91000000,8295.92000000,8340.00000000,4078.67025700,2020-01-24 07:59:59.999,33954842.38356088,43622,2129.48753800,17729830.99922092,0
2020-01-24 08:00:00,8338.53000000,8418.00000000,8238.00000000,8412.77000000,11287.41609900,2020-01-24 11:59:59.999,93900032.91409013,96231,5646.54125900,46987204.39954467,0
2020-01-24 12:00:00,8413.42000000,8515.00000000,8369.72000000,8506.44000000,9972.41920100,2020-01-24 15:59:59.999,84266175.71569188,92434,5180.06236200,43778346.75411458,0
2020-01-24 16:00:00,8507.80000000,8528.02000000,8445.14000000,8498.76000000,5464.76364400,2020-01-24 19:59:59.999,46377625.41279401,59273,2894.05008300,24562975.04197793,0
2020-01-24 20:00:00,8498.50000000,8519.75000000,8413.36000000,8439.00000000,4655.42570700,2020-01-24 23:59:59.999,39431090.43586468,51597,2214.32020600,18761088.83242432,0
2020-01-25 00:00:00,8438.99000000,8451.26000000,8254.90000000,8297.62000000,7158.44945500,2020-01-25 03:59:59.999,59633542.06985231,70105,3142.42576200,26182591.81059009,0
2020-01-25 04:00:00,8298.08000000,8357.89000000,8282.25000000,8316.20000000,3417.04332600,2020-01-25 07:59:59.999,28441038.53988165,42710,1870.56199900,15571165.71933379,0
2020-01-25 08:00:00,8316.72000000,8382.97000000,8306.65000000,8316.44000000,4284.60674700,2020-01-25 11:59:59.999,35740236.54714789,46457,2254.96167200,18811538.43179447,0
2020-01-25 12:00:00,8316.44000000,8358.94000000,8286.87000000,8335.14000000,4009.82467200,2020-01-25 15:59:59.999,33391786.34286328,42816,2124.89307200,17697034.62469498,0
2020-01-25 16:00:00,8334.60000000,8375.00000000,8325.00000000,8362.91000000,2643.20754600,2020-01-25 19:59:59.999,22064558.97849713,35874,1510.91332900,12614922.35314779,0
2020-01-25 20:00:00,8362.25000000,8420.00000000,8340.00000000,8340.58000000,4008.02618600,2020-01-25 23:59:59.999,33598083.15765552,45156,2172.99695200,18220992.28471143,0
2020-01-26 00:00:00,8340.01000000,8386.80000000,8293.66000000,8368.82000000,3317.02285300,2020-01-26 03:59:59.999,27648853.90367433,38974,1582.71364800,13194918.54932177,0
2020-01-26 04:00:00,8368.21000000,8395.00000000,8343.20000000,8385.17000000,3035.97578100,2020-01-26 07:59:59.999,25405569.00729705,34443,1605.94564600,13440259.58982994,0
2020-01-26 08:00:00,8384.85000000,8482.80000000,8382.48000000,8479.15000000,6955.34047900,2020-01-26 11:59:59.999,58663731.22679849,66063,3735.89334400,31507358.08709437,0
2020-01-26 12:00:00,8479.15000000,8488.00000000,8436.00000000,8459.67000000,3979.68506700,2020-01-26 15:59:59.999,33671356.96482535,48260,1949.58549800,16496087.70765901,0
2020-01-26 16:00:00,8459.66000000,8618.00000000,8454.01000000,8569.10000000,9470.80991800,2020-01-26 19:59:59.999,81010201.08427492,86827,4876.80219800,41718020.31818861,0
2020-01-26 20:00:00,8566.99000000,8618.13000000,8550.55000000,8615.00000000,4371.65106600,2020-01-26 23:59:59.999,37542213.08612886,58045,2046.97093300,17579565.89146980,0
2020-01-27 00:00:00,8614.39000000,8704.00000000,8614.39000000,8670.10000000,8102.01713700,2020-01-27 03:59:59.999,70189530.59602900,74960,4312.74991200,37365913.02299827,0
2020-01-27 04:00:00,8670.11000000,8686.86000000,8630.84000000,8658.01000000,3950.40408000,2020-01-27 07:59:59.999,34190366.68018327,45458,1987.69227100,17203022.61895668,0
2020-01-27 08:00:00,8658.01000000,8750.00000000,8535.00000000,8735.67000000,9832.96418000,2020-01-27 11:59:59.999,85044727.84389581,82104,5108.89798300,44208515.79476547,0
2020-01-27 12:00:00,8735.67000000,8796.95000000,8700.41000000,8779.67000000,10276.35262800,2020-01-27 15:59:59.999,89905712.99913236,98758,5403.16881100,47274607.20239267,0
2020-01-27 16:00:00,8779.68000000,8988.00000000,8749.20000000,8932.12000000,13722.61699300,2020-01-27 19:59:59.999,121507744.86163051,121786,7387.78562400,65442092.17816824,0
2020-01-27 20:00:00,8932.11000000,9000.00000000,8890.10000000,8907.57000000,8089.18797800,2020-01-27 23:59:59.999,72356869.82359789,91130,4392.03192000,39300007.99190939,0
2020-01-28 00:00:00,8907.57000000,9166.00000000,8907.56000000,9111.95000000,12321.27610900,2020-01-28 03:59:59.999,111899868.74020991,109878,6602.22468700,59949973.94893731,0
2020-01-28 04:00:00,9111.59000000,9136.76000000,8930.67000000,9039.92000000,9860.55820900,2020-01-28 07:59:59.999,89130906.16606648,79105,4669.08488600,42199451.59738461,0
2020-01-28 08:00:00,9039.68000000,9117.47000000,8942.00000000,9082.13000000,10560.83012000,2020-01-28 11:59:59.999,95314571.19080693,85453,5469.02848600,49351382.85427100,0
2020-01-28 12:00:00,9081.34000000,9188.00000000,8958.00000000,9024.58000000,17407.17669200,2020-01-28 15:59:59.999,157844677.87643266,132819,8543.33280400,77514947.57450631,0
2020-01-28 16:00:00,9025.47000000,9045.88000000,8862.40000000,9010.86000000,11007.66696800,2020-01-28 19:59:59.999,98862715.29757303,93476,5890.08075900,52892522.52663374,0
2020-01-28 20:00:00,9010.23000000,9400.00000000,9007.74000000,9374.21000000,13427.34566700,2020-01-28 23:59:59.999,123540420.21125061,115947,7678.61162400,70650182.71364910,0
2020-01-29 00:00:00,9375.34000000,9420.82000000,9261.32000000,9343.50000000,10287.37454000,2020-01-29 03:59:59.999,96189426.77274559,88115,4974.60398900,46515508.43652225,0
2020-01-29 04:00:00,9343.75000000,9393.04000000,9314.00000000,9365.00000000,7381.45926700,2020-01-29 07:59:59.999,69028859.15371002,71244,3612.21106200,33787420.77476931,0
2020-01-29 08:00:00,9365.00000000,9434.94000000,9216.00000000,9303.15000000,13506.45098200,2020-01-29 11:59:59.999,126005351.90768712,112283,6487.16589200,60554372.91207614,0
2020-01-29 12:00:00,9303.16000000,9351.50000000,9250.05000000,9285.01000000,7377.27966100,2020-01-29 15:59:59.999,68634939.28155163,70288,3926.96825900,36536890.07122072,0
2020-01-29 16:00:00,9285.00000000,9415.00000000,9265.00000000,9393.98000000,7931.69936100,2020-01-29 19:59:59.999,74218229.77185595,77853,4096.51360300,38339549.01075442,0
2020-01-29 20:00:00,9393.73000000,9449.24000000,9288.75000000,9301.53000000,7379.80131100,2020-01-29 23:59:59.999,69111761.94880752,72762,3518.18852400,32955085.20584759,0
2020-01-30 00:00:00,9301.57000000,9333.97000000,9204.44000000,9280.30000000,6978.93134600,2020-01-30 03:59:59.999,64677437.62764994,70900,3163.85630000,29324172.00575630,0
2020-01-30 04:00:00,9281.63000000,9399.00000000,9277.23000000,9391.02000000,6395.24137300,2020-01-30 07:59:59.999,59765335.48039361,61557,3475.49008200,32481025.85575185,0
2020-01-30 08:00:00,9391.55000000,9408.36000000,9315.00000000,9338.21000000,7170.67678900,2020-01-30 11:59:59.999,67095279.36984609,70652,3774.01278700,35317102.37032399,0
2020-01-30 12:00:00,9338.21000000,9412.35000000,9306.00000000,9386.88000000,9528.27923800,2020-01-30 15:59:59.999,89254389.37253469,83628,4710.62114000,44132143.93635768,0
2020-01-30 16:00:00,9385.41000000,9530.00000000,9220.00000000,9506.82000000,22796.44492000,2020-01-30 19:59:59.999,214874455.44475336,165340,11669.92829600,110081047.15239251,0
2020-01-30 20:00:00,9506.32000000,9578.00000000,9466.66000000,9513.21000000,7757.17059300,2020-01-30 23:59:59.999,73985972.52450599,77493,4058.64684500,38708086.11870448,0
2020-01-31 00:00:00,9511.52000000,9530.22000000,9390.07000000,9444.00000000,5777.15120800,2020-01-31 03:59:59.999,54656926.06186916,61304,2681.73568500,25380861.03155558,0
2020-01-31 04:00:00,9444.69000000,9448.68000000,9320.00000000,9374.56000000,8076.11420000,2020-01-31 07:59:59.999,75730826.27078508,72404,3826.43589600,35881557.71337985,0
2020-01-31 08:00:00,9375.50000000,9414.94000000,9270.40000000,9328.41000000,9614.72268800,2020-01-31 11:59:59.999,89911091.37956624,80257,4657.51001300,43566944.92537953,0
2020-01-31 12:00:00,9328.39000000,9345.82000000,9210.01000000,9339.19000000,11193.06797000,2020-01-31 15:59:59.999,103849615.85896737,97491,5423.95574600,50336043.07265734,0
2020-01-31 16:00:00,9339.19000000,9367.50000000,9256.24000000,9302.67000000,5930.41501500,2020-01-31 19:59:59.999,55194766.32541078,59114,3139.83604600,29215681.90316609,0
2020-01-31 20:00:00,9303.72000000,9430.00000000,9300.59000000,9352.89000000,4960.55127100,2020-01-31 23:59:59.999,46435784.50993803,57977,2752.99751300,25769211.57613599,0
2020-02-01 00:00:00,9351.71000000,9464.53000000,9341.17000000,9432.33000000,4624.99237800,2020-02-01 03:59:59.999,43544843.70887628,53972,2505.10556200,23588193.64467795,0
2020-02-01 04:00:00,9431.75000000,9454.77000000,9377.77000000,9423.01000000,4130.35069700,2020-02-01 07:59:59.999,38896580.32242937,45465,2288.54397700,21554283.32612508,0
2020-02-01 08:00:00,9423.02000000,9425.76000000,9321.41000000,9354.66000000,5303.16073300,2020-02-01 11:59:59.999,49709702.53705467,57879,2451.77881700,22982207.63626054,0
2020-02-01 12:00:00,9354.65000000,9375.00000000,9281.00000000,9333.91000000,5925.08254000,2020-02-01 15:59:59.999,55331540.04062562,67678,2877.97864800,26880850.51010853,0
2020-02-01 16:00:00,9333.73000000,9420.98000000,9327.00000000,9367.09000000,5197.11062400,2020-02-01 19:59:59.999,48780465.08976488,61990,2776.09311700,26059748.89065071,0
2020-02-01 20:00:00,9367.76000000,9409.99000000,9350.00000000,9384.61000000,3397.37038200,2020-02-01 23:59:59.999,31874608.29458668,47988,1779.62618400,16698837.88386452,0
2020-02-02 00:00:00,9384.41000000,9387.03000000,9245.75000000,9266.83000000,6703.28436500,2020-02-02 03:59:59.999,62345540.76149275,70650,2785.36320100,25910287.93388084,0
2020-02-02 04:00:00,9266.79000000,9385.00000000,9120.00000000,9370.53000000,11191.36465900,2020-02-02 07:59:59.999,103967837.15759512,102697,5378.24821400,50027319.97325619,0
2020-02-02 08:00:00,9370.53000000,9450.00000000,9346.00000000,9435.54000000,7705.77174300,2020-02-02 11:59:59.999,72474714.81206104,74038,4351.53772100,40926590.56198607,0
2020-02-02 12:00:00,9435.79000000,9477.03000000,9363.89000000,9446.77000000,8442.81528300,2020-02-02 15:59:59.999,79620917.66295537,78593,4458.99924100,42066413.38352851,0
2020-02-02 16:00:00,9446.80000000,9460.00000000,9395.46000000,9438.08000000,5404.74364000,2020-02-02 19:59:59.999,51004389.68810055,57110,2976.87145200,28094421.84622412,0
2020-02-02 20:00:00,9437.90000000,9454.87000000,9322.00000000,9331.51000000,6242.93285000,2020-02-02 23:59:59.999,58650688.60826347,63470,2637.38623100,24783172.09269373,0
2020-02-03 00:00:00,9331.59000000,9618.79000000,9288.00000000,9385.59000000,16529.97261700,2020-02-03 03:59:59.999,155863949.87361480,131976,8506.21112900,80270764.35873914,0
2020-02-03 04:00:00,9386.24000000,9426.60000000,9346.09000000,9368.16000000,4456.42290200,2020-02-03 07:59:59.999,41854667.62979443,55765,1957.27409300,18385053.76916820,0
2020-02-03 08:00:00,9368.16000000,9399.42000000,9303.20000000,9351.48000000,7654.58310200,2020-02-03 11:59:59.999,71579971.59863784,77120,3256.00614600,30453494.68174368,0
2020-02-03 12:00:00,9352.00000000,9373.97000000,9265.00000000,9270.00000000,10467.09859500,2020-02-03 15:59:59.999,97609909.62962435,104076,5057.62194600,47170960.21405030,0
2020-02-03 16:00:00,9270.00000000,9331.50000000,9234.00000000,9316.70000000,7847.37798200,2020-02-03 19:59:59.999,72870779.92817109,72377,3764.42832300,34961841.02909708,0
2020-02-03 20:00:00,9316.04000000,9344.02000000,9251.01000000,9292.24000000,3936.67825300,2020-02-03 23:59:59.999,36600714.83262993,50810,2239.85605900,20823832.48574357,0
2020-02-04 00:00:00,9291.35000000,9350.00000000,9262.14000000,9282.95000000,4657.42834700,2020-02-04 03:59:59.999,43343868.05346015,50816,2614.68756600,24339533.97671361,0
2020-02-04 04:00:00,9282.96000000,9318.89000000,9227.58000000,9278.63000000,8513.73184200,2020-02-04 07:59:59.999,78979137.80716895,78352,3949.31670600,36647345.08117518,0
2020-02-04 08:00:00,9278.63000000,9327.00000000,9108.00000000,9182.81000000,14557.39219900,2020-02-04 11:59:59.999,134040489.14662476,127033,7110.84027400,65490462.68197800,0
2020-02-04 12:00:00,9182.81000000,9236.72000000,9093.01000000,9206.47000000,13655.34517500,2020-02-04 15:59:59.999,125069223.77768741,114513,6481.92868800,59382470.96459598,0
2020-02-04 16:00:00,9207.02000000,9240.00000000,9173.90000000,9186.37000000,7057.82979700,2020-02-04 19:59:59.999,65008977.48984758,90820,3313.03015600,30520426.94518422,0
2020-02-04 20:00:00,9186.72000000,9220.19000000,9151.00000000,9197.02000000,4866.44790600,2020-02-04 23:59:59.999,44694440.93597366,67396,2633.62891700,24191268.59050460,0
2020-02-05 00:00:00,9197.02000000,9245.87000000,9177.22000000,9239.19000000,6074.63014900,2020-02-05 03:59:59.999,55959285.40319752,72753,2887.42693700,26606957.16056830,0
2020-02-05 04:00:00,9239.19000000,9300.00000000,9216.75000000,9274.53000000,7265.18553500,2020-02-05 07:59:59.999,67302301.62141988,85577,3955.22936300,36640636.98403222,0
2020-02-05 08:00:00,9274.39000000,9421.75000000,9232.75000000,9418.48000000,13140.82774100,2020-02-05 11:59:59.999,122631247.11065239,131152,7423.02617300,69259693.56859070,0
2020-02-05 12:00:00,9419.17000000,9494.20000000,9410.00000000,9485.08000000,11113.47521100,2020-02-05 15:59:59.999,105010318.96093868,119899,6316.66868000,59690043.43301693,0
2020-02-05 16:00:00,9484.22000000,9744.45000000,9472.30000000,9655.99000000,18076.85421300,2020-02-05 19:59:59.999,173781027.11525399,166317,9952.95782300,95676952.76153660,0
2020-02-05 20:00:00,9655.93000000,9725.00000000,9565.14000000,9612.04000000,9199.44276600,2020-02-05 23:59:59.999,88856394.57036874,86060,4840.29622600,46746202.22962221,0
2020-02-06 00:00:00,9612.03000000,9650.00000000,9526.35000000,9635.70000000,6566.14014800,2020-02-06 03:59:59.999,62944685.13737167,82170,3145.63301200,30159163.31404631,0
2020-02-06 04:00:00,9635.20000000,9697.78000000,9607.52000000,9628.80000000,8638.37817100,2020-02-06 07:59:59.999,83378686.36925088,91225,4240.20181600,40936431.65166434,0
2020-02-06 08:00:00,9629.85000000,9707.21000000,9605.55000000,9698.89000000,8920.61025000,2020-02-06 11:59:59.999,86173470.16790406,111059,4323.24286900,41777201.83941718,0
2020-02-06 12:00:00,9698.66000000,9862.57000000,9638.00000000,9786.88000000,23642.15759700,2020-02-06 15:59:59.999,231086308.62277317,199768,12184.26050000,119139306.45999675,0
2020-02-06 16:00:00,9786.87000000,9839.63000000,9717.85000000,9747.29000000,8199.81397900,2020-02-06 19:59:59.999,80102603.48154193,104629,3540.37450900,34584847.23329531,0
2020-02-06 20:00:00,9747.29000000,9801.98000000,9660.00000000,9772.00000000,8982.60644300,2020-02-06 23:59:59.999,87559326.04353948,93328,4709.74194100,45909663.88820466,0
2020-02-07 00:00:00,9772.00000000,9855.00000000,9752.65000000,9779.78000000,7332.89245300,2020-02-07 03:59:59.999,71933355.41644864,100760,4034.59105100,39587306.31692088,0
2020-02-07 04:00:00,9779.73000000,9819.99000000,9741.17000000,9801.83000000,6149.94816100,2020-02-07 07:59:59.999,60155134.06807277,94364,2952.75744300,28885894.63067286,0
2020-02-07 08:00:00,9801.83000000,9885.00000000,9766.31000000,9809.33000000,10564.88585300,2020-02-07 11:59:59.999,103713604.76783762,121120,5655.30868000,55525028.79735278,0
2020-02-07 12:00:00,9810.01000000,9845.00000000,9730.54000000,9802.02000000,8600.00057400,2020-02-07 15:59:59.999,84188026.57509807,113140,4188.02388500,40999395.80275267,0
2020-02-07 16:00:00,9802.01000000,9836.27000000,9764.00000000,9775.59000000,5520.52184800,2020-02-07 19:59:59.999,54087027.54953302,83381,2767.10044100,27109294.94348479,0
2020-02-07 20:00:00,9775.08000000,9831.00000000,9730.00000000,9813.73000000,5797.86574300,2020-02-07 23:59:59.999,56667711.80444916,69484,3136.20668600,30654519.46460480,0
2020-02-08 00:00:00,9813.87000000,9830.06000000,9667.11000000,9714.11000000,8199.49744400,2020-02-08 03:59:59.999,79917740.68565184,99550,3802.55886700,37063734.49499206,0
2020-02-08 04:00:00,9714.14000000,9796.88000000,9700.02000000,9771.39000000,5897.21947300,2020-02-08 07:59:59.999,57556299.10296465,70436,3025.77449800,29534429.02415789,0
2020-02-08 08:00:00,9771.39000000,9845.00000000,9769.51000000,9810.02000000,6599.65154500,2020-02-08 11:59:59.999,64733689.85517624,76119,3603.30631900,35347529.64632116,0
2020-02-08 12:00:00,9810.02000000,9866.00000000,9750.00000000,9829.47000000,9850.86777200,2020-02-08 15:59:59.999,96708649.08566292,88074,5328.40513500,52326033.94541870,0
2020-02-08 16:00:00,9829.50000000,9888.00000000,9810.10000000,9862.69000000,7042.98172700,2020-02-08 19:59:59.999,69406885.85967630,91620,3727.16884400,36732812.11614960,0
2020-02-08 20:00:00,9862.15000000,9940.00000000,9840.00000000,9895.05000000,6010.62570500,2020-02-08 23:59:59.999,59458525.61168401,88774,3177.16817400,31433584.61964799,0
2020-02-09 00:00:00,9895.04000000,10052.67000000,9880.75000000,10052.63000000,7282.50704300,2020-02-09 03:59:59.999,72624879.34163019,78775,4156.05622500,41458512.36682092,0
2020-02-09 04:00:00,10052.66000000,10166.00000000,10040.00000000,10127.87000000,10016.75436900,2020-02-09 07:59:59.999,101159560.74000373,122245,5154.16920100,52054696.76355749,0
2020-02-09 08:00:00,10127.87000000,10151.04000000,10050.00000000,10109.52000000,8249.63961200,2020-02-09 11:59:59.999,83370482.33840560,99209,3838.09874100,38791789.55241760,0
2020-02-09 12:00:00,10108.61000000,10145.64000000,10000.10000000,10097.10000000,7797.23440600,2020-02-09 15:59:59.999,78674761.78077614,100647,3877.69326500,39128155.02416642,0
2020-02-09 16:00:00,10097.10000000,10125.79000000,10053.69000000,10074.85000000,5266.19881700,2020-02-09 19:59:59.999,53144899.30345270,71666,2710.11311700,27349808.01540475,0
2020-02-09 20:00:00,10074.85000000,10160.00000000,10053.00000000,10151.75000000,4796.14136900,2020-02-09 23:59:59.999,48467121.40112799,64306,2672.14677800,27016508.28037943,0
2020-02-10 00:00:00,10151.72000000,10188.00000000,10060.00000000,10090.47000000,6907.46603700,2020-02-10 03:59:59.999,69950029.00809172,80403,3134.95014100,31755969.57212366,0
2020-02-10 04:00:00,10090.44000000,10105.54000000,9756.00000000,9968.99000000,15406.77666900,2020-02-10 07:59:59.999,153288684.56223507,140308,7218.80547400,71883553.57632956,0
2020-02-10 08:00:00,9967.94000000,9971.48000000,9765.00000000,9821.43000000,15569.79332600,2020-02-10 11:59:59.999,153192577.85367831,179313,7690.29880600,75679079.11009243,0
2020-02-10 12:00:00,9821.41000000,9925.63000000,9777.60000000,9865.05000000,10705.76761100,2020-02-10 15:59:59.999,105488973.89671821,134660,5172.51194400,50971861.27227644,0
2020-02-10 16:00:00,9865.06000000,9893.17000000,9800.02000000,9829.56000000,6414.45857800,2020-02-10 19:59:59.999,63146179.44146441,87656,3095.66363300,30479766.80655904,0
2020-02-10 20:00:00,9831.67000000,9894.56000000,9813.00000000,9851.83000000,4568.82239800,2020-02-10 23:59:59.999,45024913.68071925,67968,2306.65324700,22739099.09943203,0
2020-02-11 00:00:00,9851.74000000,9862.18000000,9700.00000000,9733.39000000,8045.57674200,2020-02-11 03:59:59.999,78633523.07243309,89867,3770.97976000,36857289.59368468,0
2020-02-11 04:00:00,9733.43000000,9787.07000000,9715.00000000,9739.94000000,4799.31196100,2020-02-11 07:59:59.999,46803396.57132751,68797,2380.65647200,23219185.45571926,0
2020-02-11 08:00:00,9739.87000000,9815.00000000,9730.89000000,9801.04000000,6342.93347300,2020-02-11 11:59:59.999,62040967.01989140,76552,3483.46540700,34071433.56244250,0
2020-02-11 12:00:00,9801.02000000,10194.00000000,9787.88000000,10164.99000000,18616.38711600,2020-02-11 15:59:59.999,185611513.62712057,177182,10304.22949800,102774581.29418034,0
2020-02-11 16:00:00,10165.00000000,10323.59000000,10160.15000000,10247.73000000,19392.13550200,2020-02-11 19:59:59.999,198495811.44647308,209841,9711.72621300,99423874.92764815,0
2020-02-11 20:00:00,10246.59000000,10260.00000000,10168.75000000,10223.08000000,5226.05043000,2020-02-11 23:59:59.999,53385203.66822848,87931,2254.25907000,23027208.03883009,0
2020-02-12 00:00:00,10223.08000000,10320.00000000,10223.08000000,10263.00000000,7875.84145900,2020-02-12 03:59:59.999,80924424.94530371,131158,4194.99877400,43108943.85713775,0
2020-02-12 04:00:00,10263.08000000,10450.00000000,10256.65000000,10366.00000000,11867.38684000,2020-02-12 07:59:59.999,122599777.80450456,151622,6258.06534000,64662415.60539968,0
2020-02-12 08:00:00,10366.62000000,10371.72000000,10226.44000000,10343.40000000,13071.96545500,2020-02-12 11:59:59.999,134665783.10276921,160943,6459.00894600,66550541.02728476,0
2020-02-12 12:00:00,10343.40000000,10415.00000000,10250.00000000,10314.56000000,11933.97004200,2020-02-12 15:59:59.999,123311550.98235614,167304,5999.89335700,62016319.12423035,0
2020-02-12 16:00:00,10314.56000000,10374.94000000,10294.00000000,10313.47000000,7886.33808800,2020-02-12 19:59:59.999,81523748.20733891,132585,3833.17007300,39627319.61757100,0
2020-02-12 20:00:00,10313.49000000,10410.00000000,10303.00000000,10326.46000000,8372.56204600,2020-02-12 23:59:59.999,86730752.47380611,114043,4396.67121000,45559942.30977826,0
2020-02-13 00:00:00,10325.33000000,10440.67000000,10310.51000000,10379.74000000,8239.42430000,2020-02-13 03:59:59.999,85578928.42484457,120182,4437.77137700,46097361.48301883,0
2020-02-13 04:00:00,10379.61000000,10491.00000000,10326.49000000,10338.96000000,10526.98518500,2020-02-13 07:59:59.999,109693067.04366035,139950,4897.94005300,51056403.96442376,0
2020-02-13 08:00:00,10338.94000000,10366.53000000,10080.00000000,10151.11000000,21430.27487600,2020-02-13 11:59:59.999,218455431.36249996,224061,9909.28776400,101014611.23258284,0
2020-02-13 12:00:00,10151.66000000,10500.00000000,10100.20000000,10254.93000000,25222.48570800,2020-02-13 15:59:59.999,259549730.64009428,247098,12471.39275300,128420066.19432586,0
2020-02-13 16:00:00,10254.23000000,10292.99000000,10145.50000000,10250.31000000,9110.14855300,2020-02-13 19:59:59.999,93021947.83560135,119946,4271.91614100,43624986.38477997,0
2020-02-13 20:00:00,10251.15000000,10265.00000000,10181.88000000,10229.63000000,4815.04013700,2020-02-13 23:59:59.999,49208368.42866049,81565,2486.96446000,25415743.77949200,0
2020-02-14 00:00:00,10227.78000000,10290.00000000,10178.27000000,10258.70000000,6684.35588400,2020-02-14 03:59:59.999,68424722.93425274,92146,3340.21632700,34186708.44920114,0
2020-02-14 04:00:00,10258.66000000,10280.00000000,10111.37000000,10124.98000000,7259.54740600,2020-02-14 07:59:59.999,73964284.96909859,99236,3490.62944100,35570475.04833349,0
2020-02-14 08:00:00,10124.98000000,10298.00000000,10111.57000000,10269.24000000,10656.73210600,2020-02-14 11:59:59.999,108933183.15299964,120956,5665.75308000,57927007.58411032,0
2020-02-14 12:00:00,10269.52000000,10360.20000000,10224.00000000,10249.94000000,9149.54478300,2020-02-14 15:59:59.999,93968222.92568545,115638,4375.99609900,44952278.94554575,0
2020-02-14 16:00:00,10249.94000000,10375.45000000,10243.72000000,10341.64000000,8060.30922800,2020-02-14 19:59:59.999,83077516.77110431,108214,4241.31474200,43721157.41882575,0
2020-02-14 20:00:00,10340.15000000,10381.56000000,10280.11000000,10344.36000000,5227.99076600,2020-02-14 23:59:59.999,54087691.25048522,86120,2583.09580400,26721629.85949844,0
2020-02-15 00:00:00,10344.36000000,10375.00000000,10203.52000000,10272.39000000,7238.18451700,2020-02-15 03:59:59.999,74492741.69560814,114179,3530.82376100,36345477.38703020,0
2020-02-15 04:00:00,10273.09000000,10279.00000000,10190.90000000,10221.76000000,5604.36413100,2020-02-15 07:59:59.999,57363049.53380609,85712,2803.40823000,28694250.99524265,0
2020-02-15 08:00:00,10221.03000000,10274.18000000,10211.82000000,10229.36000000,5455.51961700,2020-02-15 11:59:59.999,55885043.09002664,79701,2786.49886100,28545704.33246853,0
2020-02-15 12:00:00,10229.36000000,10259.97000000,9801.00000000,9983.18000000,13170.30091500,2020-02-15 15:59:59.999,133068736.37155802,136653,5403.26988600,54651364.20745260,0
2020-02-15 16:00:00,9983.24000000,10095.00000000,9811.84000000,9893.99000000,21223.52297100,2020-02-15 19:59:59.999,210824129.14650122,240359,9581.38701400,95197154.61984300,0
2020-02-15 20:00:00,9893.52000000,9949.00000000,9870.33000000,9904.72000000,4965.31079600,2020-02-15 23:59:59.999,49211631.33728457,83177,2653.19257100,26297823.96111874,0
2020-02-16 00:00:00,9904.46000000,10050.00000000,9853.02000000,10000.58000000,8246.52328200,2020-02-16 03:59:59.999,82163731.80360088,97947,4237.53817100,42236115.57737097,0
2020-02-16 04:00:00,10000.62000000,10033.33000000,9937.00000000,9959.51000000,4540.26967300,2020-02-16 07:59:59.999,45317840.56792713,69897,2383.76430900,23796570.02382688,0
2020-02-16 08:00:00,9959.58000000,10017.00000000,9901.28000000,9922.63000000,6279.53578800,2020-02-16 11:59:59.999,62573055.59889768,89447,3212.39295300,32012853.28048662,0
2020-02-16 12:00:00,9922.63000000,9974.98000000,9825.16000000,9858.54000000,11671.04567100,2020-02-16 15:59:59.999,115571748.88726033,147928,5750.93808200,56962108.40986233,0
2020-02-16 16:00:00,9858.54000000,9909.00000000,9638.12000000,9745.57000000,19207.80931000,2020-02-16 19:59:59.999,187572192.02017142,201114,8902.28162500,86952848.83484462,0
2020-02-16 20:00:00,9745.91000000,9996.58000000,9729.96000000,9917.27000000,10078.81581300,2020-02-16 23:59:59.999,99386308.02622865,101737,4919.22169900,48522277.12554572,0
2020-02-17 00:00:00,9910.70000000,9964.16000000,9758.59000000,9808.40000000,7746.85154400,2020-02-17 03:59:59.999,76373101.17301177,100221,3937.00284300,38823279.13149274,0
2020-02-17 04:00:00,9807.74000000,9842.34000000,9710.00000000,9753.26000000,9407.08598800,2020-02-17 07:59:59.999,91917699.23693701,115996,4530.66795700,44276008.59845204,0
2020-02-17 08:00:00,9753.01000000,9832.92000000,9568.00000000,9609.94000000,16254.87943500,2020-02-17 11:59:59.999,157607019.18406963,155094,7672.44254200,74432262.19329597,0
2020-02-17 12:00:00,9609.94000000,9669.99000000,9452.67000000,9633.45000000,21544.48182100,2020-02-17 15:59:59.999,206392508.26349931,207616,9684.81407900,92812214.57945625,0
2020-02-17 16:00:00,9635.27000000,9725.79000000,9576.03000000,9666.15000000,9447.98818100,2020-02-17 19:59:59.999,91145505.75558076,114712,4531.33770300,43711237.95246571,0
2020-02-17 20:00:00,9667.34000000,9727.41000000,9607.05000000,9706.00000000,5859.72493200,2020-02-17 23:59:59.999,56573804.00289685,84419,2865.57411700,27669143.64218548,0
2020-02-18 00:00:00,9706.00000000,9759.00000000,9624.70000000,9724.82000000,6732.25329400,2020-02-18 03:59:59.999,65333129.10137025,89579,3597.88077600,34917344.80314415,0
2020-02-18 04:00:00,9724.86000000,9815.00000000,9720.00000000,9790.58000000,7629.86798000,2020-02-18 07:59:59.999,74635094.22695720,85493,4149.73266100,40595066.17193153,0
2020-02-18 08:00:00,9790.90000000,9794.99000000,9631.00000000,9702.27000000,10365.96189100,2020-02-18 11:59:59.999,100696920.61704382,104049,5249.87431400,50995492.20908394,0
2020-02-18 12:00:00,9703.85000000,9875.51000000,9576.01000000,9830.68000000,13637.43405300,2020-02-18 15:59:59.999,132589316.33074496,135661,6937.05762100,67497646.15604911,0
2020-02-18 16:00:00,9830.69000000,10048.00000000,9815.90000000,10043.49000000,16800.09162600,2020-02-18 19:59:59.999,167101305.81521993,147696,9112.31740100,90647122.44229653,0
2020-02-18 20:00:00,10043.08000000,10250.00000000,10036.72000000,10164.71000000,15438.51517500,2020-02-18 23:59:59.999,156514356.72127180,160935,8257.13355300,83727504.86622047,0
2020-02-19 00:00:00,10164.78000000,10186.35000000,10079.25000000,10149.63000000,6142.17853800,2020-02-19 03:59:59.999,62239500.90123127,76535,2845.02308200,28830042.13070997,0
2020-02-19 04:00:00,10150.48000000,10164.93000000,10027.00000000,10059.30000000,7099.22739200,2020-02-19 07:59:59.999,71626769.79949921,78579,3357.48844700,33877022.65654979,0
2020-02-19 08:00:00,10059.08000000,10161.99000000,10011.06000000,10148.93000000,7160.08723600,2020-02-19 11:35:32.286,72387524.26708193,78408,3767.81553600,38088057.35296733,0
2020-02-19 16:00:00,10149.99000000,10250.00000000,10131.25000000,10139.22000000,7962.23671500,2020-02-19 19:59:59.999,81048212.50322530,83975,3815.47219000,38842725.07669652,0
2020-02-19 20:00:00,10138.59000000,10156.48000000,9350.00000000,9593.79000000,26798.85701400,2020-02-19 23:59:59.999,260377959.45818799,271263,11672.11722500,113550901.91131167,0
2020-02-20 00:00:00,9594.65000000,9668.00000000,9500.00000000,9571.50000000,11853.13573800,2020-02-20 03:59:59.999,113684248.72807726,141763,5783.08828500,55464747.81834029,0
2020-02-20 04:00:00,9571.50000000,9630.33000000,9538.00000000,9607.23000000,6612.46305500,2020-02-20 07:59:59.999,63358583.87445902,82556,3474.96509500,33291957.35356933,0
2020-02-20 08:00:00,9606.78000000,9650.00000000,9540.17000000,9565.39000000,9380.46243200,2020-02-20 11:59:59.999,89965434.73508797,100340,4648.32703400,44585502.34312421,0
2020-02-20 12:00:00,9565.49000000,9619.83000000,9518.08000000,9574.26000000,10705.16008700,2020-02-20 15:59:59.999,102486617.28859317,116347,5499.04146200,52642154.86968481,0
2020-02-20 16:00:00,9574.43000000,9699.00000000,9400.00000000,9551.96000000,16524.57286000,2020-02-20 19:59:59.999,157790773.45181653,157187,7764.38501200,74164276.97298335,0
2020-02-20 20:00:00,9553.69000000,9663.14000000,9537.00000000,9596.42000000,5076.54874200,2020-02-20 23:59:59.999,48734449.38456786,69194,2673.40198700,25667775.52045832,0
2020-02-21 00:00:00,9597.21000000,9714.06000000,9569.42000000,9708.17000000,6894.08636700,2020-02-21 03:59:59.999,66502216.52988129,79182,3741.84613800,36100067.60995879,0
2020-02-21 04:00:00,9707.39000000,9733.00000000,9650.00000000,9673.43000000,6291.02488400,2020-02-21 07:59:59.999,60918028.27932608,71652,3307.47715600,32033307.36993589,0
2020-02-21 08:00:00,9673.43000000,9719.00000000,9613.00000000,9694.56000000,7488.74378400,2020-02-21 11:59:59.999,72385647.46542434,78479,3653.65895600,35322624.15435152,0
2020-02-21 12:00:00,9694.56000000,9755.51000000,9660.00000000,9722.56000000,8968.23860200,2020-02-21 15:59:59.999,87146515.44582529,95440,4734.82105900,46004938.81778831,0
2020-02-21 16:00:00,9722.62000000,9742.33000000,9660.00000000,9681.84000000,5443.85311400,2020-02-21 19:59:59.999,52844458.16795830,66043,2726.54107500,26467193.30291249,0
2020-02-21 20:00:00,9681.84000000,9720.00000000,9550.21000000,9677.05000000,7095.60777300,2020-02-21 23:59:59.999,68490083.91511391,79803,3480.92323000,33604303.32138611,0
2020-02-22 00:00:00,9677.05000000,9709.17000000,9637.00000000,9665.90000000,3546.99935200,2020-02-22 03:59:59.999,34291962.10224001,53077,1866.44096500,18044097.04837727,0
2020-02-22 04:00:00,9665.44000000,9668.81000000,9560.02000000,9590.90000000,4697.11056500,2020-02-22 07:59:59.999,45143527.70045716,61875,2409.82711700,23160278.78569036,0
2020-02-22 08:00:00,9590.26000000,9658.09000000,9578.90000000,9634.61000000,3958.05910800,2020-02-22 11:59:59.999,38091154.54394310,49650,2207.48336300,21244943.98547891,0
2020-02-22 12:00:00,9633.10000000,9670.00000000,9607.42000000,9630.19000000,5257.86779800,2020-02-22 15:59:59.999,50709793.68624279,62022,2738.52029400,26415485.57226216,0
2020-02-22 16:00:00,9631.05000000,9680.00000000,9600.01000000,9666.93000000,4521.58248000,2020-02-22 19:59:59.999,43615942.72709771,54536,2565.45433700,24748489.53466388,0
2020-02-22 20:00:00,9667.91000000,9697.00000000,9644.47000000,9650.86000000,2655.13832000,2020-02-22 23:59:59.999,25691902.46527779,38801,1479.52043500,14316258.07112561,0
2020-02-23 00:00:00,9650.85000000,9797.97000000,9645.00000000,9787.08000000,4025.65985500,2020-02-23 03:59:59.999,39077964.36183557,48314,2230.14168500,21648908.57986359,0
2020-02-23 04:00:00,9786.50000000,9920.00000000,9786.46000000,9880.70000000,10780.07765000,2020-02-23 07:59:59.999,106465149.85784864,112591,5985.47738800,59110694.83681477,0
2020-02-23 08:00:00,9880.71000000,9990.00000000,9810.07000000,9825.57000000,8389.85045100,2020-02-23 11:59:59.999,82928440.61213938,97360,4702.06162100,46486009.38767679,0
2020-02-23 12:00:00,9825.39000000,9907.65000000,9800.00000000,9861.90000000,5895.23937600,2020-02-23 15:59:59.999,58137907.85970005,70098,2762.88793200,27255629.64582796,0
2020-02-23 16:00:00,9861.90000000,9896.00000000,9846.10000000,9871.76000000,3320.28722400,2020-02-23 19:59:59.999,32784848.83627110,50874,1645.33622000,16246554.65909820,0
2020-02-23 20:00:00,9871.75000000,9971.17000000,9835.51000000,9936.40000000,5290.97528700,2020-02-23 23:59:59.999,52420783.93965022,62698,2709.34570300,26844995.75318819,0
2020-02-24 00:00:00,9936.40000000,9990.00000000,9600.00000000,9753.71000000,13205.69405400,2020-02-24 03:59:59.999,129734145.48260349,120772,5890.82797900,57954263.94147914,0
2020-02-24 04:00:00,9753.64000000,9762.91000000,9667.71000000,9752.83000000,6087.27766400,2020-02-24 07:59:59.999,59223820.80722101,71803,2921.01834000,28423086.05593497,0
2020-02-24 08:00:00,9752.81000000,9820.00000000,9694.74000000,9811.38000000,6242.51481300,2020-02-24 11:59:59.999,60898484.04625067,73034,3044.24341300,29699570.66957974,0
2020-02-24 12:00:00,9811.98000000,9843.50000000,9668.00000000,9703.28000000,9668.90578800,2020-02-24 15:59:59.999,94387136.10499628,102692,4806.76578100,46935502.09040147,0
2020-02-24 16:00:00,9703.00000000,9731.60000000,9473.56000000,9601.09000000,14309.62763900,2020-02-24 19:59:59.999,137431667.92459777,145791,6563.15147500,63067672.85805286,0
2020-02-24 20:00:00,9601.14000000,9671.98000000,9563.32000000,9656.13000000,6282.57616200,2020-02-24 23:59:59.999,60406273.27516367,75292,3200.92365600,30779443.40505920,0
2020-02-25 00:00:00,9655.52000000,9671.12000000,9567.22000000,9579.44000000,4992.29573100,2020-02-25 03:59:59.999,47951941.04568911,62082,2457.65570900,23608991.15232814,0
2020-02-25 04:00:00,9579.94000000,9604.99000000,9486.18000000,9520.16000000,7470.74268200,2020-02-25 07:59:59.999,71283635.77390016,81338,3886.45546200,37082178.77095157,0
2020-02-25 08:00:00,9520.06000000,9645.00000000,9488.00000000,9627.22000000,8261.29997700,2020-02-25 11:59:59.999,78988397.13281038,85112,4171.36348900,39896436.34636145,0
2020-02-25 12:00:00,9626.43000000,9675.00000000,9360.00000000,9397.47000000,13610.71085100,2020-02-25 15:59:59.999,129198737.33472796,136450,6289.26715500,59739151.71481231,0
2020-02-25 16:00:00,9395.19000000,9460.56000000,9281.00000000,9359.95000000,12297.63135100,2020-02-25 19:59:59.999,115055777.30615859,123999,5690.02901300,53243001.64536081,0
2020-02-25 20:00:00,9359.95000000,9426.02000000,9250.00000000,9315.84000000,7746.66396000,2020-02-25 23:59:59.999,72468441.97273685,90098,3824.16333000,35788919.25149918,0
2020-02-26 00:00:00,9316.48000000,9377.44000000,9111.00000000,9170.13000000,15211.78851000,2020-02-26 03:59:59.999,140184189.71941526,148302,6662.61072500,61430463.63583801,0
2020-02-26 04:00:00,9170.13000000,9220.00000000,9120.00000000,9148.08000000,8808.67444900,2020-02-26 07:59:59.999,80801696.40827018,88448,3998.73163200,36684982.90641840,0
2020-02-26 08:00:00,9148.08000000,9225.00000000,9102.00000000,9158.37000000,10057.74263100,2020-02-26 11:59:59.999,92110240.61413950,104958,5111.74934600,46819752.86187891,0
2020-02-26 12:00:00,9158.36000000,9303.36000000,8979.03000000,8995.29000000,22580.46619300,2020-02-26 15:59:59.999,205805321.25527734,207131,10140.52094500,92481704.14558334,0
2020-02-26 16:00:00,8995.75000000,9030.00000000,8633.63000000,8831.14000000,27886.93240400,2020-02-26 19:59:59.999,245060819.90935697,230649,12300.55677800,108080586.21614074,0
2020-02-26 20:00:00,8831.14000000,8864.00000000,8713.03000000,8785.25000000,7584.74129500,2020-02-26 23:59:59.999,66755516.47263566,91530,3714.70538300,32700371.81579543,0
2020-02-27 00:00:00,8786.00000000,8792.52000000,8531.00000000,8739.68000000,16551.28471500,2020-02-27 03:59:59.999,143290566.86418459,148786,7870.28314200,68158192.14680502,0
2020-02-27 04:00:00,8739.68000000,8838.28000000,8667.58000000,8814.05000000,9961.73825600,2020-02-27 07:59:59.999,87360197.31185052,99686,5152.21858600,45177258.13504723,0
2020-02-27 08:00:00,8814.21000000,8859.42000000,8730.00000000,8804.36000000,9960.09798400,2020-02-27 11:59:59.999,87699804.45079421,103513,4529.38065200,39879342.39104289,0
2020-02-27 12:00:00,8804.27000000,8941.91000000,8747.03000000,8847.16000000,14411.71314200,2020-02-27 15:59:59.999,127508476.28568928,133527,7293.53437300,64523746.13281723,0
2020-02-27 16:00:00,8847.00000000,8971.77000000,8846.71000000,8915.34000000,10768.27074500,2020-02-27 19:59:59.999,95937894.40178872,105080,5456.17636300,48612188.69689936,0
2020-02-27 20:00:00,8915.34000000,8917.66000000,8650.00000000,8823.21000000,10830.47392000,2020-02-27 23:59:59.999,95158933.44823897,106054,5108.42137600,44878634.18124009,0
2020-02-28 00:00:00,8823.25000000,8900.00000000,8784.01000000,8837.51000000,5701.19381200,2020-02-28 03:59:59.999,50476011.21070795,64074,2962.62405100,26225558.09173549,0
2020-02-28 04:00:00,8837.00000000,8860.00000000,8695.10000000,8728.74000000,7061.15476400,2020-02-28 07:59:59.999,61965356.41410861,80228,3680.58556600,32304749.87767280,0
2020-02-28 08:00:00,8728.39000000,8779.55000000,8541.10000000,8585.96000000,15188.77225100,2020-02-28 11:59:59.999,131245737.14448594,129415,7321.32861900,63269379.48216553,0
2020-02-28 12:00:00,8586.43000000,8724.64000000,8445.00000000,8715.94000000,19466.39757700,2020-02-28 15:59:59.999,167237615.30954435,150791,8966.25907500,77065751.92534612,0
2020-02-28 16:00:00,8715.00000000,8738.00000000,8485.00000000,8577.21000000,14660.75838300,2020-02-28 19:59:59.999,125844257.00646049,138035,7350.42467600,63085253.74241297,0
2020-02-28 20:00:00,8577.21000000,8799.00000000,8567.97000000,8692.91000000,9076.93219000,2020-02-28 23:59:59.999,78895839.92508390,93184,5014.38414800,43583233.86540063,0
2020-02-29 00:00:00,8690.80000000,8773.17000000,8656.00000000,8714.73000000,4954.84399700,2020-02-29 03:59:59.999,43164649.92028940,62318,2548.36007900,22202416.93817150,0
2020-02-29 04:00:00,8714.53000000,8790.00000000,8696.42000000,8745.81000000,6355.79450300,2020-02-29 07:59:59.999,55521281.74859780,69465,3514.73874300,30699862.40212115,0
2020-02-29 08:00:00,8745.82000000,8763.71000000,8600.00000000,8696.98000000,6704.77194900,2020-02-29 11:59:59.999,58250894.59801356,78291,3407.78462700,29611212.92245721,0
2020-02-29 12:00:00,8696.95000000,8698.87000000,8572.22000000,8650.00000000,8278.04152300,2020-02-29 15:59:59.999,71464952.78180424,85474,4236.69727600,36582464.05236752,0
2020-02-29 16:00:00,8650.00000000,8676.00000000,8591.47000000,8671.41000000,5601.16822900,2020-02-29 19:59:59.999,48387587.87527161,63135,2995.66402700,25880071.79089020,0
2020-02-29 20:00:00,8670.64000000,8671.61000000,8523.55000000,8523.61000000,4853.56283400,2020-02-29 23:59:59.999,41796585.06455576,55492,2213.60980700,19068008.76271336,0
2020-03-01 00:00:00,8523.61000000,8675.00000000,8511.11000000,8620.36000000,6058.88798200,2020-03-01 03:59:59.999,52098265.17608791,77828,2927.02447100,25173199.82532914,0
2020-03-01 04:00:00,8620.17000000,8634.73000000,8520.58000000,8541.16000000,5437.03289700,2020-03-01 07:59:59.999,46552895.44785247,59046,2608.34554800,22333014.51314348,0
2020-03-01 08:00:00,8541.15000000,8650.00000000,8518.00000000,8648.37000000,5567.31408100,2020-03-01 11:59:59.999,47742277.34140699,64882,2848.71893100,24432309.82328440,0
2020-03-01 12:00:00,8647.42000000,8750.00000000,8535.24000000,8557.80000000,9813.47714900,2020-03-01 15:59:59.999,84604452.66685940,99112,4937.00791600,42571484.15906990,0
2020-03-01 16:00:00,8557.80000000,8582.73000000,8411.00000000,8542.20000000,11521.27990400,2020-03-01 19:59:59.999,97873139.13348817,106098,5843.16869000,49639540.26282546,0
2020-03-01 20:00:00,8541.22000000,8591.82000000,8470.00000000,8531.88000000,5494.20976600,2020-03-01 23:59:59.999,46858285.48838764,65053,2674.10331000,22812711.12323821,0
2020-03-02 00:00:00,8530.30000000,8651.90000000,8498.00000000,8601.99000000,7393.79073600,2020-03-02 03:59:59.999,63449177.36732147,66875,3999.00881900,34326083.23659784,0
2020-03-02 04:00:00,8601.99000000,8699.50000000,8596.36000000,8625.39000000,9398.44154700,2020-03-02 07:59:59.999,81216825.58748769,79203,4467.22482500,38598131.43396771,0
2020-03-02 08:00:00,8625.39000000,8776.98000000,8619.63000000,8758.35000000,12157.31103200,2020-03-02 11:59:59.999,105892879.54364835,103729,6205.45848400,54051247.91234104,0
2020-03-02 12:00:00,8758.39000000,8885.00000000,8718.95000000,8829.21000000,13814.83993900,2020-03-02 15:59:59.999,121707306.04334549,126126,6991.19645100,61601525.45895436,0
2020-03-02 16:00:00,8829.21000000,8917.99000000,8818.66000000,8883.12000000,10246.92276300,2020-03-02 19:59:59.999,90834192.97472384,105651,5505.97677200,48810729.93083025,0
2020-03-02 20:00:00,8882.88000000,8965.75000000,8850.00000000,8915.24000000,7390.01171300,2020-03-02 23:59:59.999,65806248.04629234,82951,4044.21525100,36007509.97563317,0
2020-03-03 00:00:00,8911.18000000,8919.65000000,8804.16000000,8866.60000000,6699.37422700,2020-03-03 03:59:59.999,59262425.36997221,72397,3189.13562500,28210122.43936560,0
2020-03-03 04:00:00,8865.90000000,8867.89000000,8746.42000000,8756.08000000,6973.33824300,2020-03-03 07:59:59.999,61404770.98458533,66331,3116.72750100,27448612.76095441,0
2020-03-03 08:00:00,8755.64000000,8866.96000000,8735.37000000,8858.22000000,8854.43130500,2020-03-03 11:59:59.999,78022411.86638122,83360,4926.52130700,43421115.13643203,0
2020-03-03 12:00:00,8858.45000000,8898.74000000,8675.45000000,8753.01000000,17254.87836900,2020-03-03 15:59:59.999,151470274.57883924,136638,8088.69641100,71030789.46918547,0
2020-03-03 16:00:00,8753.01000000,8781.25000000,8651.00000000,8713.97000000,9965.95800200,2020-03-03 19:59:59.999,86761526.43472018,90696,4827.47098700,42021259.21877504,0
2020-03-03 20:00:00,8714.11000000,8790.00000000,8683.24000000,8760.07000000,5407.01713600,2020-03-03 23:59:59.999,47259687.08845757,63340,2805.67791400,24523911.11987976,0
2020-03-04 00:00:00,8760.07000000,8835.01000000,8728.00000000,8790.18000000,6918.61017300,2020-03-04 03:59:59.999,60867969.76766132,71054,3572.29199900,31425459.35085083,0
2020-03-04 04:00:00,8788.99000000,8848.29000000,8774.58000000,8816.27000000,6790.05103500,2020-03-04 07:59:59.999,59829793.03520751,77022,3306.54127500,29132392.16660950,0
2020-03-04 08:00:00,8816.32000000,8829.40000000,8694.07000000,8717.12000000,3599.42450400,2020-03-04 11:59:59.999,31562641.86433556,48299,1735.34321500,15220027.52700924,0
2020-03-04 12:00:00,8717.21000000,8782.31000000,8660.00000000,8700.00000000,10902.63405900,2020-03-04 15:59:59.999,95168997.72744097,123122,5513.16522200,48130750.98605953,0
2020-03-04 16:00:00,8700.00000000,8746.00000000,8665.00000000,8739.58000000,6321.81886000,2020-03-04 19:59:59.999,55079820.44718324,74239,3021.03758300,26324271.27538818,0
2020-03-04 20:00:00,8738.94000000,8761.52000000,8688.03000000,8750.87000000,4163.94394700,2020-03-04 23:59:59.999,36340669.11110682,61081,2130.95189600,18599973.20131819,0
2020-03-05 00:00:00,8750.99000000,8941.53000000,8746.54000000,8869.82000000,12564.97686700,2020-03-05 03:59:59.999,111402435.42773523,124949,7223.56102700,64042233.06457167,0
2020-03-05 04:00:00,8869.68000000,8942.00000000,8862.00000000,8895.05000000,6703.41802500,2020-03-05 07:59:59.999,59696109.48153458,79202,3355.62433600,29887897.99590792,0
2020-03-05 08:00:00,8895.24000000,9122.62000000,8891.36000000,9100.89000000,13448.48276600,2020-03-05 11:59:59.999,121518351.88334515,136025,7010.07043700,63332853.53556423,0
2020-03-05 12:00:00,9100.59000000,9136.63000000,9011.98000000,9085.48000000,10081.97691000,2020-03-05 15:59:59.999,91467940.25616351,108538,5190.02575100,47090567.21733870,0
2020-03-05 16:00:00,9085.52000000,9150.90000000,9062.76000000,9150.90000000,7642.38890300,2020-03-05 19:59:59.999,69523498.69939909,81360,4204.12962100,38249660.62847823,0
2020-03-05 20:00:00,9150.80000000,9159.42000000,9015.00000000,9054.68000000,7760.62288400,2020-03-05 23:59:59.999,70493693.45660540,89478,3498.67099900,31783890.46902861,0
2020-03-06 00:00:00,9054.64000000,9081.94000000,8985.50000000,9033.59000000,7149.84212500,2020-03-06 03:59:59.999,64610725.83428114,75757,3756.88214500,33950104.64096557,0
2020-03-06 04:00:00,9032.87000000,9138.31000000,9013.05000000,9100.91000000,7072.03256500,2020-03-06 07:59:59.999,64295797.98076084,81806,3739.22316800,33997206.26250818,0
2020-03-06 08:00:00,9101.62000000,9170.00000000,9070.00000000,9127.92000000,8923.02072800,2020-03-06 11:59:59.999,81376512.54763250,92707,4538.11596700,41388112.55464242,0
2020-03-06 12:00:00,9129.12000000,9130.29000000,9000.00000000,9001.40000000,9602.00845800,2020-03-06 15:59:59.999,87132830.50382695,107946,4632.28443100,42047555.83487657,0
2020-03-06 16:00:00,9001.70000000,9101.35000000,9000.00000000,9085.12000000,6268.54762500,2020-03-06 19:59:59.999,56774599.02735884,74966,3240.66320300,29347882.28156781,0
2020-03-06 20:00:00,9084.62000000,9137.50000000,9058.30000000,9131.88000000,4767.49654300,2020-03-06 23:59:59.999,43408010.52670265,60034,2389.39159200,21753480.64661150,0
2020-03-07 00:00:00,9130.89000000,9143.55000000,9073.03000000,9089.95000000,4012.30443100,2020-03-07 03:59:59.999,36530758.00073572,53739,2026.43719200,18451059.29155749,0
2020-03-07 04:00:00,9089.57000000,9107.25000000,9050.00000000,9085.23000000,5475.81970600,2020-03-07 07:59:59.999,49690707.72741026,56976,2799.01365300,25400920.45573856,0
2020-03-07 08:00:00,9085.23000000,9116.97000000,9072.65000000,9089.00000000,6621.91209800,2020-03-07 11:59:59.999,60250245.92386537,74112,3259.18683300,29656544.17525960,0
2020-03-07 12:00:00,9089.00000000,9135.94000000,9069.30000000,9113.61000000,6636.60921200,2020-03-07 15:59:59.999,60401164.69693347,80428,3469.86824700,31583392.39387533,0
2020-03-07 16:00:00,9113.46000000,9188.00000000,8835.00000000,8884.79000000,18405.76253200,2020-03-07 19:59:59.999,165163669.99647244,162391,8654.72259100,77650027.06813380,0
2020-03-07 20:00:00,8884.91000000,8919.00000000,8853.93000000,8886.66000000,4269.79654600,2020-03-07 23:59:59.999,37946717.44372071,57754,2072.48733900,18419237.92016747,0
2020-03-08 00:00:00,8885.25000000,8886.76000000,8695.73000000,8747.58000000,9592.69017800,2020-03-08 03:59:59.999,84135530.15146999,95796,4338.76832300,38051411.12482071,0
2020-03-08 04:00:00,8746.92000000,8754.99000000,8701.00000000,8740.29000000,6005.14977600,2020-03-08 07:59:59.999,52424992.99987268,69908,3186.95228500,27824186.17163547,0
2020-03-08 08:00:00,8740.59000000,8752.36000000,8670.00000000,8741.53000000,7865.62682700,2020-03-08 11:59:59.999,68613660.20396616,75213,3829.37903600,33406481.77819199,0
2020-03-08 12:00:00,8741.30000000,8747.43000000,8321.00000000,8400.83000000,20292.37099000,2020-03-08 15:59:59.999,173655843.47302341,183702,7970.17683200,68234737.36121846,0
2020-03-08 16:00:00,8400.85000000,8403.00000000,8149.27000000,8280.11000000,20627.55547500,2020-03-08 19:59:59.999,170676395.92061043,191306,9595.02799400,79414738.39843793,0
2020-03-08 20:00:00,8281.51000000,8300.00000000,8000.00000000,8033.31000000,13153.92192000,2020-03-08 23:59:59.999,107425122.03321773,124816,5923.30337900,48419919.60114454,0
2020-03-09 00:00:00,8034.76000000,8179.31000000,7970.00000000,8063.52000000,14552.01202100,2020-03-09 03:59:59.999,117442641.54179367,130602,7507.42019300,60580364.50329611,0
2020-03-09 04:00:00,8063.52000000,8066.39000000,7675.28000000,7899.71000000,28909.94690800,2020-03-09 07:59:59.999,227230671.23136743,209970,13635.74579200,107208196.48050723,0
2020-03-09 08:00:00,7899.72000000,7991.08000000,7760.00000000,7804.92000000,18281.11025300,2020-03-09 11:59:59.999,144137097.86978473,133248,8990.36705300,70894124.14180264,0
2020-03-09 12:00:00,7803.64000000,7946.00000000,7632.01000000,7765.32000000,30622.38569100,2020-03-09 15:59:59.999,237850213.92738335,220611,15386.41283100,119553559.63018382,0
2020-03-09 16:00:00,7765.32000000,7903.52000000,7689.00000000,7842.03000000,16554.14777100,2020-03-09 19:59:59.999,128807437.09829699,142366,8432.52778600,65619714.60753342,0
2020-03-09 20:00:00,7842.04000000,7947.57000000,7791.40000000,7929.87000000,8049.26062400,2020-03-09 23:59:59.999,63319667.41695769,92437,4068.48427200,32010877.94129934,0
2020-03-10 00:00:00,7929.87000000,7969.87000000,7850.00000000,7907.16000000,8204.38064800,2020-03-10 03:59:59.999,64917162.72448965,86035,4108.09411000,32508827.19780447,0
2020-03-10 04:00:00,7908.29000000,7952.65000000,7866.04000000,7900.14000000,11137.31987400,2020-03-10 07:59:59.999,88210504.75774323,85078,5437.23459000,43060846.97168917,0
2020-03-10 08:00:00,7900.89000000,8114.10000000,7875.00000000,8065.02000000,17119.53527700,2020-03-10 11:59:59.999,136773981.37072469,135522,8933.62153300,71319558.21573892,0
2020-03-10 12:00:00,8064.83000000,8149.00000000,7739.97000000,7767.28000000,22915.52045600,2020-03-10 15:59:59.999,183309168.94025256,183613,11316.15514900,90617624.80732010,0
2020-03-10 16:00:00,7766.29000000,7985.00000000,7728.01000000,7978.80000000,16312.36408000,2020-03-10 19:59:59.999,128181772.88973645,134425,8719.97901400,68550329.48030691,0
2020-03-10 20:00:00,7978.94000000,8038.11000000,7869.79000000,7894.56000000,11094.32354000,2020-03-10 23:59:59.999,88307562.76614670,112855,5158.49962800,41059862.68910775,0
2020-03-11 00:00:00,7894.57000000,7965.49000000,7865.01000000,7924.78000000,7007.15562800,2020-03-11 03:59:59.999,55459655.11991741,79344,3880.07842000,30704636.07057326,0
2020-03-11 04:00:00,7923.80000000,7943.42000000,7813.00000000,7860.93000000,8788.88027600,2020-03-11 07:59:59.999,69157560.50255003,84058,4343.85214200,34172902.44025622,0
2020-03-11 08:00:00,7861.62000000,7921.12000000,7750.00000000,7821.86000000,16034.11750300,2020-03-11 11:59:59.999,125455147.65403169,127016,8045.41451600,62950500.41858386,0
2020-03-11 12:00:00,7821.68000000,7895.87000000,7736.00000000,7778.76000000,12886.05458800,2020-03-11 15:59:59.999,100769053.56760758,118826,6392.14636900,49993191.33752495,0
2020-03-11 16:00:00,7778.76000000,7843.00000000,7590.00000000,7828.23000000,25310.58410400,2020-03-11 19:59:59.999,195411998.81995000,190239,12666.04906000,97846190.93798231,0
2020-03-11 20:00:00,7828.23000000,7980.00000000,7798.13000000,7934.52000000,9915.61907300,2020-03-11 23:59:59.999,78211751.70076212,99918,5170.35223100,40775461.55478072,0
2020-03-12 00:00:00,7934.58000000,7966.17000000,7558.00000000,7662.73000000,18039.35447800,2020-03-12 03:59:59.999,139424701.37097291,157868,8332.06118100,64396573.76840914,0
2020-03-12 04:00:00,7662.11000000,7662.80000000,7342.43000000,7392.13000000,23553.30977500,2020-03-12 07:59:59.999,177032255.93474058,188120,11304.20349300,84969597.33152506,0
2020-03-12 08:00:00,7392.12000000,7466.00000000,5550.00000000,6067.01000000,65426.25283900,2020-03-12 11:59:59.999,428735038.09373934,421436,27265.27429600,178842304.13651410,0
2020-03-12 12:00:00,6064.27000000,6307.59000000,5734.69000000,6132.13000000,54565.20296500,2020-03-12 15:59:59.999,329182228.05762248,380968,26837.61661200,162053637.40038206,0
2020-03-12 16:00:00,6132.13000000,6229.97000000,5947.72000000,6037.45000000,27055.62054400,2020-03-12 19:59:59.999,164462217.95264644,204071,13388.05867500,81397860.84160492,0
2020-03-12 20:00:00,6036.28000000,6059.99000000,4410.00000000,4800.00000000,72865.86805200,2020-03-12 23:59:59.999,389753662.81249149,418349,32170.79194000,171821698.72532960,0
2020-03-13 00:00:00,4800.01000000,5523.23000000,3782.13000000,5167.26000000,118131.08094000,2020-03-13 03:59:59.999,551885459.16676812,637523,54962.52952800,257799262.22889911,0
2020-03-13 04:00:00,5159.09000000,5444.00000000,4674.00000000,5385.87000000,51985.85189000,2020-03-13 07:59:59.999,262765675.49886754,305922,26170.02076200,132453341.61385331,0
2020-03-13 08:00:00,5386.11000000,5700.00000000,5126.00000000,5403.56000000,55656.38983800,2020-03-13 11:59:59.999,303712431.04654219,332368,27901.92261600,152333359.79179895,0
2020-03-13 12:00:00,5403.56000000,5955.00000000,4920.00000000,5212.37000000,76357.69269700,2020-03-13 15:59:59.999,417870761.59718136,442771,37994.40359500,208202230.77996152,0
2020-03-13 16:00:00,5207.63000000,5525.00000000,4807.00000000,5391.08000000,63664.63644100,2020-03-13 19:59:59.999,327871720.51817735,357197,32030.46845800,165321906.99199072,0
2020-03-13 20:00:00,5397.16000000,5699.00000000,5187.39000000,5578.60000000,36406.02195800,2020-03-13 23:59:59.999,199713492.81145828,234049,18452.60931400,101313754.34924545,0
2020-03-14 00:00:00,5576.05000000,5640.52000000,5322.02000000,5573.97000000,26373.60101800,2020-03-14 03:59:59.999,144754157.38035640,230898,13163.91996700,72284856.81807141,0
2020-03-14 04:00:00,5573.67000000,5573.71000000,5371.76000000,5500.40000000,21111.15797700,2020-03-14 07:59:59.999,115332412.70545568,170943,10826.34548900,59144502.99175283,0
2020-03-14 08:00:00,5500.61000000,5530.00000000,5173.00000000,5448.38000000,28784.42820300,2020-03-14 11:59:59.999,153704512.70249762,236117,13217.21572800,70636511.13726010,0
2020-03-14 12:00:00,5448.23000000,5450.00000000,5268.82000000,5311.38000000,19401.44418600,2020-03-14 15:59:59.999,103954309.84146306,157731,9296.33533300,49813581.92770884,0
2020-03-14 16:00:00,5310.96000000,5498.00000000,5256.00000000,5386.85000000,17966.75870800,2020-03-14 19:59:59.999,97148992.43391198,136129,9024.68414000,48801843.04272481,0
2020-03-14 20:00:00,5386.84000000,5423.50000000,5055.13000000,5172.06000000,23272.74588200,2020-03-14 23:59:59.999,121757495.85739419,174307,10575.51907200,55339033.93465891,0
2020-03-15 00:00:00,5172.48000000,5273.37000000,5093.10000000,5178.64000000,15586.90534900,2020-03-15 03:59:59.999,80778224.91854074,137843,7628.62028000,39537887.37721471,0
2020-03-15 04:00:00,5178.64000000,5332.04000000,5178.64000000,5272.23000000,10155.77141100,2020-03-15 07:59:59.999,53399467.70600842,93991,5320.89162800,27974002.35806496,0
2020-03-15 08:00:00,5272.35000000,5487.00000000,5213.16000000,5429.99000000,19423.43406200,2020-03-15 11:59:59.999,104106595.57019072,153450,10074.85664300,53992581.02474637,0
2020-03-15 12:00:00,5430.00000000,5594.00000000,5221.00000000,5324.48000000,23188.99837800,2020-03-15 15:59:59.999,124482950.83367191,171140,11227.59703700,60329906.63564860,0
2020-03-15 16:00:00,5324.92000000,5397.00000000,5260.00000000,5312.35000000,12598.97949100,2020-03-15 19:59:59.999,67027468.05235011,115198,6689.91481500,35591622.43236616,0
2020-03-15 20:00:00,5312.33000000,5940.00000000,5160.00000000,5361.30000000,58962.05784300,2020-03-15 23:59:59.999,323960999.34611530,366092,29598.77054700,163073472.12178185,0
2020-03-16 00:00:00,5360.33000000,5365.42000000,5188.00000000,5273.34000000,20777.39978100,2020-03-16 03:59:59.999,109694183.31233220,173072,9812.57305300,51799061.13381126,0
2020-03-16 04:00:00,5272.23000000,5297.80000000,4778.00000000,4785.67000000,41129.40252600,2020-03-16 07:59:59.999,205940584.55158726,275503,18660.22806700,93424939.27768663,0
2020-03-16 08:00:00,4789.99000000,4950.00000000,4442.12000000,4565.59000000,50298.29807400,2020-03-16 11:59:59.999,234629485.16536932,371785,23016.65820400,107440376.22662267,0
2020-03-16 12:00:00,4565.63000000,5175.00000000,4500.00000000,5151.39000000,68602.65436600,2020-03-16 15:59:59.999,331700146.18489725,463033,34755.09041000,168126582.59139714,0
2020-03-16 16:00:00,5144.53000000,5200.00000000,4828.00000000,4939.25000000,26334.87645000,2020-03-16 19:59:59.999,132331751.46735724,189531,12572.62188400,63238660.82759798,0
2020-03-16 20:00:00,4942.50000000,5060.00000000,4820.00000000,5028.97000000,20134.29156300,2020-03-16 23:59:59.999,99394158.42004353,135252,10084.79574800,49828290.75947118,0
2020-03-17 00:00:00,5028.86000000,5400.00000000,4921.45000000,5311.16000000,34127.84481200,2020-03-17 03:59:59.999,177497879.32385645,236166,17571.90220900,91437963.68398993,0
2020-03-17 04:00:00,5314.84000000,5415.87000000,5205.00000000,5343.72000000,19031.35734000,2020-03-17 07:59:59.999,100779234.93319058,153862,9546.15884700,50571734.00478799,0
2020-03-17 08:00:00,5345.19000000,5440.00000000,5160.00000000,5267.61000000,23086.33723100,2020-03-17 11:59:59.999,121960394.87646814,166979,11524.88150500,60896145.40101687,0
2020-03-17 12:00:00,5266.90000000,5376.83000000,5051.00000000,5362.99000000,31812.54004500,2020-03-17 15:59:59.999,166426486.47591492,231115,15391.35658200,80573428.11193513,0
2020-03-17 16:00:00,5363.84000000,5479.00000000,5290.00000000,5375.11000000,24003.08441100,2020-03-17 19:59:59.999,128908806.98300015,152329,11935.81562300,64137268.61271806,0
2020-03-17 20:00:00,5375.25000000,5525.00000000,5305.59000000,5312.64000000,18028.76247900,2020-03-17 23:59:59.999,97575105.67606705,128766,8728.25948800,47285779.30971063,0
2020-03-18 00:00:00,5312.64000000,5419.03000000,5268.80000000,5394.15000000,11867.61038200,2020-03-18 03:59:59.999,63606213.48516820,87125,5625.96373600,30158579.50079321,0
2020-03-18 04:00:00,5394.02000000,5436.17000000,5104.92000000,5148.73000000,20183.82414100,2020-03-18 07:59:59.999,106057111.85218155,142777,9446.64091500,49669888.52746201,0
2020-03-18 08:00:00,5148.73000000,5248.00000000,5010.98000000,5140.39000000,22171.96847500,2020-03-18 11:59:59.999,113738412.30121394,163971,10015.63333500,51406280.23327486,0
2020-03-18 12:00:00,5141.48000000,5390.00000000,5009.37000000,5328.89000000,38992.71255400,2020-03-18 15:59:59.999,204409150.35754888,253043,18596.10332700,97512109.89495921,0
2020-03-18 16:00:00,5328.59000000,5349.00000000,5140.54000000,5328.51000000,27727.48461600,2020-03-18 19:59:59.999,145408877.13445777,192501,13420.92402300,70424822.61257333,0
2020-03-18 20:00:00,5329.23000000,5412.00000000,5257.52000000,5393.04000000,16184.03472600,2020-03-18 23:59:59.999,86528357.32244963,123426,8000.80244200,42799158.80891978,0
2020-03-19 00:00:00,5393.26000000,5450.00000000,5252.53000000,5286.84000000,16752.62363500,2020-03-19 03:59:59.999,89649666.44239866,136662,7985.93879600,42745515.80204253,0
2020-03-19 04:00:00,5286.84000000,5435.44000000,5277.45000000,5414.19000000,14051.27347600,2020-03-19 07:59:59.999,75370211.95669632,121795,7185.56482400,38549519.27921877,0
2020-03-19 08:00:00,5414.19000000,5661.00000000,5376.10000000,5621.86000000,32691.86221100,2020-03-19 11:59:59.999,181012632.95152179,221791,16514.23530700,91461972.04061037,0
2020-03-19 12:00:00,5622.15000000,5920.00000000,5608.21000000,5895.10000000,48241.09985400,2020-03-19 15:59:59.999,279650227.43224600,326617,23724.75241400,137574225.40836715,0
2020-03-19 16:00:00,5895.71000000,6359.45000000,5798.26000000,6215.57000000,65259.49498900,2020-03-19 19:59:59.999,401544989.96127694,416620,32838.67798200,201978737.92599903,0
2020-03-19 20:00:00,6216.08000000,6400.00000000,6125.76000000,6162.37000000,22024.51927400,2020-03-19 23:59:59.999,137511978.77009619,180123,10762.77768800,67226577.30198649,0
2020-03-20 00:00:00,6162.05000000,6269.24000000,6055.55000000,6156.35000000,15502.80214300,2020-03-20 03:59:59.999,95628650.75561644,143544,7117.93855300,43923395.17243692,0
2020-03-20 04:00:00,6156.42000000,6350.00000000,6115.99000000,6318.39000000,14874.67550100,2020-03-20 07:59:59.999,92770234.79047502,137845,7438.00878800,46397291.84660283,0
2020-03-20 08:00:00,6318.41000000,6900.00000000,6310.58000000,6659.99000000,62769.27602500,2020-03-20 11:59:59.999,418166862.43609917,435794,31887.90059900,212394337.74661055,0
2020-03-20 12:00:00,6659.99000000,6714.53000000,6420.00000000,6614.66000000,39436.71254000,2020-03-20 15:59:59.999,259490147.91124488,276008,18057.01972700,118818274.77324779,0
2020-03-20 16:00:00,6614.32000000,6664.99000000,6153.74000000,6187.59000000,35934.70783700,2020-03-20 19:59:59.999,228238231.23835798,256213,16717.29988800,106135951.13323398,0
2020-03-20 20:00:00,6184.53000000,6374.99000000,5670.00000000,6208.36000000,50780.15546800,2020-03-20 23:59:59.999,307439886.04340864,330665,23501.47162500,142448748.47600961,0
2020-03-21 00:00:00,6204.57000000,6380.00000000,6062.03000000,6267.45000000,22817.95949500,2020-03-21 03:59:59.999,141993241.53422863,172440,11460.42630300,71300434.36326542,0
2020-03-21 04:00:00,6269.34000000,6330.18000000,6026.00000000,6151.16000000,16120.18610100,2020-03-21 07:59:59.999,99333659.14500530,137456,7628.81289200,47001190.66999029,0
2020-03-21 08:00:00,6151.17000000,6170.00000000,5860.02000000,6118.72000000,24150.30763300,2020-03-21 11:59:59.999,145255195.62298741,197199,11360.15198500,68346518.79243654,0
2020-03-21 12:00:00,6116.58000000,6275.00000000,6089.94000000,6212.08000000,22846.13551100,2020-03-21 15:59:59.999,141174971.80105490,174610,11358.18650800,70201616.13962279,0
2020-03-21 16:00:00,6213.48000000,6264.52000000,6043.00000000,6216.27000000,18726.78475100,2020-03-21 19:59:59.999,115519354.12979843,134304,9560.20640300,58999212.44188638,0
2020-03-21 20:00:00,6216.11000000,6456.98000000,6080.00000000,6186.98000000,24252.29487200,2020-03-21 23:59:59.999,151685714.40534243,174965,11958.31276100,74888268.70660832,0
2020-03-22 00:00:00,6187.04000000,6363.76000000,6104.00000000,6351.93000000,13236.27157300,2020-03-22 03:59:59.999,82661369.90729405,115733,6970.86631700,43557333.68616567,0
2020-03-22 04:00:00,6351.77000000,6407.87000000,6264.24000000,6289.34000000,10441.13837200,2020-03-22 07:59:59.999,66150157.22183944,98755,5315.13803400,33688067.27207569,0
2020-03-22 08:00:00,6289.34000000,6317.74000000,6126.15000000,6153.57000000,14377.95210700,2020-03-22 11:59:59.999,89772811.00775573,136204,6619.16601000,41350419.48105827,0
2020-03-22 12:00:00,6153.77000000,6156.53000000,5915.00000000,6076.14000000,28376.64855500,2020-03-22 15:59:59.999,171219761.26484369,223448,12723.48762400,76794393.23401689,0
2020-03-22 16:00:00,6076.14000000,6139.00000000,5863.00000000,5911.03000000,22141.42199800,2020-03-22 19:59:59.999,132571431.62932571,162880,10544.88008400,63179218.11263259,0
2020-03-22 20:00:00,5911.11000000,6145.00000000,5734.01000000,5816.19000000,30542.55792200,2020-03-22 23:59:59.999,180520122.47900283,215239,15016.36028000,88842444.57500900,0
2020-03-23 00:00:00,5816.05000000,5990.00000000,5688.00000000,5955.36000000,22061.61423600,2020-03-23 03:59:59.999,129770918.17679694,154907,10878.38426200,64036480.41362657,0
2020-03-23 04:00:00,5955.21000000,5993.24000000,5845.00000000,5855.59000000,11148.77496000,2020-03-23 07:59:59.999,65792426.70863966,90802,5352.71916300,31592146.82872742,0
2020-03-23 08:00:00,5855.00000000,5930.00000000,5728.99000000,5843.29000000,17727.12624400,2020-03-23 11:59:59.999,103251014.08458748,130499,8928.59044300,52023148.13874829,0
2020-03-23 12:00:00,5842.14000000,6600.00000000,5841.73000000,6231.74000000,68283.64441500,2020-03-23 15:59:59.999,427945705.63634145,400670,35506.91484400,222393523.37415848,0
2020-03-23 16:00:00,6230.41000000,6379.00000000,6225.36000000,6266.28000000,22129.71565800,2020-03-23 19:59:59.999,139245568.61720092,157720,11293.45039300,71081028.30918525,0
2020-03-23 20:00:00,6266.27000000,6509.03000000,6260.50000000,6467.31000000,23323.34027200,2020-03-23 23:59:59.999,149520038.85081988,164808,12175.95262300,78071126.07144155,0
2020-03-24 00:00:00,6465.25000000,6666.00000000,6464.00000000,6522.52000000,27822.68091300,2020-03-24 03:59:59.999,182791286.72531305,179915,13755.73209300,90390751.38077375,0
2020-03-24 04:00:00,6522.51000000,6618.00000000,6371.33000000,6566.06000000,19080.02457200,2020-03-24 07:59:59.999,123863796.08947444,122786,9168.11676000,59537550.98203823,0
2020-03-24 08:00:00,6563.82000000,6833.00000000,6563.58000000,6731.00000000,34710.87569500,2020-03-24 11:59:59.999,233057528.00274785,223622,17390.86904100,116790951.33632572,0
2020-03-24 12:00:00,6733.16000000,6765.00000000,6461.01000000,6587.52000000,33379.46418300,2020-03-24 15:59:59.999,221180318.07082247,220333,15410.92804000,102170519.48368857,0
2020-03-24 16:00:00,6587.63000000,6739.17000000,6510.01000000,6697.39000000,20874.55219900,2020-03-24 19:59:59.999,138234372.95096738,143906,9776.54080000,64761608.50676238,0
2020-03-24 20:00:00,6697.39000000,6792.15000000,6610.69000000,6744.72000000,15270.41231600,2020-03-24 23:59:59.999,102763213.40066342,122107,7279.63059400,49007806.86317901,0
2020-03-25 00:00:00,6744.69000000,6746.70000000,6524.16000000,6557.75000000,17042.83731200,2020-03-25 03:59:59.999,112962771.94134582,128753,7430.30917300,49257284.89380804,0
2020-03-25 04:00:00,6557.76000000,6720.00000000,6530.98000000,6675.21000000,12406.07055700,2020-03-25 07:59:59.999,82519859.67495148,102503,6174.51778700,41075559.51692884,0
2020-03-25 08:00:00,6676.93000000,6957.96000000,6450.00000000,6521.36000000,45370.62067900,2020-03-25 11:59:59.999,304646444.24034303,279931,22351.04821700,150317660.22117359,0
2020-03-25 12:00:00,6522.00000000,6799.00000000,6500.00000000,6617.27000000,30706.29524000,2020-03-25 15:59:59.999,203230351.05739825,197630,14907.14420300,98714584.94635344,0
2020-03-25 16:00:00,6617.19000000,6705.96000000,6575.00000000,6622.38000000,14683.35166100,2020-03-25 19:59:59.999,97587074.35609629,104146,6819.02645900,45329653.16263707,0
2020-03-25 20:00:00,6622.10000000,6705.00000000,6552.00000000,6677.43000000,11946.55954000,2020-03-25 23:59:59.999,79304235.63785378,99216,5833.12251100,38744878.89979364,0
2020-03-26 00:00:00,6677.42000000,6780.00000000,6652.76000000,6725.65000000,13745.54792500,2020-03-26 03:59:59.999,92300228.06463238,101719,7205.81304900,48394800.78819414,0
2020-03-26 04:00:00,6726.05000000,6761.79000000,6554.21000000,6589.92000000,13295.73897100,2020-03-26 07:59:59.999,88410543.58860688,108273,5845.78842700,38887974.89865252,0
2020-03-26 08:00:00,6591.91000000,6669.42000000,6570.05000000,6603.31000000,11805.77454500,2020-03-26 11:59:59.999,78113379.51712186,102660,5819.89898700,38514765.22079657,0
2020-03-26 12:00:00,6603.41000000,6688.00000000,6510.00000000,6617.04000000,18918.02416400,2020-03-26 15:59:59.999,124923527.75535273,143371,9247.04020400,61094108.93622101,0
2020-03-26 16:00:00,6617.91000000,6680.00000000,6592.23000000,6657.93000000,10915.52239700,2020-03-26 19:59:59.999,72459554.80519528,93417,5245.91400300,34831549.94404620,0
2020-03-26 20:00:00,6658.01000000,6765.00000000,6650.00000000,6737.36000000,14345.94720900,2020-03-26 23:59:59.999,96329955.74844233,119027,7758.95583600,52111054.67901431,0
2020-03-27 00:00:00,6737.27000000,6842.59000000,6735.36000000,6793.00000000,13552.08898000,2020-03-27 03:59:59.999,92064342.74825678,110746,7270.09056400,49390785.78632428,0
2020-03-27 04:00:00,6793.00000000,6826.84000000,6620.00000000,6699.92000000,14739.63203200,2020-03-27 07:59:59.999,98729962.31147564,114724,6645.81343000,44532260.94011491,0
2020-03-27 08:00:00,6699.91000000,6703.81000000,6599.61000000,6620.58000000,13209.92001400,2020-03-27 11:59:59.999,87966436.49028534,97628,5636.95496200,37544660.25033166,0
2020-03-27 12:00:00,6620.59000000,6666.04000000,6573.41000000,6622.86000000,14321.31513000,2020-03-27 15:59:59.999,94787723.21192617,107821,6757.40993100,44740879.06256905,0
2020-03-27 16:00:00,6622.87000000,6687.30000000,6591.06000000,6657.02000000,10980.49910900,2020-03-27 19:59:59.999,72914142.83650728,90297,5467.68297700,36318279.80859122,0
2020-03-27 20:00:00,6656.63000000,6700.00000000,6261.00000000,6359.11000000,16111.51308900,2020-03-27 23:59:59.999,104863506.25675268,122415,6661.32035200,43383875.96967062,0
2020-03-28 00:00:00,6359.11000000,6360.00000000,6068.88000000,6116.92000000,27351.53396300,2020-03-28 03:59:59.999,170232845.98827896,196423,12255.82852400,76354975.90877426,0
2020-03-28 04:00:00,6116.88000000,6203.47000000,6095.00000000,6184.31000000,12987.92733300,2020-03-28 07:59:59.999,79951882.59121969,108679,6595.75268800,40600606.24639881,0
2020-03-28 08:00:00,6184.31000000,6319.86000000,6165.00000000,6236.78000000,13401.52797300,2020-03-28 11:59:59.999,83777528.37599864,103206,6961.75653200,43516903.79689564,0
2020-03-28 12:00:00,6237.01000000,6274.12000000,6155.39000000,6215.00000000,9464.12330600,2020-03-28 15:59:59.999,58910272.31485477,80000,4714.71937700,29351988.58998283,0
2020-03-28 16:00:00,6215.00000000,6249.71000000,6024.00000000,6210.77000000,20569.31016900,2020-03-28 19:59:59.999,126625862.10732958,150930,9698.42512600,59722700.83202005,0
2020-03-28 20:00:00,6210.50000000,6295.00000000,6167.70000000,6236.65000000,9385.27068500,2020-03-28 23:59:59.999,58488314.75125489,86350,4734.04119100,29506178.26093127,0
2020-03-29 00:00:00,6236.65000000,6266.00000000,6177.78000000,6202.95000000,4799.94670000,2020-03-29 03:59:59.999,29808254.66314669,44369,2228.22331900,13838896.52323675,0
2020-03-29 04:00:00,6203.93000000,6213.50000000,6116.00000000,6153.90000000,5333.49258100,2020-03-29 07:59:59.999,32854264.65331423,47941,2302.60341200,14193553.52960108,0
2020-03-29 08:00:00,6153.60000000,6210.00000000,6082.60000000,6138.35000000,11677.77546000,2020-03-29 11:59:59.999,71614887.88177335,82382,5904.94094900,36220729.64947016,0
2020-03-29 12:00:00,6138.36000000,6155.00000000,6067.60000000,6129.79000000,8929.53402000,2020-03-29 15:59:59.999,54632421.46061099,75177,4190.52863900,25643316.21408085,0
2020-03-29 16:00:00,6129.91000000,6164.94000000,5885.47000000,5905.29000000,19754.13631300,2020-03-29 19:59:59.999,119007792.34280911,140931,8503.45961200,51237532.95217711,0
2020-03-29 20:00:00,5906.39000000,5963.93000000,5866.56000000,5881.42000000,12816.74264000,2020-03-29 23:59:59.999,75789501.49930857,105909,5951.21199100,35202009.03594729,0
2020-03-30 00:00:00,5880.50000000,6028.83000000,5857.76000000,6009.09000000,13290.62114700,2020-03-30 03:59:59.999,79123121.43255339,91720,6650.21833500,39592790.43923735,0
2020-03-30 04:00:00,6009.28000000,6330.01000000,5991.04000000,6242.69000000,26651.87731100,2020-03-30 07:59:59.999,165151509.76436555,170098,13750.83554300,85203889.88428987,0
2020-03-30 08:00:00,6242.69000000,6395.00000000,6230.24000000,6355.56000000,19430.92161000,2020-03-30 11:59:59.999,122283358.98769308,120530,9915.70256900,62408186.26035295,0
2020-03-30 12:00:00,6355.55000000,6444.00000000,6260.62000000,6343.58000000,22138.80261300,2020-03-30 15:59:59.999,140317063.02999168,139654,10385.45559200,65835782.46423284,0
2020-03-30 16:00:00,6343.90000000,6402.41000000,6303.34000000,6366.74000000,12005.91196900,2020-03-30 19:59:59.999,76285260.54913121,88996,5690.30132800,36162632.32454678,0
2020-03-30 20:00:00,6366.50000000,6599.00000000,6363.78000000,6394.38000000,25371.41534200,2020-03-30 23:59:59.999,164409412.69068482,173036,12470.79961600,80836674.63472143,0
2020-03-31 00:00:00,6394.45000000,6523.23000000,6380.00000000,6439.47000000,12181.86502200,2020-03-31 03:59:59.999,78679447.22667193,88491,5420.12457700,35010930.15031033,0
2020-03-31 04:00:00,6439.47000000,6473.68000000,6378.00000000,6445.09000000,11164.17623300,2020-03-31 07:59:59.999,71738390.35264515,77039,5411.34933100,34775951.26866405,0
2020-03-31 08:00:00,6445.11000000,6505.50000000,6330.01000000,6387.19000000,14864.82928600,2020-03-31 11:59:59.999,95557241.63657162,98549,7204.15898000,46311652.82358842,0
2020-03-31 12:00:00,6387.73000000,6500.00000000,6321.40000000,6454.12000000,16045.91946100,2020-03-31 15:59:59.999,103234711.68202052,118518,8027.22664000,51651916.64694901,0
2020-03-31 16:00:00,6454.12000000,6486.60000000,6401.00000000,6463.47000000,9987.71986700,2020-03-31 19:59:59.999,64407175.80402683,82941,4958.73441700,31985625.91402358,0
2020-03-31 20:00:00,6465.32000000,6494.90000000,6386.89000000,6410.44000000,8093.08539000,2020-03-31 23:59:59.999,52163529.92055113,72693,3709.30838900,23914588.44627519,0
2020-04-01 00:00:00,6412.14000000,6426.52000000,6239.34000000,6368.68000000,16090.23056800,2020-04-01 03:59:59.999,101670700.36210504,112238,7283.49402700,46020482.25204258,0
2020-04-01 04:00:00,6368.74000000,6376.28000000,6271.14000000,6331.96000000,9598.48735200,2020-04-01 07:59:59.999,60632649.45602865,80932,4524.35868600,28577334.10606742,0
2020-04-01 08:00:00,6330.87000000,6330.87000000,6257.32000000,6296.87000000,9145.24135400,2020-04-01 11:59:59.999,57565261.51980692,79003,4652.47495100,29286888.34807771,0
2020-04-01 12:00:00,6297.00000000,6340.81000000,6170.00000000,6230.09000000,16839.38074800,2020-04-01 15:59:59.999,104973796.19992926,136504,8392.54497900,52327116.61389758,0
2020-04-01 16:00:00,6230.01000000,6230.01000000,6150.11000000,6200.81000000,11242.56801600,2020-04-01 19:59:59.999,69603651.96012807,104648,5360.28282300,33192589.64139234,0
2020-04-01 20:00:00,6200.11000000,6679.94000000,6193.10000000,6642.92000000,34584.84436200,2020-04-01 23:59:59.999,224081409.33616616,244736,18948.21472900,122775712.01878851,0
2020-04-02 00:00:00,6643.36000000,6744.00000000,6551.00000000,6606.05000000,18913.08855800,2020-04-02 03:59:59.999,125382993.84949641,137507,9461.19545100,62759246.75818391,0
2020-04-02 04:00:00,6606.05000000,6679.79000000,6565.00000000,6644.00000000,10475.34476800,2020-04-02 07:59:59.999,69355708.73882989,90934,5354.59688800,35457775.29281449,0
2020-04-02 08:00:00,6643.99000000,6720.00000000,6602.58000000,6690.60000000,13134.74080800,2020-04-02 11:59:59.999,87356914.67407750,118951,6783.19849500,45128391.55410531,0
2020-04-02 12:00:00,6690.60000000,6831.59000000,6620.34000000,6805.00000000,25457.40615200,2020-04-02 15:59:59.999,171077608.99505898,200725,12960.56960000,87147457.21361824,0
2020-04-02 16:00:00,6805.00000000,7198.00000000,6723.00000000,6803.25000000,62146.16256500,2020-04-02 19:59:59.999,431426174.38267512,390680,31295.95202500,217507230.67852228,0
2020-04-02 20:00:00,6801.41000000,6867.97000000,6651.00000000,6794.09000000,19173.16402000,2020-04-02 23:59:59.999,129895361.80150432,162246,8866.65128900,60095724.46143267,0
2020-04-03 00:00:00,6793.86000000,6829.61000000,6723.12000000,6782.44000000,9243.12638200,2020-04-03 03:59:59.999,62711792.87219388,90220,4631.73465100,31431843.61601980,0
2020-04-03 04:00:00,6782.44000000,6955.00000000,6746.16000000,6931.46000000,13494.49301400,2020-04-03 07:59:59.999,92409866.39479154,107540,7069.62974900,48435080.45959475,0
2020-04-03 08:00:00,6931.74000000,7048.00000000,6867.00000000,7004.42000000,21811.03627500,2020-04-03 11:59:59.999,151534866.08428705,167028,11096.27347400,77114497.88233222,0
2020-04-03 12:00:00,7004.94000000,7013.87000000,6672.10000000,6711.90000000,30758.80389500,2020-04-03 15:59:59.999,210300169.47785550,215738,14678.07507700,100357639.76290219,0
2020-04-03 16:00:00,6713.34000000,6810.24000000,6602.10000000,6768.15000000,19427.97834300,2020-04-03 19:59:59.999,130302228.53386351,162025,9299.79162000,62406321.21196491,0
2020-04-03 20:00:00,6768.14000000,6813.00000000,6667.33000000,6734.10000000,9344.83903000,2020-04-03 23:59:59.999,62995093.73728064,97905,4302.43410000,29016955.73404813,0
2020-04-04 00:00:00,6732.97000000,6802.94000000,6666.44000000,6696.19000000,7490.87343800,2020-04-04 03:59:59.999,50431666.17346467,77347,3591.34771700,24190169.11472058,0
2020-04-04 04:00:00,6696.51000000,6766.83000000,6685.20000000,6729.54000000,5309.41889800,2020-04-04 07:59:59.999,35702950.56332062,59300,2548.63125400,17138449.00086625,0
2020-04-04 08:00:00,6729.54000000,6900.00000000,6650.01000000,6697.01000000,20030.10738300,2020-04-04 11:59:59.999,136110900.29565186,152706,9879.12442500,67168543.43458710,0
2020-04-04 12:00:00,6696.68000000,6764.94000000,6665.00000000,6730.01000000,10427.42206700,2020-04-04 15:59:59.999,70024187.31565624,92611,4964.65166800,33346564.81359752,0
2020-04-04 16:00:00,6730.01000000,6807.00000000,6711.76000000,6747.35000000,9802.45892300,2020-04-04 19:59:59.999,66360675.26968612,98763,5016.65659500,33970771.37393660,0
2020-04-04 20:00:00,6747.35000000,6990.41000000,6730.00000000,6856.99000000,19930.58043000,2020-04-04 23:59:59.999,136445903.90312464,178324,10418.64502500,71359295.55375748,0
2020-04-05 00:00:00,6857.41000000,6895.54000000,6788.10000000,6797.03000000,7206.08064300,2020-04-05 03:59:59.999,49315192.50402064,77531,3409.96417900,23339507.90326381,0
2020-04-05 04:00:00,6797.37000000,6840.00000000,6744.00000000,6773.22000000,7226.93415300,2020-04-05 07:59:59.999,48988836.56697269,79499,3271.10314900,22179675.97207020,0
2020-04-05 08:00:00,6773.56000000,6843.59000000,6745.87000000,6776.60000000,8132.18259900,2020-04-05 11:59:59.999,55154766.67973003,79916,4059.30560000,27539108.81701018,0
2020-04-05 12:00:00,6777.11000000,6822.52000000,6758.00000000,6784.74000000,6323.32586900,2020-04-05 15:59:59.999,42932233.27806455,71279,3086.28378600,20955999.95710345,0
2020-04-05 16:00:00,6783.64000000,6840.00000000,6677.52000000,6792.99000000,12974.95805700,2020-04-05 19:59:59.999,87718743.48170259,116720,6289.94192600,42541798.07339630,0
2020-04-05 20:00:00,6792.39000000,6810.00000000,6721.58000000,6772.78000000,7821.87566200,2020-04-05 23:59:59.999,52952310.49153744,81488,3758.97967200,25452729.66593118,0
2020-04-06 00:00:00,6772.78000000,6888.00000000,6765.00000000,6843.82000000,11597.39985100,2020-04-06 03:59:59.999,79270211.56344169,96547,6014.51413300,41111218.60836473,0
2020-04-06 04:00:00,6843.83000000,7100.39000000,6843.83000000,7031.54000000,27475.34059500,2020-04-06 07:59:59.999,191958075.36093649,216480,14157.83813200,98894065.18798877,0
2020-04-06 08:00:00,7030.48000000,7148.00000000,7010.00000000,7099.00000000,18295.08223200,2020-04-06 11:59:59.999,129757139.77964170,162797,8885.10720400,63026789.03850796,0
2020-04-06 12:00:00,7099.01000000,7163.00000000,7030.02000000,7143.00000000,18590.30372200,2020-04-06 15:59:59.999,132150781.21756518,164160,9150.90327800,65067125.57150423,0
2020-04-06 16:00:00,7142.99000000,7309.00000000,7080.00000000,7265.86000000,26525.90737600,2020-04-06 19:59:59.999,191179085.09633089,191557,13665.92042500,98500293.09080514,0
2020-04-06 20:00:00,7265.86000000,7355.14000000,7183.66000000,7329.90000000,15567.96705600,2020-04-06 23:59:59.999,113042371.63400548,125045,7447.92570100,54107264.71110815,0
2020-04-07 00:00:00,7329.90000000,7454.00000000,7254.79000000,7322.07000000,21904.65306700,2020-04-07 03:59:59.999,161179654.65571800,173358,10575.39666700,77846237.59200632,0
2020-04-07 04:00:00,7322.08000000,7388.00000000,7226.07000000,7378.08000000,14375.84365500,2020-04-07 07:59:59.999,104942580.47799144,128705,7211.72513700,52663580.05413676,0
2020-04-07 08:00:00,7377.26000000,7440.00000000,7318.12000000,7381.01000000,14932.80401300,2020-04-07 11:59:59.999,110237039.07070639,141534,7253.70162600,53550028.39797607,0
2020-04-07 12:00:00,7381.03000000,7459.69000000,7260.00000000,7318.04000000,20538.89558300,2020-04-07 15:59:59.999,150871088.66623867,184341,9203.97661600,67645413.94628032,0
2020-04-07 16:00:00,7318.30000000,7388.04000000,7280.12000000,7287.55000000,11100.65643800,2020-04-07 19:59:59.999,81434169.50950486,119214,5545.40524200,40683403.70881374,0
2020-04-07 20:00:00,7287.62000000,7293.29000000,7077.00000000,7197.32000000,20732.31616200,2020-04-07 23:59:59.999,148537254.31750379,177284,9021.06250100,64619764.02632590,0
2020-04-08 00:00:00,7197.32000000,7388.00000000,7150.00000000,7353.41000000,14803.94571100,2020-04-08 03:59:59.999,107518874.37775110,130948,8288.63931400,60209006.42254973,0
2020-04-08 04:00:00,7352.70000000,7420.00000000,7282.00000000,7321.85000000,13083.96230500,2020-04-08 07:59:59.999,96152399.38433784,131853,6914.40253200,50828277.51482723,0
2020-04-08 08:00:00,7320.76000000,7342.91000000,7216.23000000,7292.92000000,13288.80678600,2020-04-08 11:59:59.999,96773691.31147299,135639,6392.27495600,46557162.96043702,0
2020-04-08 12:00:00,7292.26000000,7342.45000000,7200.00000000,7276.83000000,13564.74112600,2020-04-08 15:59:59.999,98588035.62655661,127313,6722.33349400,48867703.79868344,0
2020-04-08 16:00:00,7277.42000000,7349.99000000,7251.64000000,7306.09000000,11606.30544800,2020-04-08 19:59:59.999,84766107.26524248,116088,5991.79229600,43762672.84377834,0
2020-04-08 20:00:00,7307.60000000,7390.00000000,7290.00000000,7361.28000000,9711.38446200,2020-04-08 23:59:59.999,71323492.30966488,108675,4691.10997300,34460986.23719027,0
2020-04-09 00:00:00,7360.26000000,7371.92000000,7260.00000000,7286.34000000,7753.15823200,2020-04-09 03:59:59.999,56716553.02901531,92267,3361.30307600,24589345.58847523,0
2020-04-09 04:00:00,7286.35000000,7339.09000000,7234.96000000,7330.00000000,7534.62748700,2020-04-09 07:59:59.999,54927779.61193491,87790,3372.74846400,24598387.46271758,0
2020-04-09 08:00:00,7329.99000000,7349.00000000,7150.00000000,7183.98000000,12544.66025600,2020-04-09 11:59:59.999,91269421.69931481,130906,5584.56242900,40671764.90980581,0
2020-04-09 12:00:00,7184.00000000,7350.00000000,7108.08000000,7282.68000000,20032.49398400,2020-04-09 15:59:59.999,145507568.69087341,189679,10104.03548200,73411468.77985770,0
2020-04-09 16:00:00,7283.13000000,7314.12000000,7232.00000000,7262.85000000,8328.62153200,2020-04-09 19:59:59.999,60597693.42084183,107346,3840.82827300,27943039.88959107,0
2020-04-09 20:00:00,7262.85000000,7315.00000000,7241.00000000,7283.54000000,4901.31092600,2020-04-09 23:59:59.999,35722069.45177834,78219,2538.41512700,18504583.51244879,0
2020-04-10 00:00:00,7283.54000000,7295.75000000,7157.45000000,7175.78000000,10099.95899400,2020-04-10 03:59:59.999,73043098.84418093,122521,4715.36692700,34101934.09823846,0
2020-04-10 04:00:00,7175.77000000,7175.78000000,6870.00000000,6922.98000000,33951.54781600,2020-04-10 07:59:59.999,237728920.73176133,272466,14739.07334200,103194752.95363603,0
2020-04-10 08:00:00,6922.89000000,6958.22000000,6853.70000000,6898.24000000,14066.59843600,2020-04-10 11:59:59.999,97258259.47067347,143695,7118.90175500,49227671.24125770,0
2020-04-10 12:00:00,6898.24000000,6930.00000000,6739.98000000,6766.43000000,21929.88500000,2020-04-10 15:59:59.999,150096086.36506948,173373,9978.13678400,68335786.53954106,0
2020-04-10 16:00:00,6766.76000000,6948.00000000,6740.09000000,6900.31000000,16649.61469400,2020-04-10 19:59:59.999,114260053.06526462,149461,7941.35910400,54512235.14459644,0
2020-04-10 20:00:00,6900.13000000,6931.93000000,6818.88000000,6858.92000000,7977.01843500,2020-04-10 23:59:59.999,54895172.29498999,87534,3466.12289300,23849850.72088062,0
2020-04-11 00:00:00,6858.92000000,6920.00000000,6836.41000000,6907.82000000,6027.43832500,2020-04-11 03:59:59.999,41533418.48372073,69076,2937.27702700,20240803.16846363,0
2020-04-11 04:00:00,6907.08000000,6944.30000000,6860.00000000,6876.70000000,8148.95288000,2020-04-11 07:59:59.999,56283977.49287087,82663,3670.17250900,25355040.11093229,0
2020-04-11 08:00:00,6876.43000000,6896.78000000,6830.00000000,6878.21000000,7649.51617000,2020-04-11 11:59:59.999,52495415.44604793,80865,3312.67352700,22730723.64470154,0
2020-04-11 12:00:00,6878.38000000,6888.92000000,6802.80000000,6831.28000000,6736.28893500,2020-04-11 15:59:59.999,46103033.11144620,76154,3248.52442300,22235000.90764232,0
2020-04-11 16:00:00,6831.32000000,6859.00000000,6771.44000000,6803.22000000,8373.55872400,2020-04-11 19:59:59.999,56994971.26044160,87225,3910.16195000,26619244.42244910,0
2020-04-11 20:00:00,6803.22000000,6887.05000000,6760.00000000,6876.83000000,8534.53817200,2020-04-11 23:59:59.999,58288757.72214663,88635,4078.31894500,27855346.29292958,0
2020-04-12 00:00:00,6876.84000000,6906.26000000,6789.00000000,6806.49000000,6409.66974500,2020-04-12 03:59:59.999,43887819.75300374,71933,3190.71269000,21855674.50266682,0
2020-04-12 04:00:00,6806.50000000,6845.67000000,6780.00000000,6828.64000000,4488.84246800,2020-04-12 07:59:59.999,30601466.69113934,53252,2150.80978200,14660625.82645323,0
2020-04-12 08:00:00,6828.64000000,6878.00000000,6820.00000000,6847.18000000,5497.02054700,2020-04-12 11:59:59.999,37614136.28099521,60186,2566.15615400,17561907.27083570,0
2020-04-12 12:00:00,6846.83000000,7034.75000000,6846.66000000,7018.99000000,16702.16958600,2020-04-12 15:59:59.999,115978269.62292815,143312,7915.20647700,54963940.09870161,0
2020-04-12 16:00:00,7018.99000000,7177.00000000,7012.00000000,7112.13000000,23559.02253800,2020-04-12 19:59:59.999,167216559.39795607,178680,12257.96424900,87039200.67845515,0
2020-04-12 20:00:00,7112.13000000,7159.86000000,6885.00000000,6903.79000000,17211.94161700,2020-04-12 23:59:59.999,120936783.44048881,140960,7557.10933500,53125524.80560705,0
2020-04-13 00:00:00,6903.79000000,6903.79000000,6575.00000000,6675.52000000,27595.62019100,2020-04-13 03:59:59.999,185338418.79700467,214315,11813.92206000,79341685.00178463,0
2020-04-13 04:00:00,6675.53000000,6738.34000000,6638.00000000,6699.34000000,9936.00426400,2020-04-13 07:59:59.999,66568950.05869586,92562,4757.22437000,31873525.81595421,0
2020-04-13 08:00:00,6699.39000000,6833.00000000,6655.33000000,6771.01000000,14358.49721400,2020-04-13 11:59:59.999,96757445.68565047,116798,6830.54622700,46033951.77193049,0
2020-04-13 12:00:00,6771.01000000,6809.97000000,6603.00000000,6765.65000000,22650.54541800,2020-04-13 15:59:59.999,151858573.06462146,172485,11017.60183000,73887790.35717277,0
2020-04-13 16:00:00,6765.66000000,6803.00000000,6725.00000000,6772.74000000,9824.39749100,2020-04-13 19:59:59.999,66472948.77160803,93510,4229.35462700,28621827.30587800,0
2020-04-13 20:00:00,6772.72000000,6891.10000000,6772.67000000,6837.91000000,12050.41199500,2020-04-13 23:59:59.999,82394344.87092209,114509,5999.84307300,41022208.45721086,0
2020-04-14 00:00:00,6838.04000000,6918.41000000,6802.10000000,6885.07000000,9064.81703900,2020-04-14 03:59:59.999,62114325.29243288,84771,4127.61598900,28286211.44149823,0
2020-04-14 04:00:00,6885.29000000,6921.35000000,6815.77000000,6817.77000000,10607.58557100,2020-04-14 07:59:59.999,72924632.80464696,93807,4966.41619000,34144830.38769904,0
2020-04-14 08:00:00,6817.77000000,6878.01000000,6754.28000000,6827.82000000,12285.23024600,2020-04-14 11:59:59.999,83707234.47910057,107342,5714.84112100,38936075.38323752,0
2020-04-14 12:00:00,6827.78000000,6949.00000000,6797.41000000,6906.38000000,17100.78816200,2020-04-14 15:59:59.999,117829929.55394541,135051,8193.75502300,56466844.03189988,0
2020-04-14 16:00:00,6906.40000000,6978.00000000,6859.59000000,6918.18000000,12904.29508400,2020-04-14 19:59:59.999,89380091.09143559,107306,5935.42308300,41108331.91741900,0
2020-04-14 20:00:00,6918.18000000,6932.65000000,6825.15000000,6868.70000000,7105.90718300,2020-04-14 23:59:59.999,48838562.97054971,80388,3081.27093100,21180700.56482272,0
2020-04-15 00:00:00,6868.57000000,6918.52000000,6810.06000000,6906.56000000,6767.49774300,2020-04-15 03:59:59.999,46440221.65260263,72837,3190.99402200,21903120.32496425,0
2020-04-15 04:00:00,6906.56000000,6933.00000000,6858.63000000,6862.05000000,6687.87968300,2020-04-15 07:59:59.999,46116836.03135388,74005,3468.41392400,23922310.39009062,0
2020-04-15 08:00:00,6862.06000000,6880.00000000,6750.00000000,6783.00000000,13205.80473700,2020-04-15 11:59:59.999,89984183.96675011,110554,6255.72054500,42642398.93541350,0
2020-04-15 12:00:00,6782.86000000,6783.47000000,6680.10000000,6701.90000000,18153.09557600,2020-04-15 15:59:59.999,122043929.45046806,142842,9331.38079200,62737037.63039922,0
2020-04-15 16:00:00,6701.90000000,6773.89000000,6690.00000000,6730.01000000,7244.39810300,2020-04-15 19:59:59.999,48838944.03373359,83427,3397.95980500,22908805.03705632,0
2020-04-15 20:00:00,6730.01000000,6761.99000000,6605.00000000,6621.24000000,9512.70915200,2020-04-15 23:59:59.999,63523375.48078745,97709,4222.42316200,28210503.84211319,0
2020-04-16 00:00:00,6621.25000000,6667.94000000,6468.27000000,6651.87000000,18685.91965700,2020-04-16 03:59:59.999,122887539.57897800,152691,7998.23152300,52633711.60505618,0
2020-04-16 04:00:00,6651.69000000,6980.00000000,6621.35000000,6892.40000000,26267.96592000,2020-04-16 07:59:59.999,179391805.08571439,185582,13687.54674400,93492839.54370553,0
2020-04-16 08:00:00,6893.24000000,7147.28000000,6871.13000000,7023.99000000,30760.13776100,2020-04-16 11:59:59.999,215771797.98707408,223034,16519.98990900,115888692.25450462,0
2020-04-16 12:00:00,7023.98000000,7093.00000000,6930.00000000,7045.51000000,18710.31546900,2020-04-16 15:59:59.999,131348249.13451921,151761,9599.79157000,67400896.64836794,0
2020-04-16 16:00:00,7046.29000000,7095.00000000,6952.20000000,7070.79000000,13183.36582200,2020-04-16 19:59:59.999,92483275.88433856,106832,6819.80968300,47853311.72892841,0
2020-04-16 20:00:00,7071.01000000,7190.00000000,6970.03000000,7101.94000000,17402.15291000,2020-04-16 23:59:59.999,123394875.72406918,151263,8625.83490200,61205687.32773440,0
2020-04-17 00:00:00,7101.99000000,7138.26000000,7015.01000000,7086.18000000,9884.65161100,2020-04-17 03:59:59.999,69969886.02583359,93948,4402.95074300,31169354.91720164,0
2020-04-17 04:00:00,7086.18000000,7087.76000000,7015.00000000,7043.38000000,7998.54419500,2020-04-17 07:59:59.999,56380688.49869312,90279,3871.65117900,27292321.42799976,0
2020-04-17 08:00:00,7043.17000000,7126.33000000,7026.09000000,7074.61000000,9779.42734000,2020-04-17 11:59:59.999,69266474.22444887,100005,4497.31586500,31855995.20836596,0
2020-04-17 12:00:00,7075.23000000,7100.00000000,6972.98000000,7037.94000000,11784.18966000,2020-04-17 15:59:59.999,82996182.06229285,103119,5617.82090600,39561517.99030596,0
2020-04-17 16:00:00,7037.95000000,7090.39000000,7022.50000000,7072.71000000,6419.15700800,2020-04-17 19:59:59.999,45253316.77237601,69724,3185.90033000,22464915.54266802,0
2020-04-17 20:00:00,7071.48000000,7148.12000000,7015.00000000,7027.55000000,8260.53994900,2020-04-17 23:59:59.999,58467688.58583449,80479,4398.33165400,31145432.08799260,0
2020-04-18 00:00:00,7026.78000000,7109.99000000,7014.40000000,7086.80000000,5659.38365600,2020-04-18 03:59:59.999,40049042.18190792,64744,2810.03327100,19887158.35416278,0
2020-04-18 04:00:00,7085.86000000,7120.00000000,7077.44000000,7089.72000000,3556.76921300,2020-04-18 07:59:59.999,25233633.48476473,47346,1651.18218700,11714014.42831425,0
2020-04-18 08:00:00,7089.78000000,7120.93000000,7054.11000000,7104.52000000,4562.15589000,2020-04-18 11:59:59.999,32328076.30555492,56984,2244.23407300,15905865.75685303,0
2020-04-18 12:00:00,7104.52000000,7268.90000000,7078.74000000,7243.37000000,19266.29656300,2020-04-18 15:59:59.999,138547969.80161449,151642,9496.70107500,68285690.15552729,0
2020-04-18 16:00:00,7243.65000000,7255.00000000,7155.01000000,7211.20000000,8898.46700200,2020-04-18 19:59:59.999,64049212.00047071,88579,4076.44487600,29342374.12234326,0
2020-04-18 20:00:00,7211.20000000,7293.08000000,7199.00000000,7248.60000000,7545.47049500,2020-04-18 23:59:59.999,54637150.00187617,85375,3702.04924900,26815007.55291540,0
2020-04-19 00:00:00,7248.60000000,7266.15000000,7180.00000000,7229.96000000,6153.51506000,2020-04-19 03:59:59.999,44426566.92762318,68256,2866.11242500,20692076.07143628,0
2020-04-19 04:00:00,7229.27000000,7243.79000000,7100.00000000,7146.77000000,9449.90608100,2020-04-19 07:59:59.999,67665105.06970604,90872,4428.31953700,31707331.07396698,0
2020-04-19 08:00:00,7145.49000000,7186.00000000,7123.18000000,7163.19000000,5442.13513900,2020-04-19 11:59:59.999,38920514.65492324,63874,2642.62887000,18900598.85319808,0
2020-04-19 12:00:00,7162.66000000,7170.00000000,7055.60000000,7097.33000000,10911.21281700,2020-04-19 15:59:59.999,77514357.95439619,99900,4964.09740400,35264235.91273921,0
2020-04-19 16:00:00,7097.34000000,7170.58000000,7086.00000000,7134.28000000,6586.68198000,2020-04-19 19:59:59.999,47004005.36263351,81801,3107.74330700,22176866.24773568,0
2020-04-19 20:00:00,7134.25000000,7210.00000000,7104.28000000,7120.74000000,7121.41285300,2020-04-19 23:59:59.999,50955036.96245618,78871,3510.12943300,25113309.21161247,0
2020-04-20 00:00:00,7121.40000000,7187.00000000,7082.00000000,7161.03000000,6858.48936100,2020-04-20 03:59:59.999,49031567.01129149,70999,3376.50534600,24135170.01170859,0
2020-04-20 04:00:00,7161.55000000,7220.00000000,7154.01000000,7184.94000000,6908.25233500,2020-04-20 07:59:59.999,49603797.71626993,78223,3269.13932200,23475681.86289417,0
2020-04-20 08:00:00,7185.18000000,7188.32000000,6955.37000000,6966.55000000,16368.26072700,2020-04-20 11:59:59.999,115706626.97896408,143471,7105.04166900,50231261.32343007,0
2020-04-20 12:00:00,6965.42000000,7094.26000000,6912.34000000,7071.40000000,17542.63541100,2020-04-20 15:59:59.999,123098040.19999475,142662,8074.36579200,56656260.26055380,0
2020-04-20 16:00:00,7071.40000000,7087.85000000,6766.43000000,6768.88000000,30142.50819100,2020-04-20 19:59:59.999,207818046.74454426,228345,13087.91899300,90313264.67915496,0
2020-04-20 20:00:00,6768.94000000,6894.32000000,6751.00000000,6826.83000000,12329.34534500,2020-04-20 23:59:59.999,84354290.09662470,121474,5514.54481100,37719586.17506944,0
2020-04-21 00:00:00,6828.98000000,6917.00000000,6811.05000000,6857.92000000,7810.88929300,2020-04-21 03:59:59.999,53668387.00344892,77257,3670.69377000,25219168.19513665,0
2020-04-21 04:00:00,6857.92000000,6902.00000000,6830.29000000,6878.68000000,7000.64034900,2020-04-21 07:59:59.999,48094417.63842959,68081,3286.51124300,22579830.05211530,0
2020-04-21 08:00:00,6878.62000000,6892.90000000,6762.00000000,6793.29000000,12823.74341400,2020-04-21 11:59:59.999,87474300.75067571,112360,6125.86454700,41793177.13494035,0
2020-04-21 12:00:00,6792.79000000,6875.00000000,6782.00000000,6830.80000000,13356.22174800,2020-04-21 15:59:59.999,91175366.90069697,125104,6161.89600000,42074474.79334568,0
2020-04-21 16:00:00,6830.79000000,6940.00000000,6811.11000000,6864.92000000,13522.33366400,2020-04-21 19:59:59.999,92930364.32432901,113615,5824.79238500,40038247.05579141,0
2020-04-21 20:00:00,6863.95000000,6915.40000000,6830.00000000,6841.37000000,5595.88234000,2020-04-21 23:59:59.999,38457769.46401692,59380,2662.40645300,18298808.08939564,0
2020-04-22 00:00:00,6841.36000000,6888.00000000,6818.00000000,6862.24000000,5404.47276300,2020-04-22 03:59:59.999,37006330.04964362,59815,2464.07844600,16872729.27609146,0
2020-04-22 04:00:00,6862.24000000,6964.84000000,6842.53000000,6942.11000000,10374.34921400,2020-04-22 07:59:59.999,71705607.14546649,84605,4741.30377200,32758932.92615049,0
2020-04-22 08:00:00,6941.78000000,6974.57000000,6918.07000000,6955.80000000,7500.47797100,2020-04-22 11:59:59.999,52092205.23809558,66625,3091.57455900,21474322.36339393,0
2020-04-22 12:00:00,6955.81000000,7132.00000000,6928.43000000,7112.20000000,20387.75327800,2020-04-22 15:59:59.999,143796692.88868711,148255,9766.16346200,68864091.39809138,0
2020-04-22 16:00:00,7112.15000000,7156.38000000,7062.60000000,7085.57000000,12138.56524900,2020-04-22 19:59:59.999,86289845.46453413,94318,5548.45777400,39450410.76580121,0
2020-04-22 20:00:00,7085.56000000,7131.67000000,7079.41000000,7125.14000000,5680.75885900,2020-04-22 23:59:59.999,40380965.38917212,55041,2647.28190900,18820829.23232487,0
2020-04-23 00:00:00,7125.12000000,7183.00000000,7100.00000000,7113.27000000,8483.46883600,2020-04-23 03:59:59.999,60574259.10310830,93970,4268.98145100,30487253.92366846,0
2020-04-23 04:00:00,7113.27000000,7138.00000000,7020.00000000,7061.54000000,11068.02563200,2020-04-23 07:59:59.999,78315043.69564968,105501,5035.38690600,35628896.07350006,0
2020-04-23 08:00:00,7061.35000000,7144.00000000,7046.21000000,7133.39000000,9010.84991500,2020-04-23 11:59:59.999,63877583.94593679,91764,4682.80795100,33205855.68625191,0
2020-04-23 12:00:00,7133.89000000,7738.00000000,7108.23000000,7530.10000000,47597.90534600,2020-04-23 15:59:59.999,353133143.82991525,341474,26087.57923900,193311225.71061632,0
2020-04-23 16:00:00,7528.78000000,7600.00000000,7485.00000000,7522.01000000,14458.89077700,2020-04-23 19:59:59.999,108918800.55449780,136540,6896.03918900,51955054.73625631,0
2020-04-23 20:00:00,7522.00000000,7616.16000000,7420.00000000,7482.39000000,12154.42905500,2020-04-23 23:59:59.999,91501382.45674433,111850,5504.80380500,41453278.69415761,0
2020-04-24 00:00:00,7483.96000000,7550.00000000,7457.95000000,7523.00000000,8198.91191100,2020-04-24 03:59:59.999,61510139.01994798,86635,3892.39434300,29204202.30344426,0
2020-04-24 04:00:00,7522.95000000,7586.92000000,7491.59000000,7568.68000000,8285.19858500,2020-04-24 07:59:59.999,62408550.85759279,86082,3939.06833500,29676260.28221324,0
2020-04-24 08:00:00,7568.68000000,7615.96000000,7480.00000000,7494.03000000,15430.61463100,2020-04-24 11:59:59.999,116463170.55281050,138654,6998.89527400,52828187.88398862,0
2020-04-24 12:00:00,7494.03000000,7529.00000000,7388.00000000,7503.12000000,16703.61773400,2020-04-24 15:59:59.999,124872667.94050819,137424,8951.45977100,66927771.81770962,0
2020-04-24 16:00:00,7503.13000000,7544.17000000,7478.07000000,7521.58000000,6369.48224700,2020-04-24 19:59:59.999,47840299.24948591,82599,3189.27557800,23955407.33419714,0
2020-04-24 20:00:00,7521.65000000,7550.00000000,7467.09000000,7505.00000000,5194.29483100,2020-04-24 23:59:59.999,39023310.17365625,69699,2441.41584200,18339749.69910029,0
2020-04-25 00:00:00,7505.00000000,7512.00000000,7431.07000000,7480.78000000,2938.77791600,2020-04-25 01:59:59.999,21960535.09667009,33965,1322.91604800,9886625.24599816,0
2020-04-25 04:00:00,7480.68000000,7594.00000000,7480.68000000,7561.48000000,7670.53005100,2020-04-25 07:59:59.999,57905077.54379983,89236,3921.29187100,29605807.20860929,0
2020-04-25 08:00:00,7561.68000000,7601.50000000,7512.00000000,7532.97000000,9758.57837500,2020-04-25 11:59:59.999,73706480.33728513,111367,4249.03617500,32096297.53765678,0
2020-04-25 12:00:00,7532.35000000,7705.00000000,7513.00000000,7528.84000000,12359.22109300,2020-04-25 15:59:59.999,93755654.76146568,134602,6352.71190500,48226580.41057552,0
2020-04-25 16:00:00,7528.85000000,7566.59000000,7476.54000000,7542.81000000,7181.80229900,2020-04-25 19:59:59.999,54100559.35407531,88185,3405.18382600,25654499.55401537,0
2020-04-25 20:00:00,7542.82000000,7560.00000000,7500.00000000,7538.67000000,3965.51799200,2020-04-25 23:59:59.999,29863743.67867707,64588,1860.00112100,14010368.42304449,0
2020-04-26 00:00:00,7539.03000000,7583.00000000,7522.17000000,7565.71000000,4443.46276100,2020-04-26 03:59:59.999,33594204.42078372,62484,2203.50264900,16661737.65919647,0
2020-04-26 04:00:00,7565.71000000,7566.53000000,7525.00000000,7546.66000000,3917.34816700,2020-04-26 07:59:59.999,29559081.42838264,53079,1794.74490600,13543718.01184278,0
2020-04-26 08:00:00,7546.67000000,7678.00000000,7530.00000000,7660.40000000,10305.87155900,2020-04-26 11:59:59.999,78442539.92028482,101565,5241.42587800,39888624.63827742,0
2020-04-26 12:00:00,7660.39000000,7700.00000000,7480.00000000,7545.01000000,16819.81885900,2020-04-26 15:59:59.999,128097371.50382720,166873,7684.68598400,58551181.33148862,0
2020-04-26 16:00:00,7545.01000000,7658.00000000,7534.07000000,7646.63000000,7365.08384100,2020-04-26 19:59:59.999,55927741.11982748,82097,3816.97556700,28993692.08187221,0
2020-04-26 20:00:00,7647.46000000,7695.00000000,7577.27000000,7693.10000000,7671.03102200,2020-04-26 23:59:59.999,58581844.88160371,88382,3966.15924100,30300835.04876504,0
2020-04-27 00:00:00,7693.10000000,7792.02000000,7643.75000000,7733.00000000,16575.12772000,2020-04-27 03:59:59.999,128064724.64566328,141475,8385.55469300,64788381.24005723,0
2020-04-27 04:00:00,7733.01000000,7748.22000000,7630.00000000,7697.91000000,10439.28309600,2020-04-27 07:59:59.999,80319449.80977164,112483,4828.08721100,37151676.68609635,0
2020-04-27 08:00:00,7697.77000000,7738.00000000,7664.66000000,7717.89000000,9507.32763000,2020-04-27 11:59:59.999,73246440.15423304,101094,4333.53617900,33389959.97784998,0
2020-04-27 12:00:00,7717.89000000,7725.00000000,7606.00000000,7675.58000000,12708.45847300,2020-04-27 15:59:59.999,97520936.97201187,119134,5729.14553600,43970562.78124318,0
2020-04-27 16:00:00,7675.59000000,7720.00000000,7633.99000000,7698.32000000,9024.96953100,2020-04-27 19:59:59.999,69286261.94515402,80787,4618.52519500,35458597.15696782,0
2020-04-27 20:00:00,7698.74000000,7779.00000000,7680.32000000,7774.62000000,7186.17312600,2020-04-27 23:59:59.999,55587998.12441969,82827,3699.25778200,28621247.06674556,0
2020-04-28 00:00:00,7773.51000000,7780.00000000,7665.00000000,7701.29000000,8554.60885000,2020-04-28 03:59:59.999,65941656.83656866,81276,3806.21635300,29344337.28918674,0
2020-04-28 04:00:00,7701.60000000,7725.00000000,7659.12000000,7705.99000000,7224.45038300,2020-04-28 07:59:59.999,55579001.16774755,79592,3648.99533500,28071119.22253794,0
2020-04-28 08:00:00,7705.99000000,7753.00000000,7680.00000000,7728.62000000,8189.55178400,2020-04-28 11:59:59.999,63260454.70638016,89855,3699.79663700,28583100.55943574,0
2020-04-28 12:00:00,7728.62000000,7764.10000000,7665.21000000,7716.91000000,10912.38403700,2020-04-28 15:59:59.999,84276444.78347734,112077,4788.32403200,36992248.48163911,0
2020-04-28 16:00:00,7717.12000000,7746.00000000,7706.26000000,7717.04000000,5995.29239900,2020-04-28 19:59:59.999,46328934.38090793,75151,2654.23564600,20511088.06300934,0
2020-04-28 20:00:00,7716.84000000,7770.00000000,7703.91000000,7738.98000000,5426.46518500,2020-04-28 23:59:59.999,42005289.05568103,61463,2707.93335700,20966640.47263997,0
2020-04-29 00:00:00,7738.58000000,7850.00000000,7710.05000000,7815.30000000,13577.87770900,2020-04-29 03:59:59.999,105681305.45729416,116602,6432.81093000,50069270.18784036,0
2020-04-29 04:00:00,7815.38000000,7966.00000000,7800.56000000,7945.00000000,17211.86384500,2020-04-29 07:59:59.999,135972438.66228918,143838,8697.70097500,68721500.28133293,0
2020-04-29 08:00:00,7945.00000000,8174.85000000,7928.00000000,8126.98000000,26668.36339900,2020-04-29 11:59:59.999,214917089.59368198,207873,14091.04296800,113543008.20862855,0
2020-04-29 12:00:00,8126.97000000,8387.97000000,8119.60000000,8357.06000000,38910.53494800,2020-04-29 15:59:59.999,322451017.26760720,260811,19188.02818000,159017413.36011731,0
2020-04-29 16:00:00,8358.60000000,8952.89000000,8325.23000000,8721.22000000,63818.49856600,2020-04-29 19:59:59.999,552020698.97152934,481507,32356.95609300,279896571.65195616,0
2020-04-29 20:00:00,8721.22000000,8932.00000000,8681.00000000,8778.57000000,23359.74904700,2020-04-29 23:59:59.999,205347627.09254710,222497,10695.46647100,94044411.37731306,0
2020-04-30 00:00:00,8778.58000000,9300.87000000,8707.11000000,9288.98000000,29111.91425600,2020-04-30 03:59:59.999,261836726.76191633,253261,15555.80703800,140043772.39167442,0
2020-04-30 04:00:00,9289.97000000,9460.00000000,9011.54000000,9177.01000000,48103.14316700,2020-04-30 07:59:59.999,444913009.07409761,387971,22942.08942700,212263939.93471045,0
2020-04-30 08:00:00,9177.95000000,9222.91000000,8542.57000000,8839.63000000,50919.68044000,2020-04-30 11:59:59.999,451924985.78975433,399715,24058.31768200,213669351.06400111,0
2020-04-30 12:00:00,8837.98000000,8915.00000000,8696.55000000,8776.95000000,22166.12593800,2020-04-30 15:59:59.999,195295462.25423111,182524,10159.80678600,89547091.48935213,0
2020-04-30 16:00:00,8776.94000000,8859.11000000,8401.00000000,8836.01000000,39316.74107500,2020-04-30 19:59:59.999,339781365.99452016,280804,18784.18783100,162376153.60525694,0
2020-04-30 20:00:00,8836.01000000,8882.78000000,8573.98000000,8620.00000000,16659.60924800,2020-04-30 23:59:59.999,145532357.58799984,157279,7984.26761300,69775089.69269890,0
2020-05-01 00:00:00,8620.00000000,8762.04000000,8613.56000000,8675.35000000,9597.95860400,2020-05-01 03:59:59.999,83468517.72662520,104624,4565.00453400,39699013.38002377,0
2020-05-01 04:00:00,8675.10000000,8835.70000000,8674.01000000,8767.18000000,11156.71631400,2020-05-01 07:59:59.999,97768665.76722305,117688,6071.46824700,53196486.26192766,0
2020-05-01 08:00:00,8767.18000000,9059.18000000,8745.01000000,8995.66000000,19446.52618500,2020-05-01 11:59:59.999,172925820.95602881,173152,10285.20683400,91456805.55683640,0
2020-05-01 12:00:00,8995.73000000,9022.00000000,8716.28000000,8726.84000000,27077.08824100,2020-05-01 15:59:59.999,239624393.92223001,210115,11872.61038600,104984169.52526149,0
2020-05-01 16:00:00,8726.88000000,8780.00000000,8655.31000000,8727.82000000,13872.01772200,2020-05-01 19:59:59.999,121059962.41770184,137688,6529.19806700,56995758.70043242,0
2020-05-01 20:00:00,8727.97000000,8893.43000000,8663.28000000,8826.96000000,10318.50799300,2020-05-01 23:59:59.999,90792765.84106154,122693,5439.86641300,47884156.47938371,0
2020-05-02 00:00:00,8825.67000000,8856.40000000,8753.00000000,8834.08000000,6874.59462200,2020-05-02 03:59:59.999,60571460.14331044,86175,3338.79880000,29422355.07493686,0
2020-05-02 04:00:00,8834.29000000,8856.76000000,8782.62000000,8799.01000000,6496.65351900,2020-05-02 07:59:59.999,57287630.15635054,75114,3383.38367300,29840479.09397722,0
2020-05-02 08:00:00,8799.00000000,8887.00000000,8768.00000000,8834.00000000,9660.46324900,2020-05-02 11:59:59.999,85259450.85959152,92164,5754.07333700,50794485.21119891,0
2020-05-02 12:00:00,8834.84000000,8967.62000000,8834.84000000,8936.41000000,13856.88944600,2020-05-02 15:59:59.999,123438125.38648503,136581,7376.83401600,65714140.15086561,0
2020-05-02 16:00:00,8936.41000000,9010.00000000,8811.00000000,8878.11000000,14803.39046100,2020-05-02 19:59:59.999,132010973.63335729,155337,6625.83624400,59129969.44679390,0
2020-05-02 20:00:00,8878.00000000,8985.00000000,8860.00000000,8972.05000000,7310.09625300,2020-05-02 23:59:59.999,65271219.36515436,92513,3921.42737900,35016039.36382882,0
2020-05-03 00:00:00,8972.58000000,9200.00000000,8937.00000000,9132.95000000,19551.91170800,2020-05-03 03:59:59.999,178137240.13979156,181024,10436.43933800,95066023.22856309,0
2020-05-03 04:00:00,9133.25000000,9150.23000000,8911.35000000,8990.75000000,14553.27638300,2020-05-03 07:59:59.999,131425366.68613414,130332,7219.32178700,65185166.43884044,0
2020-05-03 08:00:00,8990.75000000,9140.00000000,8966.22000000,9045.50000000,10191.33217600,2020-05-03 11:59:59.999,92351679.92114088,114211,5203.52334700,47167237.33865280,0
2020-05-03 12:00:00,9045.62000000,9094.00000000,8712.00000000,8813.00000000,27163.18884900,2020-05-03 15:59:59.999,240984301.58387523,228813,12146.47256300,107777400.51766116,0
2020-05-03 16:00:00,8812.78000000,8906.00000000,8781.20000000,8872.34000000,9156.81371400,2020-05-03 19:59:59.999,81070392.54285854,103206,4584.28267700,40597874.31326115,0
2020-05-03 20:00:00,8871.31000000,8955.00000000,8790.00000000,8894.16000000,9509.54281300,2020-05-03 23:59:59.999,84458115.05835877,119874,4731.33068800,42030739.96425857,0
2020-05-04 00:00:00,8894.15000000,8936.10000000,8630.55000000,8730.84000000,16450.04869600,2020-05-04 03:59:59.999,143970785.99802574,153819,7257.53439600,63558745.34527085,0
2020-05-04 04:00:00,8730.85000000,8741.99000000,8522.00000000,8648.41000000,17585.59479000,2020-05-04 07:59:59.999,151683248.74366796,156921,8311.80274800,71710807.01836466,0
2020-05-04 08:00:00,8648.42000000,8716.80000000,8594.26000000,8672.36000000,11684.32591100,2020-05-04 11:59:59.999,101187948.10738645,126064,5656.07896500,48986883.80229563,0
2020-05-04 12:00:00,8672.57000000,8860.00000000,8646.52000000,8848.00000000,16084.14696300,2020-05-04 15:59:59.999,141200204.64254579,163741,7440.18400800,65304833.21594650,0
2020-05-04 16:00:00,8848.00000000,8887.00000000,8743.58000000,8830.14000000,12092.48587300,2020-05-04 19:59:59.999,106730124.22278037,132282,5191.47827100,45821579.44210607,0
2020-05-04 20:00:00,8828.94000000,8950.00000000,8825.00000000,8871.96000000,10521.91009800,2020-05-04 23:59:59.999,93571506.97951907,115975,5261.30183400,46797225.75603405,0
2020-05-05 00:00:00,8871.92000000,8928.35000000,8815.00000000,8850.00000000,7921.59758900,2020-05-05 03:59:59.999,70214812.58766778,94643,3873.67226500,34332378.40538076,0
2020-05-05 04:00:00,8850.00000000,9118.58000000,8849.97000000,9013.55000000,20115.28552000,2020-05-05 07:59:59.999,181401972.10486037,191177,10675.31988700,96283944.64672100,0
2020-05-05 08:00:00,9013.66000000,9085.00000000,8760.00000000,8844.73000000,18399.87144100,2020-05-05 11:59:59.999,163931072.89556519,186046,8479.74930400,75606272.18224672,0
2020-05-05 12:00:00,8845.64000000,8950.00000000,8806.12000000,8842.34000000,11998.72912400,2020-05-05 15:59:59.999,106445103.00937397,126541,5574.65854100,49453191.04255639,0
2020-05-05 16:00:00,8842.72000000,8938.00000000,8818.41000000,8905.00000000,7972.88033500,2020-05-05 19:59:59.999,70821529.49229061,96197,3878.26703900,34453658.16793171,0
2020-05-05 20:00:00,8905.01000000,9044.00000000,8887.00000000,9021.83000000,10072.40133300,2020-05-05 23:59:59.999,90268528.78822293,117939,4972.85134300,44571548.98801370,0
2020-05-06 00:00:00,9021.36000000,9069.00000000,8906.21000000,8979.73000000,9534.19764800,2020-05-06 03:59:59.999,85696945.50534664,107452,4933.50880800,44357181.14523709,0
2020-05-06 04:00:00,8979.74000000,9050.00000000,8960.69000000,9018.18000000,8917.58682500,2020-05-06 07:59:59.999,80442557.36956633,106788,4402.71059300,39719124.43127227,0
2020-05-06 08:00:00,9018.05000000,9349.00000000,8995.93000000,9313.00000000,34619.84394000,2020-05-06 11:59:59.999,317635644.64605280,306290,17891.42313100,164227826.16244803,0
2020-05-06 12:00:00,9313.96000000,9380.00000000,9125.00000000,9273.39000000,24324.44572100,2020-05-06 15:59:59.999,224880668.54391706,206881,10926.78569500,101089263.18567824,0
2020-05-06 16:00:00,9273.40000000,9315.23000000,9190.51000000,9237.73000000,11431.84074100,2020-05-06 19:59:59.999,105748185.44786472,117411,5182.75920400,47949555.60034150,0
2020-05-06 20:00:00,9237.74000000,9395.00000000,9079.00000000,9142.92000000,17097.38754500,2020-05-06 23:59:59.999,158389506.95215984,162839,7852.60346200,72824706.04062605,0
2020-05-07 00:00:00,9143.40000000,9374.93000000,9021.00000000,9290.39000000,18535.49063300,2020-05-07 03:59:59.999,170893453.47426067,176826,8783.85768500,81053146.78952743,0
2020-05-07 04:00:00,9290.21000000,9323.51000000,9230.90000000,9309.92000000,8795.54827600,2020-05-07 07:59:59.999,81633826.60099275,94444,4263.23065900,39578121.11442438,0
2020-05-07 08:00:00,9308.56000000,9340.00000000,9247.10000000,9280.01000000,9644.09122300,2020-05-07 11:59:59.999,89620539.62666143,99207,4473.28968300,41573345.49061135,0
2020-05-07 12:00:00,9280.05000000,9590.00000000,9262.00000000,9515.51000000,38460.70242700,2020-05-07 15:59:59.999,363810728.22819464,285134,20172.77025700,190840575.61331999,0
2020-05-07 16:00:00,9516.43000000,9950.00000000,9503.34000000,9863.93000000,45283.10099000,2020-05-07 19:59:59.999,441994869.21848963,369240,23075.03530100,225240579.35177769,0
2020-05-07 20:00:00,9863.93000000,10067.00000000,9721.01000000,9986.40000000,26435.67782900,2020-05-07 23:59:59.999,261830044.85776516,229984,13834.00952700,137122209.83644348,0
2020-05-08 00:00:00,9986.30000000,10035.96000000,9822.50000000,9930.69000000,19577.14456100,2020-05-08 03:59:59.999,194597732.70073299,179386,8828.55666700,87774042.98485590,0
2020-05-08 04:00:00,9930.69000000,9933.94000000,9705.00000000,9810.14000000,18140.87754900,2020-05-08 07:59:59.999,178140514.32397143,176919,8067.48060800,79220365.78582294,0
2020-05-08 08:00:00,9810.34000000,9964.99000000,9807.98000000,9899.75000000,14658.63568300,2020-05-08 11:59:59.999,144844412.93197516,152585,7376.75433900,72904226.03777375,0
2020-05-08 12:00:00,9899.35000000,10006.98000000,9780.00000000,9941.21000000,20164.04451200,2020-05-08 15:59:59.999,200067155.94943154,183519,9772.16191900,97008203.56681482,0
2020-05-08 16:00:00,9942.07000000,9995.00000000,9860.52000000,9945.99000000,13339.16042400,2020-05-08 19:59:59.999,132706177.37584214,135069,5714.13170800,56849990.39704286,0
2020-05-08 20:00:00,9946.00000000,10000.52000000,9780.00000000,9800.01000000,14803.93367100,2020-05-08 23:59:59.999,146649850.45852594,140338,6448.55235300,63944496.08655561,0
2020-05-09 00:00:00,9800.02000000,9914.25000000,9728.46000000,9863.02000000,11004.48250500,2020-05-09 03:59:59.999,108327576.59743050,114170,4723.71324700,46523381.91909597,0
2020-05-09 04:00:00,9863.02000000,9878.99000000,9561.00000000,9592.77000000,20570.76904600,2020-05-09 07:59:59.999,200111867.15045954,190199,9124.29582600,88810643.72221764,0
2020-05-09 08:00:00,9594.70000000,9718.97000000,9520.00000000,9638.85000000,16910.54510500,2020-05-09 11:59:59.999,162882001.23809726,163818,7625.61686300,73455115.16790390,0
2020-05-09 12:00:00,9638.85000000,9719.22000000,9600.60000000,9688.62000000,10501.54792700,2020-05-09 15:59:59.999,101546850.83542019,123380,4883.91329400,47226927.67454332,0
2020-05-09 16:00:00,9688.55000000,9795.00000000,9672.00000000,9744.77000000,8939.17288600,2020-05-09 19:59:59.999,87131984.77343246,107694,4146.36711600,40415676.07895715,0
2020-05-09 20:00:00,9745.11000000,9773.09000000,9525.00000000,9539.40000000,14024.16209800,2020-05-09 23:59:59.999,135001071.08486234,140123,6234.77289800,60043888.09620741,0
2020-05-10 00:00:00,9539.10000000,9574.83000000,8117.00000000,8622.78000000,75541.20576900,2020-05-10 03:59:59.999,658439157.50352623,574709,32712.91787700,284473561.75623223,0
2020-05-10 04:00:00,8622.73000000,8835.00000000,8470.30000000,8812.28000000,21634.94902600,2020-05-10 07:59:59.999,186728709.62376842,203685,10100.40581300,87190494.63083058,0
2020-05-10 08:00:00,8812.27000000,8900.00000000,8645.00000000,8737.35000000,20506.13818000,2020-05-10 11:59:59.999,180269287.72182093,188323,10300.24780100,90574731.44164285,0
2020-05-10 12:00:00,8736.57000000,8817.00000000,8560.00000000,8650.96000000,15458.97475100,2020-05-10 15:59:59.999,134547939.06730821,156024,6979.69009900,60753410.34167341,0
2020-05-10 16:00:00,8652.27000000,8686.87000000,8255.00000000,8502.94000000,29673.12773300,2020-05-10 19:59:59.999,251682882.29133516,250656,13554.39221400,114981742.29567100,0
2020-05-10 20:00:00,8500.66000000,8837.28000000,8500.66000000,8722.77000000,21050.78656900,2020-05-10 23:59:59.999,183328500.76787801,192374,10728.92697000,93443719.88594507,0
2020-05-11 00:00:00,8722.77000000,8805.14000000,8658.56000000,8696.64000000,10641.65848600,2020-05-11 03:59:59.999,92953635.39442268,103542,5213.57850400,45540240.66665875,0
2020-05-11 04:00:00,8696.24000000,8732.23000000,8613.01000000,8664.32000000,10326.88852000,2020-05-11 07:59:59.999,89566439.33776150,94934,4761.68462400,41298927.50173014,0
2020-05-11 08:00:00,8664.32000000,8990.00000000,8478.00000000,8927.43000000,29054.89500500,2020-05-11 11:59:59.999,253443679.05019824,230239,14416.45336400,125843216.26757097,0
2020-05-11 12:00:00,8926.17000000,9168.00000000,8725.35000000,8882.96000000,41752.92098100,2020-05-11 15:59:59.999,373636488.55790742,311070,19544.45783900,174999790.96812191,0
2020-05-11 16:00:00,8882.97000000,8924.48000000,8200.00000000,8746.86000000,59255.17735800,2020-05-11 19:59:59.999,505468669.69067302,443682,28766.16166200,245565696.57730066,0
2020-05-11 20:00:00,8745.25000000,8807.00000000,8459.28000000,8561.52000000,17775.71148200,2020-05-11 23:59:59.999,153323908.72984073,183915,8772.25907400,75711072.17727636,0
2020-05-12 00:00:00,8562.04000000,8742.43000000,8528.78000000,8716.07000000,11224.92522200,2020-05-12 03:59:59.999,96964105.28997628,112642,4893.01201000,42274248.68795597,0
2020-05-12 04:00:00,8716.75000000,8785.00000000,8614.98000000,8656.05000000,10948.79176100,2020-05-12 07:59:59.999,95287677.58845221,109319,5274.04660400,45901087.49920001,0
2020-05-12 08:00:00,8655.76000000,8828.72000000,8632.93000000,8800.92000000,14846.69476700,2020-05-12 11:59:59.999,130098122.18483474,134352,7146.54677600,62627419.05725212,0
2020-05-12 12:00:00,8800.91000000,8944.72000000,8659.00000000,8867.72000000,22551.31251000,2020-05-12 15:59:59.999,199058649.20347014,177176,10808.05907300,95404723.12905100,0
2020-05-12 16:00:00,8867.72000000,8978.26000000,8775.00000000,8792.19000000,17005.94576600,2020-05-12 19:59:59.999,151258607.09833486,146159,7744.98969500,68895738.60775298,0
2020-05-12 20:00:00,8792.19000000,8851.92000000,8730.06000000,8810.79000000,9945.11004000,2020-05-12 23:59:59.999,87528295.68589040,105211,4703.66324300,41404797.20725553,0
2020-05-13 00:00:00,8810.99000000,8972.46000000,8792.99000000,8912.19000000,11516.46605200,2020-05-13 03:59:59.999,102684071.34030888,101865,5048.21782400,45006444.46918821,0
2020-05-13 04:00:00,8911.99000000,8940.58000000,8859.25000000,8867.20000000,7984.99843500,2020-05-13 07:59:59.999,71049054.09510081,86937,3679.75551500,32744789.89550253,0
2020-05-13 08:00:00,8867.20000000,9048.62000000,8826.72000000,9035.98000000,13966.22049400,2020-05-13 11:59:59.999,124783263.86455197,138992,6575.92517200,58784376.23865623,0
2020-05-13 12:00:00,9036.38000000,9188.00000000,8982.75000000,9136.85000000,23154.46883600,2020-05-13 15:59:59.999,210444980.18049787,195322,10787.42908400,98059825.74077731,0
2020-05-13 16:00:00,9136.85000000,9165.73000000,9036.20000000,9151.24000000,12965.74778100,2020-05-13 19:59:59.999,117972320.62602358,126175,5755.56507600,52380715.72770974,0
2020-05-13 20:00:00,9151.25000000,9398.00000000,9136.75000000,9309.37000000,22878.37242000,2020-05-13 23:59:59.999,212792029.85372455,219925,11801.46198400,109737817.97249736,0
2020-05-14 00:00:00,9309.35000000,9386.62000000,9256.76000000,9352.38000000,9913.87029700,2020-05-14 03:59:59.999,92376514.68934300,99536,4052.64792100,37762082.94478726,0
2020-05-14 04:00:00,9352.38000000,9547.00000000,9267.00000000,9508.56000000,17871.10704600,2020-05-14 07:59:59.999,168427428.31969211,169449,8538.30667100,80494007.03934488,0
2020-05-14 08:00:00,9508.56000000,9939.00000000,9467.50000000,9686.71000000,47362.08453400,2020-05-14 11:59:59.999,459440742.42707393,378466,24889.31212300,241507867.67882467,0
2020-05-14 12:00:00,9686.71000000,9759.99000000,9541.01000000,9748.98000000,20879.71354000,2020-05-14 15:59:59.999,201581424.63214029,203396,9915.89583400,95694129.98404506,0
2020-05-14 16:00:00,9748.99000000,9783.01000000,9569.47000000,9660.00000000,13741.13809200,2020-05-14 19:59:59.999,132750157.49515502,151594,6319.53198600,61060713.93151316,0
2020-05-14 20:00:00,9658.59000000,9874.30000000,9599.84000000,9791.98000000,19797.46396100,2020-05-14 23:59:59.999,192880530.25026190,197089,9722.81645800,94795132.81280855,0
2020-05-15 00:00:00,9791.97000000,9845.62000000,9256.12000000,9472.97000000,26499.31787900,2020-05-15 03:59:59.999,253014589.47752964,211158,12280.09764500,117271045.44092171,0
2020-05-15 04:00:00,9472.97000000,9729.81000000,9370.38000000,9674.33000000,17034.51544200,2020-05-15 07:59:59.999,162485263.56580309,165161,8307.08928500,79269537.05932865,0
2020-05-15 08:00:00,9673.45000000,9710.00000000,9480.00000000,9592.38000000,15476.69622000,2020-05-15 11:59:59.999,148679358.19901550,161968,7590.12783700,72943467.89077979,0
2020-05-15 12:00:00,9593.53000000,9616.65000000,9413.93000000,9475.53000000,17716.08504700,2020-05-15 15:59:59.999,168763043.64197914,153775,8442.56847900,80452696.21456850,0
2020-05-15 16:00:00,9476.33000000,9534.78000000,9331.66000000,9337.83000000,15061.41096400,2020-05-15 19:59:59.999,142301456.37893103,134402,6804.07081600,64313309.10347408,0
2020-05-15 20:00:00,9337.86000000,9487.58000000,9150.00000000,9316.42000000,24102.73596400,2020-05-15 23:59:59.999,224477664.62864738,229166,11973.16937200,111563143.62757643,0
2020-05-16 00:00:00,9315.96000000,9458.16000000,9220.00000000,9405.68000000,10717.52647300,2020-05-16 03:59:59.999,100466335.21856084,118777,5306.09898200,49755408.71740609,0
2020-05-16 04:00:00,9405.68000000,9588.00000000,9367.13000000,9390.02000000,11538.80551600,2020-05-16 07:59:59.999,109358968.15423106,125538,5439.51993500,51562278.43915974,0
2020-05-16 08:00:00,9390.03000000,9458.00000000,9315.00000000,9414.53000000,8614.97252000,2020-05-16 11:59:59.999,81007575.51106431,117866,4519.58550200,42506631.85351199,0
2020-05-16 12:00:00,9414.54000000,9534.85000000,9330.00000000,9380.75000000,12148.02777300,2020-05-16 15:59:59.999,114738606.23409665,132232,5574.28058400,52663774.39466076,0
2020-05-16 16:00:00,9380.42000000,9419.00000000,9262.00000000,9329.78000000,10620.56041000,2020-05-16 19:59:59.999,99165770.48195683,115049,4900.40130800,45758092.14048972,0
2020-05-16 20:00:00,9329.78000000,9442.98000000,9294.17000000,9381.27000000,5947.73517000,2020-05-16 23:59:59.999,55809749.42599893,82566,3121.48188900,29296650.66857303,0
2020-05-17 00:00:00,9380.81000000,9579.16000000,9322.10000000,9545.58000000,10792.59130500,2020-05-17 03:59:59.999,102441374.63227174,114587,5591.20417600,53070521.45989858,0
2020-05-17 04:00:00,9544.49000000,9573.63000000,9475.00000000,9540.99000000,6050.51450500,2020-05-17 07:59:59.999,57643392.39811894,78910,2949.30241400,28096464.18798419,0
2020-05-17 08:00:00,9540.98000000,9554.73000000,9436.00000000,9522.08000000,6299.63042200,2020-05-17 11:59:59.999,59888309.02157824,82549,3071.84210200,29206943.97359768,0
2020-05-17 12:00:00,9522.50000000,9888.00000000,9521.45000000,9822.32000000,25749.18307700,2020-05-17 15:59:59.999,251001766.51063565,232151,13684.80450600,133348358.09935523,0
2020-05-17 16:00:00,9822.64000000,9840.00000000,9685.00000000,9771.00000000,9398.15846200,2020-05-17 19:59:59.999,91700250.29410710,103069,4437.13328900,43284680.36111487,0
2020-05-17 20:00:00,9771.29000000,9798.49000000,9595.20000000,9680.04000000,10357.68655200,2020-05-17 23:59:59.999,100413707.95856640,111452,4999.74850600,48471947.89448638,0
2020-05-18 00:00:00,9681.11000000,9950.00000000,9680.13000000,9860.51000000,19480.08309600,2020-05-18 03:59:59.999,192173770.84227590,178916,11134.74055000,109910451.39888676,0
2020-05-18 04:00:00,9860.51000000,9910.00000000,9730.00000000,9785.71000000,12139.63288700,2020-05-18 07:59:59.999,119275917.40688839,123108,5744.85167300,56455202.12902274,0
2020-05-18 08:00:00,9785.70000000,9796.91000000,9464.23000000,9634.89000000,20868.05405300,2020-05-18 11:59:59.999,200696489.15401956,182185,8869.19953200,85346990.17432919,0
2020-05-18 12:00:00,9634.89000000,9735.00000000,9565.10000000,9670.96000000,11901.25549800,2020-05-18 15:59:59.999,115056897.71922465,125606,5456.43636700,52769143.00175022,0
2020-05-18 16:00:00,9670.97000000,9720.00000000,9550.01000000,9701.70000000,11244.90316000,2020-05-18 19:59:59.999,108519630.40614345,105073,5772.21207700,55752061.74047899,0
2020-05-18 20:00:00,9701.70000000,9755.00000000,9650.00000000,9733.93000000,6372.67488900,2020-05-18 23:59:59.999,61899591.79761632,79404,3265.40278700,31723737.75610965,0
2020-05-19 00:00:00,9733.93000000,9742.95000000,9493.03000000,9530.00000000,12755.32270900,2020-05-19 03:59:59.999,122507908.07261382,123831,5062.65555000,48653100.36296721,0
2020-05-19 04:00:00,9530.51000000,9625.00000000,9474.00000000,9573.99000000,8911.42957000,2020-05-19 07:59:59.999,85258310.26757421,104600,3755.38851800,35945487.66486611,0
2020-05-19 08:00:00,9573.99000000,9897.21000000,9570.11000000,9751.98000000,24340.41556900,2020-05-19 11:59:59.999,238107272.71980799,199269,13159.39625000,128740698.93203602,0
2020-05-19 12:00:00,9752.24000000,9762.00000000,9561.00000000,9687.06000000,18274.07112300,2020-05-19 15:59:59.999,176584883.71972660,164491,8594.67471400,83088070.56763411,0
2020-05-19 16:00:00,9687.06000000,9729.35000000,9622.33000000,9644.13000000,7172.72981500,2020-05-19 19:59:59.999,69453010.46939680,87716,3573.98055400,34609275.91394577,0
2020-05-19 20:00:00,9644.92000000,9794.00000000,9620.49000000,9775.53000000,7085.79166800,2020-05-19 23:59:59.999,68802560.75942667,93674,3675.62372200,35708794.76671169,0
2020-05-20 00:00:00,9775.13000000,9800.00000000,9707.00000000,9724.40000000,6946.36118200,2020-05-20 03:59:59.999,67745320.74608753,83541,3039.11031400,29640791.31411905,0
2020-05-20 04:00:00,9724.09000000,9842.00000000,9651.00000000,9764.51000000,10869.90365800,2020-05-20 07:59:59.999,106040118.36999476,105153,5423.24729600,52918673.90960901,0
2020-05-20 08:00:00,9764.51000000,9810.00000000,9715.00000000,9731.21000000,8760.07288100,2020-05-20 11:59:59.999,85563253.08844440,96775,4035.05804500,39417367.93320991,0
2020-05-20 12:00:00,9731.22000000,9799.00000000,9326.00000000,9414.50000000,24135.96602000,2020-05-20 15:59:59.999,231765111.32063103,199829,9431.52381700,90644475.00502477,0
2020-05-20 16:00:00,9414.51000000,9547.32000000,9352.27000000,9531.99000000,16028.60638400,2020-05-20 19:59:59.999,152030389.69010265,151478,7421.03994500,70378544.27879205,0
2020-05-20 20:00:00,9531.99000000,9598.00000000,9435.87000000,9511.43000000,8182.82796500,2020-05-20 23:59:59.999,78046609.54814216,94413,4131.81726100,39416479.52169793,0
2020-05-21 00:00:00,9511.43000000,9578.47000000,9447.26000000,9483.37000000,7009.67604300,2020-05-21 03:59:59.999,66655924.95465429,88754,3368.57497100,32035037.96591354,0
2020-05-21 04:00:00,9483.37000000,9532.39000000,9400.00000000,9457.83000000,8732.43371500,2020-05-21 07:59:59.999,82828102.62584755,89083,3652.19261200,34649932.70601812,0
2020-05-21 08:00:00,9457.88000000,9505.57000000,9228.00000000,9389.97000000,20789.06652300,2020-05-21 11:59:59.999,194670128.48883953,175207,9320.91310900,87301748.70448104,0
2020-05-21 12:00:00,9389.97000000,9395.43000000,8949.74000000,9084.38000000,35226.10032100,2020-05-21 15:59:59.999,322473895.36734861,253483,15895.43011600,145575207.99073065,0
2020-05-21 16:00:00,9082.50000000,9135.09000000,8815.00000000,9065.53000000,25961.98044800,2020-05-21 19:59:59.999,233490481.80000155,215842,12427.68448300,111802245.71511792,0
2020-05-21 20:00:00,9065.81000000,9164.99000000,9011.21000000,9068.65000000,11209.52391900,2020-05-21 23:59:59.999,101927732.70456817,129602,5249.28584700,47725201.08661831,0
2020-05-22 00:00:00,9067.51000000,9133.62000000,8953.91000000,8995.55000000,10341.35187100,2020-05-22 03:59:59.999,93574458.78131699,118011,4932.29900600,44637002.47668867,0
2020-05-22 04:00:00,8995.00000000,9120.00000000,8933.52000000,9081.81000000,10441.20439300,2020-05-22 07:59:59.999,94464345.44418137,119995,5024.88852500,45462404.08836866,0
2020-05-22 08:00:00,9081.81000000,9206.92000000,9044.94000000,9166.00000000,11961.57825800,2020-05-22 11:59:59.999,109246851.58773050,137372,6075.74228000,55479539.54680271,0
2020-05-22 12:00:00,9166.00000000,9222.95000000,9079.78000000,9222.69000000,10550.98181600,2020-05-22 15:59:59.999,96647673.07785777,120476,5329.86703900,48830833.81759419,0
2020-05-22 16:00:00,9222.95000000,9271.00000000,9141.51000000,9173.72000000,10322.33286300,2020-05-22 19:59:59.999,95037295.51391774,122629,4961.57863500,45688314.73194040,0
2020-05-22 20:00:00,9173.72000000,9215.00000000,9130.60000000,9170.00000000,5325.68182300,2020-05-22 23:59:59.999,48877210.09170426,75211,2662.94041100,24440802.59763049,0
2020-05-23 00:00:00,9170.00000000,9307.85000000,9169.99000000,9286.61000000,8113.80576000,2020-05-23 03:59:59.999,75068267.25123007,92630,3962.55259800,36654143.43957643,0
2020-05-23 04:00:00,9286.11000000,9300.00000000,9207.38000000,9255.28000000,6651.79084300,2020-05-23 07:59:59.999,61508408.19534636,73645,3406.87739900,31494179.04394424,0
2020-05-23 08:00:00,9255.70000000,9255.70000000,9096.07000000,9172.25000000,10192.38134700,2020-05-23 11:59:59.999,93400482.37067389,108440,4848.74010100,44438974.10069643,0
2020-05-23 12:00:00,9172.26000000,9220.00000000,9070.00000000,9198.78000000,7682.83990800,2020-05-23 15:59:59.999,70377313.15767139,88804,3827.95770800,35075707.36976186,0
2020-05-23 16:00:00,9198.78000000,9209.06000000,9125.00000000,9180.98000000,5354.89554800,2020-05-23 19:59:59.999,49111243.88295316,71416,2480.03386200,22750224.05214278,0
2020-05-23 20:00:00,9180.97000000,9247.63000000,9152.44000000,9179.15000000,5530.58356000,2020-05-23 23:59:59.999,50941480.77104747,77525,2851.45466400,26269563.16981391,0
2020-05-24 00:00:00,9179.01000000,9231.00000000,9120.77000000,9192.76000000,5399.16990700,2020-05-24 03:59:59.999,49606393.88764280,83377,2398.34303900,22040857.80973511,0
2020-05-24 04:00:00,9192.77000000,9297.00000000,9184.00000000,9255.53000000,6404.56229500,2020-05-24 07:59:59.999,59288374.82374903,79303,3241.93207800,30010905.95548842,0
2020-05-24 08:00:00,9255.54000000,9298.00000000,9100.00000000,9119.00000000,9622.95719700,2020-05-24 11:59:59.999,88701154.27679198,112724,4581.95700000,42257890.02189549,0
2020-05-24 12:00:00,9119.00000000,9179.31000000,9000.00000000,9055.74000000,13826.31414800,2020-05-24 15:59:59.999,125646320.64347567,143567,6620.94416200,60176147.04052667,0
2020-05-24 16:00:00,9055.60000000,9055.61000000,8853.21000000,9018.45000000,19804.69757700,2020-05-24 19:59:59.999,177277377.01420150,185525,9131.44283100,81736939.04770011,0
2020-05-24 20:00:00,9017.37000000,9080.99000000,8700.00000000,8720.34000000,15322.16532600,2020-05-24 23:59:59.999,136267619.72746379,169592,6071.79233400,54139528.59680139,0
2020-05-25 00:00:00,8718.14000000,8822.90000000,8642.72000000,8786.57000000,12353.72630800,2020-05-25 03:59:59.999,108332458.77516622,134652,5872.99745900,51521891.41960495,0
2020-05-25 04:00:00,8786.57000000,8874.41000000,8761.07000000,8867.31000000,8399.14466300,2020-05-25 07:59:59.999,73956104.81266940,103383,4162.87304400,36658552.38929195,0
2020-05-25 08:00:00,8867.31000000,8881.24000000,8668.29000000,8752.41000000,13302.39924900,2020-05-25 11:59:59.999,116653615.75764734,143496,6227.91490600,54618859.41214148,0
2020-05-25 12:00:00,8753.20000000,8857.00000000,8728.41000000,8782.44000000,11308.07282200,2020-05-25 15:59:59.999,99321017.80176456,137000,5519.48213100,48480487.76185318,0
2020-05-25 16:00:00,8781.22000000,8979.66000000,8762.27000000,8928.06000000,11724.29679500,2020-05-25 19:59:59.999,104096057.72302612,121858,6177.54760700,54846930.16284024,0
2020-05-25 20:00:00,8928.06000000,8950.00000000,8860.98000000,8900.35000000,5746.27111200,2020-05-25 23:59:59.999,51186031.04374022,93168,2811.07359700,25040049.79920656,0
2020-05-26 00:00:00,8900.35000000,8930.00000000,8822.74000000,8903.76000000,7216.47200400,2020-05-26 03:59:59.999,64120472.47200781,91809,3351.15829000,29777917.74196671,0
2020-05-26 04:00:00,8903.75000000,8965.00000000,8860.05000000,8957.49000000,9398.12350800,2020-05-26 07:59:59.999,83813078.91687797,107328,5079.67638600,45319378.12837943,0
2020-05-26 08:00:00,8956.83000000,9017.67000000,8832.38000000,8869.15000000,12352.95813000,2020-05-26 11:59:59.999,110156824.03414740,130988,5648.47803700,50385851.93785335,0
2020-05-26 12:00:00,8869.32000000,8914.56000000,8705.00000000,8726.60000000,13580.85726500,2020-05-26 15:59:59.999,119617683.80955159,143663,6285.01066600,55382128.17576406,0
2020-05-26 16:00:00,8726.60000000,8820.00000000,8700.00000000,8800.00000000,9278.36277200,2020-05-26 19:59:59.999,81530194.71231764,114423,4388.46390100,38567241.16868043,0
2020-05-26 20:00:00,8800.00000000,8880.00000000,8799.99000000,8841.18000000,6472.99645900,2020-05-26 23:59:59.999,57216874.94578563,90093,3489.38280300,30846427.01233078,0
2020-05-27 00:00:00,8841.00000000,8897.80000000,8811.73000000,8828.90000000,6254.93566400,2020-05-27 03:59:59.999,55402817.87755033,80144,2824.49193800,25020470.57649888,0
2020-05-27 04:00:00,8829.12000000,8887.75000000,8825.00000000,8844.28000000,5870.78457200,2020-05-27 07:59:59.999,51975295.47613793,68236,2657.41356600,23526338.60988843,0
2020-05-27 08:00:00,8844.89000000,9170.00000000,8844.00000000,9150.74000000,21387.09335200,2020-05-27 11:59:59.999,193217534.19113690,174605,10765.30279300,97248908.03449937,0
2020-05-27 12:00:00,9148.87000000,9225.00000000,9120.00000000,9148.00000000,18265.53004000,2020-05-27 15:59:59.999,167292896.76248443,159844,8466.86931500,77560562.30149020,0
2020-05-27 16:00:00,9148.01000000,9218.92000000,9135.88000000,9159.99000000,8372.47291100,2020-05-27 19:59:59.999,76814838.35313221,84095,4350.04517600,39914627.49516418,0
2020-05-27 20:00:00,9159.99000000,9205.42000000,9052.32000000,9204.07000000,8759.53897500,2020-05-27 23:59:59.999,79957473.11959520,95926,4468.49747700,40786427.97396378,0
2020-05-28 00:00:00,9204.07000000,9280.78000000,9155.67000000,9172.91000000,9044.39655700,2020-05-28 03:59:59.999,83319969.96635707,96065,4579.93874200,42201980.47306574,0
2020-05-28 04:00:00,9171.60000000,9201.72000000,9120.01000000,9150.44000000,6523.73539900,2020-05-28 07:59:59.999,59771734.35424074,88522,3116.44256900,28549948.10895375,0
2020-05-28 08:00:00,9150.06000000,9280.00000000,9110.00000000,9266.89000000,9406.57691500,2020-05-28 11:59:59.999,86548681.73787680,105364,4759.21964500,43814087.72099990,0
2020-05-28 12:00:00,9267.22000000,9518.00000000,9251.65000000,9499.81000000,25077.20728300,2020-05-28 15:59:59.999,236039478.74788614,202072,13460.61276900,126711722.59034473,0
2020-05-28 16:00:00,9499.81000000,9537.80000000,9391.38000000,9452.25000000,11162.73081700,2020-05-28 19:59:59.999,105598059.63366617,113033,5490.97286300,51954509.76554199,0
2020-05-28 20:00:00,9452.24000000,9625.47000000,9410.01000000,9575.89000000,12896.14069100,2020-05-28 23:59:59.999,122652181.74135558,133669,6567.71302100,62488216.20417819,0
2020-05-29 00:00:00,9575.87000000,9605.26000000,9461.07000000,9521.26000000,11422.34257000,2020-05-29 03:59:59.999,108773128.90558377,116494,4917.18192100,46823289.59235173,0
2020-05-29 04:00:00,9521.26000000,9553.47000000,9471.99000000,9523.50000000,7641.96637800,2020-05-29 07:59:59.999,72760560.70099723,86810,3643.25844200,34692900.42714837,0
2020-05-29 08:00:00,9523.63000000,9593.69000000,9335.00000000,9403.87000000,17037.06823200,2020-05-29 11:59:59.999,160860592.50148891,149995,7902.61040300,74639473.01205006,0
2020-05-29 12:00:00,9403.98000000,9478.00000000,9330.00000000,9412.00000000,8497.16081300,2020-05-29 15:59:59.999,80005329.72238636,88782,4028.44753100,37932442.75599998,0
2020-05-29 16:00:00,9412.55000000,9457.69000000,9393.29000000,9404.98000000,8576.69803300,2020-05-29 19:59:59.999,80831555.67315311,93773,4137.46208700,38993064.40573948,0
2020-05-29 20:00:00,9404.99000000,9452.36000000,9372.00000000,9427.07000000,4199.12693500,2020-05-29 23:59:59.999,39526919.10286079,57851,2190.25251000,20615368.53846332,0
2020-05-30 00:00:00,9426.60000000,9433.48000000,9331.23000000,9396.18000000,5501.03844400,2020-05-30 03:59:59.999,51580055.51938309,72511,2612.85759500,24497916.92919729,0
2020-05-30 04:00:00,9396.63000000,9600.00000000,9391.63000000,9528.69000000,12737.47007700,2020-05-30 07:59:59.999,121360669.19016506,133189,6719.66852500,64028092.00759338,0
2020-05-30 08:00:00,9528.73000000,9583.00000000,9459.93000000,9554.17000000,8161.32166800,2020-05-30 11:59:59.999,77763934.53166413,95753,4474.05580200,42638301.20477198,0
2020-05-30 12:00:00,9554.51000000,9570.00000000,9495.00000000,9540.60000000,8152.48859800,2020-05-30 15:59:59.999,77755004.03878869,99393,4540.65438700,43316413.27377234,0
2020-05-30 16:00:00,9540.60000000,9554.98000000,9512.04000000,9535.14000000,5114.56728800,2020-05-30 19:59:59.999,48752084.54769934,78313,2431.85484800,23180549.18865081,0
2020-05-30 20:00:00,9535.13000000,9740.00000000,9400.00000000,9697.72000000,15998.38646500,2020-05-30 23:59:59.999,153386942.24375016,172131,8473.58874700,81354757.52719411,0
2020-05-31 00:00:00,9697.72000000,9700.00000000,9552.92000000,9576.79000000,8438.64372400,2020-05-31 03:59:59.999,81321622.23773035,103595,4274.82187700,41199030.52416494,0
2020-05-31 04:00:00,9576.78000000,9613.65000000,9516.38000000,9565.13000000,7131.37160400,2020-05-31 07:59:59.999,68235095.65150368,94451,3280.63017100,31391829.48751382,0
2020-05-31 08:00:00,9565.13000000,9605.69000000,9500.00000000,9588.96000000,7079.33333800,2020-05-31 11:59:59.999,67693455.80785989,101486,3459.95804200,33090121.59901093,0
2020-05-31 12:00:00,9588.95000000,9638.00000000,9436.96000000,9480.00000000,11057.00895900,2020-05-31 15:59:59.999,105381036.11608211,141741,5045.20338900,48097389.23936778,0
2020-05-31 16:00:00,9480.41000000,9536.69000000,9460.00000000,9514.74000000,6343.10248300,2020-05-31 19:59:59.999,60308617.35765257,88910,2857.97745300,27173414.93296609,0
2020-05-31 20:00:00,9514.73000000,9525.22000000,9381.41000000,9448.27000000,8284.32629500,2020-05-31 23:59:59.999,78332471.68169194,121290,3859.41023700,36498379.23503976,0
2020-06-01 00:00:00,9448.27000000,9571.66000000,9421.67000000,9555.79000000,7412.09983300,2020-06-01 03:59:59.999,70556802.08977015,97592,3687.02650900,35089228.95994434,0
2020-06-01 04:00:00,9556.14000000,9619.00000000,9526.20000000,9571.47000000,7539.34154500,2020-06-01 07:59:59.999,72077367.93781173,93292,3583.14738700,34256265.58017162,0
2020-06-01 08:00:00,9571.18000000,9581.99000000,9511.00000000,9513.22000000,6040.94631900,2020-06-01 11:59:59.999,57628313.64541839,81067,2711.60810400,25868585.65633622,0
2020-06-01 12:00:00,9512.80000000,9590.26000000,9491.45000000,9546.98000000,8149.94075000,2020-06-01 15:59:59.999,77832064.15941733,98978,4100.29612300,39168187.22095923,0
2020-06-01 16:00:00,9548.18000000,9612.76000000,9536.99000000,9572.48000000,6948.56042600,2020-06-01 19:59:59.999,66559873.45280714,83971,3709.36549900,35535192.41941325,0
2020-06-01 20:00:00,9572.50000000,10380.00000000,9558.57000000,10200.77000000,40558.23808700,2020-06-01 23:59:59.999,405053175.37413257,372064,23738.96869500,236859729.44632520,0
2020-06-02 00:00:00,10202.71000000,10228.99000000,10041.59000000,10096.86000000,23845.92861700,2020-06-02 03:59:59.999,241318770.24553561,197567,13255.96784600,134159822.31139070,0
2020-06-02 04:00:00,10096.87000000,10134.27000000,10070.03000000,10118.86000000,10478.05442500,2020-06-02 07:59:59.999,105846031.59619176,113468,4929.85029100,49803918.82876941,0
2020-06-02 08:00:00,10119.12000000,10156.78000000,10090.00000000,10115.56000000,11207.52362500,2020-06-02 11:59:59.999,113410676.83440147,118607,5259.81257800,53230347.97700057,0
2020-06-02 12:00:00,10116.68000000,10190.00000000,9266.00000000,9468.81000000,42576.30902700,2020-06-02 15:59:59.999,411409914.11069124,337742,16819.95767800,162455385.09305704,0
2020-06-02 16:00:00,9468.08000000,9540.00000000,9424.17000000,9508.83000000,12631.74306100,2020-06-02 19:59:59.999,119875773.33995255,134180,5437.19156100,51622614.13366477,0
2020-06-02 20:00:00,9507.69000000,9552.91000000,9400.00000000,9518.04000000,8231.21439600,2020-06-02 23:59:59.999,78199071.00343669,102748,3652.12801500,34701023.84963643,0
2020-06-03 00:00:00,9518.02000000,9540.00000000,9469.63000000,9491.99000000,5552.56725300,2020-06-03 03:59:59.999,52773775.84903504,77987,2545.05662200,24192912.06928181,0
2020-06-03 04:00:00,9491.58000000,9539.00000000,9365.21000000,9506.32000000,8051.55475400,2020-06-03 07:59:59.999,76436367.92301949,91128,3614.04305400,34316775.03116998,0
2020-06-03 08:00:00,9506.94000000,9622.01000000,9492.06000000,9618.57000000,9265.18026000,2020-06-03 11:59:59.999,88612334.30572998,100999,4716.95285300,45117972.86170284,0
2020-06-03 12:00:00,9617.92000000,9646.43000000,9486.05000000,9559.29000000,10121.09491700,2020-06-03 15:59:59.999,96910725.70944311,117898,4749.08396700,45467638.59646681,0
2020-06-03 16:00:00,9560.17000000,9622.44000000,9529.00000000,9577.18000000,7378.45398500,2020-06-03 19:59:59.999,70651874.70261588,97925,4059.69063200,38873595.20420473,0
2020-06-03 20:00:00,9577.18000000,9690.00000000,9558.24000000,9666.24000000,5883.79377000,2020-06-03 23:59:59.999,56543739.55317211,76847,2971.48102200,28568664.25402502,0
2020-06-04 00:00:00,9666.32000000,9687.93000000,9600.01000000,9665.37000000,5837.76494900,2020-06-04 03:59:59.999,56369120.46231033,85865,2784.83281400,26893090.71229959,0
2020-06-04 04:00:00,9665.36000000,9677.46000000,9617.27000000,9649.60000000,5945.22617800,2020-06-04 07:59:59.999,57364335.85399885,79426,2842.78106400,27431093.92232499,0
2020-06-04 08:00:00,9649.59000000,9653.27000000,9450.00000000,9622.08000000,12879.29971300,2020-06-04 11:59:59.999,123176588.67306295,144915,5810.70168800,55580461.35814375,0
2020-06-04 12:00:00,9622.18000000,9840.79000000,9605.00000000,9829.39000000,15351.04016100,2020-06-04 15:59:59.999,149354920.70142560,153291,8688.41382100,84554646.79856701,0
2020-06-04 16:00:00,9829.40000000,9881.63000000,9725.00000000,9817.64000000,10938.11168200,2020-06-04 19:59:59.999,107261720.50374067,117301,5402.79471800,52984177.93436767,0
2020-06-04 20:00:00,9817.65000000,9860.00000000,9728.10000000,9789.06000000,6504.65828600,2020-06-04 23:59:59.999,63708259.45220046,85083,3248.71326600,31820453.98212604,0
2020-06-05 00:00:00,9788.14000000,9846.16000000,9750.00000000,9796.59000000,5254.74055300,2020-06-05 03:59:59.999,51510978.54061171,71845,2482.61641800,24337860.58891325,0
2020-06-05 04:00:00,9797.04000000,9826.33000000,9725.00000000,9774.64000000,6001.81835400,2020-06-05 07:59:59.999,58710469.15257653,72748,2889.20619700,28267481.93657827,0
2020-06-05 08:00:00,9774.27000000,9854.75000000,9581.00000000,9696.60000000,16050.77061300,2020-06-05 11:59:59.999,156393860.27757657,157291,7420.30969600,72353738.25891037,0
2020-06-05 12:00:00,9697.79000000,9727.97000000,9624.24000000,9711.75000000,9342.56534700,2020-06-05 15:59:59.999,90512113.74375953,111883,4109.08528300,39811595.80315782,0
2020-06-05 16:00:00,9711.76000000,9755.82000000,9693.13000000,9725.00000000,6048.56447500,2020-06-05 19:59:59.999,58840330.32041078,76458,2984.78782700,29037730.67685342,0
2020-06-05 20:00:00,9724.99000000,9735.43000000,9619.47000000,9621.16000000,5089.59070800,2020-06-05 23:59:59.999,49233036.16869872,75837,2443.10169800,23636061.68611538,0
2020-06-06 00:00:00,9621.17000000,9644.34000000,9531.05000000,9636.18000000,7790.23807300,2020-06-06 03:59:59.999,74692117.02149197,88958,3534.47481000,33892759.97105615,0
2020-06-06 04:00:00,9636.17000000,9640.00000000,9580.00000000,9609.84000000,3919.90611300,2020-06-06 07:59:59.999,37698378.97507657,56970,1865.28786100,17938837.70505718,0
2020-06-06 08:00:00,9609.85000000,9699.00000000,9580.00000000,9693.85000000,6059.55938000,2020-06-06 11:59:59.999,58493449.49781484,75675,3041.18699800,29358022.30921703,0
2020-06-06 12:00:00,9693.85000000,9735.00000000,9625.33000000,9651.67000000,5850.79271800,2020-06-06 15:59:59.999,56572033.22795239,80050,2840.20914400,27469204.60692409,0
2020-06-06 16:00:00,9651.59000000,9677.00000000,9583.93000000,9657.39000000,4401.02051700,2020-06-06 19:59:59.999,42359273.28553710,66799,2064.45698200,19872332.17766162,0
2020-06-06 20:00:00,9658.15000000,9729.74000000,9633.70000000,9666.30000000,4731.43409200,2020-06-06 23:59:59.999,45789615.22827619,67344,2487.07797000,24079638.17563304,0
2020-06-07 00:00:00,9666.85000000,9701.61000000,9624.00000000,9685.69000000,3083.45079300,2020-06-07 03:59:59.999,29831783.38340345,52772,1419.50829600,13733078.04368269,0
2020-06-07 04:00:00,9685.79000000,9717.00000000,9597.00000000,9658.99000000,4715.24268800,2020-06-07 07:59:59.999,45591824.45107705,62233,2208.30677100,21362514.67517324,0
2020-06-07 08:00:00,9658.99000000,9679.89000000,9555.00000000,9575.59000000,7357.70713500,2020-06-07 11:59:59.999,70796939.56588673,96179,3435.83212400,33073524.01911267,0
2020-06-07 12:00:00,9576.57000000,9602.90000000,9372.46000000,9500.03000000,17548.79347500,2020-06-07 15:59:59.999,166409891.78500317,165375,8156.28660500,77303695.10751576,0
2020-06-07 16:00:00,9500.04000000,9800.00000000,9454.98000000,9773.81000000,11920.76673800,2020-06-07 19:59:59.999,114503629.45443593,129287,6925.44507000,66618548.90396204,0
2020-06-07 20:00:00,9775.51000000,9802.00000000,9675.55000000,9746.99000000,13326.88755600,2020-06-07 23:59:59.999,129785535.15173847,131920,6281.21626300,61151495.44190112,0
2020-06-08 00:00:00,9746.99000000,9779.99000000,9698.06000000,9725.83000000,6758.14818600,2020-06-08 03:59:59.999,65833018.40562820,70733,3161.81950600,30802368.27295236,0
2020-06-08 04:00:00,9725.48000000,9760.00000000,9714.78000000,9727.51000000,4451.13649400,2020-06-08 07:59:59.999,43335494.14912003,59503,2108.78135700,20532428.59082208,0
2020-06-08 08:00:00,9727.51000000,9800.00000000,9633.00000000,9742.69000000,10753.12241100,2020-06-08 11:59:59.999,104611683.78207945,110238,5180.41788300,50405780.48823200,0
2020-06-08 12:00:00,9742.68000000,9751.78000000,9651.00000000,9705.51000000,7298.98836700,2020-06-08 15:59:59.999,70834046.58180876,91362,3514.06420100,34108981.83140752,0
2020-06-08 16:00:00,9706.30000000,9746.00000000,9661.00000000,9694.65000000,5613.81017900,2020-06-08 19:59:59.999,54482470.60644128,77900,2796.62483500,27143367.77585062,0
2020-06-08 20:00:00,9694.64000000,9800.00000000,9676.58000000,9782.01000000,5789.45848800,2020-06-08 23:59:59.999,56362682.29625952,75403,2982.33134200,29045024.08622514,0
2020-06-09 00:00:00,9782.00000000,9877.00000000,9570.00000000,9679.22000000,13031.06100600,2020-06-09 03:59:59.999,126714524.01581998,131438,6446.15652400,62775134.52609725,0
2020-06-09 04:00:00,9678.95000000,9706.87000000,9653.75000000,9681.75000000,4585.06894000,2020-06-09 07:59:59.999,44393814.62715754,65261,1848.28965000,17894761.77556037,0
2020-06-09 08:00:00,9681.81000000,9728.00000000,9624.53000000,9721.24000000,6679.19438600,2020-06-09 11:59:59.999,64615154.64702748,83415,2965.46567800,28694877.66231792,0
2020-06-09 12:00:00,9721.23000000,9748.95000000,9672.00000000,9719.89000000,7643.43106600,2020-06-09 15:59:59.999,74247024.13991286,94033,3756.72433500,36492925.95233493,0
2020-06-09 16:00:00,9719.89000000,9744.51000000,9681.94000000,9731.15000000,5529.21860000,2020-06-09 19:59:59.999,53672163.22432359,68507,2462.20801800,23902719.08842089,0
2020-06-09 20:00:00,9731.15000000,9829.00000000,9694.00000000,9772.43000000,8556.02729100,2020-06-09 23:59:59.999,83566215.18445689,109209,4422.34674500,43204989.67309673,0
2020-06-10 00:00:00,9772.44000000,9810.00000000,9735.59000000,9754.50000000,5602.79952500,2020-06-10 03:59:59.999,54759295.82624602,72095,2298.68150200,22464348.60889950,0
2020-06-10 04:00:00,9754.50000000,9790.00000000,9720.00000000,9747.89000000,4989.53420700,2020-06-10 07:59:59.999,48688168.26360454,74740,2402.83731300,23447706.64965398,0
2020-06-10 08:00:00,9747.88000000,9765.79000000,9706.04000000,9729.60000000,5097.08919700,2020-06-10 11:59:59.999,49617766.68036232,76306,2308.64467400,22474924.37601656,0
2020-06-10 12:00:00,9728.41000000,9779.00000000,9720.00000000,9758.33000000,5197.77571200,2020-06-10 15:59:59.999,50688418.23488662,82374,2532.41716100,24696706.18835381,0
2020-06-10 16:00:00,9758.32000000,9992.72000000,9704.18000000,9852.18000000,19123.51166100,2020-06-10 19:59:59.999,188324261.57722965,175628,10402.34138900,102468147.06783650,0
2020-06-10 20:00:00,9852.17000000,9913.00000000,9821.95000000,9885.00000000,7120.05268000,2020-06-10 23:59:59.999,70306394.76887020,79766,3183.23899300,31430802.72839409,0
2020-06-11 00:00:00,9885.22000000,9964.00000000,9860.00000000,9889.17000000,9631.74934500,2020-06-11 03:59:59.999,95451537.18653637,101518,4381.58077100,43428597.69916051,0
2020-06-11 04:00:00,9889.16000000,9906.00000000,9758.00000000,9796.47000000,9229.71232700,2020-06-11 07:59:59.999,90717748.40800659,99254,4070.07440700,40012753.56059202,0
2020-06-11 08:00:00,9796.29000000,9821.91000000,9755.52000000,9788.57000000,7810.45174500,2020-06-11 11:59:59.999,76478221.97378649,100869,3856.72242600,37768382.75497385,0
2020-06-11 12:00:00,9787.58000000,9796.29000000,9502.00000000,9521.11000000,23414.67645000,2020-06-11 15:59:59.999,225695857.15496684,228800,9746.10817100,93975788.43998221,0
2020-06-11 16:00:00,9521.54000000,9569.97000000,9113.00000000,9280.93000000,34158.40961100,2020-06-11 19:59:59.999,319093266.69977164,309629,14302.51940600,133580520.16037880,0
2020-06-11 20:00:00,9280.93000000,9375.01000000,9230.00000000,9280.40000000,10173.98525200,2020-06-11 23:59:59.999,94639017.12231700,126432,4615.05956800,42923507.04287849,0
2020-06-12 00:00:00,9278.88000000,9396.00000000,9232.51000000,9363.44000000,8410.95208300,2020-06-12 03:59:59.999,78496244.77948437,107392,4274.85852300,39906114.45419037,0
2020-06-12 04:00:00,9364.15000000,9463.00000000,9345.40000000,9439.00000000,8492.42660800,2020-06-12 07:59:59.999,79795629.22265794,93337,4103.32526200,38575388.09088781,0
2020-06-12 08:00:00,9439.48000000,9516.95000000,9433.73000000,9495.60000000,9002.24420000,2020-06-12 11:59:59.999,85284245.55340236,109307,4277.42297300,40528886.99196358,0
2020-06-12 12:00:00,9495.60000000,9557.12000000,9360.81000000,9417.81000000,11978.92928800,2020-06-12 15:59:59.999,113322810.43808139,104056,5885.94830900,55689843.89637261,0
2020-06-12 16:00:00,9417.98000000,9457.99000000,9301.00000000,9431.21000000,8467.59444000,2020-06-12 19:59:59.999,79496865.79375700,80078,3803.48214700,35720928.49921193,0
2020-06-12 20:00:00,9431.11000000,9488.15000000,9409.85000000,9465.13000000,3766.92031300,2020-06-12 23:59:59.999,35612098.58829226,59033,1999.77915600,18904808.93850586,0
2020-06-13 00:00:00,9464.96000000,9477.18000000,9398.49000000,9408.54000000,3836.91089800,2020-06-13 03:59:59.999,36200186.56175888,62809,1810.16924400,17076538.88672701,0
2020-06-13 04:00:00,9408.54000000,9448.99000000,9362.08000000,9437.90000000,4722.27556900,2020-06-13 07:59:59.999,44422192.31869299,64997,2386.72477400,22454102.63986974,0
2020-06-13 08:00:00,9437.69000000,9470.00000000,9380.00000000,9405.10000000,5119.32517500,2020-06-13 11:59:59.999,48273932.60512165,69348,2393.96537600,22580231.64127679,0
2020-06-13 12:00:00,9405.13000000,9468.00000000,9390.05000000,9437.42000000,5437.30941700,2020-06-13 15:59:59.999,51275188.77957825,68339,2759.88263200,26034539.59187094,0
2020-06-13 16:00:00,9437.42000000,9494.73000000,9386.21000000,9404.08000000,4154.50927400,2020-06-13 19:59:59.999,39219806.45663372,62896,2055.92834900,19417237.81122108,0
2020-06-13 20:00:00,9404.13000000,9480.46000000,9351.00000000,9473.34000000,4489.45451800,2020-06-13 23:59:59.999,42281855.53668693,64374,2124.33683900,20014517.74637445,0
2020-06-14 00:00:00,9473.34000000,9480.99000000,9425.15000000,9434.81000000,2559.77734000,2020-06-14 03:59:59.999,24185180.56269207,45551,1241.92046700,11732828.92606687,0
2020-06-14 04:00:00,9434.81000000,9444.46000000,9380.00000000,9414.63000000,3977.02080300,2020-06-14 07:59:59.999,37448496.29814075,58281,1975.26491200,18602681.90774489,0
2020-06-14 08:00:00,9414.55000000,9443.46000000,9388.00000000,9426.34000000,3120.37272700,2020-06-14 11:59:59.999,29406526.09575039,54361,1671.95160600,15757130.43298065,0
2020-06-14 12:00:00,9426.61000000,9438.71000000,9311.02000000,9419.36000000,8924.12424700,2020-06-14 15:59:59.999,83748107.59771462,105126,4327.47909700,40603094.81334582,0
2020-06-14 16:00:00,9419.36000000,9431.74000000,9366.66000000,9394.04000000,3253.11812800,2020-06-14 19:59:59.999,30560043.62384630,52478,1591.78519900,14952990.89873833,0
2020-06-14 20:00:00,9394.05000000,9409.88000000,9245.00000000,9342.10000000,8221.09336300,2020-06-14 23:59:59.999,76782918.20192209,99771,3657.01487000,34162827.08533900,0
2020-06-15 00:00:00,9342.10000000,9370.81000000,9122.00000000,9163.99000000,11307.94824000,2020-06-15 03:59:59.999,104612697.14336329,127140,5107.18650500,47256829.20151171,0
2020-06-15 04:00:00,9164.09000000,9225.85000000,8910.45000000,9123.30000000,25068.64404300,2020-06-15 07:59:59.999,227304675.43516872,217262,11110.45030100,100756821.93265511,0
2020-06-15 08:00:00,9123.30000000,9165.00000000,9068.00000000,9117.69000000,10273.02373100,2020-06-15 11:59:59.999,93686511.85565294,109035,4885.99460200,44563609.04015908,0
2020-06-15 12:00:00,9117.69000000,9310.96000000,9043.19000000,9298.00000000,15418.23443600,2020-06-15 15:59:59.999,141751829.02171496,147699,8076.09170300,74282776.78446036,0
2020-06-15 16:00:00,9298.01000000,9450.00000000,9281.81000000,9418.57000000,14424.86377100,2020-06-15 19:59:59.999,135357463.88011484,138934,7160.45568600,67202847.82007062,0
2020-06-15 16:00:00,9298.01000000,9450.00000000,9281.81000000,9418.57000000,14424.86377100,2020-06-15 19:59:59.999,135357463.88011484,138934,7160.45568600,67202847.82007062,0
2020-06-15 20:00:00,9418.57000000,9495.00000000,9392.18000000,9426.02000000,9615.21048600,2020-06-15 23:59:59.999,90805665.21496971,99451,5290.56873200,49968238.40287196,0
2020-06-16 00:00:00,9426.05000000,9582.05000000,9373.09000000,9562.51000000,11045.97405600,2020-06-16 03:59:59.999,104766505.24818010,104204,6223.02457700,59082325.09114501,0
2020-06-16 04:00:00,9562.52000000,9577.33000000,9455.00000000,9504.09000000,8654.04594600,2020-06-16 07:59:59.999,82352202.94353106,92973,4114.62151500,39156203.82839795,0
2020-06-16 08:00:00,9504.10000000,9543.47000000,9464.01000000,9509.94000000,7238.62880600,2020-06-16 11:59:59.999,68822015.55408275,86518,3287.60269600,31259684.70898619,0
2020-06-16 12:00:00,9509.17000000,9589.00000000,9400.00000000,9452.62000000,14679.98849200,2020-06-16 15:59:59.999,139464720.68828986,131368,7047.35162400,66939587.74074301,0
2020-06-16 16:00:00,9452.18000000,9512.31000000,9430.00000000,9507.52000000,6287.15173600,2020-06-16 19:59:59.999,59630391.71717832,71867,3152.49039300,29902295.36882958,0
2020-06-16 20:00:00,9507.87000000,9537.50000000,9478.61000000,9525.59000000,4146.65789100,2020-06-16 23:59:59.999,39422432.98852901,56551,1867.74882000,17757316.14470587,0
2020-06-17 00:00:00,9526.97000000,9535.43000000,9420.00000000,9460.37000000,5688.12901200,2020-06-17 03:59:59.999,53871197.20854848,74636,2172.76644000,20577096.90293221,0
2020-06-17 04:00:00,9460.36000000,9534.00000000,9435.00000000,9513.00000000,5745.47558000,2020-06-17 07:59:59.999,54461906.46763904,73805,2897.85031700,27475108.06759235,0
2020-06-17 08:00:00,9513.00000000,9525.00000000,9466.00000000,9478.61000000,5214.39228900,2020-06-17 11:59:59.999,49499250.80085278,61441,2634.45280300,25007854.18013980,0
2020-06-17 12:00:00,9478.61000000,9565.00000000,9366.09000000,9399.24000000,12401.46574100,2020-06-17 15:59:59.999,117175441.34411104,126510,6030.23106300,56992984.26630120,0
2020-06-17 16:00:00,9399.20000000,9430.04000000,9298.40000000,9300.83000000,9997.84391600,2020-06-17 19:59:59.999,93832368.03229431,95935,4852.32381600,45555133.46432370,0
2020-06-17 20:00:00,9302.13000000,9473.33000000,9236.61000000,9465.14000000,8999.10461400,2020-06-17 23:59:59.999,84369648.37233495,103831,4255.20683700,39924548.75263841,0
2020-06-18 00:00:00,9465.13000000,9471.39000000,9401.41000000,9431.28000000,4100.74456400,2020-06-18 03:59:59.999,38661827.67307365,57355,1744.23500400,16443552.96438501,0
2020-06-18 04:00:00,9431.48000000,9455.00000000,9407.12000000,9440.34000000,4211.34314300,2020-06-18 07:59:59.999,39716588.57792812,58760,2088.91707200,19702554.85523103,0
2020-06-18 08:00:00,9440.82000000,9489.00000000,9380.00000000,9432.67000000,6599.56447500,2020-06-18 11:59:59.999,62306677.72264830,81311,3229.98153000,30504146.44605990,0
2020-06-18 12:00:00,9432.67000000,9445.00000000,9381.00000000,9385.99000000,7578.08594900,2020-06-18 15:59:59.999,71344506.42317516,92607,3793.66443800,35720721.39576364,0
2020-06-18 16:00:00,9385.99000000,9419.64000000,9335.50000000,9397.99000000,7027.65968900,2020-06-18 19:59:59.999,66020305.16350038,82732,3457.81400900,32489438.06645599,0
2020-06-18 20:00:00,9397.99000000,9416.65000000,9280.00000000,9386.32000000,7864.55594500,2020-06-18 23:59:59.999,73599649.51221308,102309,3625.79320000,33941144.65143671,0
2020-06-19 00:00:00,9386.32000000,9388.71000000,9215.79000000,9274.26000000,9716.71301900,2020-06-19 03:59:59.999,90498028.97983519,98412,4774.98252200,44477670.26267239,0
2020-06-19 04:00:00,9274.27000000,9335.02000000,9257.30000000,9299.52000000,6459.09966200,2020-06-19 07:59:59.999,60078917.62586148,74395,3022.06588000,28108647.74189464,0
2020-06-19 08:00:00,9299.53000000,9438.30000000,9274.20000000,9385.84000000,9048.22237400,2020-06-19 11:59:59.999,84726275.39148914,99566,4824.21359800,45186758.10717274,0
2020-06-19 12:00:00,9385.84000000,9423.00000000,9346.27000000,9383.32000000,6807.97209900,2020-06-19 15:59:59.999,63908024.24602489,81863,3267.73782100,30679374.03126574,0
2020-06-19 16:00:00,9383.35000000,9386.83000000,9267.81000000,9307.37000000,7697.82001400,2020-06-19 19:59:59.999,71764099.01728466,84864,3503.99845600,32668540.12455519,0
2020-06-19 20:00:00,9307.36000000,9354.40000000,9260.00000000,9310.23000000,5601.15650500,2020-06-19 23:59:59.999,52111619.93224291,64384,2662.97076900,24777378.07258842,0
2020-06-20 00:00:00,9310.23000000,9350.00000000,9286.97000000,9330.65000000,3754.55620300,2020-06-20 03:59:59.999,34996404.20670648,49964,1857.25883700,17312581.03411955,0
2020-06-20 04:00:00,9330.64000000,9333.42000000,9293.40000000,9302.88000000,3569.75420800,2020-06-20 07:59:59.999,33253495.76468732,48405,1645.20459900,15326067.69630046,0
2020-06-20 08:00:00,9303.41000000,9380.00000000,9170.95000000,9325.87000000,9173.44677000,2020-06-20 11:59:59.999,85159129.04517295,96557,4480.10837600,41619350.17174170,0
2020-06-20 12:00:00,9325.87000000,9335.07000000,9232.33000000,9259.78000000,4732.91548400,2020-06-20 15:59:59.999,43947729.18272310,68009,2281.67710100,21186056.09018686,0
2020-06-20 16:00:00,9258.82000000,9319.45000000,9241.00000000,9286.54000000,4445.72080800,2020-06-20 19:59:59.999,41271536.76555244,57055,2269.91012600,21073806.35467042,0
2020-06-20 20:00:00,9286.46000000,9395.00000000,9286.46000000,9358.95000000,4652.67191100,2020-06-20 23:59:59.999,43492065.59191032,62788,2590.92273000,24223664.27366429,0
2020-06-21 00:00:00,9358.95000000,9400.00000000,9344.13000000,9371.78000000,3895.98789700,2020-06-21 03:59:59.999,36517546.01435021,55538,1967.87086100,18447209.75298971,0
2020-06-21 04:00:00,9371.82000000,9422.00000000,9356.05000000,9368.98000000,4286.29965400,2020-06-21 07:59:59.999,40213436.53886812,49364,2297.63191300,21556406.72612225,0
2020-06-21 08:00:00,9369.46000000,9385.26000000,9331.00000000,9358.50000000,3704.68053500,2020-06-21 11:59:59.999,34671885.98794945,45087,1742.69736600,16309114.37139456,0
2020-06-21 12:00:00,9358.50000000,9393.00000000,9321.71000000,9373.33000000,3984.58684100,2020-06-21 15:59:59.999,37267501.59479780,56203,1969.65715200,18424342.19906084,0
2020-06-21 16:00:00,9373.33000000,9379.58000000,9302.00000000,9351.13000000,4555.85339200,2020-06-21 19:59:59.999,42560554.89299608,61149,2088.65951200,19514141.55641528,0
2020-06-21 20:00:00,9351.14000000,9354.29000000,9281.54000000,9294.69000000,3889.51791500,2020-06-21 23:59:59.999,36237015.58124954,53674,1713.28037800,15964289.94939598,0
2020-06-22 00:00:00,9294.69000000,9399.99000000,9277.09000000,9385.69000000,5442.67527200,2020-06-22 03:59:59.999,50937498.49239023,68325,2523.58482800,23615746.44600802,0
2020-06-22 04:00:00,9385.69000000,9450.00000000,9376.14000000,9419.00000000,7917.24069300,2020-06-22 07:59:59.999,74574315.68806295,86118,4101.36714400,38637717.62157467,0
2020-06-22 08:00:00,9419.01000000,9473.03000000,9399.80000000,9459.40000000,7329.10817600,2020-06-22 11:59:59.999,69120408.16372708,79213,3687.50560800,34782595.51689664,0
2020-06-22 12:00:00,9459.84000000,9509.73000000,9442.51000000,9492.26000000,10281.90867200,2020-06-22 15:59:59.999,97409468.46746893,102885,5497.20002300,52084104.92417377,0
2020-06-22 16:00:00,9492.25000000,9629.34000000,9474.13000000,9563.47000000,13846.61505900,2020-06-22 19:59:59.999,132470922.94258828,121876,7590.01059700,72618168.23193669,0
2020-06-22 20:00:00,9563.51000000,9780.00000000,9563.47000000,9685.69000000,13077.92047100,2020-06-22 23:59:59.999,126483185.31523299,130287,7338.53217500,70974445.40288633,0
2020-06-23 00:00:00,9685.69000000,9720.00000000,9604.04000000,9658.22000000,8558.85001500,2020-06-23 03:59:59.999,82611468.95336830,85366,3837.76004600,37047076.12951949,0
2020-06-23 04:00:00,9657.87000000,9667.86000000,9620.07000000,9663.63000000,4674.36624600,2020-06-23 07:59:59.999,45046944.48889101,60708,2091.90913300,20160517.15917509,0
2020-06-23 08:00:00,9663.63000000,9664.96000000,9577.03000000,9633.16000000,8634.84557100,2020-06-23 11:59:59.999,82977952.41564280,89546,3882.28972600,37307051.46231685,0
2020-06-23 12:00:00,9634.09000000,9692.42000000,9613.56000000,9691.99000000,8127.35748100,2020-06-23 15:59:59.999,78409596.84261019,102771,4091.17825900,39475979.45252875,0
2020-06-23 16:00:00,9691.99000000,9695.00000000,9638.89000000,9640.48000000,6339.15469100,2020-06-23 19:59:59.999,61235830.32098676,76132,3204.91736400,30960578.03882302,0
2020-06-23 20:00:00,9640.02000000,9660.98000000,9590.00000000,9624.89000000,4696.45537600,2020-06-23 23:59:59.999,45205823.43937893,59796,2004.55168800,19296214.60704915,0
2020-06-24 00:00:00,9624.33000000,9665.00000000,9612.88000000,9651.16000000,3755.78064100,2020-06-24 03:59:59.999,36211035.01768484,45477,1765.45784900,17020735.85040563,0
2020-06-24 04:00:00,9651.23000000,9670.00000000,9500.00000000,9512.82000000,9670.03890200,2020-06-24 07:59:59.999,92904462.74070320,92337,3757.97160400,36120099.53591499,0
2020-06-24 08:00:00,9512.82000000,9550.00000000,9313.00000000,9331.32000000,15689.49823100,2020-06-24 11:59:59.999,148113554.32879654,135705,6795.74977300,64179652.61780121,0
2020-06-24 12:00:00,9331.32000000,9430.00000000,9208.00000000,9249.93000000,17677.51217300,2020-06-24 15:59:59.999,164815366.56465288,149763,7485.93999300,69824428.77703420,0
2020-06-24 16:00:00,9249.97000000,9343.02000000,9238.96000000,9299.00000000,8401.73397600,2020-06-24 19:59:59.999,78149906.30827219,82352,4108.23485500,38206812.56663920,0
2020-06-24 20:00:00,9299.00000000,9328.46000000,9233.35000000,9296.49000000,6376.99754100,2020-06-24 23:59:59.999,59232377.83657250,66728,2990.18998700,27779658.25212603,0
2020-06-25 00:00:00,9298.33000000,9306.82000000,9009.69000000,9100.36000000,14993.94399200,2020-06-25 03:59:59.999,137430838.95494440,129071,6099.41957800,55947538.73320264,0
2020-06-25 04:00:00,9100.13000000,9198.00000000,9090.17000000,9173.48000000,10000.39505500,2020-06-25 07:59:59.999,91465145.90864388,84468,5098.97621500,46614279.17813831,0
2020-06-25 08:00:00,9173.70000000,9332.94000000,9173.55000000,9255.49000000,9561.18300700,2020-06-25 11:59:59.999,88674090.94727081,90341,4898.01562700,45419460.33195284,0
2020-06-25 12:00:00,9255.79000000,9269.70000000,9160.03000000,9236.77000000,8718.07499800,2020-06-25 15:59:59.999,80383821.59235676,93202,4278.77935600,39455057.58875417,0
2020-06-25 16:00:00,9236.88000000,9296.69000000,9212.00000000,9287.06000000,5919.18813600,2020-06-25 19:59:59.999,54870553.80620078,70437,2902.41999300,26904409.09982722,0
2020-06-25 20:00:00,9286.39000000,9340.00000000,9215.00000000,9249.49000000,6638.83396800,2020-06-25 23:59:59.999,61572296.19536613,68686,3268.78479400,30318388.95314841,0
2020-06-26 00:00:00,9249.49000000,9298.00000000,9182.50000000,9246.83000000,5760.63731000,2020-06-26 03:59:59.999,53284708.73728213,61363,2630.17464200,24327239.32251439,0
2020-06-26 04:00:00,9246.03000000,9272.12000000,9100.18000000,9146.09000000,9590.56032700,2020-06-26 07:59:59.999,88053270.34667094,102332,4391.16715100,40320947.09184568,0
2020-06-26 08:00:00,9147.20000000,9256.75000000,9091.55000000,9189.38000000,10310.61307600,2020-06-26 11:59:59.999,94596052.85380322,108498,4897.59385400,44947371.00361236,0
2020-06-26 12:00:00,9189.38000000,9232.50000000,9045.45000000,9152.01000000,13453.91686400,2020-06-26 15:59:59.999,122982553.07070526,124292,6096.33495200,55754576.49100183,0
2020-06-26 16:00:00,9152.16000000,9181.61000000,9091.00000000,9166.80000000,6441.16823400,2020-06-26 19:59:59.999,58924659.87498260,65432,2907.72104800,26603113.59887844,0
2020-06-26 20:00:00,9166.81000000,9218.00000000,9147.85000000,9162.21000000,4735.40246600,2020-06-26 23:59:59.999,43505819.94605893,49030,2384.91182800,21913585.33077854,0
2020-06-27 00:00:00,9162.21000000,9187.15000000,9105.00000000,9160.25000000,4509.73491200,2020-06-27 03:59:59.999,41221642.35513466,57890,2272.63198100,20777062.06200003,0
2020-06-27 04:00:00,9160.25000000,9196.24000000,9134.48000000,9174.25000000,3489.70872000,2020-06-27 07:59:59.999,31995039.09221751,46873,1699.87929900,15584931.60083335,0
2020-06-27 08:00:00,9174.37000000,9196.00000000,9120.00000000,9159.97000000,5179.02318600,2020-06-27 11:59:59.999,47423157.12826498,58149,2601.00826300,23818685.31465756,0
2020-06-27 12:00:00,9159.97000000,9178.16000000,9113.00000000,9130.76000000,4803.07788500,2020-06-27 15:59:59.999,43961628.06337918,62734,2257.01644800,20660342.65371682,0
2020-06-27 16:00:00,9130.82000000,9149.49000000,8833.00000000,8938.04000000,16503.02939500,2020-06-27 19:59:59.999,148907110.68980215,150877,6569.38540700,59332109.42082321,0
2020-06-27 20:00:00,8937.45000000,9099.00000000,8900.22000000,9012.00000000,11806.35601500,2020-06-27 23:59:59.999,106098224.90840290,122892,5656.95546200,50840649.20884477,0
2020-06-28 00:00:00,9012.00000000,9015.00000000,8948.06000000,8971.80000000,2746.15341900,2020-06-28 01:59:59.999,24652039.84140604,32908,1359.34625700,12202681.03413274,0
2020-06-28 04:00:00,8971.86000000,9034.65000000,8961.21000000,9023.09000000,3229.34381000,2020-06-28 07:59:59.999,29057819.20955055,40326,1432.55764200,12891345.68613769,0
2020-06-28 08:00:00,9023.42000000,9083.57000000,9003.09000000,9052.81000000,6184.57990300,2020-06-28 11:59:59.999,56004989.55721028,71481,2934.21312600,26571811.84162615,0
2020-06-28 12:00:00,9052.80000000,9179.05000000,9020.44000000,9159.42000000,8470.48397900,2020-06-28 15:59:59.999,77160342.44141539,89549,4379.71700100,39891013.07170509,0
2020-06-28 16:00:00,9159.27000000,9191.00000000,9102.50000000,9112.64000000,5339.32527800,2020-06-28 19:59:59.999,48865410.73373694,72495,2462.33655300,22542879.58967947,0
2020-06-28 20:00:00,9112.12000000,9146.00000000,9075.94000000,9116.35000000,4718.29003200,2020-06-28 23:59:59.999,42981073.13879202,67645,2414.63394900,21993884.59578425,0
2020-06-29 00:00:00,9116.16000000,9148.61000000,9083.52000000,9097.01000000,4312.86826400,2020-06-29 03:59:59.999,39341465.85878424,59129,1855.93775800,16931330.50474267,0
2020-06-29 04:00:00,9097.01000000,9134.24000000,9062.39000000,9096.95000000,6120.85567900,2020-06-29 07:59:59.999,55697196.93785176,66615,3189.28826500,29018257.02096198,0
2020-06-29 08:00:00,9096.91000000,9142.00000000,9061.26000000,9097.38000000,7696.30553100,2020-06-29 11:59:59.999,70023616.40008671,75812,3443.59793000,31328086.52211428,0
2020-06-29 12:00:00,9097.37000000,9135.36000000,9024.67000000,9124.75000000,9234.29761000,2020-06-29 15:59:59.999,83825542.66651307,95458,4565.19715800,41449960.93488447,0
2020-06-29 16:00:00,9124.43000000,9180.00000000,9102.03000000,9158.10000000,7104.85144400,2020-06-29 19:59:59.999,64942083.52754314,65386,3678.22188000,33626234.85729554,0
2020-06-29 20:00:00,9158.10000000,9238.00000000,9146.91000000,9192.56000000,7651.11473300,2020-06-29 23:59:59.999,70376421.07990148,71899,3716.85480500,34188997.57056314,0
2020-06-30 00:00:00,9192.93000000,9205.00000000,9155.06000000,9161.65000000,4008.79411800,2020-06-30 03:59:59.999,36795692.90037429,42149,2082.62782300,19118064.66390198,0
2020-06-30 04:00:00,9161.67000000,9178.87000000,9111.94000000,9144.88000000,5503.83236400,2020-06-30 07:59:59.999,50330265.83742498,54103,2552.03404500,23335628.42961524,0
2020-06-30 08:00:00,9144.34000000,9174.00000000,9113.55000000,9148.90000000,4894.29270900,2020-06-30 11:59:59.999,44771441.90625762,54690,2384.97361900,21817973.13653666,0
2020-06-30 12:00:00,9148.89000000,9189.00000000,9064.89000000,9169.57000000,9169.76812400,2020-06-30 15:59:59.999,83747031.68857872,86571,4502.32416500,41138891.89138236,0
2020-06-30 16:00:00,9169.99000000,9179.29000000,9095.12000000,9134.73000000,4702.33506100,2020-06-30 19:59:59.999,43007001.64815516,53012,2216.24520400,20270539.39548213,0
2020-06-30 20:00:00,9134.29000000,9172.44000000,9125.00000000,9138.55000000,3184.14042500,2020-06-30 23:59:59.999,29129900.53622502,37558,1529.54261100,13993553.58584797,0
2020-07-01 00:00:00,9138.08000000,9146.67000000,9080.10000000,9138.59000000,4278.11376200,2020-07-01 03:59:59.999,39023040.92187770,50522,1994.55526200,18196124.01964575,0
2020-07-01 04:00:00,9138.55000000,9162.85000000,9125.31000000,9135.37000000,4286.20629200,2020-07-01 07:59:59.999,39195977.40553595,46178,2193.71110900,20062694.70713053,0
2020-07-01 08:00:00,9135.37000000,9200.00000000,9133.10000000,9158.98000000,6935.66489700,2020-07-01 11:59:59.999,63545939.89879476,61258,3418.19007300,31317940.72558810,0
2020-07-01 12:00:00,9159.06000000,9268.38000000,9135.07000000,9263.94000000,10514.15962900,2020-07-01 15:59:59.999,96835524.74840965,89920,5438.11999400,50083396.72776535,0
2020-07-01 16:00:00,9263.83000000,9292.00000000,9232.70000000,9240.01000000,8361.79872400,2020-07-01 19:59:59.999,77498794.29806648,77462,3927.02441800,36396655.08908680,0
2020-07-01 20:00:00,9240.01000000,9259.97000000,9210.16000000,9232.00000000,4112.58539500,2020-07-01 23:59:59.999,37988349.89697664,49492,2097.23084900,19372655.02000326,0
2020-07-02 00:00:00,9231.99000000,9261.96000000,9215.12000000,9237.88000000,3378.86468700,2020-07-02 03:59:59.999,31215319.51109305,46121,1561.16805600,14422325.90170439,0
2020-07-02 04:00:00,9237.88000000,9260.84000000,9166.60000000,9208.00000000,6203.78813200,2020-07-02 07:59:59.999,57154916.03592980,62986,2911.83278900,26826761.71677568,0
2020-07-02 08:00:00,9208.33000000,9220.00000000,9170.01000000,9197.01000000,6246.19480500,2020-07-02 11:59:59.999,57446708.48758430,67168,3020.56993500,27780952.93093317,0
2020-07-02 12:00:00,9196.79000000,9257.72000000,9025.00000000,9048.92000000,12861.96148900,2020-07-02 15:59:59.999,117672927.21542607,122561,5955.78394600,54524380.01981765,0
2020-07-02 16:00:00,9048.92000000,9082.24000000,8940.00000000,9055.15000000,11356.83857500,2020-07-02 19:59:59.999,102603671.69000291,109531,5236.18420400,47307655.56957814,0
2020-07-02 20:00:00,9055.14000000,9150.00000000,9035.00000000,9086.54000000,5677.52038800,2020-07-02 23:59:59.999,51630925.94732064,61925,2952.09155900,26847799.10934780,0
2020-07-03 00:00:00,9086.54000000,9123.07000000,9064.67000000,9092.84000000,3633.25728900,2020-07-03 03:59:59.999,33058765.84128428,48312,1443.37009400,13130827.43649764,0
2020-07-03 04:00:00,9093.77000000,9118.36000000,9076.03000000,9105.05000000,3962.58811900,2020-07-03 07:59:59.999,36053357.91080254,52442,1845.22950600,16788819.25763892,0
2020-07-03 08:00:00,9105.25000000,9125.00000000,9038.70000000,9097.00000000,7492.81558400,2020-07-03 11:59:59.999,68082449.29636835,74677,3722.96634900,33827916.11369307,0
2020-07-03 12:00:00,9097.00000000,9122.00000000,9075.00000000,9100.39000000,5347.17160000,2020-07-03 15:59:59.999,48651268.60642740,59413,2739.26796600,24923937.96030723,0
2020-07-03 16:00:00,9100.38000000,9114.00000000,9067.67000000,9085.72000000,4656.31823600,2020-07-03 19:59:59.999,42318209.46735630,57931,2218.80203800,20165935.26754176,0
2020-07-03 20:00:00,9085.70000000,9104.00000000,9037.47000000,9058.26000000,3851.26934900,2020-07-03 23:59:59.999,34959699.34493349,50414,1749.88856400,15884977.03193600,0
2020-07-04 00:00:00,9057.79000000,9099.00000000,9045.34000000,9085.02000000,3375.51940000,2020-07-04 03:59:59.999,30637964.33394691,50686,1636.51872800,14855452.78728311,0
2020-07-04 04:00:00,9084.96000000,9095.00000000,9067.19000000,9073.54000000,2913.40007100,2020-07-04 07:59:59.999,26460507.42163679,43288,1403.71599600,12749633.71012192,0
2020-07-04 08:00:00,9073.60000000,9085.00000000,9051.43000000,9057.69000000,4320.62692200,2020-07-04 11:59:59.999,39179438.58747370,51807,2226.64815000,20192836.52063180,0
2020-07-04 12:00:00,9058.42000000,9085.00000000,9040.04000000,9066.01000000,4706.89341400,2020-07-04 15:59:59.999,42680028.31232129,60520,2339.26912300,21213749.29349589,0
2020-07-04 16:00:00,9066.00000000,9190.00000000,9061.55000000,9129.31000000,8099.35520500,2020-07-04 19:59:59.999,74000596.33813942,84764,4424.28177800,40432018.69724829,0
2020-07-04 20:00:00,9129.31000000,9146.86000000,9108.33000000,9135.46000000,3026.17347200,2020-07-04 23:59:59.999,27617519.92220501,44160,1558.38582500,14222525.05639414,0
2020-07-05 00:00:00,9135.00000000,9145.24000000,9112.38000000,9129.80000000,3540.37609800,2020-07-05 03:59:59.999,32323863.59298841,43589,1455.87316500,13290659.88979540,0
2020-07-05 04:00:00,9128.98000000,9132.44000000,9040.00000000,9061.99000000,7177.48141800,2020-07-05 07:59:59.999,65206937.00321247,75885,3719.86913100,33787524.96444886,0
2020-07-05 08:00:00,9062.17000000,9074.85000000,8980.00000000,9034.48000000,6377.68074400,2020-07-05 11:59:59.999,57638906.11526032,62451,2749.36150100,24853777.34717963,0
2020-07-05 12:00:00,9034.54000000,9068.00000000,8997.93000000,9028.00000000,5244.22248000,2020-07-05 15:59:59.999,47359971.33550764,66139,2671.65289000,24128995.19662616,0
2020-07-05 16:00:00,9028.25000000,9053.64000000,9018.05000000,9029.23000000,3146.87731000,2020-07-05 19:59:59.999,28430521.24695378,44821,1517.41397600,13709514.08729899,0
2020-07-05 20:00:00,9029.23000000,9108.46000000,8893.03000000,9069.41000000,8587.01557700,2020-07-05 23:59:59.999,77450244.36529258,91615,4162.06360700,37569404.05309089,0
2020-07-06 00:00:00,9069.41000000,9119.12000000,9055.92000000,9087.91000000,4649.33218300,2020-07-06 03:59:59.999,42244504.00723989,51685,2363.57617700,21471442.27522317,0
2020-07-06 04:00:00,9087.91000000,9240.00000000,9078.68000000,9200.08000000,13199.23345700,2020-07-06 07:59:59.999,121066573.08244973,107789,6630.69555100,60804132.52512160,0
2020-07-06 08:00:00,9200.08000000,9229.96000000,9172.00000000,9222.96000000,7768.82083300,2020-07-06 11:59:59.999,71432837.33207531,76085,3839.71499600,35307477.45527995,0
2020-07-06 12:00:00,9223.00000000,9320.00000000,9195.71000000,9305.02000000,13366.26443200,2020-07-06 15:59:59.999,123744853.03529633,118257,7160.74054000,66303850.76499567,0
2020-07-06 16:00:00,9305.02000000,9349.00000000,9262.44000000,9289.65000000,8676.77979700,2020-07-06 19:59:59.999,80756213.67523245,92764,4379.33952800,40757890.90209694,0
2020-07-06 20:00:00,9289.62000000,9375.00000000,9255.92000000,9344.20000000,6802.70157500,2020-07-06 23:59:59.999,63303395.07716995,86960,3758.87543000,34992179.41322866,0
2020-07-07 00:00:00,9342.47000000,9379.42000000,9256.40000000,9295.58000000,6496.98018500,2020-07-07 03:59:59.999,60512575.48556009,77576,2971.05889900,27671868.77644173,0
2020-07-07 04:00:00,9295.58000000,9307.53000000,9238.00000000,9262.01000000,5907.48869000,2020-07-07 07:59:59.999,54772728.59667302,71310,2759.20436300,25583396.58970582,0
2020-07-07 08:00:00,9262.02000000,9275.33000000,9220.04000000,9270.52000000,5489.66510100,2020-07-07 11:59:59.999,50773647.02334928,65642,2712.07637400,25081529.58892579,0
2020-07-07 12:00:00,9270.52000000,9290.28000000,9236.00000000,9275.66000000,6267.62099400,2020-07-07 15:59:59.999,58060950.90213840,81429,3092.91587100,28651170.05900865,0
2020-07-07 16:00:00,9275.64000000,9284.07000000,9230.00000000,9238.50000000,5381.15537500,2020-07-07 19:59:59.999,49849854.30719036,69024,2397.45685300,22212572.34729044,0
2020-07-07 20:00:00,9238.50000000,9270.00000000,9203.00000000,9257.39000000,5044.42633300,2020-07-07 23:59:59.999,46606769.04043862,68500,2352.13664200,21730904.23840291,0
2020-07-08 00:00:00,9257.40000000,9322.59000000,9231.00000000,9311.23000000,7669.83315300,2020-07-08 03:59:59.999,71206242.05251348,106457,3885.98683100,36080347.79120038,0
2020-07-08 04:00:00,9311.23000000,9320.00000000,9253.51000000,9284.15000000,6540.99805000,2020-07-08 07:59:59.999,60688126.14340123,93273,3100.95016800,28770232.78622212,0
2020-07-08 08:00:00,9284.14000000,9310.00000000,9238.00000000,9309.83000000,7707.26045400,2020-07-08 11:59:59.999,71573583.34016932,103047,3500.25182200,32507272.94403797,0
2020-07-08 12:00:00,9309.83000000,9470.00000000,9284.00000000,9411.72000000,17993.34607800,2020-07-08 15:59:59.999,168895228.59693141,174153,9405.14076300,88289603.34279108,0
2020-07-08 16:00:00,9411.38000000,9445.00000000,9381.60000000,9430.00000000,7673.67049400,2020-07-08 19:59:59.999,72264554.64063520,82371,3748.55404100,35305396.24064994,0
2020-07-08 20:00:00,9430.00000000,9468.00000000,9406.48000000,9436.06000000,8555.40955200,2020-07-08 23:59:59.999,80717141.92627286,93304,4426.79701700,41771116.04473914,0
2020-07-09 00:00:00,9436.06000000,9440.79000000,9360.00000000,9385.02000000,7103.57884400,2020-07-09 03:59:59.999,66732168.01479446,95615,3358.70078000,31548334.16052355,0
2020-07-09 04:00:00,9385.02000000,9419.61000000,9375.95000000,9402.32000000,5802.74254700,2020-07-09 07:59:59.999,54528886.76807040,74085,2775.27004400,26080368.02779714,0
2020-07-09 08:00:00,9402.58000000,9405.00000000,9326.00000000,9401.71000000,7021.16784000,2020-07-09 11:59:59.999,65865468.80588990,78352,3323.63881800,31179452.42407956,0
2020-07-09 12:00:00,9401.70000000,9432.92000000,9160.00000000,9208.58000000,16571.96438200,2020-07-09 15:59:59.999,154052422.87427436,170125,7635.65948300,70990198.08650507,0
2020-07-09 16:00:00,9208.58000000,9239.53000000,9185.33000000,9218.14000000,7212.48329500,2020-07-09 19:59:59.999,66459194.53780096,86655,3622.87602300,33384499.71661017,0
2020-07-09 20:00:00,9218.21000000,9253.90000000,9206.62000000,9232.43000000,4332.51373700,2020-07-09 23:59:59.999,40002352.54349970,70659,1928.77035300,17808157.32958594,0
2020-07-10 00:00:00,9232.42000000,9237.55000000,9193.11000000,9222.70000000,4705.69793700,2020-07-10 03:59:59.999,43387002.26884163,68460,1991.09577600,18357651.45296088,0
2020-07-10 04:00:00,9222.62000000,9227.46000000,9125.00000000,9154.99000000,9510.60173100,2020-07-10 07:59:59.999,87090591.16685444,113970,4343.85538600,39775785.52465083,0
2020-07-10 08:00:00,9154.99000000,9205.26000000,9153.38000000,9161.49000000,7000.69585000,2020-07-10 11:59:59.999,64258699.22970808,96899,3268.95388500,30003806.81718009,0
2020-07-10 12:00:00,9161.49000000,9249.00000000,9160.59000000,9245.92000000,6781.32762700,2020-07-10 15:59:59.999,62366812.02633363,94922,3389.54791800,31176511.95071634,0
2020-07-10 16:00:00,9245.91000000,9252.41000000,9206.00000000,9235.57000000,5162.76935100,2020-07-10 19:59:59.999,47615663.22238812,72714,2658.68971600,24521933.29501590,0
2020-07-10 20:00:00,9235.58000000,9317.48000000,9210.00000000,9288.34000000,5134.40151000,2020-07-10 23:59:59.999,47520130.85535665,78519,2708.47048700,25068630.21450293,0
2020-07-11 00:00:00,9288.34000000,9299.28000000,9257.54000000,9268.20000000,4083.33434900,2020-07-11 03:59:59.999,37891661.90192333,69304,2075.45311800,19259218.18167411,0
2020-07-11 04:00:00,9268.19000000,9279.56000000,9253.13000000,9268.80000000,3431.10898800,2020-07-11 07:59:59.999,31790151.75232148,60890,1722.69442200,15960470.23937166,0
2020-07-11 08:00:00,9268.22000000,9269.98000000,9178.25000000,9200.37000000,5590.86103400,2020-07-11 11:59:59.999,51537527.32481850,82482,2560.23032600,23602077.41450329,0
2020-07-11 12:00:00,9200.37000000,9235.63000000,9195.00000000,9226.65000000,3468.27822800,2020-07-11 15:59:59.999,31972571.12369989,67932,1637.65735100,15098094.14216111,0
2020-07-11 16:00:00,9226.65000000,9253.79000000,9201.94000000,9205.11000000,3361.92747300,2020-07-11 19:59:59.999,31000315.30433203,76078,1557.90781600,14366625.95919681,0
2020-07-11 20:00:00,9205.10000000,9253.00000000,9201.55000000,9234.03000000,2625.85592800,2020-07-11 23:59:59.999,24218023.10249848,56766,1261.53026000,11635160.94649328,0
2020-07-12 00:00:00,9234.02000000,9294.00000000,9230.61000000,9272.47000000,4474.03278200,2020-07-12 03:59:59.999,41458891.04515016,64699,2073.19517800,19210221.21615323,0
2020-07-12 04:00:00,9272.47000000,9286.69000000,9242.90000000,9255.92000000,3050.26770700,2020-07-12 07:59:59.999,28261272.45458819,56605,1404.41004100,13013491.47476650,0
2020-07-12 08:00:00,9255.95000000,9273.20000000,9241.51000000,9245.28000000,3551.75618300,2020-07-12 11:59:59.999,32878797.03177732,68358,1768.49722600,16370900.20922104,0
2020-07-12 12:00:00,9245.28000000,9345.00000000,9182.00000000,9215.69000000,9737.94854400,2020-07-12 15:59:59.999,89980069.46811336,131923,4971.06089900,45934375.13021336,0
2020-07-12 16:00:00,9215.75000000,9235.00000000,9157.50000000,9220.28000000,4106.81139300,2020-07-12 19:59:59.999,37809565.75867981,77439,1808.65619000,16653762.22625293,0
2020-07-12 20:00:00,9220.28000000,9327.00000000,9212.83000000,9302.75000000,5951.88567700,2020-07-12 23:59:59.999,55202785.73322254,85851,2954.36817000,27401508.74472802,0
2020-07-13 00:00:00,9303.31000000,9321.34000000,9265.53000000,9271.99000000,5443.12467400,2020-07-13 03:59:59.999,50550435.75506537,92474,2380.10129600,22102861.69548927,0
2020-07-13 04:00:00,9271.99000000,9291.00000000,9244.55000000,9270.01000000,5780.31708800,2020-07-13 07:59:59.999,53604196.63757245,86053,2584.50860100,23969298.56634185,0
2020-07-13 08:00:00,9270.01000000,9318.00000000,9264.17000000,9309.04000000,7864.36564900,2020-07-13 11:59:59.999,73030349.09512166,117315,3684.24860700,34214373.48661820,0
2020-07-13 12:00:00,9309.03000000,9343.82000000,9278.00000000,9290.38000000,8614.98005000,2020-07-13 15:59:59.999,80206000.05805079,116355,4296.41858400,40001057.15479336,0
2020-07-13 16:00:00,9290.38000000,9323.00000000,9200.89000000,9235.07000000,9815.37842900,2020-07-13 19:59:59.999,90960288.42718420,136566,4381.12528500,40604278.06849539,0
2020-07-13 20:00:00,9234.56000000,9271.85000000,9217.76000000,9242.62000000,5221.90322500,2020-07-13 23:59:59.999,48262816.82327547,93789,2363.04096400,21842182.97897632,0
2020-07-14 00:00:00,9242.61000000,9246.72000000,9211.25000000,9217.11000000,5195.20497700,2020-07-14 03:59:59.999,47957032.51726255,76637,2652.55925400,24484921.83652423,0
2020-07-14 04:00:00,9217.16000000,9218.59000000,9151.00000000,9181.01000000,7571.38240400,2020-07-14 07:59:59.999,69554425.72647462,103761,3517.20683900,32309781.60908084,0
2020-07-14 08:00:00,9181.20000000,9238.59000000,9113.00000000,9232.95000000,11344.15798200,2020-07-14 11:59:59.999,104240104.00876357,119587,5257.63871600,48329439.01873005,0
2020-07-14 12:00:00,9232.81000000,9242.00000000,9182.02000000,9219.21000000,8844.89340600,2020-07-14 15:59:59.999,81507900.37221170,126522,4472.82678100,41220483.27769162,0
2020-07-14 16:00:00,9219.27000000,9275.00000000,9209.37000000,9268.92000000,8724.64372000,2020-07-14 19:59:59.999,80636372.00371218,113739,3874.43949400,35810390.42814818,0
2020-07-14 20:00:00,9268.89000000,9279.54000000,9235.79000000,9255.85000000,4092.27002000,2020-07-14 23:59:59.999,37893251.82652279,72893,1891.86586700,17518277.57984462,0
2020-07-15 00:00:00,9255.85000000,9276.49000000,9227.71000000,9234.85000000,3767.29567100,2020-07-15 03:59:59.999,34855721.76123078,68430,1717.05636900,15886255.41592121,0
2020-07-15 04:00:00,9234.86000000,9249.47000000,9218.67000000,9231.21000000,4752.07995900,2020-07-15 07:59:59.999,43882383.77103219,73020,2343.79549100,21644467.79835278,0
2020-07-15 08:00:00,9231.20000000,9249.98000000,9188.00000000,9219.27000000,9029.63942600,2020-07-15 11:59:59.999,83314903.98723317,106224,3834.83424300,35385379.49967674,0
2020-07-15 12:00:00,9219.22000000,9248.00000000,9197.00000000,9204.98000000,9052.52280700,2020-07-15 15:59:59.999,83533442.21749277,121075,4459.40736900,41148806.39761912,0
2020-07-15 16:00:00,9204.98000000,9225.06000000,9160.57000000,9185.46000000,7123.65483600,2020-07-15 19:59:59.999,65529871.90914293,100417,3053.65989100,28094472.07121444,0
2020-07-15 20:00:00,9185.46000000,9237.27000000,9179.06000000,9197.60000000,5328.38696600,2020-07-15 23:59:59.999,49085359.84867329,85614,2568.92638400,23663616.84888048,0
2020-07-16 00:00:00,9197.60000000,9226.15000000,9177.77000000,9203.59000000,4108.30789000,2020-07-16 03:59:59.999,37817907.70395275,79975,2014.65761400,18545395.50280742,0
2020-07-16 04:00:00,9203.58000000,9216.82000000,9084.00000000,9123.69000000,9646.72491800,2020-07-16 07:59:59.999,88374583.03190548,142463,4065.89503900,37252005.66028744,0
2020-07-16 08:00:00,9123.69000000,9140.00000000,9047.25000000,9081.61000000,11823.02506100,2020-07-16 11:59:59.999,107465000.58775169,156526,5614.72791800,51040351.51752241,0
2020-07-16 12:00:00,9081.62000000,9130.10000000,9069.31000000,9125.26000000,7300.77284500,2020-07-16 15:59:59.999,66410718.71876801,112539,3657.64632700,33270251.05885810,0
2020-07-16 16:00:00,9125.25000000,9153.00000000,9112.09000000,9126.13000000,6225.68609900,2020-07-16 19:59:59.999,56845102.48716737,107822,3074.24460300,28070450.13378400,0
2020-07-16 20:00:00,9126.13000000,9147.90000000,9091.10000000,9133.72000000,4271.05437800,2020-07-16 23:59:59.999,38970354.49525503,82482,1982.95850800,18092814.61950532,0
2020-07-17 00:00:00,9133.72000000,9142.06000000,9105.11000000,9119.81000000,3517.68225100,2020-07-17 03:59:59.999,32097515.40477561,64014,1577.44330200,14394156.16738840,0
2020-07-17 04:00:00,9119.81000000,9133.93000000,9089.81000000,9109.94000000,5161.64198000,2020-07-17 07:59:59.999,47054550.94639502,76386,2397.60956000,21858400.41116308,0
2020-07-17 08:00:00,9109.94000000,9142.07000000,9095.23000000,9138.92000000,5476.48199500,2020-07-17 11:59:59.999,49920136.86080956,86409,2645.45619800,24114727.63241609,0
2020-07-17 12:00:00,9138.92000000,9186.83000000,9138.92000000,9148.37000000,6731.78578600,2020-07-17 15:59:59.999,61662309.76346256,105362,3368.67111800,30856477.19081949,0
2020-07-17 16:00:00,9148.16000000,9170.00000000,9128.00000000,9164.75000000,4468.48070600,2020-07-17 19:59:59.999,40908744.62794397,81133,2188.04005900,20031879.38898463,0
2020-07-17 20:00:00,9164.74000000,9180.00000000,9144.05000000,9154.32000000,2698.28602300,2020-07-17 23:59:59.999,24717087.97338121,57687,1220.31756800,11178720.91712386,0
2020-07-18 00:00:00,9154.31000000,9168.88000000,9121.10000000,9135.02000000,4231.56135300,2020-07-18 03:59:59.999,38698213.37048586,81948,2017.47804400,18449649.62311929,0
2020-07-18 04:00:00,9135.01000000,9146.34000000,9127.73000000,9132.37000000,2582.82007000,2020-07-18 07:59:59.999,23597340.08954950,55047,1276.77465500,11665133.56901719,0
2020-07-18 08:00:00,9132.36000000,9219.30000000,9123.92000000,9159.90000000,5318.35966100,2020-07-18 11:59:59.999,48755802.14606152,83833,2910.38557400,26683558.80931871,0
2020-07-18 12:00:00,9159.91000000,9175.00000000,9153.42000000,9169.57000000,3268.61940600,2020-07-18 15:59:59.999,29956398.29623249,69725,1713.54715800,15703928.00147304,0
2020-07-18 16:00:00,9169.57000000,9200.00000000,9147.92000000,9163.84000000,4760.00695800,2020-07-18 19:59:59.999,43676257.40775981,84444,2456.09439200,22538418.68360787,0
2020-07-18 20:00:00,9163.85000000,9179.29000000,9156.49000000,9170.28000000,2393.17400900,2020-07-18 23:59:59.999,21944094.05269975,55380,1128.42500600,10347290.77737882,0
2020-07-19 00:00:00,9170.30000000,9180.79000000,9140.38000000,9153.41000000,2966.98009000,2020-07-19 03:59:59.999,27188720.67862382,56789,1341.91244700,12297004.86086216,0
2020-07-19 04:00:00,9153.41000000,9160.00000000,9139.27000000,9154.78000000,2742.18717800,2020-07-19 07:59:59.999,25093955.83389180,54903,1353.18548200,12383434.12208409,0
2020-07-19 08:00:00,9154.79000000,9156.20000000,9101.35000000,9124.41000000,4991.29655800,2020-07-19 11:59:59.999,45573785.04645077,85622,2353.12821800,21483326.80388942,0
2020-07-19 12:00:00,9124.41000000,9136.81000000,9110.00000000,9119.89000000,3928.93071300,2020-07-19 15:59:59.999,35856634.55406184,74626,1961.35420700,17900334.18327292,0
2020-07-19 16:00:00,9120.59000000,9171.11000000,9116.31000000,9165.44000000,3969.42152900,2020-07-19 19:59:59.999,36316080.56714322,72989,2014.57719700,18431109.80094581,0
2020-07-19 20:00:00,9165.45000000,9232.27000000,9153.27000000,9208.99000000,7453.20334900,2020-07-19 23:59:59.999,68492811.35115404,95520,3849.21594200,35375011.65387490,0
2020-07-20 00:00:00,9208.99000000,9221.52000000,9174.35000000,9191.99000000,4441.37020500,2020-07-20 03:59:59.999,40827510.20117792,74388,1988.57289500,18278556.54039165,0
2020-07-20 04:00:00,9191.98000000,9194.31000000,9171.22000000,9180.72000000,4427.90456200,2020-07-20 07:59:59.999,40657441.36563657,66062,1909.20743600,17529874.21312285,0
2020-07-20 08:00:00,9180.72000000,9190.00000000,9131.00000000,9147.75000000,7354.71002500,2020-07-20 11:59:59.999,67443961.37937181,102636,3585.40048900,32879272.32057803,0
2020-07-20 12:00:00,9147.72000000,9179.75000000,9140.82000000,9173.75000000,6599.64232000,2020-07-20 15:59:59.999,60473742.98534740,103104,3266.42677500,29931051.18134748,0
2020-07-20 16:00:00,9173.82000000,9203.60000000,9146.43000000,9158.65000000,8088.93138100,2020-07-20 19:59:59.999,74218085.51719713,127463,3733.48026800,34260103.08942672,0
2020-07-20 20:00:00,9158.64000000,9185.00000000,9141.19000000,9160.78000000,4546.20558900,2020-07-20 23:59:59.999,41676547.82392751,83443,2044.60502300,18744412.35907970,0
2020-07-21 00:00:00,9160.78000000,9195.41000000,9152.80000000,9180.83000000,4410.68000900,2020-07-21 03:59:59.999,40470820.20799890,82318,1967.27500400,18051685.19893460,0
2020-07-21 04:00:00,9180.71000000,9353.00000000,9173.34000000,9315.29000000,13292.93070200,2020-07-21 07:59:59.999,123058878.32597631,154991,7356.46654700,68123177.74691361,0
2020-07-21 08:00:00,9315.28000000,9350.00000000,9302.55000000,9344.63000000,11777.76718000,2020-07-21 11:59:59.999,109848622.32189895,152238,5394.40531800,50317621.95264672,0
2020-07-21 12:00:00,9344.64000000,9437.73000000,9325.00000000,9338.00000000,18542.83176000,2020-07-21 15:59:59.999,173984320.19765782,198833,9412.21943200,88315788.44353398,0
2020-07-21 16:00:00,9337.99000000,9391.83000000,9318.35000000,9354.35000000,7781.99251500,2020-07-21 19:59:59.999,72822526.97190436,110608,3487.58847800,32633266.34522038,0
2020-07-21 20:00:00,9354.35000000,9391.25000000,9352.27000000,9390.00000000,4607.38032000,2020-07-21 23:59:59.999,43175356.77399191,83971,1852.55727200,17360669.89287873,0
2020-07-22 00:00:00,9390.00000000,9392.82000000,9349.46000000,9359.06000000,5548.74557300,2020-07-22 03:59:59.999,51978713.86699271,75068,2415.41903900,22627084.84193475,0
2020-07-22 04:00:00,9359.05000000,9367.50000000,9261.00000000,9302.00000000,6870.42762000,2020-07-22 07:59:59.999,64150974.18760549,91212,2977.22794900,27797066.62138366,0
2020-07-22 08:00:00,9302.00000000,9354.58000000,9291.22000000,9344.68000000,7361.35489900,2020-07-22 11:59:59.999,68628546.44640994,103976,3616.75791400,33719473.75584038,0
2020-07-22 12:00:00,9344.69000000,9354.00000000,9311.11000000,9338.14000000,7165.50564900,2020-07-22 15:59:59.999,66866813.86119184,103479,3359.74855900,31353640.18223510,0
2020-07-22 16:00:00,9338.14000000,9385.00000000,9325.27000000,9373.88000000,7731.46279400,2020-07-22 19:59:59.999,72349676.61311388,103737,3485.99432400,32620937.02544611,0
2020-07-22 20:00:00,9373.88000000,9544.00000000,9360.00000000,9518.16000000,14137.50757200,2020-07-22 23:59:59.999,133801380.64025755,185557,7507.04600500,71047803.48104166,0
2020-07-23 00:00:00,9518.16000000,9533.70000000,9461.00000000,9491.99000000,7655.65314600,2020-07-23 03:59:59.999,72773851.39307715,114382,3625.50305000,34469061.73271192,0
2020-07-23 04:00:00,9492.00000000,9509.97000000,9462.00000000,9491.67000000,6316.38252100,2020-07-23 07:59:59.999,59939476.62319602,89906,2899.21845200,27511484.64357040,0
2020-07-23 08:00:00,9491.66000000,9527.00000000,9480.00000000,9507.01000000,7086.97705300,2020-07-23 11:59:59.999,67321692.04639725,99525,3054.90591900,29020868.55900734,0
2020-07-23 12:00:00,9507.01000000,9585.00000000,9440.33000000,9524.99000000,12012.34678500,2020-07-23 15:59:59.999,114116641.83893324,165275,5646.86867300,53659324.13191913,0
2020-07-23 16:00:00,9525.00000000,9664.00000000,9510.67000000,9595.80000000,14813.17374300,2020-07-23 19:59:59.999,142040796.25670084,190156,7484.15423500,71785741.27435885,0
2020-07-23 20:00:00,9595.67000000,9610.00000000,9567.24000000,9603.27000000,3971.70025200,2020-07-23 23:59:59.999,38090490.57537792,76127,1750.61513900,16788583.85291328,0
2020-07-24 00:00:00,9603.27000000,9606.83000000,9535.75000000,9561.55000000,4632.63587700,2020-07-24 03:59:59.999,44339621.98015266,75746,1880.70294300,18000031.12686938,0
2020-07-24 04:00:00,9561.59000000,9571.04000000,9463.44000000,9508.02000000,8199.90527300,2020-07-24 07:59:59.999,78027209.29971762,113749,3528.67359300,33575654.71504999,0
2020-07-24 08:00:00,9508.02000000,9560.00000000,9477.35000000,9532.09000000,7690.76052200,2020-07-24 11:59:59.999,73253156.66004487,115821,3863.81062000,36806419.84434735,0
2020-07-24 12:00:00,9532.09000000,9566.38000000,9497.44000000,9551.68000000,8578.33453100,2020-07-24 15:59:59.999,81714994.09223100,138258,4143.53390000,39473540.54308241,0
2020-07-24 16:00:00,9551.69000000,9589.00000000,9520.00000000,9581.76000000,7020.38379500,2020-07-24 19:59:59.999,67112852.36279482,116360,3248.91913500,31058381.51369195,0
2020-07-24 20:00:00,9581.76000000,9637.00000000,9513.00000000,9537.80000000,7809.11620700,2020-07-24 23:59:59.999,74792429.12688723,117791,3750.65978200,35947115.84248800,0
2020-07-25 00:00:00,9538.10000000,9623.51000000,9513.00000000,9581.58000000,6268.25328500,2020-07-25 03:59:59.999,60010197.10227827,96321,2512.41862000,24046998.48465883,0
2020-07-25 04:00:00,9581.59000000,9624.13000000,9564.82000000,9568.50000000,5303.68371700,2020-07-25 07:59:59.999,50852487.71322099,97313,2688.97627700,25784143.71218886,0
2020-07-25 08:00:00,9568.50000000,9606.90000000,9559.84000000,9574.29000000,5146.44930500,2020-07-25 11:59:59.999,49310553.40859439,87016,2382.84905100,22832622.09795374,0
2020-07-25 12:00:00,9574.29000000,9610.92000000,9552.29000000,9593.19000000,5699.83041300,2020-07-25 15:59:59.999,54642136.66813439,99354,2650.12089700,25405007.52148063,0
2020-07-25 16:00:00,9593.20000000,9708.81000000,9573.61000000,9674.14000000,10615.83784300,2020-07-25 19:59:59.999,102470028.07122849,157583,5498.71278400,53074719.00165673,0
2020-07-25 20:00:00,9674.14000000,9732.90000000,9668.88000000,9700.42000000,7645.49085300,2020-07-25 23:59:59.999,74146292.75336524,137635,3893.53126400,37764271.93420751,0
2020-07-26 00:00:00,9700.42000000,9704.08000000,9650.00000000,9677.69000000,5273.08021400,2020-07-26 03:59:59.999,51009528.97387249,92075,2520.98147600,24387197.30788265,0
2020-07-26 04:00:00,9677.69000000,9736.00000000,9660.35000000,9716.54000000,5768.99392100,2020-07-26 07:59:59.999,55913339.81163024,90454,2616.41575500,25360700.77550175,0
2020-07-26 08:00:00,9716.53000000,10111.00000000,9702.97000000,9970.87000000,28294.51483100,2020-07-26 11:59:59.999,280547296.08967866,347990,15906.72805300,157756447.74957829,0
2020-07-26 12:00:00,9970.86000000,9990.00000000,9810.50000000,9961.83000000,12662.02407900,2020-07-26 15:59:59.999,125547458.47292421,184126,6436.56693200,63837317.78901060,0
2020-07-26 16:00:00,9961.83000000,9988.00000000,9845.20000000,9866.00000000,7740.40347100,2020-07-26 19:59:59.999,76718494.38821193,129932,3697.20302700,36647097.19180445,0
2020-07-26 20:00:00,9866.00000000,9940.00000000,9840.90000000,9931.54000000,5540.25280300,2020-07-26 23:59:59.999,54871516.74545952,101034,2570.43656400,25456794.16186691,0
2020-07-27 00:00:00,9931.54000000,10315.00000000,9917.21000000,10248.84000000,21816.24701300,2020-07-27 03:59:59.999,220346819.72829053,290634,12938.78856700,130692261.81301958,0
2020-07-27 04:00:00,10248.85000000,10319.89000000,10138.86000000,10157.95000000,17685.89593500,2020-07-27 07:59:59.999,181161382.94769866,281395,8194.07037000,83942850.17952040,0
2020-07-27 08:00:00,10157.95000000,10328.00000000,10120.00000000,10255.92000000,16274.21662700,2020-07-27 11:59:59.999,166264123.53993506,251115,7715.98909300,78828377.23004475,0
2020-07-27 12:00:00,10255.93000000,10440.00000000,10223.20000000,10299.90000000,25371.64137600,2020-07-27 15:59:59.999,262089592.00761135,341704,12198.90155500,126053057.64535908,0
2020-07-27 16:00:00,10299.99000000,10950.00000000,10294.42000000,10792.00000000,38163.55249500,2020-07-27 19:59:59.999,408572206.21044245,434270,20015.19125400,214161705.14455603,0
2020-07-27 20:00:00,10792.00000000,11394.86000000,10680.00000000,11029.96000000,30877.37969800,2020-07-27 23:59:59.999,341921247.66520179,301970,15587.66921200,172588134.37628966,0
2020-07-28 00:00:00,11029.96000000,11242.23000000,10828.00000000,10971.42000000,15963.96913300,2020-07-28 03:59:59.999,176665391.47175791,232322,7641.56441000,84555602.67082075,0
2020-07-28 04:00:00,10970.88000000,11045.31000000,10835.00000000,10881.62000000,14531.81740000,2020-07-28 07:59:59.999,159003240.55213061,236839,6815.23924700,74586041.55389047,0
2020-07-28 08:00:00,10881.62000000,11023.00000000,10565.00000000,10983.90000000,24850.97421900,2020-07-28 11:59:59.999,268376551.18157671,320922,11668.74736200,126046701.66055681,0
2020-07-28 12:00:00,10983.89000000,11180.00000000,10907.00000000,11150.26000000,18944.35119200,2020-07-28 15:59:59.999,209264000.71451300,279740,9341.77149100,103192801.94388581,0
2020-07-28 16:00:00,11150.25000000,11176.61000000,10840.00000000,10993.97000000,15746.84527100,2020-07-28 19:59:59.999,172816466.55720638,253636,7751.43489700,85087008.19552404,0
2020-07-28 20:00:00,10993.98000000,11050.00000000,10856.17000000,10906.27000000,7229.77697200,2020-07-28 23:59:59.999,79249849.71200413,152177,3356.67312700,36802862.96488608,0
2020-07-29 00:00:00,10906.27000000,11000.00000000,10831.55000000,10978.27000000,8288.75546400,2020-07-29 03:59:59.999,90500502.18045009,132996,3332.52251000,36389900.72102870,0
2020-07-29 04:00:00,10978.02000000,11079.97000000,10812.00000000,11015.11000000,10264.98436000,2020-07-29 07:59:59.999,112906135.94477655,161236,4827.52952800,53101042.14361692,0
2020-07-29 08:00:00,11015.29000000,11149.66000000,10916.00000000,11101.00000000,15235.41532300,2020-07-29 11:59:59.999,168453102.24041291,207519,6704.69008700,74124377.51982945,0
2020-07-29 12:00:00,11101.00000000,11296.74000000,10970.20000000,11162.01000000,17416.22682700,2020-07-29 15:59:59.999,193953826.75018764,243193,8675.69170800,96672922.54845062,0
2020-07-29 16:00:00,11161.86000000,11282.82000000,11105.00000000,11204.59000000,13164.44707600,2020-07-29 19:59:59.999,147626920.06856212,194904,6501.78471900,72922298.35647328,0
2020-07-29 20:00:00,11204.95000000,11342.82000000,11042.82000000,11100.53000000,12468.26518300,2020-07-29 23:59:59.999,139801766.43143446,187454,6176.25851300,69296685.79942479,0
2020-07-30 00:00:00,11100.52000000,11121.50000000,10937.00000000,10983.56000000,9892.25141800,2020-07-30 03:59:59.999,109157265.01056892,143287,4374.22724700,48274094.01162828,0
2020-07-30 04:00:00,10983.56000000,11045.00000000,10893.30000000,10941.64000000,10465.86499800,2020-07-30 07:59:59.999,114910573.59968024,148827,4809.25862100,52805661.11560152,0
2020-07-30 08:00:00,10941.64000000,11010.31000000,10887.28000000,10926.03000000,8618.10182500,2020-07-30 11:59:59.999,94376741.30313883,131102,4000.08017100,43804716.80907580,0
2020-07-30 12:00:00,10925.82000000,11040.01000000,10831.00000000,11010.73000000,11877.80984000,2020-07-30 15:59:59.999,130320773.02972489,164088,5466.67950200,59999438.60679266,0
2020-07-30 16:00:00,11010.73000000,11136.00000000,10971.48000000,11116.82000000,11979.31968100,2020-07-30 19:59:59.999,132436288.83190115,162229,5568.40737500,61575293.14418118,0
2020-07-30 20:00:00,11116.82000000,11170.00000000,11057.81000000,11099.61000000,7961.47869400,2020-07-30 23:59:59.999,88577900.11226940,130427,4054.04584900,45108788.31624573,0
2020-07-31 00:00:00,11099.79000000,11135.20000000,10960.00000000,10977.08000000,6419.18011400,2020-07-31 03:59:59.999,70761757.16496660,121032,2719.46432800,29991546.49847037,0
2020-07-31 04:00:00,10976.26000000,11153.30000000,10974.00000000,11131.11000000,7944.93602500,2020-07-31 07:59:59.999,88031644.75446115,118477,3532.75844200,39154467.23284222,0
2020-07-31 08:00:00,11131.11000000,11226.00000000,11087.12000000,11218.86000000,11312.51244200,2020-07-31 11:59:59.999,126125979.04577221,160060,5419.63965000,60435765.08594650,0
2020-07-31 12:00:00,11218.86000000,11370.00000000,11111.00000000,11346.90000000,17539.70215300,2020-07-31 15:59:59.999,197052568.41985330,222466,9161.85301200,102950174.52627333,0
2020-07-31 16:00:00,11346.89000000,11444.00000000,11211.37000000,11317.26000000,16453.74027700,2020-07-31 19:59:59.999,186370066.69290338,194902,8349.59621900,94619915.84266303,0
2020-07-31 20:00:00,11316.77000000,11425.00000000,11279.44000000,11335.46000000,10393.58996300,2020-07-31 23:59:59.999,118002309.77727472,154647,4884.83171400,55480742.25515981,0
2020-08-01 00:00:00,11335.46000000,11405.93000000,11220.00000000,11366.16000000,9660.73482900,2020-08-01 03:59:59.999,109312265.38527638,138975,3843.83859000,43496524.59562940,0
2020-08-01 04:00:00,11366.16000000,11745.00000000,11335.00000000,11657.35000000,21278.77518200,2020-08-01 07:59:59.999,245979000.84253699,260573,10994.87458200,127104957.71707243,0
2020-08-01 08:00:00,11657.34000000,11730.92000000,11552.50000000,11657.00000000,13447.43946200,2020-08-01 11:59:59.999,156777904.81651121,182567,5930.33851000,69170591.12213995,0
2020-08-01 12:00:00,11657.00000000,11698.88000000,11490.00000000,11632.89000000,12184.37132900,2020-08-01 15:59:59.999,141230616.67282073,176692,5759.16480300,66755147.13645747,0
2020-08-01 16:00:00,11632.89000000,11850.00000000,11561.00000000,11769.59000000,17477.94835100,2020-08-01 19:59:59.999,204478679.48200533,226251,9164.02730000,107259244.24739911,0
2020-08-01 20:00:00,11769.09000000,11861.00000000,11653.06000000,11801.17000000,11038.21597300,2020-08-01 23:59:59.999,130038550.11948194,189194,4831.48973900,56928015.19243634,0
2020-08-02 00:00:00,11801.17000000,12000.00000000,11740.00000000,12000.00000000,14111.61328700,2020-08-02 03:59:59.999,167800988.39466740,212863,7004.66658800,83333040.65753953,0
2020-08-02 04:00:00,11999.96000000,12123.46000000,10518.50000000,11323.78000000,38024.17809400,2020-08-02 07:59:59.999,431133368.80518502,492045,17385.16934700,197717024.99582129,0
2020-08-02 08:00:00,11325.95000000,11342.83000000,10931.00000000,11109.86000000,16405.17419200,2020-08-02 11:59:59.999,183676913.50702131,239300,7527.04530000,84284801.53091206,0
2020-08-02 12:00:00,11105.54000000,11179.10000000,10960.00000000,11083.63000000,11677.34129200,2020-08-02 15:59:59.999,129588540.46363876,196925,5628.14617500,62456188.82733342,0
2020-08-02 16:00:00,11083.62000000,11283.41000000,11064.01000000,11202.80000000,10021.36400300,2020-08-02 19:59:59.999,112224884.82759405,168722,4929.28354600,55207489.24042169,0
2020-08-02 20:00:00,11202.80000000,11219.48000000,11000.00000000,11071.35000000,7313.40673600,2020-08-02 23:59:59.999,81332639.53005526,150045,3500.47545900,38935795.57973816,0
2020-08-03 00:00:00,11071.36000000,11207.88000000,10936.00000000,11136.47000000,7987.88565100,2020-08-03 03:59:59.999,88859593.37991891,141897,4040.36374600,44966806.06516425,0
2020-08-03 04:00:00,11136.27000000,11244.99000000,11126.44000000,11197.11000000,6151.99722800,2020-08-03 07:59:59.999,68845694.85585796,116686,3009.10338800,33676827.42625885,0
2020-08-03 08:00:00,11196.93000000,11243.00000000,11120.69000000,11231.14000000,8822.91510100,2020-08-03 11:59:59.999,98753595.50006142,136312,4185.84645400,46856665.21919666,0
2020-08-03 12:00:00,11231.15000000,11385.00000000,11191.31000000,11382.37000000,12616.82649300,2020-08-03 15:59:59.999,142452293.40331736,191206,6101.56007000,68886880.85697861,0
2020-08-03 16:00:00,11382.37000000,11473.00000000,11324.92000000,11399.46000000,11597.14043700,2020-08-03 19:59:59.999,132228933.18456694,164650,5563.93177400,63436176.69532476,0
2020-08-03 20:00:00,11399.46000000,11416.00000000,11133.75000000,11219.81000000,9755.07656500,2020-08-03 23:59:59.999,109987482.93772915,168434,4232.22970400,47731357.67438390,0
2020-08-04 00:00:00,11219.68000000,11414.98000000,11215.66000000,11261.43000000,9456.48137100,2020-08-04 03:59:59.999,107032394.13811574,145894,4480.08032500,50706820.37144914,0
2020-08-04 04:00:00,11261.61000000,11327.13000000,11185.00000000,11291.84000000,7468.95094700,2020-08-04 07:59:59.999,84179397.12433224,115172,3297.49743100,37163402.21441876,0
2020-08-04 08:00:00,11291.85000000,11319.37000000,11000.00000000,11117.51000000,12775.54467100,2020-08-04 11:59:59.999,143339265.66143260,180099,5812.38773500,65266442.54987900,0
2020-08-04 12:00:00,11117.91000000,11233.64000000,11012.23000000,11210.91000000,12738.13339300,2020-08-04 15:59:59.999,141966726.05764630,183255,6533.57044200,72812188.35823200,0
2020-08-04 16:00:00,11210.91000000,11267.00000000,11130.00000000,11221.37000000,9224.57248700,2020-08-04 19:59:59.999,103398218.83203729,126245,4423.45268500,49585616.90607096,0
2020-08-04 20:00:00,11221.38000000,11269.45000000,11151.80000000,11191.97000000,6965.43084000,2020-08-04 23:59:59.999,78168240.86615799,113027,3314.62704300,37199803.39296892,0
2020-08-05 00:00:00,11191.99000000,11240.70000000,11093.00000000,11240.56000000,7319.99331300,2020-08-05 03:59:59.999,81825585.90132513,110857,3501.61490800,39146776.66323304,0
2020-08-05 04:00:00,11240.56000000,11325.71000000,11227.90000000,11278.18000000,9238.24420800,2020-08-05 07:59:59.999,104169599.42107409,114568,4459.68459800,50291403.23022309,0
2020-08-05 08:00:00,11278.18000000,11450.00000000,11274.84000000,11438.06000000,14166.65971600,2020-08-05 11:59:59.999,161072869.30249931,157415,6812.72848000,77470069.50123041,0
2020-08-05 12:00:00,11438.07000000,11693.94000000,11391.59000000,11661.30000000,21266.85696300,2020-08-05 15:59:59.999,246188585.15609340,244698,10607.97343700,122757538.16370432,0
2020-08-05 16:00:00,11662.01000000,11715.00000000,11611.53000000,11645.00000000,10705.88434600,2020-08-05 19:59:59.999,124856479.66707699,144099,4942.36587000,57630772.62624651,0
2020-08-05 20:00:00,11645.00000000,11780.93000000,11505.00000000,11744.91000000,12272.61830600,2020-08-05 23:59:59.999,143320525.97637075,193000,5806.01725800,67816899.89265264,0
2020-08-06 00:00:00,11744.91000000,11799.00000000,11600.36000000,11646.04000000,9696.09783900,2020-08-06 03:59:59.999,113287201.59976130,154442,4552.53161200,53195432.13350994,0
2020-08-06 04:00:00,11645.78000000,11680.00000000,11562.50000000,11628.51000000,8023.54889100,2020-08-06 07:59:59.999,93315410.08005471,125302,3831.93363500,44563286.36759370,0
2020-08-06 08:00:00,11628.51000000,11754.68000000,11626.49000000,11692.49000000,10203.66379800,2020-08-06 11:59:59.999,119462670.78738354,137416,4579.15616700,53608553.96390095,0
2020-08-06 12:00:00,11692.49000000,11878.26000000,11690.32000000,11837.56000000,15312.02436600,2020-08-06 15:59:59.999,180766119.89838910,191973,7692.70209900,90828511.52762542,0
2020-08-06 16:00:00,11837.56000000,11900.00000000,11777.03000000,11863.72000000,10532.41027100,2020-08-06 19:59:59.999,124735148.98255584,152634,5199.54130700,61584018.94116298,0
2020-08-06 20:00:00,11863.84000000,11886.16000000,11620.00000000,11762.46000000,9761.33985500,2020-08-06 23:59:59.999,114912660.36745036,158151,4188.33847700,49303240.90824277,0
2020-08-07 00:00:00,11762.47000000,11909.94000000,11735.00000000,11825.00000000,7941.48859600,2020-08-07 03:59:59.999,94043380.59240788,112818,3732.43285000,44201670.75492056,0
2020-08-07 04:00:00,11824.99000000,11844.08000000,11725.01000000,11779.98000000,7162.24823400,2020-08-07 07:59:59.999,84446721.52978996,111174,3168.33251400,37355399.67397842,0
2020-08-07 08:00:00,11779.87000000,11847.00000000,11680.00000000,11755.31000000,10047.76527400,2020-08-07 11:59:59.999,118429167.15389460,130297,4571.53637900,53886084.38209360,0
2020-08-07 12:00:00,11755.31000000,11770.65000000,11458.00000000,11641.70000000,14908.95530900,2020-08-07 15:59:59.999,173850397.18585920,178496,6599.13943700,76951428.26337566,0
2020-08-07 16:00:00,11641.69000000,11663.00000000,11322.00000000,11489.00000000,18438.97631400,2020-08-07 19:59:59.999,212180361.09556241,265257,8506.33094200,97907867.88027498,0
2020-08-07 20:00:00,11488.90000000,11640.00000000,11469.27000000,11594.23000000,7256.49229500,2020-08-07 23:59:59.999,84055501.72460678,142003,3415.24658800,39559672.79446356,0
2020-08-08 00:00:00,11594.36000000,11659.18000000,11526.68000000,11544.34000000,5346.03777300,2020-08-08 03:59:59.999,62007695.02034026,104994,2303.20989000,26713520.76798734,0
2020-08-08 04:00:00,11544.35000000,11623.23000000,11512.00000000,11586.07000000,5295.97642300,2020-08-08 07:59:59.999,61360991.48567565,100791,2419.85717100,28034421.98625413,0
2020-08-08 08:00:00,11586.08000000,11801.72000000,11562.17000000,11775.52000000,9066.55659000,2020-08-08 11:59:59.999,106209723.89035030,136097,4500.91090300,52722576.16698108,0
2020-08-08 12:00:00,11775.52000000,11808.27000000,11706.39000000,11738.10000000,6628.24686700,2020-08-08 15:59:59.999,77911463.89215776,131091,3489.06588000,41011551.06037608,0
2020-08-08 16:00:00,11738.39000000,11759.16000000,11585.00000000,11713.42000000,8909.62757300,2020-08-08 19:59:59.999,104032213.94089449,175000,4333.68144500,50604475.89198869,0
2020-08-08 20:00:00,11713.38000000,11783.69000000,11665.20000000,11761.41000000,6611.71581400,2020-08-08 23:59:59.999,77565176.13086245,131345,3401.62732900,39909920.05411620,0
2020-08-09 00:00:00,11761.02000000,11797.11000000,11672.00000000,11730.52000000,6153.14124700,2020-08-09 03:59:59.999,72257545.38291959,135881,3096.11546100,36359298.40396525,0
2020-08-09 04:00:00,11730.52000000,11741.29000000,11633.00000000,11704.07000000,6005.86791200,2020-08-09 07:59:59.999,70187674.00993771,110695,2574.16022200,30086010.44150225,0
2020-08-09 08:00:00,11704.07000000,11718.21000000,11605.00000000,11686.08000000,7106.83255000,2020-08-09 11:59:59.999,82973630.45107346,148634,3107.36403900,36280495.85144416,0
2020-08-09 12:00:00,11686.08000000,11687.85000000,11536.02000000,11567.43000000,8839.45899000,2020-08-09 15:59:59.999,102634819.21352412,170368,3969.86862400,46093719.10224973,0
2020-08-09 16:00:00,11567.42000000,11674.56000000,11521.97000000,11628.98000000,7596.41437200,2020-08-09 19:59:59.999,88099986.40889149,162767,3651.98095300,42360751.65839072,0
2020-08-09 20:00:00,11629.01000000,11695.00000000,11623.46000000,11681.68000000,5791.35227100,2020-08-09 23:59:59.999,67554947.43003403,125041,2631.73401500,30697263.34971705,0
2020-08-10 00:00:00,11681.69000000,12067.35000000,11681.68000000,12009.40000000,22241.69308100,2020-08-10 03:59:59.999,265030679.71749380,320214,13017.69881100,155087142.93777101,0
2020-08-10 04:00:00,12009.40000000,12049.50000000,11922.91000000,11968.89000000,11665.82156000,2020-08-10 07:59:59.999,139715389.91702406,200274,5804.62118900,69522460.86534760,0
2020-08-10 08:00:00,11968.89000000,12006.29000000,11450.00000000,11733.03000000,18185.75049900,2020-08-10 11:59:59.999,214566755.21694076,270138,7775.17684500,91853293.18959638,0
2020-08-10 12:00:00,11733.13000000,11968.00000000,11705.51000000,11920.67000000,15030.45996900,2020-08-10 15:59:59.999,178491330.98829671,221845,7385.20923900,87700218.97760403,0
2020-08-10 16:00:00,11920.66000000,11950.00000000,11811.00000000,11863.03000000,9999.46349700,2020-08-10 19:59:59.999,118765981.89368697,175454,4589.13479500,54504161.39288438,0
2020-08-10 20:00:00,11863.00000000,11892.92000000,11766.00000000,11892.92000000,7829.14928100,2020-08-10 23:59:59.999,92598925.64977063,152910,3486.88157600,41242386.95848824,0
2020-08-11 00:00:00,11892.90000000,11935.00000000,11811.48000000,11833.81000000,8734.80672300,2020-08-11 03:59:59.999,103753203.00498419,157816,4260.47126400,50606382.34078690,0
2020-08-11 04:00:00,11833.81000000,11861.67000000,11705.00000000,11748.05000000,11188.88633100,2020-08-11 07:59:59.999,131917053.17698221,182440,5226.60131600,61626578.44391199,0
2020-08-11 08:00:00,11748.05000000,11768.81000000,11642.45000000,11741.48000000,12708.73305700,2020-08-11 11:59:59.999,148957279.33554571,193859,5774.25731700,67687677.55073807,0
2020-08-11 12:00:00,11741.47000000,11741.47000000,11372.00000000,11480.79000000,22743.59898900,2020-08-11 15:59:59.999,263421812.37926546,297276,9734.62280400,112791895.54074991,0
2020-08-11 16:00:00,11480.78000000,11559.97000000,11285.00000000,11387.05000000,17068.50354100,2020-08-11 19:59:59.999,195024693.43125288,241397,7929.66598300,90627474.36290504,0
2020-08-11 20:00:00,11387.05000000,11423.02000000,11125.00000000,11392.08000000,18303.75599300,2020-08-11 23:59:59.999,206541655.80991110,271191,8296.34232500,93650918.33796388,0
2020-08-12 00:00:00,11392.09000000,11420.00000000,11219.16000000,11380.89000000,10559.98445800,2020-08-12 03:59:59.999,119626175.13397821,190685,5171.14920600,58575650.76418843,0
2020-08-12 04:00:00,11380.89000000,11476.41000000,11150.00000000,11446.91000000,12623.02504800,2020-08-12 07:59:59.999,142928461.67220091,206424,6083.36209700,68909176.53160729,0
2020-08-12 08:00:00,11446.91000000,11536.00000000,11419.99000000,11460.44000000,12160.82625900,2020-08-12 11:59:59.999,139548873.47499619,199554,5909.20306000,67810464.73123114,0
2020-08-12 12:00:00,11460.44000000,11617.52000000,11421.55000000,11581.45000000,12780.13961800,2020-08-12 15:59:59.999,147397851.91837533,202762,6004.46904000,69252543.37134545,0
2020-08-12 16:00:00,11581.54000000,11615.00000000,11470.00000000,11568.98000000,10123.81865900,2020-08-12 19:59:59.999,116845535.77342920,169608,4722.02417000,54487334.70867988,0
2020-08-12 20:00:00,11568.98000000,11595.00000000,11482.57000000,11564.33000000,6661.81960200,2020-08-12 23:59:59.999,76956710.12700280,135063,3053.46454100,35273235.88486225,0
2020-08-13 00:00:00,11564.34000000,11656.99000000,11522.47000000,11567.21000000,9396.42857200,2020-08-13 03:59:59.999,108994356.09280762,170296,4760.98033400,55232543.37960844,0
2020-08-13 04:00:00,11567.21000000,11589.00000000,11490.52000000,11513.43000000,8130.69119400,2020-08-13 07:59:59.999,93826104.43873223,159991,3907.05639400,45087875.13487007,0
2020-08-13 08:00:00,11513.43000000,11622.10000000,11270.36000000,11552.11000000,17279.61756700,2020-08-13 11:59:59.999,197576301.14953285,297935,8216.50083900,93960550.73382375,0
2020-08-13 12:00:00,11552.12000000,11585.01000000,11382.56000000,11499.78000000,11739.62845100,2020-08-13 15:59:59.999,134878104.29525377,213584,5513.08570400,63341775.21366295,0
2020-08-13 16:00:00,11499.79000000,11541.80000000,11442.34000000,11506.17000000,7203.11540500,2020-08-13 19:59:59.999,82864781.30345078,132873,3592.82573200,41332467.95254036,0
2020-08-13 20:00:00,11506.18000000,11792.96000000,11506.17000000,11780.00000000,16383.01031300,2020-08-13 23:59:59.999,191471466.93347114,268703,8851.34159900,103426262.33592422,0
2020-08-14 00:00:00,11779.77000000,11828.00000000,11653.00000000,11723.23000000,10400.11969400,2020-08-14 03:59:59.999,122248321.12025891,182478,5293.41917400,62233180.37456783,0
2020-08-14 04:00:00,11723.24000000,11759.00000000,11634.03000000,11696.98000000,9322.13882600,2020-08-14 07:59:59.999,109036889.09283864,152017,4498.88150200,52621430.61731729,0
2020-08-14 08:00:00,11697.36000000,11774.99000000,11662.00000000,11760.81000000,9904.12259700,2020-08-14 11:59:59.999,115981548.59404143,170050,4699.06402900,55030607.23394544,0
2020-08-14 12:00:00,11760.81000000,11762.32000000,11635.02000000,11740.35000000,10947.30860000,2020-08-14 15:59:59.999,128106526.52788383,185467,5012.23316500,58655996.42076212,0
2020-08-14 16:00:00,11740.35000000,11850.00000000,11706.43000000,11801.94000000,12716.96808400,2020-08-14 19:59:59.999,150129685.53439738,194671,5929.77464000,70004413.24300719,0
2020-08-14 20:00:00,11801.94000000,11825.36000000,11701.00000000,11760.54000000,6528.19489600,2020-08-14 23:59:59.999,76770249.82699555,127063,3031.29704300,35646628.76150341,0
2020-08-15 00:00:00,11760.55000000,11980.00000000,11759.69000000,11888.67000000,10935.43079600,2020-08-15 03:59:59.999,130144140.77204506,181187,6203.45109800,73832857.86366655,0
2020-08-15 04:00:00,11888.67000000,11922.00000000,11811.00000000,11891.32000000,8142.24559100,2020-08-15 07:59:59.999,96659604.87337906,154745,3723.31977600,44195528.14198765,0
2020-08-15 08:00:00,11891.32000000,11934.55000000,11815.82000000,11843.02000000,8814.68335100,2020-08-15 11:59:59.999,104723627.78422621,155177,3800.96227900,45164063.86103891,0
2020-08-15 12:00:00,11843.03000000,11895.97000000,11680.00000000,11851.99000000,11460.44301900,2020-08-15 15:59:59.999,135251299.15451142,218856,5326.43972800,62871618.61702451,0
2020-08-15 16:00:00,11851.98000000,11901.42000000,11810.50000000,11837.11000000,6152.34276900,2020-08-15 19:59:59.999,72993891.31545546,119334,2937.13943800,34848961.48748186,0
2020-08-15 20:00:00,11837.10000000,11977.00000000,11745.00000000,11852.40000000,10732.75952400,2020-08-15 23:59:59.999,127674260.16451236,189657,5312.65400200,63225913.44655964,0
2020-08-16 00:00:00,11852.40000000,11930.00000000,11768.78000000,11928.99000000,6278.10971100,2020-08-16 03:59:59.999,74468213.11033272,121813,3034.36259400,36000589.21184634,0
2020-08-16 04:00:00,11928.99000000,11931.72000000,11853.09000000,11858.89000000,5732.75782600,2020-08-16 07:59:59.999,68174878.66317567,106418,2700.77200900,32118863.64446774,0
2020-08-16 08:00:00,11858.89000000,11885.44000000,11723.19000000,11750.65000000,8635.10622900,2020-08-16 11:59:59.999,102023681.49925299,150977,3848.83438400,45479892.29187777,0
2020-08-16 12:00:00,11750.65000000,11877.05000000,11686.00000000,11859.91000000,9062.39516500,2020-08-16 15:59:59.999,106797242.51540670,176267,4160.55741900,49050955.69377012,0
2020-08-16 16:00:00,11859.91000000,11898.88000000,11801.31000000,11818.30000000,5675.92476100,2020-08-16 19:59:59.999,67258691.38987710,114173,2618.95824600,31034366.10217761,0
2020-08-16 20:00:00,11818.11000000,11916.16000000,11790.03000000,11911.00000000,5983.94321400,2020-08-16 23:59:59.999,71008817.45889839,120592,2978.56066000,35348136.45031469,0
2020-08-17 00:00:00,11910.99000000,11933.15000000,11769.78000000,11844.71000000,6631.28733500,2020-08-17 03:59:59.999,78524030.16465558,125974,3201.24912700,37912202.64402619,0
2020-08-17 04:00:00,11844.72000000,11858.91000000,11785.23000000,11807.21000000,6698.91246700,2020-08-17 07:59:59.999,79181400.23324069,120244,3243.36705600,38338340.43409934,0
2020-08-17 08:00:00,11806.94000000,11920.00000000,11806.91000000,11908.65000000,9259.49808700,2020-08-17 11:59:59.999,109930305.22176846,141823,4536.70357500,53863579.53971235,0
2020-08-17 12:00:00,11908.67000000,12455.00000000,11780.00000000,12421.55000000,34942.99647600,2020-08-17 15:59:59.999,423610063.36388621,435390,18626.27715300,225783635.60322326,0
2020-08-17 16:00:00,12421.84000000,12468.00000000,12262.78000000,12328.53000000,16439.54662600,2020-08-17 19:59:59.999,203060031.00837034,225368,7826.02561400,96669770.92833728,0
2020-08-17 20:00:00,12328.53000000,12406.86000000,12210.00000000,12281.13000000,10761.97054900,2020-08-17 23:59:59.999,132577622.90285069,161429,4857.46367400,59843224.94097736,0
2020-08-18 00:00:00,12281.15000000,12387.77000000,12269.73000000,12299.43000000,9342.30821100,2020-08-18 03:59:59.999,115157363.66863403,171940,4715.27786500,58120982.20845985,0
2020-08-18 04:00:00,12299.43000000,12310.00000000,12192.00000000,12260.77000000,10365.88882700,2020-08-18 07:59:59.999,126958368.26632484,163294,5083.75492100,62267109.62179487,0
2020-08-18 08:00:00,12260.91000000,12296.69000000,12157.24000000,12170.43000000,10645.97833700,2020-08-18 11:59:59.999,130308592.62082113,172710,5015.05021700,61394450.03667727,0
2020-08-18 12:00:00,12165.76000000,12259.99000000,11817.93000000,11934.41000000,25848.49721700,2020-08-18 15:59:59.999,311341375.16284975,352916,11855.17543100,142828903.39493574,0
2020-08-18 16:00:00,11934.41000000,12040.00000000,11850.02000000,11982.00000000,10879.24633900,2020-08-18 19:59:59.999,130310436.38241694,174483,5195.73508800,62231434.94804296,0
2020-08-18 20:00:00,11981.99000000,12087.00000000,11942.80000000,11945.01000000,8841.91659600,2020-08-18 23:59:59.999,106326171.07576383,154047,4089.35645300,49177595.10843594,0
2020-08-19 00:00:00,11945.10000000,12020.08000000,11822.00000000,11837.11000000,9002.13463900,2020-08-19 03:59:59.999,107369540.60246583,166829,4295.85485800,51241861.25472050,0
2020-08-19 04:00:00,11837.11000000,11874.24000000,11612.71000000,11823.34000000,19167.49385300,2020-08-19 07:59:59.999,224988523.22851838,316476,8417.86035400,98815979.81085523,0
2020-08-19 08:00:00,11823.34000000,11865.00000000,11733.01000000,11842.48000000,12031.05137200,2020-08-19 11:59:59.999,142027522.46528560,174834,6377.68363300,75284832.90114617,0
2020-08-19 12:00:00,11842.15000000,11914.67000000,11700.00000000,11726.50000000,11694.19383200,2020-08-19 15:59:59.999,138134893.15481267,191344,5502.98826900,65007480.81382801,0
2020-08-19 16:00:00,11726.38000000,11800.00000000,11639.81000000,11649.84000000,12199.44387800,2020-08-19 19:59:59.999,142896750.13368477,216942,5784.45012700,67755291.11707329,0
2020-08-19 20:00:00,11649.79000000,11773.57000000,11561.00000000,11754.59000000,9845.85203200,2020-08-19 23:59:59.999,115195571.94480207,191635,4482.29872800,52441776.36215759,0
2020-08-20 00:00:00,11754.38000000,11825.78000000,11690.75000000,11699.79000000,7043.67608200,2020-08-20 03:59:59.999,82834766.75209870,123788,3380.68288600,39760066.46078991,0
2020-08-20 04:00:00,11699.79000000,11792.62000000,11668.00000000,11703.88000000,6443.50914300,2020-08-20 07:59:59.999,75572942.66322452,124035,3269.54610500,38347819.08100966,0
2020-08-20 08:00:00,11703.88000000,11817.13000000,11685.00000000,11817.13000000,7932.71241200,2020-08-20 11:59:59.999,93276750.90480811,133213,3881.25323000,45646964.06610057,0
2020-08-20 12:00:00,11817.14000000,11888.00000000,11738.81000000,11854.35000000,9935.03817700,2020-08-20 15:59:59.999,117371669.55068609,155987,4919.42404200,58121355.19706497,0
2020-08-20 16:00:00,11854.34000000,11880.01000000,11814.34000000,11843.09000000,8686.98030600,2020-08-20 19:59:59.999,102910635.05528062,147608,3820.75984200,45260799.65423383,0
2020-08-20 20:00:00,11843.09000000,11880.00000000,11804.67000000,11853.55000000,6043.33823100,2020-08-20 23:59:59.999,71609260.12241266,113396,2721.24143600,32244058.00542978,0
2020-08-21 00:00:00,11853.54000000,11878.00000000,11778.44000000,11866.58000000,9417.48339400,2020-08-21 03:59:59.999,111356098.04924225,187008,4450.13077400,52619785.00066059,0
2020-08-21 04:00:00,11866.58000000,11870.00000000,11805.55000000,11838.07000000,7522.83979100,2020-08-21 07:59:59.999,89083519.60640879,149691,3810.37098400,45119606.93477194,0
2020-08-21 08:00:00,11838.08000000,11838.19000000,11688.04000000,11715.61000000,10687.05201900,2020-08-21 11:59:59.999,125817388.90479803,197013,5032.11448700,59237524.86613220,0
2020-08-21 12:00:00,11715.60000000,11774.92000000,11626.00000000,11720.00000000,11776.14580000,2020-08-21 15:59:59.999,137952548.81446178,222116,5692.75775000,66690351.67791390,0
2020-08-21 16:00:00,11720.01000000,11767.50000000,11605.42000000,11670.83000000,12747.54631900,2020-08-21 19:59:59.999,148939843.53338188,217471,6173.85671000,72139613.86897026,0
2020-08-21 20:00:00,11670.89000000,11710.79000000,11485.81000000,11531.34000000,12297.23881900,2020-08-21 23:59:59.999,142302600.74579858,216369,5372.50216100,62186777.37007551,0
2020-08-22 00:00:00,11531.23000000,11543.15000000,11376.81000000,11474.02000000,10776.68415000,2020-08-22 03:59:59.999,123347903.04361957,202038,5300.21083000,60664047.57015002,0
2020-08-22 04:00:00,11474.02000000,11589.56000000,11411.87000000,11579.61000000,7291.58132700,2020-08-22 07:59:59.999,83904489.98172083,140636,3529.89867300,40621166.00430992,0
2020-08-22 08:00:00,11579.60000000,11640.00000000,11544.00000000,11560.99000000,7384.69817600,2020-08-22 11:59:59.999,85481793.53632867,135586,3716.21728800,43019186.60292641,0
2020-08-22 12:00:00,11561.00000000,11642.81000000,11560.59000000,11583.10000000,6663.57636900,2020-08-22 15:59:59.999,77257288.35151996,118048,3315.57819900,38439987.90259909,0
2020-08-22 16:00:00,11583.10000000,11618.40000000,11553.77000000,11590.26000000,5770.39381900,2020-08-22 19:59:59.999,66871778.61699944,104490,2759.91750000,31982852.77423284,0
2020-08-22 20:00:00,11590.26000000,11686.00000000,11570.27000000,11662.96000000,5791.76780500,2020-08-22 23:59:59.999,67442197.88067551,108530,2983.24843200,34739190.05577233,0
2020-08-23 00:00:00,11663.51000000,11688.81000000,11584.60000000,11599.18000000,6265.01174500,2020-08-23 03:59:59.999,72860075.31136368,117006,3162.38554900,36777594.67236807,0
2020-08-23 04:00:00,11599.18000000,11623.50000000,11555.26000000,11616.46000000,4536.50216600,2020-08-23 07:59:59.999,52594532.19779117,84304,2145.55878500,24873980.62514682,0
2020-08-23 08:00:00,11616.46000000,11619.88000000,11514.13000000,11526.53000000,6247.66391200,2020-08-23 11:59:59.999,72228265.31339930,108327,2881.86765900,33315503.68117578,0
2020-08-23 12:00:00,11526.54000000,11669.89000000,11521.43000000,11653.25000000,7249.66068200,2020-08-23 15:59:59.999,84119964.25822834,123688,3670.92892600,42600005.56744901,0
2020-08-23 16:00:00,11653.26000000,11693.72000000,11619.61000000,11684.97000000,7944.75281400,2020-08-23 19:59:59.999,92566350.13000489,101279,3904.88096500,45494773.14305222,0
2020-08-23 20:00:00,11684.98000000,11718.07000000,11638.58000000,11648.13000000,5656.41337100,2020-08-23 23:59:59.999,66036831.44109128,92748,2749.00564100,32092353.32285378,0
2020-08-24 00:00:00,11648.12000000,11689.00000000,11585.09000000,11684.40000000,7981.56928100,2020-08-24 03:59:59.999,92926136.99334099,107380,3863.26353200,44976352.05565168,0
2020-08-24 04:00:00,11684.40000000,11775.00000000,11641.10000000,11758.58000000,8156.23425300,2020-08-24 07:59:59.999,95534143.02782216,107755,4144.41914400,48541479.47898967,0
2020-08-24 08:00:00,11758.57000000,11824.90000000,11758.57000000,11793.05000000,9331.96993700,2020-08-24 11:59:59.999,109990494.02239783,124617,4548.78183500,53614832.14715261,0
2020-08-24 12:00:00,11793.04000000,11820.00000000,11726.42000000,11764.03000000,8648.13778900,2020-08-24 15:59:59.999,101789052.14490904,120444,4138.16144800,48705824.68962495,0
2020-08-24 16:00:00,11764.04000000,11786.51000000,11699.04000000,11748.39000000,6893.56355400,2020-08-24 19:59:59.999,80943837.88634233,107328,3375.90167000,39640024.55232509,0
2020-08-24 20:00:00,11748.38000000,11790.00000000,11705.45000000,11748.20000000,5200.91705300,2020-08-24 23:59:59.999,61115287.46348566,89060,2709.89185900,31844017.50858228,0
2020-08-25 00:00:00,11748.19000000,11767.85000000,11656.54000000,11669.58000000,6745.85109800,2020-08-25 03:59:59.999,79031435.26074494,109471,3304.14925900,38706554.04776167,0
2020-08-25 04:00:00,11669.57000000,11699.98000000,11550.00000000,11586.41000000,8361.54807200,2020-08-25 07:59:59.999,97246847.53464188,120356,4034.80940200,46922868.14483200,0
2020-08-25 08:00:00,11586.41000000,11659.15000000,11510.57000000,11614.44000000,8463.58204100,2020-08-25 11:59:59.999,98148694.54471407,119675,4369.74486900,50680550.79987708,0
2020-08-25 12:00:00,11614.44000000,11614.44000000,11328.03000000,11419.41000000,19019.61225100,2020-08-25 15:59:59.999,217654562.53350419,256187,8896.30172900,101797246.69157985,0
2020-08-25 16:00:00,11419.42000000,11443.14000000,11117.64000000,11294.00000000,18855.74671400,2020-08-25 19:59:59.999,212733403.83119760,256720,8519.53635400,96142279.97357511,0
2020-08-25 20:00:00,11294.00000000,11388.00000000,11221.03000000,11318.42000000,8144.58309600,2020-08-25 23:59:59.999,92219727.94047744,134259,4001.91036700,45312765.90139989,0
2020-08-26 00:00:00,11318.42000000,11400.00000000,11250.00000000,11365.23000000,7380.35719900,2020-08-26 03:59:59.999,83623523.38197223,125180,3718.68461600,42136622.15783635,0
2020-08-26 04:00:00,11365.24000000,11395.00000000,11296.14000000,11348.06000000,7338.42107900,2020-08-26 07:59:59.999,83294566.58251058,123564,3546.27852300,40252528.19176484,0
2020-08-26 08:00:00,11348.05000000,11445.02000000,11327.09000000,11378.58000000,9756.74359300,2020-08-26 11:59:59.999,111069128.43544797,142985,4749.00700500,54068360.32023372,0
2020-08-26 12:00:00,11378.59000000,11500.00000000,11244.00000000,11475.92000000,14650.08623500,2020-08-26 15:59:59.999,166882978.84368632,219310,7101.83545500,80910922.19397087,0
2020-08-26 16:00:00,11475.92000000,11539.32000000,11428.93000000,11460.05000000,9030.22447200,2020-08-26 19:59:59.999,103573269.72468752,143755,3980.05039700,45651585.23822809,0
2020-08-26 20:00:00,11460.04000000,11507.16000000,11432.33000000,11461.43000000,5842.39865300,2020-08-26 23:59:59.999,67009322.99903283,107860,2526.68074400,28979391.25970719,0
2020-08-27 00:00:00,11461.42000000,11480.59000000,11359.14000000,11384.60000000,6942.99460800,2020-08-27 03:59:59.999,79249732.74095516,117068,3276.45560900,37398498.19512092,0
2020-08-27 04:00:00,11384.60000000,11414.70000000,11332.48000000,11406.17000000,6789.49539000,2020-08-27 07:59:59.999,77247257.96971031,109725,3421.40703400,38927126.46405242,0
2020-08-27 08:00:00,11406.17000000,11444.96000000,11301.00000000,11310.01000000,9705.17098500,2020-08-27 11:59:59.999,110377522.02414184,144416,4643.75849000,52813061.72056606,0
2020-08-27 12:00:00,11310.01000000,11592.20000000,11256.06000000,11323.22000000,20129.64978800,2020-08-27 15:59:59.999,229230408.13929122,261652,10146.45394700,115535128.15062064,0
2020-08-27 16:00:00,11323.21000000,11366.49000000,11125.00000000,11244.09000000,13940.23373900,2020-08-27 19:59:59.999,156606901.54037265,211033,6416.44716200,72084373.02275775,0
2020-08-27 20:00:00,11244.09000000,11341.71000000,11223.94000000,11330.38000000,5738.49187300,2020-08-27 23:59:59.999,64763159.24954137,115376,2888.65842600,32601536.30464121,0
2020-08-28 00:00:00,11330.38000000,11398.93000000,11276.89000000,11380.08000000,6409.79944600,2020-08-28 03:59:59.999,72762135.19609397,115937,3188.11975200,36188239.81515205,0
2020-08-28 04:00:00,11380.09000000,11444.96000000,11360.92000000,11379.63000000,7211.15741500,2020-08-28 07:59:59.999,82199534.29675570,110495,3478.68386700,39653667.45192611,0
2020-08-28 08:00:00,11379.63000000,11474.40000000,11354.63000000,11471.99000000,9393.39959700,2020-08-28 11:59:59.999,107307876.46308258,129874,4373.87904500,49965752.86506518,0
2020-08-28 12:00:00,11471.99000000,11534.06000000,11396.71000000,11529.63000000,11011.91589600,2020-08-28 15:59:59.999,126206231.24743988,155962,5021.62968400,57558052.50106955,0
2020-08-28 16:00:00,11529.30000000,11542.65000000,11462.45000000,11498.13000000,7354.03549400,2020-08-28 19:59:59.999,84576443.24447282,120988,3473.69701100,39949695.54831295,0
2020-08-28 20:00:00,11498.00000000,11535.72000000,11457.23000000,11526.91000000,4573.60051700,2020-08-28 23:59:59.999,52554009.20640604,86729,2178.19350000,25029344.94655556,0
2020-08-29 00:00:00,11526.90000000,11540.07000000,11462.51000000,11501.61000000,4257.77417900,2020-08-29 03:59:59.999,48923017.56719304,86142,2036.83555700,23402618.79181556,0
2020-08-29 04:00:00,11501.61000000,11580.02000000,11479.41000000,11558.28000000,5571.33276700,2020-08-29 07:59:59.999,64186699.32798782,91956,2766.06797400,31869034.12002643,0
2020-08-29 08:00:00,11558.28000000,11569.72000000,11417.04000000,11447.38000000,6311.20202900,2020-08-29 11:59:59.999,72597417.39756731,115890,2788.38179700,32078553.45035905,0
2020-08-29 12:00:00,11447.38000000,11516.00000000,11433.69000000,11500.99000000,6167.42809500,2020-08-29 15:59:59.999,70743348.34458352,112924,3023.45111100,34680008.30016944,0
2020-08-29 16:00:00,11500.98000000,11549.00000000,11475.81000000,11522.11000000,6626.59065700,2020-08-29 19:59:59.999,76309705.07165935,116110,3242.17563400,37335790.72948880,0
2020-08-29 20:00:00,11522.12000000,11534.98000000,11458.09000000,11465.84000000,4039.47147300,2020-08-29 23:59:59.999,46468087.56173135,88812,1852.39791200,21309282.98325120,0
2020-08-30 00:00:00,11465.84000000,11650.00000000,11458.00000000,11612.72000000,8383.34772800,2020-08-30 03:59:59.999,97086004.75058184,140790,4524.96402300,52411210.70571447,0
2020-08-30 04:00:00,11612.61000000,11626.53000000,11565.01000000,11592.91000000,5757.66497800,2020-08-30 07:59:59.999,66728505.21290608,111976,2828.02594600,32775658.54524199,0
2020-08-30 08:00:00,11592.90000000,11613.05000000,11548.78000000,11603.09000000,5764.25177000,2020-08-30 11:59:59.999,66739680.95093365,103048,2985.31344300,34562692.88398391,0
2020-08-30 12:00:00,11603.09000000,11665.11000000,11557.69000000,11616.20000000,9147.38667600,2020-08-30 15:59:59.999,106267042.15083979,150774,4752.71309700,55210816.22082660,0
2020-08-30 16:00:00,11616.21000000,11685.00000000,11580.00000000,11642.59000000,7004.68734800,2020-08-30 19:59:59.999,81576866.01388234,125689,3373.41886400,39286718.20822754,0
2020-08-30 20:00:00,11642.59000000,11719.00000000,11588.55000000,11711.16000000,7120.54055400,2020-08-30 23:59:59.999,82977243.85589520,124264,3793.68052900,44214249.89146816,0
2020-08-31 00:00:00,11711.17000000,11726.89000000,11667.85000000,11679.09000000,5931.02907200,2020-08-31 03:59:59.999,69350573.63165402,104030,2915.52475600,34089613.41375036,0
2020-08-31 04:00:00,11679.08000000,11705.99000000,11594.06000000,11618.65000000,7383.59572100,2020-08-31 07:59:59.999,86048578.51700800,108490,3663.04907600,42690487.21218950,0
2020-08-31 08:00:00,11618.64000000,11710.00000000,11570.00000000,11680.58000000,10972.58196000,2020-08-31 11:59:59.999,127527139.86852397,137472,5610.39061700,65216401.45157546,0
2020-08-31 12:00:00,11680.72000000,11800.77000000,11661.11000000,11742.16000000,15217.43187400,2020-08-31 15:59:59.999,178401883.15203426,201584,7298.06555100,85568078.97057159,0
2020-08-31 16:00:00,11742.15000000,11751.36000000,11690.00000000,11725.00000000,8288.68823200,2020-08-31 19:59:59.999,97143094.67409482,133280,3669.17388200,43002307.63481880,0
2020-08-31 20:00:00,11725.00000000,11731.49000000,11614.90000000,11649.51000000,7560.29088500,2020-08-31 23:59:59.999,88252585.72813847,137206,3423.73640200,39967972.93348966,0
2020-09-01 00:00:00,11649.51000000,11703.00000000,11515.00000000,11691.49000000,9489.10729500,2020-09-01 03:59:59.999,110271272.82704188,162027,4375.09247500,50850793.79555189,0
2020-09-01 04:00:00,11691.43000000,11940.00000000,11672.17000000,11923.74000000,15155.72310500,2020-09-01 07:59:59.999,178988162.17578577,232085,7991.20461900,94379440.04337464,0
2020-09-01 08:00:00,11923.74000000,11950.00000000,11834.01000000,11868.99000000,14340.23718100,2020-09-01 11:59:59.999,170746969.69642005,260075,6939.37152600,82628384.40003570,0
2020-09-01 12:00:00,11868.98000000,12044.67000000,11797.26000000,12039.33000000,16262.58408500,2020-09-01 15:59:59.999,193545043.37545213,257128,8159.91931000,97148195.42459480,0
2020-09-01 16:00:00,12039.33000000,12050.85000000,11947.19000000,11957.41000000,11870.85205600,2020-09-01 19:59:59.999,142334567.96942271,203945,5215.43733600,62536545.07294216,0
2020-09-01 20:00:00,11957.41000000,12050.00000000,11851.00000000,11921.97000000,11029.68994600,2020-09-01 23:59:59.999,132161297.44484411,206232,4794.99411600,57453414.93182291,0
2020-09-02 00:00:00,11921.97000000,11954.57000000,11825.00000000,11835.01000000,10308.76245000,2020-09-02 03:59:59.999,122572047.19922088,194384,4833.21560600,57467481.74648486,0
2020-09-02 04:00:00,11835.02000000,11900.00000000,11718.16000000,11722.84000000,12093.28082700,2020-09-02 07:59:59.999,142820911.03758208,186496,5767.99969600,68134337.56291526,0
2020-09-02 08:00:00,11723.59000000,11747.99000000,11160.10000000,11406.02000000,26260.48439500,2020-09-02 11:59:59.999,302273760.51069564,372795,11532.62309900,132817736.00053526,0
2020-09-02 12:00:00,11406.01000000,11470.65000000,11193.79000000,11329.67000000,19386.77729800,2020-09-02 15:59:59.999,220170500.73798984,295897,9093.45121700,103300757.49360778,0
2020-09-02 16:00:00,11329.66000000,11400.00000000,11234.65000000,11389.21000000,11903.73170400,2020-09-02 19:59:59.999,134822349.91351374,194383,5521.45582800,62534676.85737384,0
2020-09-02 20:00:00,11389.21000000,11439.00000000,11302.00000000,11388.54000000,7268.80892800,2020-09-02 23:59:59.999,82731442.73487297,129569,3223.56444100,36684453.56389812,0
2020-09-03 00:00:00,11388.54000000,11446.13000000,11331.49000000,11350.56000000,8497.63806300,2020-09-03 03:59:59.999,96865858.33385690,145266,3754.79428300,42800008.53781413,0
2020-09-03 04:00:00,11350.57000000,11422.00000000,11237.00000000,11400.84000000,12777.82323300,2020-09-03 07:59:59.999,144501305.38933473,203497,6099.52055100,68982413.25936027,0
2020-09-03 08:00:00,11400.44000000,11462.60000000,11180.97000000,11208.02000000,13621.69209800,2020-09-03 11:59:59.999,153950437.66582370,222896,6340.53960400,71685643.61500546,0
2020-09-03 12:00:00,11208.01000000,11249.97000000,10460.00000000,10670.28000000,44598.37939500,2020-09-03 15:59:59.999,482890133.96778849,460836,19499.78221900,211044024.95858852,0
2020-09-03 16:00:00,10670.28000000,10769.52000000,10550.00000000,10682.69000000,19223.14294800,2020-09-03 19:59:59.999,205168763.50203714,246274,8680.74770300,92623936.42738516,0
2020-09-03 20:00:00,10682.69000000,10794.62000000,9960.80000000,10140.85000000,23231.43027800,2020-09-03 23:59:59.999,241729904.45702652,332841,9891.44850000,103094424.31415429,0
2020-09-04 00:00:00,10138.29000000,10351.06000000,10068.00000000,10265.42000000,15830.74761500,2020-09-04 03:59:59.999,162327327.70535446,270336,7140.08687100,73222985.64616179,0
2020-09-04 04:00:00,10265.41000000,10338.98000000,10093.10000000,10295.59000000,12036.68693200,2020-09-04 07:59:59.999,123512403.38878640,183191,5559.66936600,57039683.76435821,0
2020-09-04 08:00:00,10295.59000000,10528.97000000,10292.48000000,10422.17000000,16783.92386100,2020-09-04 11:59:59.999,175175493.79589552,249662,7855.05580300,81982416.86066012,0
2020-09-04 12:00:00,10422.52000000,10497.84000000,9875.50000000,10424.67000000,24493.88210000,2020-09-04 15:59:59.999,252033967.10591452,345693,11524.69328100,118639480.01473598,0
2020-09-04 16:00:00,10424.67000000,10598.00000000,10303.56000000,10570.13000000,15613.19957800,2020-09-04 19:59:59.999,162898204.08966008,226629,6827.08998100,71243178.16001829,0
2020-09-04 20:00:00,10570.13000000,10627.05000000,10430.20000000,10446.25000000,7975.15902700,2020-09-04 23:59:59.999,83978322.26566448,159349,3801.23936400,40035959.75128522,0
2020-09-05 00:00:00,10446.25000000,10565.68000000,10383.96000000,10408.46000000,7815.25438900,2020-09-05 03:59:59.999,81771742.09017737,148092,3467.41825600,36273916.13081644,0
2020-09-05 04:00:00,10408.46000000,10500.44000000,10362.20000000,10406.77000000,8432.94243600,2020-09-05 07:59:59.999,87952698.70575153,134961,4199.76949500,43808287.65501693,0
2020-09-05 08:00:00,10406.77000000,10406.77000000,10123.00000000,10225.66000000,15068.01487100,2020-09-05 11:59:59.999,155001720.93599731,254443,7331.43107000,75424167.10953176,0
2020-09-05 12:00:00,10225.65000000,10347.87000000,9975.00000000,10273.89000000,20193.42299300,2020-09-05 15:59:59.999,205409548.02887344,292290,9662.52650500,98330261.78126645,0
2020-09-05 16:00:00,10274.13000000,10298.99000000,9825.00000000,9956.66000000,26904.88323800,2020-09-05 19:59:59.999,270946781.98369885,406903,12738.86997400,128384613.72779362,0
2020-09-05 20:00:00,9956.66000000,10200.00000000,9878.58000000,10166.69000000,11587.08764100,2020-09-05 23:59:59.999,116495917.13161972,240093,6078.11702300,61121605.78264969,0
2020-09-06 00:00:00,10166.69000000,10245.75000000,10052.92000000,10163.72000000,8575.14706400,2020-09-06 03:59:59.999,87082479.13917704,165703,4318.60694300,43852253.95699569,0
2020-09-06 04:00:00,10163.71000000,10250.00000000,9994.86000000,10230.37000000,11083.90581200,2020-09-06 07:59:59.999,112225770.74004861,206350,5409.02475500,54758494.82440481,0
2020-09-06 08:00:00,10230.36000000,10285.00000000,10165.29000000,10266.32000000,10837.31938400,2020-09-06 11:59:59.999,110815471.66618710,198129,5492.99419800,56169583.69125950,0
2020-09-06 12:00:00,10266.32000000,10300.00000000,10120.19000000,10173.37000000,10696.45027000,2020-09-06 15:59:59.999,109325612.55864971,190752,5253.37050600,53693203.22056232,0
2020-09-06 16:00:00,10173.44000000,10280.00000000,10141.28000000,10258.30000000,6530.06454800,2020-09-06 19:59:59.999,66744636.12482595,129796,3394.41175800,34693400.45614084,0
2020-09-06 20:00:00,10258.30000000,10347.14000000,10180.17000000,10256.20000000,8645.90173700,2020-09-06 23:59:59.999,88709030.00628616,162462,4165.03066700,42737976.60159954,0
2020-09-07 00:00:00,10255.89000000,10312.00000000,10180.00000000,10204.10000000,5587.39218500,2020-09-07 03:59:59.999,57215925.53144953,99710,2623.68009400,26868238.01165080,0
2020-09-07 04:00:00,10203.89000000,10240.82000000,10052.38000000,10113.56000000,9315.79422600,2020-09-07 07:59:59.999,94408782.69827266,134920,4423.69375900,44832871.14945763,0
2020-09-07 08:00:00,10113.81000000,10184.53000000,9995.08000000,10026.46000000,11592.64798600,2020-09-07 11:59:59.999,117000144.13850083,175546,5472.64928500,55242719.84932248,0
2020-09-07 12:00:00,10026.47000000,10166.66000000,9875.00000000,10144.01000000,18787.87284300,2020-09-07 15:59:59.999,188237143.50611826,252351,9245.34606500,92638485.91230607,0
2020-09-07 16:00:00,10144.00000000,10232.00000000,10124.00000000,10148.47000000,8456.59434500,2020-09-07 19:59:59.999,86111589.33010258,126316,4148.40258800,42244778.51992501,0
2020-09-07 20:00:00,10148.48000000,10410.75000000,10086.28000000,10373.44000000,8879.92909100,2020-09-07 23:59:59.999,91304952.61066562,138520,4662.92888200,47969245.10258917,0
2020-09-08 00:00:00,10373.45000000,10438.00000000,10295.57000000,10302.81000000,7281.23685200,2020-09-08 03:59:59.999,75325182.60357303,105399,3578.68470300,37022954.27085766,0
2020-09-08 04:00:00,10302.82000000,10318.97000000,10220.00000000,10264.50000000,8481.16645900,2020-09-08 07:59:59.999,87102981.55257619,131052,4146.19955800,42582060.67136958,0
2020-09-08 08:00:00,10264.29000000,10333.40000000,9930.00000000,9982.99000000,16847.81843800,2020-09-08 11:59:59.999,170187380.20071468,229943,7465.95534700,75455322.71849586,0
2020-09-08 12:00:00,9981.74000000,10153.96000000,9920.32000000,10098.58000000,17072.14029600,2020-09-08 15:59:59.999,171154819.59372253,224984,7962.79722600,79854327.49372496,0
2020-09-08 16:00:00,10098.58000000,10168.81000000,9935.00000000,9991.21000000,10393.49053100,2020-09-08 19:59:59.999,104569339.87277409,152121,4831.80899000,48615164.13083008,0
2020-09-08 20:00:00,9991.21000000,10218.00000000,9850.00000000,10126.65000000,13416.02584200,2020-09-08 23:59:59.999,134608198.14787885,204626,6425.36864600,64518599.59844740,0
2020-09-09 00:00:00,10126.66000000,10149.25000000,9981.01000000,10026.68000000,6655.30637500,2020-09-09 03:59:59.999,66999207.11724082,121925,3208.83905900,32307246.25275022,0
2020-09-09 04:00:00,10026.69000000,10197.57000000,10002.66000000,10190.00000000,7030.10764800,2020-09-09 07:59:59.999,71051566.38076296,105982,3604.73252100,36438894.95619032,0
2020-09-09 08:00:00,10190.00000000,10274.59000000,10140.22000000,10221.37000000,8985.10967000,2020-09-09 11:59:59.999,91561667.25893514,133182,4533.93716800,46208479.52759482,0
2020-09-09 12:00:00,10221.47000000,10280.62000000,10165.99000000,10246.11000000,10179.58803100,2020-09-09 15:59:59.999,104184289.39233964,152839,4802.25178800,49144882.04204184,0
2020-09-09 16:00:00,10246.11000000,10343.00000000,10200.00000000,10276.77000000,10210.60276200,2020-09-09 19:59:59.999,104865993.68051122,132223,5004.76795800,51400845.64564969,0
2020-09-09 20:00:00,10276.46000000,10298.10000000,10169.91000000,10219.20000000,6286.39929000,2020-09-09 23:59:59.999,64419901.38500116,109409,2660.88393300,27259354.49077660,0
2020-09-10 00:00:00,10219.29000000,10414.08000000,10070.83000000,10371.23000000,10106.15727300,2020-09-10 03:59:59.999,104443553.75002372,150331,5107.41408500,52810675.24312561,0
2020-09-10 04:00:00,10371.23000000,10418.00000000,10251.00000000,10275.29000000,8685.97670200,2020-09-10 07:59:59.999,89868684.15903247,126303,4211.74277500,43585368.64550632,0
2020-09-10 08:00:00,10275.22000000,10321.20000000,10230.31000000,10292.62000000,7807.78985500,2020-09-10 11:59:59.999,80242881.42490922,115624,3488.10313900,35847956.38529147,0
2020-09-10 12:00:00,10292.61000000,10483.35000000,10283.16000000,10414.16000000,15245.67161200,2020-09-10 15:59:59.999,158463561.92898689,190280,6996.94889600,72717828.05822299,0
2020-09-10 16:00:00,10414.15000000,10442.00000000,10250.02000000,10270.01000000,10399.11832200,2020-09-10 19:59:59.999,107357556.85954558,162983,4981.59246100,51430793.00965097,0
2020-09-10 20:00:00,10270.09000000,10355.37000000,10262.43000000,10336.87000000,6009.03998600,2020-09-10 23:59:59.999,62013840.36978285,106356,2904.31114200,29969831.49751828,0
2020-09-11 00:00:00,10336.86000000,10380.34000000,10209.75000000,10220.76000000,7667.49958900,2020-09-11 03:59:59.999,78908010.71469699,125284,3709.07061600,38168003.31575186,0
2020-09-11 04:00:00,10220.77000000,10291.94000000,10200.00000000,10260.75000000,6951.77157100,2020-09-11 07:59:59.999,71265403.03904560,111447,3373.55251000,34584800.27548006,0
2020-09-11 08:00:00,10260.76000000,10333.91000000,10250.00000000,10252.60000000,8891.26312200,2020-09-11 11:59:59.999,91496588.23112160,112661,4265.59692700,43897402.06793894,0
2020-09-11 12:00:00,10252.60000000,10331.79000000,10250.55000000,10318.76000000,8358.66510000,2020-09-11 15:59:59.999,86005642.93922415,104642,4018.60341400,41348233.06099841,0
2020-09-11 16:00:00,10318.77000000,10345.31000000,10267.67000000,10323.20000000,6160.60828200,2020-09-11 19:59:59.999,63503264.17804735,93834,2956.22557500,30472076.52092569,0
2020-09-11 20:00:00,10323.20000000,10397.60000000,10305.39000000,10387.89000000,5800.44680300,2020-09-11 23:59:59.999,60062093.55820054,90001,2908.56168500,30121562.78781384,0
2020-09-12 00:00:00,10387.89000000,10397.86000000,10322.03000000,10342.33000000,4642.69719900,2020-09-12 03:59:59.999,48060728.97537801,76797,2271.25850500,23510281.70733117,0
2020-09-12 04:00:00,10342.33000000,10370.00000000,10306.34000000,10343.98000000,4576.09714300,2020-09-12 07:59:59.999,47346381.25223178,67735,2210.33564600,22871010.58713624,0
2020-09-12 08:00:00,10343.97000000,10359.48000000,10320.18000000,10341.59000000,5513.16958000,2020-09-12 11:59:59.999,57001263.21695481,95011,2592.84472400,26806978.19656222,0
2020-09-12 12:00:00,10341.58000000,10380.00000000,10269.25000000,10359.99000000,7607.53387100,2020-09-12 15:59:59.999,78573894.63366000,120254,3755.15749000,38790792.06470073,0
2020-09-12 16:00:00,10360.00000000,10477.97000000,10348.89000000,10461.39000000,8117.25180900,2020-09-12 19:59:59.999,84541399.32066949,123030,4256.54180400,44334025.51015814,0
2020-09-12 20:00:00,10461.24000000,10473.33000000,10408.00000000,10440.92000000,4922.40349400,2020-09-12 23:59:59.999,51389004.04483281,94897,2474.63071600,25835569.39101761,0
2020-09-13 00:00:00,10440.67000000,10559.12000000,10400.04000000,10556.26000000,6546.99329600,2020-09-13 03:59:59.999,68512539.26664210,95822,3429.51800900,35900497.51202121,0
2020-09-13 04:00:00,10556.40000000,10580.11000000,10520.00000000,10542.27000000,5503.78837600,2020-09-13 07:59:59.999,57992397.28730729,79933,2587.33842700,27261425.87365795,0
2020-09-13 08:00:00,10542.27000000,10560.00000000,10303.28000000,10324.89000000,10465.58611300,2020-09-13 11:59:59.999,109398230.76935507,157564,4922.22824300,51461102.36830164,0
2020-09-13 12:00:00,10324.88000000,10352.21000000,10258.00000000,10280.14000000,8650.35418800,2020-09-13 15:59:59.999,89236758.93840281,141368,3944.74152100,40695640.04223803,0
2020-09-13 16:00:00,10280.15000000,10323.67000000,10200.00000000,10309.05000000,8489.09892100,2020-09-13 19:59:59.999,87096815.44110396,142100,3969.64909000,40732387.10459254,0
2020-09-13 20:00:00,10309.05000000,10332.84000000,10284.74000000,10332.83000000,4181.78897100,2020-09-13 23:59:59.999,43101863.62633766,75652,1932.04203800,19914136.41531613,0
2020-09-14 00:00:00,10332.84000000,10371.03000000,10240.34000000,10348.14000000,6172.10439300,2020-09-14 03:59:59.999,63715998.11420583,88633,2791.96554300,28821437.61352951,0
2020-09-14 04:00:00,10348.14000000,10404.00000000,10316.18000000,10399.32000000,7110.43462200,2020-09-14 07:59:59.999,73595974.05761376,93519,3285.29569300,34004392.75798280,0
2020-09-14 08:00:00,10399.31000000,10479.00000000,10212.34000000,10469.82000000,13522.16713700,2020-09-14 11:59:59.999,140589508.03557831,155338,6542.04732900,68040641.26427033,0
2020-09-14 12:00:00,10469.92000000,10706.91000000,10450.31000000,10698.03000000,22482.78053800,2020-09-14 15:59:59.999,238376949.28480284,236480,11186.40296100,118573403.22905142,0
2020-09-14 16:00:00,10698.03000000,10750.00000000,10640.00000000,10665.00000000,10863.22929000,2020-09-14 19:59:59.999,116105286.21099800,145926,4884.83628500,52210116.23744938,0
2020-09-14 20:00:00,10665.00000000,10747.36000000,10618.82000000,10671.77000000,6908.57538100,2020-09-14 23:59:59.999,73791875.68341404,109061,3189.81534600,34069029.93662089,0
2020-09-15 00:00:00,10671.77000000,10839.00000000,10650.00000000,10755.13000000,9508.01281700,2020-09-15 03:59:59.999,102076195.04526773,121231,4903.18991800,52654402.69295800,0
2020-09-15 04:00:00,10755.12000000,10784.23000000,10688.94000000,10741.37000000,6840.79318500,2020-09-15 07:59:59.999,73412861.90020255,103987,3321.01219500,35641765.47566016,0
2020-09-15 08:00:00,10741.37000000,10882.00000000,10606.48000000,10821.15000000,13021.68681600,2020-09-15 11:59:59.999,139908201.85819895,188847,6179.10351700,66402620.89416261,0
2020-09-15 12:00:00,10821.15000000,10930.04000000,10736.63000000,10784.46000000,15792.39386600,2020-09-15 15:59:59.999,171217587.55507201,222270,7539.11502600,81719478.41700004,0
2020-09-15 16:00:00,10785.23000000,10827.61000000,10700.00000000,10783.36000000,8235.09588000,2020-09-15 19:59:59.999,88670033.91597788,126050,3872.53278400,41698915.33285727,0
2020-09-15 20:00:00,10783.35000000,10886.39000000,10716.95000000,10785.31000000,8424.47022200,2020-09-15 23:59:59.999,91172280.87441862,131467,3929.13383700,42523053.59323820,0
2020-09-16 00:00:00,10785.23000000,10791.72000000,10661.22000000,10779.41000000,9304.55723400,2020-09-16 03:59:59.999,99723230.31347662,155247,4572.80136600,49009968.90317880,0
2020-09-16 04:00:00,10779.61000000,10939.60000000,10758.59000000,10915.49000000,9786.97550800,2020-09-16 07:59:59.999,105928155.54791815,127034,4726.90809400,51178554.79997934,0
2020-09-16 08:00:00,10916.09000000,10930.00000000,10827.00000000,10898.99000000,9922.89537000,2020-09-16 11:59:59.999,107908402.45051939,133139,4723.61749000,51363792.86756978,0
2020-09-16 12:00:00,10899.00000000,11016.69000000,10860.00000000,11004.99000000,14857.26817300,2020-09-16 15:59:59.999,162386338.47520150,172669,7568.43961000,82740310.04838730,0
2020-09-16 16:00:00,11004.99000000,11093.00000000,10960.03000000,10982.20000000,14737.58787200,2020-09-16 19:59:59.999,162499928.69183114,185112,7040.60858900,77642212.54679356,0
2020-09-16 20:00:00,10982.20000000,11047.84000000,10941.35000000,10954.01000000,6382.22828300,2020-09-16 23:59:59.999,70198934.00412308,110952,3108.13654200,34182851.40718354,0
2020-09-17 00:00:00,10954.01000000,11045.46000000,10869.00000000,10872.09000000,10583.93758500,2020-09-17 03:59:59.999,115924531.39586031,150147,5277.83085300,57806337.99316201,0
2020-09-17 04:00:00,10872.30000000,10929.99000000,10842.77000000,10882.39000000,8292.70097200,2020-09-17 07:59:59.999,90266270.07782077,127976,3976.06802500,43276877.53540800,0
2020-09-17 08:00:00,10882.38000000,10905.00000000,10781.00000000,10877.65000000,10363.63369700,2020-09-17 11:59:59.999,112436708.04449094,148381,4795.08832200,52019476.32154822,0
2020-09-17 12:00:00,10877.65000000,10885.47000000,10745.83000000,10838.31000000,11754.16685400,2020-09-17 15:59:59.999,127196721.55031177,159921,5584.49011100,60436382.21139622,0
2020-09-17 16:00:00,10838.30000000,10926.82000000,10794.23000000,10916.63000000,8403.44655800,2020-09-17 19:59:59.999,91373462.87043392,135696,4280.64311000,46548058.58197342,0
2020-09-17 20:00:00,10916.63000000,10968.95000000,10903.51000000,10939.99000000,6203.72886300,2020-09-17 23:59:59.999,67812594.84100690,107016,3115.80661400,34059964.96838260,0
2020-09-18 00:00:00,10940.00000000,10960.00000000,10883.20000000,10924.36000000,5369.49785400,2020-09-18 03:59:59.999,58627356.27497891,88785,2729.12850900,29797321.73254582,0
2020-09-18 04:00:00,10924.22000000,10985.00000000,10870.01000000,10954.14000000,7589.02776200,2020-09-18 07:59:59.999,82937626.44229244,115378,3617.41209300,39534039.71558879,0
2020-09-18 08:00:00,10954.14000000,11038.03000000,10925.62000000,10977.26000000,8970.95934200,2020-09-18 11:59:59.999,98513479.60497752,121643,4406.29543500,48392189.19757133,0
2020-09-18 12:00:00,10977.40000000,11003.09000000,10870.37000000,10899.37000000,8964.70378200,2020-09-18 15:59:59.999,98068615.51477757,137277,4299.61153700,47031819.57863591,0
2020-09-18 16:00:00,10899.42000000,10900.00000000,10812.84000000,10866.55000000,10970.23895800,2020-09-18 19:59:59.999,119094654.84478827,161712,5282.28096600,57346393.43659055,0
2020-09-18 20:00:00,10866.55000000,10944.79000000,10850.00000000,10933.39000000,5402.30057700,2020-09-18 23:59:59.999,58906202.98741366,92576,2710.19134600,29552863.57581288,0
2020-09-19 00:00:00,10933.40000000,10977.75000000,10929.88000000,10976.00000000,5360.11463300,2020-09-19 03:59:59.999,58722355.69082099,82449,2769.04539200,30336878.27236222,0
2020-09-19 04:00:00,10975.99000000,10980.00000000,10898.11000000,10900.29000000,4860.99892300,2020-09-19 07:59:59.999,53176718.81425959,77812,2287.57825900,25028155.63809271,0
2020-09-19 08:00:00,10900.28000000,11150.00000000,10887.37000000,11140.00000000,9033.82746700,2020-09-19 11:59:59.999,99285529.22403631,130475,5061.63991600,55663484.53479323,0
2020-09-19 12:00:00,11139.69000000,11179.79000000,11043.00000000,11090.56000000,9228.57649800,2020-09-19 15:59:59.999,102353931.47825650,136657,4943.03952300,54826776.71986458,0
2020-09-19 16:00:00,11090.57000000,11119.93000000,11011.31000000,11054.20000000,5861.88068900,2020-09-19 19:59:59.999,64838215.37285950,107959,2900.41655400,32082001.92619600,0
2020-09-19 20:00:00,11054.21000000,11087.99000000,11026.40000000,11080.65000000,4094.63864800,2020-09-19 23:59:59.999,45275150.57749753,84775,1961.33962300,21686469.22166935,0
2020-09-20 00:00:00,11080.64000000,11080.64000000,10899.33000000,10948.81000000,6383.45454400,2020-09-20 03:59:59.999,70069333.09377468,103942,2967.51267100,32577704.96277405,0
2020-09-20 04:00:00,10948.80000000,10995.31000000,10933.00000000,10962.61000000,4171.36962600,2020-09-20 07:59:59.999,45714086.99476684,70269,1980.40028200,21703113.74468447,0
2020-09-20 08:00:00,10962.60000000,10984.00000000,10925.27000000,10951.17000000,5002.63421400,2020-09-20 11:59:59.999,54818135.36673393,75565,2409.65719200,26405682.22820578,0
2020-09-20 12:00:00,10951.17000000,10958.18000000,10775.00000000,10834.58000000,9520.05826400,2020-09-20 15:59:59.999,103340553.17779298,151849,4628.10296600,50246095.38547886,0
2020-09-20 16:00:00,10834.62000000,10903.77000000,10723.00000000,10871.03000000,7652.68692800,2020-09-20 19:59:59.999,82997946.71592020,138938,3702.84487100,40164502.31633371,0
2020-09-20 20:00:00,10871.03000000,10938.02000000,10813.51000000,10920.28000000,6427.71898900,2020-09-20 23:59:59.999,69875155.40652362,105766,3749.17638100,40748236.87817113,0
2020-09-21 00:00:00,10920.28000000,10978.00000000,10894.42000000,10962.76000000,5688.00368800,2020-09-21 03:59:59.999,62260686.57763661,91234,2701.06563200,29566597.02794558,0
2020-09-21 04:00:00,10962.76000000,10988.86000000,10889.00000000,10902.58000000,5798.87736600,2020-09-21 07:59:59.999,63456758.77026175,87456,2829.01165600,30958713.16669512,0
2020-09-21 08:00:00,10902.58000000,10912.62000000,10580.00000000,10636.47000000,20719.54045600,2020-09-21 11:59:59.999,222306107.67059720,307267,10035.93971200,107653825.28698576,0
2020-09-21 12:00:00,10636.46000000,10638.10000000,10296.35000000,10418.76000000,21567.92007700,2020-09-21 15:59:59.999,226293302.46551468,284557,10062.95060500,105564623.02671819,0
2020-09-21 16:00:00,10418.77000000,10499.00000000,10356.54000000,10498.55000000,10179.29491500,2020-09-21 19:59:59.999,106103170.53559973,140487,4918.49022000,51271453.80649239,0
2020-09-21 20:00:00,10498.55000000,10533.46000000,10410.00000000,10417.22000000,6729.79467700,2020-09-21 23:59:59.999,70600769.21627372,117530,3081.47276400,32331362.85418138,0
2020-09-22 00:00:00,10417.22000000,10491.32000000,10353.00000000,10449.95000000,5972.79789200,2020-09-22 03:59:59.999,62373924.48315920,101614,2925.97322200,30556935.48124149,0
2020-09-22 04:00:00,10449.94000000,10502.79000000,10360.00000000,10372.90000000,7823.39918600,2020-09-22 07:59:59.999,81629316.61352727,139387,3836.00380800,40025351.64277144,0
2020-09-22 08:00:00,10372.91000000,10503.00000000,10372.90000000,10452.26000000,8386.42593500,2020-09-22 11:59:59.999,87666589.31991915,142237,4141.89367000,43299710.70968850,0
2020-09-22 12:00:00,10452.11000000,10520.00000000,10416.00000000,10451.07000000,9044.59422300,2020-09-22 15:59:59.999,94713080.05108573,140580,4204.77566900,44033583.93741413,0
2020-09-22 16:00:00,10451.06000000,10506.22000000,10447.53000000,10491.97000000,6701.00689200,2020-09-22 19:59:59.999,70218922.28845822,106222,3339.95482800,34999737.81150740,0
2020-09-22 20:00:00,10491.98000000,10572.71000000,10453.00000000,10529.61000000,6063.01134800,2020-09-22 23:59:59.999,63760667.97225851,108536,3048.86039200,32065931.74605759,0
2020-09-23 00:00:00,10529.61000000,10533.94000000,10471.72000000,10476.01000000,4307.90786000,2020-09-23 03:59:59.999,45259835.50136454,76884,2023.67077000,21260665.17068949,0
2020-09-23 04:00:00,10476.00000000,10490.84000000,10380.47000000,10428.64000000,8260.55024600,2020-09-23 07:59:59.999,86248869.47393534,130051,4089.98969300,42704566.78840894,0
2020-09-23 08:00:00,10428.63000000,10496.20000000,10403.95000000,10474.45000000,7420.46643800,2020-09-23 11:59:59.999,77637259.81043834,108470,3805.18550400,39809741.87710505,0
2020-09-23 12:00:00,10474.46000000,10537.15000000,10444.41000000,10453.20000000,7867.67203900,2020-09-23 15:59:59.999,82537816.77040983,120091,3651.73937300,38308713.34971153,0
2020-09-23 16:00:00,10453.02000000,10494.72000000,10255.53000000,10293.00000000,12191.68762000,2020-09-23 19:59:59.999,126507414.40186586,159649,5757.47696200,59716956.23654670,0
2020-09-23 20:00:00,10293.00000000,10324.30000000,10136.82000000,10241.46000000,11828.28387600,2020-09-23 23:59:59.999,121170819.19944805,179246,5684.64451700,58244742.22910866,0
2020-09-24 00:00:00,10241.46000000,10344.64000000,10190.93000000,10301.75000000,6410.48384200,2020-09-24 03:59:59.999,65948969.65130146,102352,3099.25753600,31886472.27451083,0
2020-09-24 04:00:00,10301.75000000,10356.47000000,10271.00000000,10341.68000000,6400.57725400,2020-09-24 07:59:59.999,65946111.56262645,92334,3090.62022800,31846218.63963391,0
2020-09-24 08:00:00,10341.69000000,10440.00000000,10283.89000000,10410.01000000,9095.03029900,2020-09-24 11:59:59.999,94163472.69821759,126228,4105.50853800,42509432.65502135,0
2020-09-24 12:00:00,10410.00000000,10557.19000000,10331.93000000,10545.36000000,12484.29187300,2020-09-24 15:59:59.999,130067187.45937155,157646,6402.08418100,66704639.94812107,0
2020-09-24 16:00:00,10545.07000000,10743.59000000,10540.02000000,10653.82000000,15289.47656700,2020-09-24 19:59:59.999,162844037.16154385,193305,7462.61862900,79483056.38205270,0
2020-09-24 20:00:00,10653.87000000,10795.24000000,10605.00000000,10736.32000000,7996.75959200,2020-09-24 23:59:59.999,85551091.52257705,117417,3786.71521300,40506253.08770630,0
2020-09-25 00:00:00,10736.33000000,10760.53000000,10663.14000000,10667.47000000,5979.90124800,2020-09-25 03:59:59.999,64034700.74801552,88285,2872.01758100,30752257.00981207,0
2020-09-25 04:00:00,10667.47000000,10703.12000000,10614.58000000,10686.94000000,6301.27459800,2020-09-25 07:59:59.999,67247118.10117406,98946,3318.03672000,35409543.43012171,0
2020-09-25 08:00:00,10686.93000000,10686.94000000,10556.66000000,10630.00000000,12586.24461700,2020-09-25 11:59:59.999,133615191.06301988,183321,5959.96661800,63272638.82905559,0
2020-09-25 12:00:00,10630.00000000,10684.09000000,10556.24000000,10647.61000000,10319.49862700,2020-09-25 15:59:59.999,109599961.03770234,147504,5170.69523200,54911265.70498946,0
2020-09-25 16:00:00,10647.62000000,10744.18000000,10625.16000000,10718.31000000,7721.89975400,2020-09-25 19:59:59.999,82535137.74490362,115641,3829.00279600,40934948.62207887,0
2020-09-25 20:00:00,10718.43000000,10754.21000000,10650.00000000,10686.67000000,5192.29816400,2020-09-25 23:59:59.999,55615140.45450466,99733,2416.61139000,25888210.33105961,0
2020-09-26 00:00:00,10686.57000000,10746.66000000,10644.68000000,10704.86000000,4122.53045800,2020-09-26 03:59:59.999,44082219.05874402,81910,2134.92288000,22830954.08703231,0
2020-09-26 04:00:00,10704.85000000,10820.94000000,10687.38000000,10705.84000000,6508.34338000,2020-09-26 07:59:59.999,69873374.58362704,103837,3364.27403400,36124463.42859296,0
2020-09-26 08:00:00,10705.84000000,10728.77000000,10661.70000000,10709.94000000,4877.53340200,2020-09-26 11:59:59.999,52177981.49285605,80784,2463.64099600,26358048.81164160,0
2020-09-26 12:00:00,10709.93000000,10742.02000000,10664.97000000,10721.00000000,4926.31044700,2020-09-26 15:59:59.999,52699210.91959176,91348,2350.62727800,25149151.29822502,0
2020-09-26 16:00:00,10721.00000000,10774.45000000,10682.78000000,10718.55000000,4611.12653900,2020-09-26 19:59:59.999,49466458.84182323,82963,2240.00999700,24032601.61979788,0
2020-09-26 20:00:00,10718.54000000,10751.12000000,10701.18000000,10728.60000000,3374.99243300,2020-09-26 23:59:59.999,36212232.78421327,61828,1761.05616000,18895954.25270401,0
2020-09-27 00:00:00,10728.59000000,10799.00000000,10720.02000000,10781.20000000,4979.98007900,2020-09-27 03:59:59.999,53632652.90049303,81689,2469.47875800,26593734.38708035,0
2020-09-27 04:00:00,10781.20000000,10794.99000000,10620.00000000,10671.28000000,5712.46777200,2020-09-27 07:59:59.999,61246724.78876280,92874,2575.94275300,27619385.54744736,0
2020-09-27 08:00:00,10671.28000000,10678.00000000,10608.67000000,10623.50000000,4665.59923700,2020-09-27 11:59:59.999,49669550.25368072,82363,2303.26087900,24521844.36282677,0
2020-09-27 12:00:00,10623.62000000,10766.41000000,10594.82000000,10754.82000000,6597.61515300,2020-09-27 15:59:59.999,70376577.22999653,105146,3327.18550400,35505625.23287201,0
2020-09-27 16:00:00,10754.82000000,10777.00000000,10700.73000000,10732.00000000,5215.07682400,2020-09-27 19:59:59.999,55963298.22618970,93182,2837.07565500,30444973.47431248,0
2020-09-27 20:00:00,10732.01000000,10784.61000000,10704.45000000,10774.25000000,3378.74418800,2020-09-27 23:59:59.999,36280446.05587290,60750,1588.09622100,17051973.90443289,0
2020-09-28 00:00:00,10774.26000000,10950.00000000,10774.26000000,10885.14000000,10049.12879400,2020-09-28 03:59:59.999,109404332.98438695,120247,5471.34714400,59540411.03686661,0
2020-09-28 04:00:00,10885.21000000,10916.60000000,10836.00000000,10854.00000000,7636.93302900,2020-09-28 07:59:59.999,83059012.52532773,102468,3884.24177700,42249232.11957036,0
2020-09-28 08:00:00,10854.00000000,10902.49000000,10830.00000000,10877.91000000,8228.49529200,2020-09-28 11:59:59.999,89440649.54791591,119536,4199.22842600,45649365.70429322,0
2020-09-28 12:00:00,10877.91000000,10941.99000000,10837.12000000,10901.90000000,10187.57643300,2020-09-28 15:59:59.999,111039072.96940386,138041,4954.95608000,54006237.20819812,0
2020-09-28 16:00:00,10901.89000000,10918.57000000,10836.08000000,10869.00000000,6321.84084100,2020-09-28 19:59:59.999,68750078.50846014,97106,3095.21133700,33661289.51145317,0
2020-09-28 20:00:00,10868.63000000,10888.59000000,10626.00000000,10696.12000000,7671.27734500,2020-09-28 23:59:59.999,82770073.06231465,109266,3614.08855100,39005389.08094344,0
2020-09-29 00:00:00,10696.11000000,10732.02000000,10656.82000000,10689.94000000,6292.95463800,2020-09-29 03:59:59.999,67319383.69540601,94136,2903.25759100,31058201.70481535,0
2020-09-29 04:00:00,10689.94000000,10747.88000000,10668.26000000,10726.99000000,5554.57875700,2020-09-29 07:59:59.999,59479854.67489910,77277,2518.55844100,26969728.95294661,0
2020-09-29 08:00:00,10727.00000000,10797.00000000,10707.00000000,10758.92000000,7225.32412500,2020-09-29 11:59:59.999,77651256.03542199,90704,3403.09360400,36577761.83398415,0
2020-09-29 12:00:00,10758.91000000,10790.98000000,10711.48000000,10725.94000000,7693.28121500,2020-09-29 15:59:59.999,82728078.88661197,107912,3645.34049000,39199202.53071897,0
2020-09-29 16:00:00,10725.94000000,10766.00000000,10635.87000000,10737.49000000,9144.45419900,2020-09-29 19:59:59.999,97826114.20865491,124481,4304.94120700,46061886.42586577,0
2020-09-29 20:00:00,10738.98000000,10867.54000000,10738.97000000,10840.48000000,5964.30546500,2020-09-29 23:59:59.999,64341134.95923491,93066,3120.88487600,33677378.40826329,0
2020-09-30 00:00:00,10840.58000000,10849.34000000,10737.01000000,10742.08000000,5872.21919600,2020-09-30 03:59:59.999,63386391.68250423,113179,2763.05439400,29827385.91374512,0
2020-09-30 04:00:00,10742.23000000,10765.78000000,10675.29000000,10706.68000000,6914.37860800,2020-09-30 07:59:59.999,74163326.80960633,98325,3074.24293900,32977679.35985740,0
2020-09-30 08:00:00,10706.56000000,10730.00000000,10665.13000000,10681.00000000,6663.84472500,2020-09-30 11:59:59.999,71328521.18995175,96576,3255.96897800,34851744.90664317,0
2020-09-30 12:00:00,10680.53000000,10793.80000000,10670.00000000,10777.39000000,7552.44559000,2020-09-30 15:59:59.999,81166914.98738139,100108,3560.76372000,38266529.19114132,0
2020-09-30 16:00:00,10777.39000000,10799.00000000,10681.73000000,10706.48000000,8115.89514600,2020-09-30 19:59:59.999,87176841.63696301,109415,3694.66063900,39684716.21219800,0
2020-09-30 20:00:00,10706.48000000,10785.00000000,10685.62000000,10776.59000000,4477.24405700,2020-09-30 23:59:59.999,48057699.97885667,77780,2363.36904100,25368663.85726579,0
2020-10-01 00:00:00,10776.59000000,10857.47000000,10776.59000000,10798.18000000,5940.77988200,2020-10-01 03:59:59.999,64232711.29603641,82633,2877.90918500,31115795.96498227,0
2020-10-01 04:00:00,10798.38000000,10844.71000000,10790.85000000,10824.75000000,5262.18762500,2020-10-01 07:59:59.999,56930382.45273707,73580,2507.98157700,27133184.08760110,0
2020-10-01 08:00:00,10824.75000000,10920.00000000,10811.52000000,10903.16000000,10727.18046300,2020-10-01 11:59:59.999,116680363.49418885,120592,5255.88499800,57176376.70978217,0
2020-10-01 12:00:00,10903.16000000,10908.23000000,10712.00000000,10716.23000000,10200.05214200,2020-10-01 15:59:59.999,110586976.28778050,129705,4163.52328400,45132303.64401087,0
2020-10-01 16:00:00,10716.23000000,10716.23000000,10437.00000000,10617.74000000,23365.47556600,2020-10-01 19:59:59.999,246790143.76671242,294126,11050.90897800,116718762.40100282,0
2020-10-01 20:00:00,10617.74000000,10634.98000000,10567.37000000,10619.13000000,5370.65721500,2020-10-01 23:59:59.999,56948412.16427959,94219,2593.76708100,27503112.57459554,0
2020-10-02 00:00:00,10619.13000000,10654.83000000,10584.00000000,10649.06000000,4913.31847300,2020-10-02 03:59:59.999,52123106.26239611,81433,2368.49684200,25127573.65129049,0
2020-10-02 04:00:00,10649.06000000,10664.64000000,10385.02000000,10490.88000000,13012.91076200,2020-10-02 07:59:59.999,136618100.42459604,187722,6178.50610200,64853766.10627299,0
2020-10-02 08:00:00,10490.88000000,10495.00000000,10374.00000000,10436.63000000,10230.65246800,2020-10-02 11:59:59.999,106905154.15314958,164683,5043.62143100,52705724.60875076,0
2020-10-02 12:00:00,10436.63000000,10600.00000000,10431.28000000,10512.74000000,10529.67978000,2020-10-02 15:59:59.999,110664698.56518933,152252,5110.28976900,53697247.83040584,0
2020-10-02 16:00:00,10512.74000000,10563.00000000,10492.00000000,10515.04000000,6492.97217900,2020-10-02 19:59:59.999,68418082.58255727,95529,2871.55542700,30257185.88141660,0
2020-10-02 20:00:00,10515.04000000,10580.00000000,10463.02000000,10570.40000000,4950.86004300,2020-10-02 23:59:59.999,52135237.32147701,95574,2551.43297400,26866187.42545034,0
2020-10-03 00:00:00,10570.40000000,10576.87000000,10521.88000000,10552.24000000,3205.06008000,2020-10-03 03:59:59.999,33791495.44668749,61506,1614.22136800,17019957.66986074,0
2020-10-03 04:00:00,10552.24000000,10563.24000000,10496.46000000,10527.75000000,3599.40363700,2020-10-03 07:59:59.999,37906672.14885963,58845,1659.46497500,17476371.75777299,0
2020-10-03 08:00:00,10527.75000000,10564.00000000,10498.97000000,10536.65000000,4140.59719900,2020-10-03 11:59:59.999,43597773.53463302,70723,2114.91640600,22269916.31099997,0
2020-10-03 12:00:00,10536.65000000,10553.83000000,10517.87000000,10541.98000000,3483.35426100,2020-10-03 15:59:59.999,36699207.43221139,61715,1682.18724500,17723802.01996220,0
2020-10-03 16:00:00,10541.97000000,10603.56000000,10535.04000000,10582.62000000,4948.82890200,2020-10-03 19:59:59.999,52330049.26337185,68904,2231.18742600,23590467.80181966,0
2020-10-03 20:00:00,10582.57000000,10588.43000000,10530.00000000,10542.06000000,2920.97726200,2020-10-03 23:59:59.999,30835686.78277278,59636,1450.48546200,15312207.20175643,0
2020-10-04 00:00:00,10542.07000000,10559.73000000,10517.87000000,10545.49000000,3215.39514900,2020-10-04 03:59:59.999,33892615.14130985,60843,1610.65241700,16977868.74099568,0
2020-10-04 04:00:00,10545.48000000,10637.35000000,10544.40000000,10612.83000000,3828.61585700,2020-10-04 07:59:59.999,40570647.52056922,57242,2185.33445200,23156002.36962961,0
2020-10-04 08:00:00,10612.83000000,10625.00000000,10570.47000000,10600.75000000,3780.15654100,2020-10-04 11:59:59.999,40048310.79592090,59172,1952.35063800,20684410.91176695,0
2020-10-04 12:00:00,10600.75000000,10622.45000000,10575.00000000,10591.45000000,3236.36454700,2020-10-04 15:59:59.999,34312445.59459371,54259,1585.72711900,16811872.12302749,0
2020-10-04 16:00:00,10591.45000000,10696.87000000,10581.26000000,10673.26000000,5561.53527400,2020-10-04 19:59:59.999,59154271.65995169,81605,3066.63288700,32624768.46512810,0
2020-10-04 20:00:00,10673.26000000,10690.75000000,10637.33000000,10666.63000000,3589.93422700,2020-10-04 23:59:59.999,38273760.19446535,64432,1722.57813700,18364922.52097303,0
2020-10-05 00:00:00,10666.62000000,10741.63000000,10655.64000000,10665.88000000,4671.26413900,2020-10-05 03:59:59.999,49983433.69116575,71069,2326.33594400,24893008.73973962,0
2020-10-05 04:00:00,10665.88000000,10695.81000000,10615.64000000,10686.31000000,5748.60097700,2020-10-05 07:59:59.999,61247923.34767820,80876,2602.57872200,27729613.44634900,0
2020-10-05 08:00:00,10686.31000000,10696.67000000,10658.95000000,10666.53000000,5552.68477700,2020-10-05 11:59:59.999,59287214.65889033,70978,2459.43010800,26260290.98489835,0
2020-10-05 12:00:00,10666.53000000,10777.37000000,10654.96000000,10726.02000000,7794.04893700,2020-10-05 15:59:59.999,83533024.01921382,100753,3382.23824300,36248952.90687317,0
2020-10-05 16:00:00,10726.01000000,10745.30000000,10680.00000000,10730.78000000,5584.96035500,2020-10-05 19:59:59.999,59841413.38876527,82805,2403.85719100,25757615.26778007,0
2020-10-05 20:00:00,10730.78000000,10798.00000000,10727.80000000,10792.21000000,4674.20246800,2020-10-05 23:59:59.999,50265501.13226719,76859,2377.14417900,25568065.52282130,0
2020-10-06 00:00:00,10792.20000000,10800.00000000,10738.08000000,10765.29000000,5199.39206100,2020-10-06 03:59:59.999,55985710.74934060,66949,2438.51867900,26258635.89950632,0
2020-10-06 04:00:00,10765.30000000,10784.02000000,10705.27000000,10711.15000000,7514.98072600,2020-10-06 07:59:59.999,80788040.00492756,124522,3603.52865400,38741417.49868124,0
2020-10-06 08:00:00,10711.15000000,10754.71000000,10650.46000000,10697.33000000,7678.42502600,2020-10-06 11:59:59.999,82222458.03702779,121199,3796.29004500,40647865.03774661,0
2020-10-06 12:00:00,10697.19000000,10760.00000000,10621.00000000,10735.01000000,10236.97328400,2020-10-06 15:59:59.999,109451789.88254638,144420,4843.60038000,51790825.49342279,0
2020-10-06 16:00:00,10735.01000000,10751.23000000,10537.99000000,10571.36000000,11457.15834300,2020-10-06 19:59:59.999,121966435.19368631,157116,5257.31403400,55944193.55545295,0
2020-10-06 20:00:00,10571.35000000,10615.24000000,10525.00000000,10599.66000000,6587.81103100,2020-10-06 23:59:59.999,69636822.21467053,120320,3250.43810800,34357510.15189608,0
2020-10-07 00:00:00,10599.65000000,10606.45000000,10546.17000000,10575.51000000,5320.94659300,2020-10-07 03:59:59.999,56312942.81438748,94979,2562.98058300,27124800.09817330,0
2020-10-07 04:00:00,10575.51000000,10630.00000000,10570.60000000,10618.69000000,5606.15817300,2020-10-07 07:59:59.999,59454090.04949006,81217,2760.93596500,29278761.48150971,0
2020-10-07 08:00:00,10618.69000000,10627.88000000,10569.99000000,10600.41000000,5723.86591800,2020-10-07 11:59:59.999,60658722.33744765,78204,2660.51007900,28195290.73081903,0
2020-10-07 12:00:00,10600.41000000,10649.37000000,10592.00000000,10629.60000000,7530.66234500,2020-10-07 15:59:59.999,79986448.58824687,101595,3502.28775200,37201351.47356674,0
2020-10-07 16:00:00,10629.70000000,10681.87000000,10601.00000000,10650.34000000,5642.76048600,2020-10-07 19:59:59.999,60046285.16767864,88403,2727.85851400,29028867.17678574,0
2020-10-07 20:00:00,10650.90000000,10673.59000000,10641.00000000,10666.39000000,2987.59676400,2020-10-07 23:59:59.999,31840073.89961194,59042,1568.78279100,16719339.86848084,0
2020-10-08 00:00:00,10666.40000000,10670.89000000,10616.00000000,10639.80000000,3499.77666500,2020-10-08 03:59:59.999,37237340.66077333,50761,1661.75270300,17680246.27198135,0
2020-10-08 04:00:00,10639.80000000,10645.09000000,10563.01000000,10592.21000000,6005.75088900,2020-10-08 07:59:59.999,63739062.04187597,78051,2736.85777100,29049387.79423012,0
2020-10-08 08:00:00,10592.22000000,10630.18000000,10530.41000000,10606.17000000,6919.37566700,2020-10-08 11:59:59.999,73243195.45245663,88280,3398.17207200,35974754.31800560,0
2020-10-08 12:00:00,10606.17000000,10935.00000000,10593.51000000,10896.96000000,21365.83522900,2020-10-08 15:59:59.999,230731776.93994555,238225,11681.57343600,126209153.84342030,0
2020-10-08 16:00:00,10896.96000000,10945.00000000,10842.65000000,10878.83000000,9036.03548800,2020-10-08 19:59:59.999,98449922.25880458,116672,4446.57772700,48457578.08017172,0
2020-10-08 20:00:00,10878.82000000,10950.00000000,10860.00000000,10925.57000000,5132.91763400,2020-10-08 23:59:59.999,55910463.08762423,87302,2557.66582000,27869300.64995495,0
2020-10-09 00:00:00,10925.44000000,10940.85000000,10861.00000000,10887.19000000,4472.38773700,2020-10-09 03:59:59.999,48729390.31544234,69622,2152.18720100,23447164.56237903,0
2020-10-09 04:00:00,10887.18000000,10902.74000000,10829.00000000,10894.00000000,5055.18277700,2020-10-09 07:59:59.999,54961363.12850537,78357,2533.98744600,27550639.99311839,0
2020-10-09 08:00:00,10893.99000000,11100.00000000,10864.05000000,11050.43000000,12543.27310100,2020-10-09 11:59:59.999,137736144.09198281,160187,7141.52383800,78442759.00894306,0
2020-10-09 12:00:00,11050.44000000,11104.64000000,11035.86000000,11086.58000000,14404.30393800,2020-10-09 15:59:59.999,159382893.63453174,153684,7673.42496200,84914405.03668675,0
2020-10-09 16:00:00,11086.15000000,11100.00000000,11012.19000000,11034.28000000,6913.56689600,2020-10-09 19:59:59.999,76392096.70392182,100500,3543.49490100,39159266.30687402,0
2020-10-09 20:00:00,11034.28000000,11092.76000000,11015.00000000,11050.64000000,4851.35878800,2020-10-09 23:59:59.999,53620433.64185060,73331,2614.01304800,28895761.10131026,0
2020-10-10 00:00:00,11050.64000000,11491.00000000,11050.51000000,11412.96000000,13610.00575500,2020-10-10 03:59:59.999,153959674.60647011,182865,7609.07071000,85962972.35073366,0
2020-10-10 04:00:00,11412.96000000,11424.32000000,11266.00000000,11381.30000000,6632.41299200,2020-10-10 07:59:59.999,75488463.47410458,110104,3268.96136900,37208180.70398158,0
2020-10-10 08:00:00,11381.35000000,11394.33000000,11215.00000000,11317.46000000,7284.55157700,2020-10-10 11:59:59.999,82488428.57500958,117190,3728.33758300,42229826.87228719,0
2020-10-10 12:00:00,11317.47000000,11413.66000000,11284.63000000,11349.20000000,7446.86384400,2020-10-10 15:59:59.999,84476364.96738042,116739,4044.57648300,45892389.12096831,0
2020-10-10 16:00:00,11349.20000000,11374.39000000,11308.05000000,11351.09000000,4274.56025600,2020-10-10 19:59:59.999,48510500.22870029,83891,2023.55864400,22966966.99510785,0
2020-10-10 20:00:00,11351.09000000,11376.47000000,11262.25000000,11293.22000000,4399.64251900,2020-10-10 23:59:59.999,49861780.37920856,87772,2132.69986200,24172129.74733101,0
2020-10-11 00:00:00,11293.22000000,11395.80000000,11270.70000000,11332.00000000,4198.95540700,2020-10-11 03:59:59.999,47572146.64564754,77835,2123.79552400,24061696.67609416,0
2020-10-11 04:00:00,11332.01000000,11373.97000000,11301.00000000,11350.01000000,3295.76922100,2020-10-11 07:59:59.999,37367344.26406688,61546,1695.33216300,19221899.54932685,0
2020-10-11 08:00:00,11350.01000000,11410.00000000,11327.05000000,11372.50000000,5300.70836200,2020-10-11 11:59:59.999,60237290.62624201,84418,2715.44084400,30858655.52741460,0
2020-10-11 12:00:00,11372.51000000,11445.00000000,11336.17000000,11405.47000000,5761.17712900,2020-10-11 15:59:59.999,65598739.89127628,100496,2924.47339700,33304963.52189838,0
2020-10-11 16:00:00,11405.46000000,11430.00000000,11315.01000000,11334.02000000,5360.32094400,2020-10-11 19:59:59.999,61050369.28438457,94491,2573.12789400,29305198.34417302,0
2020-10-11 20:00:00,11334.03000000,11395.32000000,11221.00000000,11369.02000000,5126.92027600,2020-10-11 23:59:59.999,58101864.32646778,90928,2438.27444700,27632239.51520585,0
2020-10-12 00:00:00,11369.02000000,11410.30000000,11345.56000000,11385.00000000,4644.88014600,2020-10-12 03:59:59.999,52867231.50811110,68890,2356.28385000,26822290.30328072,0
2020-10-12 04:00:00,11385.01000000,11413.90000000,11330.40000000,11379.34000000,5974.73393200,2020-10-12 07:59:59.999,67977759.59544971,76632,2660.57059200,30272640.16446117,0
2020-10-12 08:00:00,11379.34000000,11393.83000000,11172.00000000,11244.41000000,9724.88328900,2020-10-12 11:59:59.999,109853844.18032461,130000,4633.21850400,52332356.07830941,0
2020-10-12 12:00:00,11244.41000000,11590.00000000,11236.13000000,11549.38000000,15210.91073700,2020-10-12 15:59:59.999,173985579.05743146,195406,8722.23945500,99797154.30128481,0
2020-10-12 16:00:00,11549.39000000,11579.64000000,11526.89000000,11546.93000000,7574.08204200,2020-10-12 19:59:59.999,87525451.59621347,112029,3568.02186200,41232273.77813503,0
2020-10-12 20:00:00,11546.93000000,11720.01000000,11477.00000000,11528.25000000,9695.79356400,2020-10-12 23:59:59.999,112569979.85448736,157866,4925.59505800,57208732.71376327,0
2020-10-13 00:00:00,11528.24000000,11544.87000000,11413.00000000,11458.24000000,7140.68970600,2020-10-13 03:59:59.999,81978846.75954407,108947,3224.39614700,37016681.46670601,0
2020-10-13 04:00:00,11458.24000000,11520.00000000,11426.49000000,11452.00000000,4939.21199800,2020-10-13 07:59:59.999,56681276.21255372,74404,2322.20547000,26648335.73656853,0
2020-10-13 08:00:00,11452.21000000,11557.00000000,11370.55000000,11486.36000000,8053.00672500,2020-10-13 11:59:59.999,92488200.70416461,108975,3830.83919200,44001311.19954283,0
2020-10-13 12:00:00,11486.37000000,11507.20000000,11300.00000000,11385.15000000,11194.58360300,2020-10-13 15:59:59.999,127522472.58215606,151777,4897.24988200,55777945.74098280,0
2020-10-13 16:00:00,11385.15000000,11435.26000000,11340.78000000,11387.83000000,6981.54256300,2020-10-13 19:59:59.999,79461150.04659662,99345,3154.92057400,35909326.01399350,0
2020-10-13 20:00:00,11387.83000000,11460.16000000,11386.26000000,11420.56000000,3896.24911400,2020-10-13 23:59:59.999,44531444.41902071,74814,1916.54734000,21903757.40748104,0
2020-10-14 00:00:00,11420.57000000,11486.96000000,11390.00000000,11390.00000000,4126.52311900,2020-10-14 03:59:59.999,47215754.60183557,61953,1883.95777000,21558416.77092601,0
2020-10-14 04:00:00,11390.00000000,11427.62000000,11361.00000000,11415.04000000,5492.67310900,2020-10-14 07:59:59.999,62611635.54178330,79039,2521.11471700,28738855.50326677,0
2020-10-14 08:00:00,11415.03000000,11448.00000000,11357.00000000,11362.92000000,6276.57311800,2020-10-14 11:59:59.999,71582794.93574967,96453,2852.98427700,32537568.96018113,0
2020-10-14 12:00:00,11362.93000000,11547.98000000,11280.00000000,11320.76000000,13351.28494200,2020-10-14 15:59:59.999,152444686.30280161,169207,6226.15744300,71109884.92005051,0
2020-10-14 16:00:00,11320.76000000,11369.79000000,11287.01000000,11342.25000000,7837.20042800,2020-10-14 19:59:59.999,88833799.03165237,112098,3525.40818700,39965746.22473640,0
2020-10-14 20:00:00,11342.25000000,11434.47000000,11336.93000000,11417.89000000,4330.85129900,2020-10-14 23:59:59.999,49318345.30711173,71275,2060.43491300,23465487.93178659,0
2020-10-15 00:00:00,11417.89000000,11427.98000000,11354.46000000,11378.96000000,4328.08197700,2020-10-15 03:59:59.999,49278107.39867908,60714,1966.73241300,22392248.82956650,0
2020-10-15 04:00:00,11378.96000000,11422.93000000,11366.30000000,11396.83000000,5226.18492600,2020-10-15 07:59:59.999,59536048.79794576,66676,2517.65308400,28679640.63490457,0
2020-10-15 08:00:00,11396.82000000,11403.83000000,11250.83000000,11315.37000000,9705.98366200,2020-10-15 11:59:59.999,109925706.44546488,123717,4569.92498200,51752737.12018095,0
2020-10-15 12:00:00,11315.38000000,11416.15000000,11275.01000000,11398.22000000,9317.51870200,2020-10-15 15:59:59.999,105957189.19492416,127047,4546.29478000,51701795.76022642,0
2020-10-15 16:00:00,11398.60000000,11535.00000000,11363.37000000,11520.93000000,11112.81122800,2020-10-15 19:59:59.999,127271863.30132796,140227,5738.78932700,65732426.49664070,0
2020-10-15 20:00:00,11520.93000000,11617.34000000,11400.86000000,11505.12000000,9070.13718400,2020-10-15 23:59:59.999,104467530.41928635,144005,4679.84308300,53912168.06516224,0
2020-10-16 00:00:00,11505.13000000,11541.15000000,11470.00000000,11507.97000000,4320.83425100,2020-10-16 03:59:59.999,49746087.03129544,67916,2186.77999300,25178718.79183758,0
2020-10-16 04:00:00,11507.97000000,11507.97000000,11200.00000000,11305.87000000,17084.87269400,2020-10-16 07:59:59.999,193390678.84052640,204167,7598.28989300,86005450.77873695,0
2020-10-16 08:00:00,11305.87000000,11397.18000000,11212.00000000,11369.34000000,10724.88912600,2020-10-16 11:59:59.999,121131822.37190410,154063,5350.65329200,60440448.54039507,0
2020-10-16 12:00:00,11369.27000000,11394.69000000,11281.65000000,11331.19000000,7118.29591100,2020-10-16 15:59:59.999,80758372.83113079,108051,3223.90118500,36576433.60417142,0
2020-10-16 16:00:00,11331.19000000,11367.91000000,11299.87000000,11308.11000000,5292.07151600,2020-10-16 19:59:59.999,60015582.50892379,86009,2421.28280800,27460390.81333659,0
2020-10-16 20:00:00,11308.23000000,11349.00000000,11273.75000000,11319.32000000,4256.78600400,2020-10-16 23:59:59.999,48168458.02847637,73004,2040.68631300,23091476.80376313,0
2020-10-17 00:00:00,11319.24000000,11363.26000000,11272.48000000,11363.01000000,3863.79557300,2020-10-17 03:59:59.999,43732912.98490225,62888,1787.62348000,20241758.77358116,0
2020-10-17 04:00:00,11363.00000000,11379.92000000,11334.61000000,11344.98000000,2647.55149500,2020-10-17 07:59:59.999,30049577.66057884,46015,1226.92230600,13926891.48390629,0
2020-10-17 08:00:00,11344.99000000,11358.88000000,11308.63000000,11343.13000000,3658.00937700,2020-10-17 11:59:59.999,41471130.70143841,62631,1754.31389300,19888761.42227706,0
2020-10-17 12:00:00,11343.29000000,11402.42000000,11255.00000000,11337.54000000,6456.07278700,2020-10-17 15:59:59.999,73199597.64473677,91959,3023.36320600,34293251.97262932,0
2020-10-17 16:00:00,11337.54000000,11360.00000000,11300.00000000,11342.21000000,3215.97578700,2020-10-17 19:59:59.999,36445098.89842782,55552,1365.09678000,15471367.04341570,0
2020-10-17 20:00:00,11342.21000000,11373.18000000,11325.00000000,11360.20000000,2527.51022200,2020-10-17 23:59:59.999,28684458.07257039,46928,1160.70494900,13174063.44881715,0
2020-10-18 00:00:00,11360.31000000,11398.00000000,11346.22000000,11368.02000000,3109.80000400,2020-10-18 03:59:59.999,35380640.16985145,50362,1435.11746600,16327951.23719040,0
2020-10-18 04:00:00,11368.02000000,11464.99000000,11366.87000000,11455.40000000,4133.08067500,2020-10-18 07:59:59.999,47172848.26861663,59692,2244.03469300,25616540.24744327,0
2020-10-18 08:00:00,11455.40000000,11477.96000000,11398.41000000,11420.62000000,3767.88569800,2020-10-18 11:59:59.999,43048653.74259415,57573,1841.81777000,21044086.05052027,0
2020-10-18 12:00:00,11420.62000000,11482.24000000,11407.61000000,11446.68000000,5024.66059800,2020-10-18 15:59:59.999,57488439.00330259,72208,2960.90458800,33884983.38958449,0
2020-10-18 16:00:00,11447.05000000,11478.47000000,11429.88000000,11432.24000000,3461.61090500,2020-10-18 19:59:59.999,39634156.71315183,54522,1679.80641000,19234259.66310627,0
2020-10-18 20:00:00,11432.23000000,11505.00000000,11413.96000000,11503.14000000,3787.00331100,2020-10-18 23:59:59.999,43426086.45058198,52589,2234.44617200,25636058.54057432,0
2020-10-19 00:00:00,11503.14000000,11535.00000000,11407.96000000,11416.71000000,5106.70270600,2020-10-19 03:59:59.999,58549304.65220628,74255,2345.39235400,26898254.00405032,0
2020-10-19 04:00:00,11416.25000000,11467.10000000,11407.96000000,11462.39000000,4137.00863000,2020-10-19 07:59:59.999,47345939.27487824,56586,1875.75204000,21467588.79671501,0
2020-10-19 08:00:00,11462.39000000,11532.01000000,11447.23000000,11477.00000000,5876.87236100,2020-10-19 11:59:59.999,67461564.22852164,72263,2801.04411900,32157280.88800405,0
2020-10-19 12:00:00,11477.00000000,11820.00000000,11472.46000000,11800.00000000,17333.67006100,2020-10-19 15:59:59.999,201847275.50175668,209221,10071.48879800,117272748.10603705,0
2020-10-19 16:00:00,11800.00000000,11823.99000000,11661.61000000,11689.99000000,9561.96210200,2020-10-19 19:59:59.999,112212434.30125769,139966,4840.88033300,56811212.05875230,0
2020-10-19 20:00:00,11689.98000000,11775.00000000,11660.47000000,11751.47000000,5398.31883200,2020-10-19 23:59:59.999,63312165.84065886,98669,2781.83749200,32629263.69550196,0
2020-10-20 00:00:00,11751.46000000,11765.96000000,11677.59000000,11741.00000000,4245.86535100,2020-10-20 03:59:59.999,49768820.79099749,72462,1949.87821100,22857913.54333873,0
2020-10-20 04:00:00,11741.00000000,11849.00000000,11707.01000000,11735.46000000,7719.01424200,2020-10-20 07:59:59.999,90835773.26552695,112463,4159.53660300,48964523.16171375,0
2020-10-20 08:00:00,11735.45000000,11934.00000000,11702.13000000,11778.86000000,12994.05057700,2020-10-20 11:59:59.999,153468886.16293926,180635,6445.57420100,76162546.53158456,0
2020-10-20 12:00:00,11778.85000000,11985.98000000,11765.00000000,11926.40000000,16155.66167600,2020-10-20 15:59:59.999,192319957.47919192,214188,8308.33755200,98917694.20793080,0
2020-10-20 16:00:00,11926.02000000,12038.38000000,11881.00000000,11912.35000000,14264.70053000,2020-10-20 19:59:59.999,170591112.17150467,205433,7794.41467200,93257434.59204789,0
2020-10-20 20:00:00,11912.42000000,11961.16000000,11855.00000000,11909.99000000,6755.45828700,2020-10-20 23:59:59.999,80441042.21181147,120930,3253.96759300,38745776.92344708,0
2020-10-21 00:00:00,11910.00000000,12240.00000000,11886.95000000,12182.31000000,15908.98884000,2020-10-21 03:59:59.999,192239911.66233177,186101,8715.54885300,105369003.63159381,0
2020-10-21 04:00:00,12182.30000000,12295.00000000,12122.63000000,12198.15000000,13283.94088500,2020-10-21 07:59:59.999,162436457.45510305,170629,6793.35305300,83077058.80844602,0
2020-10-21 08:00:00,12198.14000000,12379.00000000,12129.72000000,12335.00000000,11600.22846300,2020-10-21 11:59:59.999,141816710.52773275,157220,6187.01773200,75662757.79381117,0
2020-10-21 12:00:00,12334.36000000,12840.00000000,12275.58000000,12735.00000000,27679.56735600,2020-10-21 15:59:59.999,347465908.84938334,352312,14144.30880100,177631920.46615488,0
2020-10-21 16:00:00,12735.00000000,12899.99000000,12617.48000000,12680.75000000,19698.40753600,2020-10-21 19:59:59.999,251856362.85292755,217115,9172.85674700,117293428.77473102,0
2020-10-21 20:00:00,12680.74000000,13217.68000000,12640.27000000,12780.96000000,26413.32368700,2020-10-21 23:59:59.999,341306835.28651702,370243,14020.58657000,181240479.80605889,0
2020-10-22 00:00:00,12780.75000000,12940.00000000,12684.30000000,12718.26000000,9908.13355200,2020-10-22 03:59:59.999,127176561.87737540,145966,4261.70133200,54699244.77417290,0
2020-10-22 04:00:00,12718.26000000,12823.67000000,12678.08000000,12751.55000000,7924.82658800,2020-10-22 07:59:59.999,101145689.56159239,125141,3760.79197700,48003371.01286498,0
2020-10-22 08:00:00,12751.54000000,13024.52000000,12700.00000000,12967.01000000,13488.04998800,2020-10-22 11:59:59.999,173916236.36024447,199238,6803.44458600,87745564.28401212,0
2020-10-22 12:00:00,12967.01000000,12975.58000000,12801.00000000,12930.00000000,11954.26793200,2020-10-22 15:59:59.999,154229036.19573573,178027,5577.36478400,71960059.29505248,0
2020-10-22 16:00:00,12930.00000000,13150.00000000,12915.22000000,13072.48000000,14717.15100800,2020-10-22 19:59:59.999,191863716.60211080,196941,7156.16669000,93293074.03151380,0
2020-10-22 20:00:00,13072.47000000,13185.00000000,12915.00000000,12968.52000000,12046.39507600,2020-10-22 23:59:59.999,157447648.27323186,190498,5700.02567500,74502436.62130890,0
2020-10-23 00:00:00,12968.84000000,13002.33000000,12831.13000000,12960.01000000,8306.58046000,2020-10-23 03:59:59.999,107344592.34936337,114612,4315.54835600,55763812.84275932,0
2020-10-23 04:00:00,12960.02000000,12990.00000000,12862.82000000,12883.62000000,7215.94483400,2020-10-23 07:59:59.999,93285875.97925166,95637,3211.92399000,41517953.49354299,0
2020-10-23 08:00:00,12883.61000000,13027.69000000,12851.11000000,12968.96000000,9699.78909300,2020-10-23 11:59:59.999,125769986.45221100,125279,4873.52738000,63190940.51811385,0
2020-10-23 12:00:00,12968.96000000,13012.06000000,12890.85000000,12921.09000000,7974.16020900,2020-10-23 15:59:59.999,103268123.60849369,110323,4240.08407100,54915918.41823275,0
2020-10-23 16:00:00,12921.10000000,12950.72000000,12720.08000000,12918.99000000,11293.39012100,2020-10-23 19:59:59.999,144807347.82040940,151485,5199.25453500,66662256.74449859,0
2020-10-23 20:00:00,12919.02000000,12974.00000000,12868.01000000,12923.07000000,5897.13512400,2020-10-23 23:59:59.999,76204312.90041774,101977,2845.58716300,36776830.18105326,0
2020-10-24 00:00:00,12923.06000000,13011.16000000,12870.00000000,12967.74000000,5087.07634200,2020-10-24 03:59:59.999,65902586.64421017,79243,2662.15531000,34500856.27008389,0
2020-10-24 04:00:00,12967.74000000,13000.00000000,12914.17000000,12924.79000000,4415.40945900,2020-10-24 07:59:59.999,57220704.10046233,66581,2235.75352800,28975883.53633652,0
2020-10-24 08:00:00,12924.79000000,12999.00000000,12906.42000000,12990.90000000,5175.79169300,2020-10-24 11:59:59.999,67046395.47986081,74301,2683.19635100,34761124.98894042,0
2020-10-24 12:00:00,12990.90000000,13166.73000000,12930.00000000,13100.00000000,10976.01120500,2020-10-24 15:59:59.999,143292459.52406971,140655,5854.24491900,76430176.21321141,0
2020-10-24 16:00:00,13100.00000000,13144.51000000,13025.42000000,13118.24000000,6289.48699800,2020-10-24 19:59:59.999,82363947.57067860,98384,3091.79684000,40493475.72974112,0
2020-10-24 20:00:00,13118.24000000,13129.00000000,13031.46000000,13111.73000000,4008.43337300,2020-10-24 23:59:59.999,52473428.45038369,77657,1855.59763100,24293861.35294326,0
2020-10-25 00:00:00,13111.73000000,13350.00000000,13067.39000000,13295.50000000,7520.68220500,2020-10-25 03:59:59.999,99329690.91595667,112514,4168.47123200,55064429.26362953,0
2020-10-25 04:00:00,13295.50000000,13343.20000000,12888.00000000,13027.24000000,11890.14274000,2020-10-25 07:59:59.999,155672371.43052403,177705,5181.62799400,67856471.63528724,0
2020-10-25 08:00:00,13027.24000000,13027.93000000,12895.09000000,12951.73000000,6617.55165300,2020-10-25 11:59:59.999,85823433.15842176,98998,2813.81436300,36496871.59337962,0
2020-10-25 12:00:00,12951.73000000,13016.18000000,12932.00000000,12940.74000000,4331.59827500,2020-10-25 15:59:59.999,56221288.22964186,72428,2070.27844500,26873240.78275415,0
2020-10-25 16:00:00,12940.51000000,13046.51000000,12910.54000000,13042.16000000,4585.45222900,2020-10-25 19:59:59.999,59588464.46052761,82392,2353.06005600,30578586.10726008,0
2020-10-25 20:00:00,13042.17000000,13047.80000000,12981.20000000,13028.83000000,3536.15240200,2020-10-25 23:59:59.999,46036801.03397970,66461,1401.51501000,18246344.44482156,0
2020-10-26 00:00:00,13029.64000000,13131.96000000,12971.00000000,13094.53000000,5501.71733700,2020-10-26 03:59:59.999,71918319.91052667,93153,2739.12849400,35809701.94357133,0
2020-10-26 04:00:00,13094.33000000,13151.51000000,13010.00000000,13037.08000000,6304.80235300,2020-10-26 07:59:59.999,82537108.23124923,84783,3183.96629700,41683407.53539752,0
2020-10-26 08:00:00,13037.08000000,13180.00000000,12930.00000000,13145.00000000,8862.33171600,2020-10-26 11:59:59.999,115893870.38292791,115359,4470.76444300,58470978.66515819,0
2020-10-26 12:00:00,13145.01000000,13238.81000000,12900.00000000,12978.41000000,16523.00383500,2020-10-26 15:59:59.999,216732790.86794099,212797,7787.33078200,102196080.47762387,0
2020-10-26 16:00:00,12978.40000000,13043.01000000,12765.00000000,13004.50000000,18274.16711400,2020-10-26 19:59:59.999,235822049.92088460,220421,8894.47414700,114792772.17898421,0
2020-10-26 20:00:00,13004.49000000,13086.42000000,12983.26000000,13052.19000000,5485.65063100,2020-10-26 23:59:59.999,71491583.13981611,91631,2534.33053500,33033713.85714699,0
2020-10-27 00:00:00,13052.15000000,13129.19000000,13019.87000000,13083.24000000,5543.51535300,2020-10-27 03:59:59.999,72555065.23135675,83514,2674.44108000,35005168.13772280,0
2020-10-27 04:00:00,13083.24000000,13160.00000000,13061.01000000,13144.58000000,6720.77830400,2020-10-27 07:59:59.999,88104921.55881100,81309,3245.40722900,42557866.97199777,0
2020-10-27 08:00:00,13144.59000000,13497.00000000,13084.72000000,13449.80000000,18873.72954400,2020-10-27 11:59:59.999,250689785.94116197,213762,10197.25290700,135528099.60179305,0
2020-10-27 12:00:00,13449.80000000,13631.00000000,13320.27000000,13609.24000000,18478.60156900,2020-10-27 15:59:59.999,248382623.87116291,217028,9201.43333700,123717265.70143875,0
2020-10-27 16:00:00,13609.24000000,13745.00000000,13500.00000000,13656.89000000,19134.45681400,2020-10-27 19:59:59.999,260686439.08394347,228520,9046.97265900,123268508.97516071,0
2020-10-27 20:00:00,13656.90000000,13789.29000000,13569.28000000,13636.17000000,12059.93786600,2020-10-27 23:59:59.999,164985067.43953026,179482,5468.38332900,74819153.44776706,0
2020-10-28 00:00:00,13636.16000000,13859.48000000,13601.00000000,13779.99000000,12010.28524200,2020-10-28 03:59:59.999,165246355.71129773,148018,5542.70637700,76262540.08336792,0
2020-10-28 04:00:00,13780.00000000,13825.00000000,13506.00000000,13664.37000000,12194.34587400,2020-10-28 07:59:59.999,167021732.96661640,151440,5292.80253800,72512242.34083100,0
2020-10-28 08:00:00,13664.36000000,13705.59000000,13306.01000000,13318.33000000,17652.18898600,2020-10-28 11:59:59.999,238738182.52829495,241880,8403.44594200,113664450.69698343,0
2020-10-28 12:00:00,13318.33000000,13374.87000000,12888.00000000,13221.26000000,30316.03236900,2020-10-28 15:59:59.999,399055525.13291104,360592,14011.14331100,184461528.97708561,0
2020-10-28 16:00:00,13221.26000000,13255.00000000,13000.01000000,13165.31000000,15038.46709900,2020-10-28 19:59:59.999,197827597.36876424,208023,6866.74778500,90345682.72628773,0
2020-10-28 20:00:00,13165.32000000,13307.35000000,13100.00000000,13266.40000000,7229.24165600,2020-10-28 23:59:59.999,95598559.28727257,124558,3270.84632200,43258772.04805370,0
2020-10-29 00:00:00,13266.40000000,13308.54000000,13167.00000000,13280.99000000,7957.90045900,2020-10-29 03:59:59.999,105402624.43205972,104071,3786.82133300,50150994.15961538,0
2020-10-29 04:00:00,13280.98000000,13326.39000000,13120.88000000,13138.87000000,9893.91784200,2020-10-29 07:59:59.999,131100793.99895850,122764,5570.67605000,73829470.45209159,0
2020-10-29 08:00:00,13138.87000000,13208.77000000,13041.18000000,13052.06000000,10808.99524400,2020-10-29 11:59:59.999,141979987.61622869,154508,5190.24840800,68166462.93084778,0
2020-10-29 12:00:00,13051.68000000,13481.56000000,12920.77000000,13436.95000000,20908.41270500,2020-10-29 15:59:59.999,277213448.03424859,252336,10408.06660200,137992390.34477651,0
2020-10-29 16:00:00,13436.94000000,13642.91000000,13395.99000000,13492.51000000,16523.48487400,2020-10-29 19:59:59.999,223906224.18843894,219632,8049.86087200,109088704.80681208,0
2020-10-29 20:00:00,13492.50000000,13549.91000000,13380.50000000,13455.70000000,8779.89100800,2020-10-29 23:59:59.999,118264870.59103987,155122,4197.57239300,56544406.66062464,0
2020-10-30 00:00:00,13455.69000000,13669.98000000,13285.00000000,13432.34000000,12677.85726300,2020-10-30 03:59:59.999,171302288.67609652,174535,6488.68794700,87706486.88882064,0
2020-10-30 04:00:00,13432.34000000,13497.74000000,13115.00000000,13218.96000000,15179.62070100,2020-10-30 07:59:59.999,201462839.03523309,210465,7151.13530900,94911608.10146813,0
2020-10-30 08:00:00,13218.96000000,13369.47000000,13147.66000000,13347.79000000,12134.20715400,2020-10-30 11:59:59.999,161009796.29986695,194989,5827.19447500,77337828.42917050,0
2020-10-30 12:00:00,13347.80000000,13550.00000000,13221.35000000,13549.98000000,13340.40400600,2020-10-30 15:59:59.999,178285945.58773446,197682,6411.20138700,85700646.47725350,0
2020-10-30 16:00:00,13549.60000000,13582.00000000,13462.41000000,13536.44000000,9207.04492000,2020-10-30 19:59:59.999,124486563.07932500,129547,4278.49454700,57843367.06883941,0
2020-10-30 20:00:00,13536.44000000,13666.66000000,13466.00000000,13560.10000000,8118.64483700,2020-10-30 23:59:59.999,110271384.87925316,153169,4281.87522500,58167620.42801893,0
2020-10-31 00:00:00,13560.10000000,13740.00000000,13411.50000000,13491.54000000,9254.02904200,2020-10-31 03:59:59.999,125793066.05342882,160669,4698.95716600,63914888.86201455,0
2020-10-31 04:00:00,13491.55000000,13613.87000000,13452.50000000,13576.14000000,4565.05753500,2020-10-31 07:59:59.999,61775274.25707423,99539,2316.95947400,31357195.62413301,0
2020-10-31 08:00:00,13576.14000000,14100.00000000,13572.40000000,13940.00000000,30443.31545600,2020-10-31 11:59:59.999,420622414.95685792,358093,17544.75108500,242383086.76533442,0
2020-10-31 12:00:00,13940.00000000,13941.21000000,13730.00000000,13852.02000000,10328.80556200,2020-10-31 15:59:59.999,143040230.91300596,161721,5359.04871900,74234713.12269093,0
2020-10-31 16:00:00,13852.01000000,13883.55000000,13675.13000000,13781.87000000,7321.05302000,2020-10-31 19:59:59.999,100812820.64298857,126440,3354.17222600,46184792.83588619,0
2020-10-31 20:00:00,13781.87000000,13890.00000000,13745.39000000,13791.00000000,5426.97790000,2020-10-31 23:59:59.999,75004651.71900630,115740,2549.33698000,35234778.62892219,0
2020-11-01 00:00:00,13791.00000000,13895.00000000,13641.00000000,13690.01000000,6550.68734400,2020-11-01 03:59:59.999,90055080.08336225,110468,2964.63817000,40764434.07192305,0
2020-11-01 04:00:00,13690.01000000,13809.16000000,13603.00000000,13792.51000000,5060.05532800,2020-11-01 07:59:59.999,69360020.66167482,88357,2692.64718500,36916421.55047430,0
2020-11-01 08:00:00,13792.51000000,13812.00000000,13655.01000000,13696.58000000,5899.80047500,2020-11-01 11:59:59.999,80974522.34622199,92999,2904.64553700,39865030.48538640,0
2020-11-01 12:00:00,13696.58000000,13860.00000000,13668.09000000,13800.01000000,7876.10574600,2020-11-01 15:59:59.999,108571238.69535039,114910,4024.55578100,55495231.56156757,0
2020-11-01 16:00:00,13800.00000000,13833.26000000,13761.87000000,13789.88000000,4124.99444800,2020-11-01 19:59:59.999,56925896.18338174,73617,1996.56790400,27552801.28230391,0
2020-11-01 20:00:00,13789.79000000,13864.00000000,13639.55000000,13761.50000000,6774.00518500,2020-11-01 23:59:59.999,93237611.10533523,125897,3256.49018300,44838707.66366269,0
2020-11-02 00:00:00,13761.49000000,13830.00000000,13648.09000000,13697.54000000,7524.20595100,2020-11-02 03:59:59.999,103449909.15927772,121403,3566.80289200,49048683.97147480,0
2020-11-02 04:00:00,13697.54000000,13759.26000000,13640.00000000,13740.99000000,5400.96896100,2020-11-02 07:59:59.999,74037217.56418015,86439,2493.27561400,34179007.54889109,0
2020-11-02 08:00:00,13740.99000000,13741.00000000,13357.42000000,13402.18000000,18852.42787900,2020-11-02 11:59:59.999,254646076.06037428,224135,8278.02565500,111779776.05050118,0
2020-11-02 12:00:00,13402.18000000,13541.85000000,13195.05000000,13499.00000000,18114.79503200,2020-11-02 15:59:59.999,242451237.54704985,209625,8165.20297600,109259036.84095533,0
2020-11-02 16:00:00,13498.60000000,13555.41000000,13447.81000000,13553.65000000,7347.23747800,2020-11-02 19:59:59.999,99241556.05428726,105596,3376.81723100,45616306.07407696,0
2020-11-02 20:00:00,13553.65000000,13700.00000000,13534.15000000,13549.37000000,7326.78660700,2020-11-02 23:59:59.999,99803997.44622353,122652,3363.10929600,45815791.13104150,0
2020-11-03 00:00:00,13549.63000000,13642.00000000,13310.00000000,13391.96000000,11269.78955500,2020-11-03 03:59:59.999,151808318.36629410,180430,5631.52883800,75851823.42256166,0
2020-11-03 04:00:00,13391.95000000,13454.01000000,13284.99000000,13444.30000000,12737.84019800,2020-11-03 07:59:59.999,170654484.16453937,158297,6359.07273100,85204762.07100634,0
2020-11-03 08:00:00,13443.30000000,13604.00000000,13404.45000000,13532.14000000,12169.54528600,2020-11-03 11:59:59.999,164570271.37097384,174735,5892.46666600,79688376.47550383,0
2020-11-03 12:00:00,13532.15000000,13798.00000000,13471.00000000,13710.38000000,15299.08602200,2020-11-03 15:59:59.999,209185680.31627786,199139,8146.92574300,111372680.77350088,0
2020-11-03 16:00:00,13710.39000000,13780.00000000,13680.34000000,13721.27000000,7363.54459000,2020-11-03 19:59:59.999,101162124.45645786,134352,3441.50857400,47280379.07796910,0
2020-11-03 20:00:00,13721.27000000,14066.11000000,13650.00000000,14023.53000000,15275.82513600,2020-11-03 23:59:59.999,212021209.03591852,205616,8861.21077800,123033341.06734081,0
2020-11-04 00:00:00,14023.53000000,14044.55000000,13700.00000000,13897.51000000,17775.88870100,2020-11-04 03:59:59.999,246335110.08452287,212286,8576.90320300,118870684.38812013,0
2020-11-04 04:00:00,13897.51000000,13928.26000000,13525.00000000,13600.46000000,13799.93738800,2020-11-04 07:59:59.999,190089141.53593237,173647,5963.97766300,82146312.80096715,0
2020-11-04 08:00:00,13600.46000000,13756.97000000,13569.51000000,13720.99000000,11396.92311100,2020-11-04 11:59:59.999,155817891.36389871,183855,5582.24188600,76330993.50432337,0
2020-11-04 12:00:00,13721.00000000,13925.00000000,13701.00000000,13911.47000000,12790.36265500,2020-11-04 15:59:59.999,176865847.53351731,176075,6271.98932500,86734771.25091253,0
2020-11-04 16:00:00,13911.47000000,14259.00000000,13881.05000000,14102.26000000,24742.20086400,2020-11-04 19:59:59.999,348501088.59735732,285901,13587.22784800,191356537.66994546,0
2020-11-04 20:00:00,14102.26000000,14250.00000000,13931.64000000,14144.01000000,12511.67554300,2020-11-04 23:59:59.999,176263586.30273330,181195,5351.32167100,75392607.45902394,0
2020-11-05 00:00:00,14144.01000000,14372.73000000,14093.56000000,14311.29000000,13521.08905600,2020-11-05 03:59:59.999,192382653.35254327,170327,6537.36022900,93054321.14415332,0
2020-11-05 04:00:00,14311.09000000,14508.25000000,14250.00000000,14475.87000000,16486.48220300,2020-11-05 07:59:59.999,236810380.04070698,195718,8822.00832500,126780072.94700295,0
2020-11-05 08:00:00,14476.18000000,14740.00000000,14337.45000000,14717.60000000,22927.79470400,2020-11-05 11:59:59.999,333237549.05031120,271605,11231.83934900,163249750.74577777,0
2020-11-05 12:00:00,14717.61000000,15148.00000000,14600.00000000,15080.26000000,35489.51678700,2020-11-05 15:59:59.999,527769005.49635844,396750,18173.08462000,270382331.75324492,0
2020-11-05 16:00:00,15080.25000000,15300.00000000,14550.00000000,15120.88000000,30549.03064700,2020-11-05 19:59:59.999,460066739.28253838,381889,14895.02985900,224370155.58623856,0
2020-11-05 20:00:00,15120.89000000,15750.00000000,14992.12000000,15590.02000000,24767.60927600,2020-11-05 23:59:59.999,381599282.06843280,319766,12536.80473600,193231084.41845151,0
2020-11-06 00:00:00,15590.02000000,15960.00000000,15388.00000000,15430.48000000,32056.27204000,2020-11-06 03:59:59.999,503719003.76451365,402188,15892.27643900,249834296.97132541,0
2020-11-06 04:00:00,15431.23000000,15783.62000000,15419.32000000,15733.30000000,17260.46076200,2020-11-06 07:59:59.999,269827776.53895102,228574,7843.80931800,122570154.66108358,0
2020-11-06 08:00:00,15731.56000000,15739.00000000,15274.05000000,15572.36000000,23417.54448300,2020-11-06 11:59:59.999,363347435.86809308,294140,11169.80834600,173306047.97162629,0
2020-11-06 12:00:00,15572.35000000,15710.00000000,15350.00000000,15411.27000000,23800.26718800,2020-11-06 15:59:59.999,369036863.70927494,304316,11457.16287700,177688414.92006556,0
2020-11-06 16:00:00,15410.42000000,15560.00000000,15398.01000000,15435.99000000,11001.57092900,2020-11-06 19:59:59.999,170355834.08150406,169029,4856.32843900,75201717.80014537,0
2020-11-06 20:00:00,15436.00000000,15675.00000000,15166.00000000,15579.92000000,15082.08229300,2020-11-06 23:59:59.999,233373814.86058368,256721,7309.37511400,113133179.95504937,0
2020-11-07 00:00:00,15579.93000000,15753.52000000,15489.97000000,15545.20000000,13076.75217700,2020-11-07 03:59:59.999,204233315.57017243,229167,6528.47595800,101984180.50180531,0
2020-11-07 04:00:00,15545.20000000,15617.49000000,15415.00000000,15444.41000000,6651.45658000,2020-11-07 07:59:59.999,103149140.59535279,124123,3172.90117100,49212311.41589724,0
2020-11-07 08:00:00,15444.33000000,15583.15000000,15388.03000000,15515.95000000,7889.09021400,2020-11-07 11:59:59.999,122237880.85379906,145918,3622.55155500,56140833.01623318,0
2020-11-07 12:00:00,15515.95000000,15550.00000000,15170.00000000,15337.91000000,16870.14713500,2020-11-07 15:59:59.999,259416341.30142595,257863,7295.30476300,112196811.24402704,0
2020-11-07 16:00:00,15338.47000000,15410.00000000,14560.00000000,14643.52000000,33823.67402600,2020-11-07 19:59:59.999,506879188.99920115,410745,15226.76892400,228085475.86224272,0
2020-11-07 20:00:00,14643.52000000,14949.00000000,14344.22000000,14818.30000000,23120.08642100,2020-11-07 23:59:59.999,340594309.77152232,389205,10358.86825000,152600419.26014171,0
2020-11-08 00:00:00,14818.30000000,15120.00000000,14703.88000000,14957.41000000,11483.23805100,2020-11-08 03:59:59.999,171614982.89425167,167571,5377.63299500,80378954.12584845,0
2020-11-08 04:00:00,14957.42000000,15092.18000000,14906.16000000,14931.53000000,6046.78623800,2020-11-08 07:59:59.999,90674985.69236465,104221,2973.38760700,44592066.37937269,0
2020-11-08 08:00:00,14931.71000000,15192.50000000,14848.00000000,15171.00000000,9576.13481000,2020-11-08 11:59:59.999,144135284.39688092,141933,4273.50605800,64313704.25837529,0
2020-11-08 12:00:00,15171.11000000,15443.00000000,15106.01000000,15353.48000000,13590.11990700,2020-11-08 15:59:59.999,207574743.40932216,198034,6065.73446800,92688468.37794369,0
2020-11-08 16:00:00,15353.49000000,15650.00000000,15239.08000000,15339.47000000,16411.92896100,2020-11-08 19:59:59.999,253937488.90902714,229994,8206.64248400,127033242.72669623,0
2020-11-08 20:00:00,15339.48000000,15534.88000000,15250.00000000,15475.10000000,8438.97060700,2020-11-08 23:59:59.999,130093888.53793376,157020,4278.75728000,65972120.52114282,0
2020-11-09 00:00:00,15475.10000000,15595.00000000,15374.26000000,15434.08000000,8408.02461900,2020-11-09 03:59:59.999,130297076.21581679,139183,3965.13761200,61456193.51701734,0
2020-11-09 04:00:00,15434.08000000,15491.37000000,15282.35000000,15303.26000000,9963.35643200,2020-11-09 07:59:59.999,153378032.87328321,163447,4257.89965200,65558901.39887246,0
2020-11-09 08:00:00,15303.27000000,15840.00000000,15140.00000000,15802.39000000,19135.64447500,2020-11-09 11:59:59.999,295832111.05710952,251150,9507.81990900,147207594.35246615,0
2020-11-09 12:00:00,15802.40000000,15808.40000000,14940.54000000,15000.96000000,38441.72476900,2020-11-09 15:59:59.999,588708194.19432614,458696,18150.11230800,277986289.78197416,0
2020-11-09 16:00:00,15000.96000000,15449.84000000,14805.54000000,15360.00000000,22208.64614200,2020-11-09 19:59:59.999,336034869.65637402,301235,10720.38108500,162179251.55064247,0
2020-11-09 20:00:00,15360.00000000,15492.67000000,15211.22000000,15328.41000000,10818.93769700,2020-11-09 23:59:59.999,166197651.51726927,191730,4749.09607500,72936160.16612583,0
2020-11-10 00:00:00,15328.41000000,15429.00000000,15182.06000000,15334.91000000,9449.80937800,2020-11-10 03:59:59.999,144738560.77428673,174280,4415.81893600,67646422.18038917,0
2020-11-10 04:00:00,15334.91000000,15441.18000000,15247.21000000,15274.74000000,8837.25343500,2020-11-10 07:59:59.999,135563352.22383808,157345,4179.24836800,64117881.91125461,0
2020-11-10 08:00:00,15274.75000000,15460.00000000,15155.00000000,15279.24000000,12428.70919100,2020-11-10 11:59:59.999,190665349.60172392,210619,6165.17601700,94587953.79495499,0
2020-11-10 12:00:00,15279.24000000,15393.65000000,15072.46000000,15167.49000000,14867.08826100,2020-11-10 15:59:59.999,226513244.14776426,234982,6792.80971500,103502487.24473719,0
2020-11-10 16:00:00,15167.12000000,15342.00000000,15111.20000000,15297.94000000,9298.82146700,2020-11-10 19:59:59.999,141890815.54270626,163474,4251.99763600,64886121.18104777,0
2020-11-10 20:00:00,15297.94000000,15394.00000000,15260.17000000,15297.21000000,6800.23787400,2020-11-10 23:59:59.999,104243803.79883124,152766,3140.71589500,48150823.70021648,0
2020-11-11 00:00:00,15297.21000000,15499.58000000,15272.68000000,15401.90000000,11252.09714200,2020-11-11 03:59:59.999,173461451.84996617,182194,5447.19910100,83990170.36909023,0
2020-11-11 04:00:00,15401.90000000,15441.37000000,15322.02000000,15400.51000000,5830.86599600,2020-11-11 07:59:59.999,89674524.54205398,130633,2906.36937400,44700518.86668643,0
2020-11-11 08:00:00,15400.50000000,15680.00000000,15363.37000000,15574.48000000,13706.74588700,2020-11-11 11:59:59.999,212634556.60195519,213369,7317.43679100,113563239.98748018,0
2020-11-11 12:00:00,15574.48000000,15718.91000000,15477.00000000,15667.27000000,13545.82697100,2020-11-11 15:59:59.999,211636076.17289949,210987,6759.55298500,105618258.08926768,0
2020-11-11 16:00:00,15667.50000000,15965.00000000,15639.21000000,15807.58000000,22805.04930000,2020-11-11 19:59:59.999,360833492.90152318,301577,12383.17852100,195934803.19568376,0
2020-11-11 20:00:00,15807.58000000,15886.00000000,15576.04000000,15684.24000000,11329.16116200,2020-11-11 23:59:59.999,178185394.29345727,208407,5216.26540100,82058382.87013278,0
2020-11-12 00:00:00,15684.25000000,15711.77000000,15440.64000000,15628.14000000,11628.02169300,2020-11-12 03:59:59.999,181409947.23679089,167994,5465.66106900,85275036.20502491,0
2020-11-12 04:00:00,15628.14000000,15945.00000000,15591.54000000,15862.75000000,10308.73332100,2020-11-12 07:59:59.999,162720636.95965021,151808,5404.53864600,85321068.00994813,0
2020-11-12 08:00:00,15862.75000000,16160.89000000,15600.00000000,15762.55000000,27118.66019600,2020-11-12 11:59:59.999,430974746.50663030,345656,13424.56822300,213495521.34625580,0
2020-11-12 12:00:00,15762.55000000,16144.50000000,15747.14000000,16125.01000000,20899.41838600,2020-11-12 15:59:59.999,333666485.61715439,298626,10831.08602600,172969168.77496656,0
2020-11-12 16:00:00,16125.00000000,16199.00000000,15882.00000000,16063.81000000,17553.51077900,2020-11-12 19:59:59.999,281924040.61904328,254362,7993.70931400,128389801.60315217,0
2020-11-12 20:00:00,16063.81000000,16340.70000000,16030.65000000,16291.86000000,14688.01221700,2020-11-12 23:59:59.999,238059651.73492933,253603,7325.41559600,118753470.49928073,0
2020-11-13 00:00:00,16291.85000000,16473.39000000,16263.06000000,16432.99000000,14133.51877400,2020-11-13 03:59:59.999,231727220.35277363,218239,6916.81259000,113414608.49541061,0
2020-11-13 04:00:00,16432.99000000,16480.00000000,16172.41000000,16253.30000000,11913.35505900,2020-11-13 07:59:59.999,194147916.66767416,176644,5926.38412700,96592842.25758294,0
2020-11-13 08:00:00,16253.31000000,16357.86000000,16070.17000000,16225.00000000,15331.23984700,2020-11-13 11:59:59.999,248710456.63794799,240091,6736.20837700,109305877.11766402,0
2020-11-13 12:00:00,16225.00000000,16310.00000000,16066.09000000,16100.17000000,13175.26039600,2020-11-13 15:59:59.999,213442059.43570272,220080,5996.49869200,97144798.40286826,0
2020-11-13 16:00:00,16100.16000000,16297.04000000,15952.35000000,16282.00000000,14176.44808700,2020-11-13 19:59:59.999,228964361.30306539,213821,6272.38141000,101345899.82279405,0
2020-11-13 20:00:00,16282.00000000,16355.00000000,16178.00000000,16320.70000000,6962.05885100,2020-11-13 23:59:59.999,113366596.72772534,139898,3453.44574400,56243995.64020400,0
2020-11-14 00:00:00,16320.04000000,16326.99000000,16141.00000000,16178.62000000,7099.40948800,2020-11-14 03:59:59.999,115160707.50074502,120866,3100.83208400,50302848.29894106,0
2020-11-14 04:00:00,16178.63000000,16204.77000000,16023.00000000,16089.00000000,8159.88848800,2020-11-14 07:59:59.999,131501413.57751228,129283,3513.83228800,56625801.86804358,0
2020-11-14 08:00:00,16088.99000000,16132.37000000,15750.00000000,15925.44000000,16312.20024500,2020-11-14 11:59:59.999,259228111.21003653,226403,7670.22733900,121897757.47568509,0
2020-11-14 12:00:00,15925.43000000,16055.00000000,15832.13000000,15951.92000000,8996.65210000,2020-11-14 15:59:59.999,143535277.70979118,146645,4249.79572300,67803973.38498944,0
2020-11-14 16:00:00,15951.92000000,16026.29000000,15670.00000000,15881.33000000,12340.75552500,2020-11-14 19:59:59.999,195902822.99336815,185424,5864.56094000,93100695.19156050,0
2020-11-14 20:00:00,15881.32000000,16140.99000000,15853.85000000,16070.45000000,6207.44133300,2020-11-14 23:59:59.999,99437535.61796583,122803,3325.51942700,53270391.00415977,0
2020-11-15 00:00:00,16069.56000000,16105.66000000,15868.31000000,15929.47000000,6745.45013300,2020-11-15 03:59:59.999,107793738.48698222,132405,3048.32607400,48701167.96818123,0
2020-11-15 04:00:00,15929.48000000,16099.00000000,15883.01000000,16030.90000000,5193.25404500,2020-11-15 07:59:59.999,83067235.08227370,102605,2461.56560000,39373896.95374735,0
2020-11-15 08:00:00,16030.90000000,16180.00000000,15939.24000000,15953.72000000,8770.16466500,2020-11-15 11:59:59.999,140772065.95773705,152439,4445.06079600,71355872.40095779,0
2020-11-15 12:00:00,15953.73000000,16110.02000000,15923.00000000,16027.19000000,7140.25089100,2020-11-15 15:59:59.999,114472437.31584764,145086,3406.30836200,54610218.41154531,0
2020-11-15 16:00:00,16027.19000000,16064.59000000,15850.00000000,15855.29000000,8833.11360200,2020-11-15 19:59:59.999,140704935.34491537,178487,4171.43468500,66445684.56619372,0
2020-11-15 20:00:00,15855.29000000,16010.00000000,15774.72000000,15957.00000000,6914.60817700,2020-11-15 23:59:59.999,109841317.55749745,143419,3320.57532900,52752240.34118843,0
2020-11-16 00:00:00,15957.00000000,16048.55000000,15864.00000000,16006.50000000,7197.43062400,2020-11-16 03:59:59.999,114916630.79974055,120269,3428.34189000,54733370.85912067,0
2020-11-16 04:00:00,16006.50000000,16291.99000000,15980.88000000,16235.71000000,11891.24413200,2020-11-16 07:59:59.999,192192499.03322007,174380,6162.83118100,99581356.02740978,0
2020-11-16 08:00:00,16235.71000000,16390.00000000,16164.55000000,16235.68000000,13252.01562600,2020-11-16 11:59:59.999,215727128.09344223,185636,6918.94526800,112646203.38707275,0
2020-11-16 12:00:00,16235.67000000,16469.00000000,16235.20000000,16450.00000000,13144.10422000,2020-11-16 15:59:59.999,215100064.00518920,209209,7000.65110400,114562916.89232334,0
2020-11-16 16:00:00,16450.00000000,16847.80000000,16434.89000000,16779.01000000,23460.90848900,2020-11-16 19:59:59.999,390779562.82140631,298642,12038.23237300,200505945.52735172,0
2020-11-16 20:00:00,16778.93000000,16880.00000000,16578.00000000,16713.57000000,12354.97283300,2020-11-16 23:59:59.999,207012129.15276209,214250,5821.21184300,97563567.95629560,0
2020-11-17 00:00:00,16713.08000000,16830.00000000,16570.00000000,16573.58000000,9790.10922100,2020-11-17 03:59:59.999,163568413.67166431,173570,4573.35739800,76422541.64639921,0
2020-11-17 04:00:00,16573.57000000,16774.99000000,16538.00000000,16750.00000000,9436.18069800,2020-11-17 07:59:59.999,157249642.65739807,156821,4503.23454400,75045564.84643919,0
2020-11-17 08:00:00,16750.00000000,17000.00000000,16633.37000000,16995.06000000,17356.23189200,2020-11-17 11:59:59.999,291797164.73196217,247284,8881.72256200,149466306.06105917,0
2020-11-17 12:00:00,16994.11000000,17373.00000000,16920.00000000,17322.19000000,27566.28289900,2020-11-17 15:59:59.999,471245909.34582444,347792,14364.40800500,245643870.34137860,0
2020-11-17 16:00:00,17321.55000000,17858.82000000,17231.53000000,17685.22000000,39141.60754100,2020-11-17 19:59:59.999,688674119.26654864,485800,20556.19124800,361650390.87391790,0
2020-11-17 20:00:00,17685.23000000,17723.28000000,17456.52000000,17659.38000000,11930.99085100,2020-11-17 23:59:59.999,210216821.77711430,235385,5383.14884000,94852335.84684884,0
2020-11-18 00:00:00,17659.38000000,18067.21000000,17601.00000000,18030.71000000,17234.58570500,2020-11-18 03:59:59.999,306011860.10420779,260546,9410.62813700,167207604.13690840,0
2020-11-18 04:00:00,18030.70000000,18476.93000000,17214.45000000,18063.70000000,42050.87295600,2020-11-18 07:59:59.999,753634287.35548509,568163,21535.07202100,386057341.27303484,0
2020-11-18 08:00:00,18063.69000000,18260.00000000,17853.01000000,18249.99000000,24995.68297000,2020-11-18 11:59:59.999,452740902.50193916,353891,12067.88158700,218598377.03814229,0
2020-11-18 12:00:00,18249.99000000,18250.00000000,17271.02000000,17873.88000000,31837.02760600,2020-11-18 15:59:59.999,566504613.26558116,391124,14724.40831200,262036803.59764690,0
2020-11-18 16:00:00,17873.89000000,18000.00000000,17553.80000000,17659.90000000,20092.47973700,2020-11-18 19:59:59.999,357869884.77369876,291787,9514.47718900,169476478.08218811,0
2020-11-18 20:00:00,17659.90000000,17855.00000000,17490.00000000,17776.12000000,12809.13916000,2020-11-18 23:59:59.999,226576387.49938653,226321,6160.26903200,108992867.52456130,0
2020-11-19 00:00:00,17777.75000000,18058.58000000,17573.31000000,17915.46000000,14025.21034600,2020-11-19 03:59:59.999,250364623.91790087,228719,6751.99197200,120526493.29165656,0
2020-11-19 04:00:00,17915.81000000,17921.97000000,17590.70000000,17649.94000000,11362.10241500,2020-11-19 07:59:59.999,201857110.90019881,219834,4968.74217100,88272497.27674514,0
2020-11-19 08:00:00,17650.03000000,17778.04000000,17335.65000000,17765.33000000,21465.66278300,2020-11-19 11:59:59.999,376867102.27719797,334313,10552.18487900,185303921.19904209,0
2020-11-19 12:00:00,17765.32000000,18179.80000000,17653.24000000,18045.00000000,21341.62177800,2020-11-19 15:59:59.999,382815216.31871285,318458,11367.51864300,203876152.93194617,0
2020-11-19 16:00:00,18045.01000000,18119.98000000,17869.76000000,17955.80000000,12898.42855700,2020-11-19 19:59:59.999,231764806.18585113,215333,5921.69672700,106403102.02892192,0
2020-11-19 20:00:00,17955.79000000,18100.00000000,17681.36000000,17802.82000000,11916.53512900,2020-11-19 23:59:59.999,213125369.25390191,196647,5814.44345900,103924720.24587891,0
2020-11-20 00:00:00,17802.81000000,18037.50000000,17740.04000000,17955.06000000,10311.08714300,2020-11-20 03:59:59.999,184750192.76650018,172813,4670.53170300,83717576.46210909,0
2020-11-20 04:00:00,17955.06000000,18404.68000000,17941.66000000,18212.00000000,16527.44841900,2020-11-20 07:59:59.999,300224052.40129103,264053,8534.73854900,155066436.35559688,0
2020-11-20 08:00:00,18210.00000000,18360.68000000,18101.05000000,18263.50000000,13832.53742700,2020-11-20 11:59:59.999,252389584.86900808,247588,6747.61709400,123140236.73398221,0
2020-11-20 12:00:00,18263.69000000,18739.90000000,18150.22000000,18668.56000000,22545.74303800,2020-11-20 15:59:59.999,416097088.94513351,339116,12102.49574200,223433380.74385282,0
2020-11-20 16:00:00,18668.56000000,18815.22000000,18401.00000000,18627.38000000,16184.45907000,2020-11-20 19:59:59.999,301747265.10498554,239663,7351.53059600,137104412.62069186,0
2020-11-20 20:00:00,18627.57000000,18740.00000000,18473.94000000,18655.67000000,9021.74339200,2020-11-20 23:59:59.999,167926954.50415312,181459,4142.59838600,77112920.88963875,0
2020-11-21 00:00:00,18655.66000000,18965.90000000,18620.46000000,18659.48000000,15549.63594000,2020-11-21 03:59:59.999,292349101.47891404,247546,7792.57415300,146552891.44146158,0
2020-11-21 04:00:00,18659.47000000,18739.76000000,18444.74000000,18669.99000000,10000.79261200,2020-11-21 07:59:59.999,186215634.53932804,184215,4645.19017400,86505024.30077610,0
2020-11-21 08:00:00,18670.00000000,18783.76000000,18486.56000000,18531.06000000,10899.26311600,2020-11-21 11:59:59.999,203238874.55860220,213598,5236.79794600,97682296.58800160,0
2020-11-21 12:00:00,18531.06000000,18824.68000000,18308.58000000,18790.01000000,16582.33277500,2020-11-21 15:59:59.999,309994314.63962883,329726,8533.73435100,159596961.55863959,0
2020-11-21 16:00:00,18790.00000000,18907.38000000,18580.00000000,18679.97000000,13760.92350800,2020-11-21 19:59:59.999,258115752.18902770,258542,6385.01116000,119819510.41289305,0
2020-11-21 20:00:00,18679.97000000,18745.47000000,18525.00000000,18703.80000000,8784.51044300,2020-11-21 23:59:59.999,163727913.87867034,217725,4194.78690900,78195522.81138140,0
2020-11-22 00:00:00,18703.80000000,18750.00000000,18350.00000000,18559.91000000,14417.05429400,2020-11-22 03:59:59.999,267303986.90491222,270277,6883.48859800,127632855.33675244,0
2020-11-22 04:00:00,18559.91000000,18611.00000000,18255.93000000,18498.31000000,8985.37359100,2020-11-22 07:59:59.999,165902263.75846901,188769,4348.58474400,80322214.94877327,0
2020-11-22 08:00:00,18498.31000000,18503.14000000,17610.86000000,17887.82000000,21073.64134100,2020-11-22 11:59:59.999,381604950.15010509,350406,9611.39756700,174059334.00227313,0
2020-11-22 12:00:00,17891.76000000,18333.52000000,17820.00000000,18295.40000000,14662.81768300,2020-11-22 15:59:59.999,265967589.05985046,264359,6956.22345600,126173158.45951385,0
2020-11-22 16:00:00,18295.41000000,18630.03000000,18258.11000000,18573.58000000,12197.09637400,2020-11-22 19:59:59.999,225685548.74019163,225061,6470.94388700,119754629.35036378,0
2020-11-22 20:00:00,18573.59000000,18683.77000000,18367.82000000,18414.43000000,10309.75449500,2020-11-22 23:59:59.999,191198211.44051440,229652,4893.78812800,90767079.03950029,0
2020-11-23 00:00:00,18413.88000000,18523.09000000,18000.00000000,18369.00000000,14543.55570600,2020-11-23 03:59:59.999,265376559.35800627,265495,6609.07830900,120601468.44873543,0
2020-11-23 04:00:00,18367.49000000,18556.83000000,18308.00000000,18458.13000000,10401.99131900,2020-11-23 07:59:59.999,191850161.96785338,201447,5319.46614700,98134385.14608044,0
2020-11-23 08:00:00,18458.12000000,18766.00000000,18453.55000000,18567.70000000,14276.07650700,2020-11-23 11:59:59.999,266069274.62288555,274151,7430.73941300,138490860.86777580,0
2020-11-23 12:00:00,18567.70000000,18700.00000000,18222.22000000,18261.86000000,21556.98369800,2020-11-23 15:59:59.999,398518774.72381152,363802,10518.94012000,194429958.75373528,0
2020-11-23 16:00:00,18261.86000000,18461.91000000,18134.11000000,18444.44000000,12485.76088000,2020-11-23 19:59:59.999,228950779.40169859,264402,5360.91660100,98309050.64868099,0
2020-11-23 20:00:00,18444.45000000,18485.01000000,18262.00000000,18368.00000000,9697.13798300,2020-11-23 23:59:59.999,178298769.59518821,260082,4372.22002700,80384905.85204331,0
2020-11-24 00:00:00,18368.01000000,18530.00000000,18207.98000000,18338.52000000,12310.29658800,2020-11-24 03:59:59.999,226395043.11272035,264673,6201.11604800,114081721.36479446,0
2020-11-24 04:00:00,18338.23000000,18450.00000000,18018.00000000,18369.36000000,16023.78977300,2020-11-24 07:59:59.999,293782016.12779098,362184,7549.01640600,138444445.31932030,0
2020-11-24 08:00:00,18369.35000000,19100.00000000,18369.35000000,19064.99000000,30420.72926200,2020-11-24 11:59:59.999,572782544.01597100,517296,17410.49821800,327787386.40186688,0
2020-11-24 12:00:00,19064.99000000,19418.97000000,18979.99000000,19358.57000000,26110.47416400,2020-11-24 15:59:59.999,502059620.99562245,432561,13728.24083800,263958568.32345896,0
2020-11-24 16:00:00,19358.56000000,19410.00000000,19074.40000000,19160.01000000,15311.60631800,2020-11-24 19:59:59.999,294852428.28268596,306285,7083.74805000,136409228.94473096,0
2020-11-24 20:00:00,19160.01000000,19248.28000000,18842.31000000,19160.01000000,13404.61313600,2020-11-24 23:59:59.999,255429797.92315054,296863,6206.58132200,118295130.77153339,0
2020-11-25 00:00:00,19160.00000000,19218.12000000,18734.22000000,18808.03000000,12233.83259700,2020-11-25 03:59:59.999,232854244.70001338,256649,5584.35444800,106325533.67902125,0
2020-11-25 04:00:00,18808.04000000,19050.73000000,18625.00000000,18975.13000000,13211.35858600,2020-11-25 07:59:59.999,249080639.58464758,245893,6333.75828500,119437685.68453605,0
2020-11-25 08:00:00,18975.12000000,19345.99000000,18970.01000000,19281.55000000,14317.81887100,2020-11-25 11:59:59.999,274990375.97136898,264996,7816.41310200,150153457.07877452,0
2020-11-25 12:00:00,19281.55000000,19484.21000000,19100.00000000,19126.84000000,18906.36918100,2020-11-25 15:59:59.999,363959878.23343828,335529,9204.01882700,177278934.26104535,0
2020-11-25 16:00:00,19126.84000000,19196.33000000,18811.00000000,18981.29000000,16213.40700000,2020-11-25 19:59:59.999,308294046.99828714,295386,6966.56333300,132500372.21425078,0
2020-11-25 20:00:00,18981.29000000,19096.63000000,18500.27000000,18719.11000000,18383.79065200,2020-11-25 23:59:59.999,345691610.80047741,386955,8669.96876300,163028600.41242472,0
2020-11-26 00:00:00,18718.83000000,18915.03000000,17200.00000000,17927.98000000,31928.55387100,2020-11-26 03:59:59.999,580762134.53544810,485369,13639.75254300,248415034.73835080,0
2020-11-26 04:00:00,17927.98000000,18100.00000000,17435.00000000,17619.90000000,25698.93044700,2020-11-26 07:59:59.999,457773699.14161926,460899,12631.64353000,224967308.40352939,0
2020-11-26 08:00:00,17610.92000000,17620.19000000,16334.00000000,17100.00000000,47045.51547800,2020-11-26 11:59:59.999,801488943.08163191,620893,22375.04797400,381387566.33561389,0
2020-11-26 12:00:00,17100.00000000,17395.47000000,16720.00000000,16905.18000000,27445.37484900,2020-11-26 15:59:59.999,468622676.31411103,435472,12861.87751100,219669095.36381718,0
2020-11-26 16:00:00,16906.23000000,17036.65000000,16188.00000000,16516.87000000,31083.96200700,2020-11-26 19:59:59.999,515505478.64460065,441026,14440.09670000,239472043.11823113,0
2020-11-26 20:00:00,16516.86000000,17294.88000000,16513.35000000,17149.47000000,17802.91004100,2020-11-26 23:59:59.999,303161211.38716396,326824,8530.39087300,145244927.99360788,0
2020-11-27 00:00:00,17149.47000000,17457.62000000,17012.56000000,17078.11000000,14869.22677700,2020-11-27 03:59:59.999,256451913.34932488,269813,7432.12502300,128225280.04431186,0
2020-11-27 04:00:00,17078.11000000,17340.49000000,17037.57000000,17094.18000000,10343.89968800,2020-11-27 07:59:59.999,177722460.70084676,226594,4632.40491400,79613127.48676900,0
2020-11-27 08:00:00,17095.47000000,17200.00000000,16620.00000000,16789.37000000,19276.71677500,2020-11-27 11:59:59.999,324750032.00628073,333517,9405.24438700,158494582.18695050,0
2020-11-27 12:00:00,16789.46000000,17083.35000000,16438.08000000,16498.85000000,16961.59000100,2020-11-27 15:59:59.999,285153600.85652784,278057,8508.88728100,143044734.55850032,0
2020-11-27 16:00:00,16501.10000000,16866.66000000,16465.48000000,16803.14000000,11210.29421100,2020-11-27 19:59:59.999,187582101.35163348,220701,5633.10201400,94204945.49403232,0
2020-11-27 20:00:00,16803.14000000,17235.70000000,16634.34000000,17139.52000000,12635.29733500,2020-11-27 23:59:59.999,215010243.17047431,243617,6895.59481400,117402900.57017367,0
2020-11-28 00:00:00,17139.53000000,17190.00000000,16923.50000000,16990.27000000,8340.87487300,2020-11-28 03:59:59.999,142271853.49725289,182239,4078.45244900,69556794.10768206,0
2020-11-28 04:00:00,16990.27000000,17067.14000000,16872.00000000,17014.72000000,5878.73277900,2020-11-28 07:59:59.999,99812033.98395752,125476,2912.26274400,49449012.32082655,0
2020-11-28 08:00:00,17014.72000000,17257.97000000,16865.56000000,17160.29000000,9358.49775600,2020-11-28 11:59:59.999,159678525.84785341,172022,4924.37526800,84040906.55091519,0
2020-11-28 12:00:00,17160.29000000,17530.46000000,17070.00000000,17517.04000000,14537.53429100,2020-11-28 15:59:59.999,251533511.28683103,257205,7395.96387300,127993856.54591639,0
2020-11-28 16:00:00,17517.04000000,17840.00000000,17516.52000000,17814.50000000,17397.54009100,2020-11-28 19:59:59.999,307830829.48551427,277321,8453.64668900,149591688.45882656,0
2020-11-28 20:00:00,17814.50000000,17880.49000000,17612.33000000,17719.85000000,9397.52018000,2020-11-28 23:59:59.999,166934851.00581595,195122,4021.00587500,71412447.37644343,0
2020-11-29 00:00:00,17719.84000000,17886.21000000,17517.00000000,17867.48000000,7595.22314000,2020-11-29 03:59:59.999,134181717.79572185,164441,3933.55849800,69505855.81547398,0
2020-11-29 04:00:00,17867.48000000,17867.49000000,17666.00000000,17817.34000000,5449.03755600,2020-11-29 07:59:59.999,96866741.55868847,128999,2724.67646900,48432946.91630484,0
2020-11-29 04:00:00,17867.48000000,17867.49000000,17666.00000000,17817.34000000,5449.03755600,2020-11-29 07:59:59.999,96866741.55868847,128999,2724.67646900,48432946.91630484,0
2020-11-29 08:00:00,17817.34000000,18250.00000000,17803.78000000,18090.44000000,15429.95137000,2020-11-29 11:59:59.999,279346173.11466293,255477,7808.18517100,141307230.58835871,0
2020-11-29 12:00:00,18089.75000000,18194.13000000,17882.82000000,18119.97000000,9853.31745100,2020-11-29 15:59:59.999,177944871.48321701,201717,4726.74207400,85372685.41026423,0
2020-11-29 16:00:00,18119.97000000,18147.00000000,17926.00000000,18042.86000000,7368.46926300,2020-11-29 19:59:59.999,133076551.65956266,175094,3713.30597700,67068209.87421287,0
2020-11-29 20:00:00,18042.85000000,18360.05000000,18027.82000000,18184.99000000,9633.01752300,2020-11-29 23:59:59.999,175327743.25306874,215561,4977.51710700,90600757.51476938,0
2020-11-30 00:00:00,18185.00000000,18593.81000000,18184.99000000,18579.50000000,12777.10352400,2020-11-30 03:59:59.999,235588816.99395676,210380,6464.85322600,119210839.14850017,0
2020-11-30 04:00:00,18579.67000000,18677.00000000,18450.00000000,18623.00000000,7454.80907900,2020-11-30 07:59:59.999,138493810.58119937,124839,3742.15422700,69529946.78455818,0
2020-11-30 08:00:00,18623.05000000,18655.00000000,18326.03000000,18600.95000000,12929.09558000,2020-11-30 11:59:59.999,239299633.80705882,220156,6675.62393500,123594898.77627897,0
2020-11-30 12:00:00,18600.94000000,19863.16000000,18600.94000000,19291.88000000,45982.57296500,2020-11-30 15:59:59.999,888913830.06115216,576275,25068.83248400,484649236.73514998,0
2020-11-30 16:00:00,19291.88000000,19579.00000000,19011.10000000,19259.98000000,22175.79312200,2020-11-30 19:59:59.999,428061665.62110696,357286,10886.61634200,210223153.64686631,0
2020-11-30 20:00:00,19259.98000000,19747.05000000,19170.78000000,19695.87000000,14144.09261800,2020-11-30 23:59:59.999,275571362.44086212,255213,8195.33468900,159735474.09289093,0
2020-12-01 00:00:00,19695.87000000,19720.00000000,19340.00000000,19419.74000000,12570.89933500,2020-12-01 03:59:59.999,246205790.80393360,230879,6388.30774300,125140811.34723343,0
2020-12-01 04:00:00,19419.73000000,19546.81000000,19281.38000000,19515.63000000,12160.74324400,2020-12-01 07:59:59.999,236193540.76419855,211293,6227.99840900,120963614.14023737,0
2020-12-01 08:00:00,19515.62000000,19888.00000000,18886.00000000,19425.00000000,28164.35957400,2020-12-01 11:59:59.999,550649685.20217835,403700,15114.14767300,295922847.74266257,0
2020-12-01 12:00:00,19425.40000000,19489.30000000,18001.12000000,19263.37000000,46986.23461100,2020-12-01 15:59:59.999,885821088.62842229,629174,22839.08178300,430329567.72097084,0
2020-12-01 16:00:00,19263.36000000,19325.83000000,18611.88000000,19069.79000000,18487.20330800,2020-12-01 19:59:59.999,350313918.21324739,326259,8521.70112900,161512996.08982220,0
2020-12-01 20:00:00,19069.79000000,19211.00000000,18725.00000000,18764.96000000,9329.32258000,2020-12-01 23:59:59.999,176886311.21681849,222497,4714.15616100,89412979.27829029,0
2020-12-02 00:00:00,18764.96000000,18972.12000000,18433.00000000,18618.25000000,11809.35293700,2020-12-02 03:59:59.999,220852013.97744967,250710,5172.15624000,96764228.88529446,0
2020-12-02 04:00:00,18618.00000000,19135.00000000,18330.00000000,19124.48000000,15385.76244900,2020-12-02 07:59:59.999,287752882.94266728,293739,7004.00908500,131034472.67785604,0
2020-12-02 08:00:00,19124.49000000,19342.00000000,18977.03000000,19127.31000000,14708.53480300,2020-12-02 11:59:59.999,281792298.27017096,297772,7126.39510500,136532416.63283886,0
2020-12-02 12:00:00,19127.31000000,19250.70000000,18728.38000000,18891.57000000,16270.33373400,2020-12-02 15:59:59.999,308792937.54140802,325127,8182.86549800,155364339.90786157,0
2020-12-02 16:00:00,18891.57000000,19139.06000000,18770.00000000,19101.10000000,10317.11714500,2020-12-02 19:59:59.999,195641837.27774478,227679,5063.79061900,96035299.38634225,0
2020-12-02 20:00:00,19101.10000000,19260.00000000,19044.85000000,19204.09000000,7419.91241000,2020-12-02 23:59:59.999,142063374.81650879,171608,3872.47385100,74170541.07987570,0
2020-12-03 00:00:00,19204.08000000,19299.00000000,18940.00000000,19087.00000000,8465.59824400,2020-12-03 03:59:59.999,161745626.97997094,171805,3944.50849800,75374715.22748333,0
2020-12-03 04:00:00,19087.01000000,19250.00000000,18867.20000000,19208.11000000,8707.84316500,2020-12-03 07:59:59.999,165851116.04764957,198051,4197.00341400,79984654.57598646,0
2020-12-03 08:00:00,19208.11000000,19450.00000000,19097.60000000,19396.50000000,18179.65662600,2020-12-03 11:59:59.999,351621919.98079003,289300,10175.88849400,196898319.95773845,0
2020-12-03 12:00:00,19396.49000000,19536.20000000,19219.78000000,19535.00000000,11910.34511100,2020-12-03 15:59:59.999,230591192.79118973,208320,6325.72919400,122528414.67229818,0
2020-12-03 16:00:00,19535.00000000,19598.00000000,19194.06000000,19414.29000000,12384.82394600,2020-12-03 19:59:59.999,239961509.03608640,215349,5955.49417400,115465743.16995994,0
2020-12-03 20:00:00,19414.29000000,19540.00000000,19306.27000000,19421.90000000,7041.12418700,2020-12-03 23:59:59.999,136776945.99101912,159404,3269.71792400,63531519.30112891,0
2020-12-04 00:00:00,19422.34000000,19527.00000000,19122.74000000,19162.62000000,8683.58841700,2020-12-04 03:59:59.999,167917416.81467284,161163,3713.57653200,71811170.85927040,0
2020-12-04 04:00:00,19162.62000000,19367.05000000,19122.48000000,19283.94000000,7923.61681600,2020-12-04 07:59:59.999,152746605.32935890,150884,3999.45310800,77099551.88568445,0
2020-12-04 08:00:00,19283.94000000,19447.14000000,18700.00000000,18833.25000000,19749.01837400,2020-12-04 11:59:59.999,377053984.77856659,307464,8327.43342300,159174400.80508022,0
2020-12-04 12:00:00,18834.48000000,19146.22000000,18686.38000000,18943.35000000,14717.58667500,2020-12-04 15:59:59.999,278732315.17076141,230711,7065.47188300,133826761.58606034,0
2020-12-04 16:00:00,18944.06000000,19078.68000000,18817.00000000,19038.73000000,8799.85166500,2020-12-04 19:59:59.999,166925728.42698553,170519,4226.28128600,80164430.89149561,0
2020-12-04 20:00:00,19038.73000000,19045.34000000,18565.31000000,18650.52000000,11410.00625300,2020-12-04 23:59:59.999,214703924.50515278,265916,5031.23748300,94668943.28692012,0
2020-12-05 00:00:00,18650.51000000,18880.00000000,18500.00000000,18818.85000000,11358.73480800,2020-12-05 03:59:59.999,212547709.48535866,223601,5299.79406600,99187786.95378085,0
2020-12-05 04:00:00,18818.05000000,18990.08000000,18800.00000000,18911.31000000,6304.62833400,2020-12-05 07:59:59.999,119251283.54923476,140277,2925.11391800,55324264.29072099,0
2020-12-05 08:00:00,18911.30000000,19177.00000000,18911.30000000,19013.43000000,8498.22972600,2020-12-05 11:59:59.999,162061361.71032843,163345,4373.85992700,83412961.75272714,0
2020-12-05 12:00:00,19013.43000000,19150.00000000,18941.74000000,19110.78000000,7078.64757600,2020-12-05 15:59:59.999,134786598.31405687,167903,3735.82205000,71146376.54440012,0
2020-12-05 16:00:00,19111.13000000,19172.37000000,19026.00000000,19119.19000000,5229.46148300,2020-12-05 19:59:59.999,99899698.71246152,122986,2778.89302700,53091426.54326986,0
2020-12-05 20:00:00,19119.19000000,19157.52000000,18977.16000000,19147.66000000,4453.04664600,2020-12-05 23:59:59.999,84898782.35937396,114012,2246.77729300,42839839.98507234,0
2020-12-06 00:00:00,19147.66000000,19342.00000000,19131.02000000,19183.39000000,7779.79368500,2020-12-06 03:59:59.999,149675245.09003410,171749,4003.35630100,77017166.69448027,0
2020-12-06 04:00:00,19183.39000000,19260.00000000,19105.00000000,19230.99000000,3703.93147100,2020-12-06 07:59:59.999,71070955.42668105,101678,1834.77391900,35208882.54148102,0
2020-12-06 08:00:00,19230.99000000,19251.00000000,18950.87000000,19089.16000000,6329.88309300,2020-12-06 11:59:59.999,120590076.22822269,144775,3025.87817500,57646278.27795431,0
2020-12-06 12:00:00,19089.15000000,19152.38000000,18857.00000000,19125.83000000,6371.69321000,2020-12-06 15:59:59.999,121205430.96512599,138027,3001.15984500,57104887.50408321,0
2020-12-06 16:00:00,19125.84000000,19213.09000000,19018.00000000,19132.62000000,4588.56928000,2020-12-06 19:59:59.999,87749419.79406396,111118,2327.95145100,44523574.91954610,0
2020-12-06 20:00:00,19132.62000000,19420.00000000,19045.00000000,19359.40000000,8269.22112200,2020-12-06 23:59:59.999,159267806.07877801,153035,4816.28797200,92802711.01955326,0
2020-12-07 00:00:00,19358.67000000,19420.91000000,19157.55000000,19282.68000000,6399.49164600,2020-12-07 03:59:59.999,123420156.62215825,126258,2964.93278200,57195356.57016446,0
2020-12-07 04:00:00,19282.68000000,19399.00000000,19233.36000000,19371.30000000,5175.89334300,2020-12-07 07:59:59.999,99904549.30254349,107453,2437.47252900,47056425.75319563,0
2020-12-07 08:00:00,19371.24000000,19386.15000000,19090.00000000,19103.58000000,7240.29958000,2020-12-07 11:59:59.999,139120038.21969120,134750,3206.88740200,61633373.70194331,0
2020-12-07 12:00:00,19103.79000000,19257.03000000,19095.72000000,19213.90000000,7561.86677100,2020-12-07 15:59:59.999,145108225.24647136,155383,3705.92177900,71120464.54816463,0
2020-12-07 16:00:00,19213.90000000,19241.39000000,18902.88000000,18967.01000000,9508.45189700,2020-12-07 19:59:59.999,181281807.95003384,180518,3905.17255100,74455698.86782153,0
2020-12-07 20:00:00,18967.01000000,19217.64000000,18935.06000000,19166.90000000,5486.29305600,2020-12-07 23:59:59.999,104682891.34304793,136592,2661.41897100,50788330.61212676,0
2020-12-08 00:00:00,19166.90000000,19235.60000000,19132.67000000,19154.73000000,5152.93562800,2020-12-08 03:59:59.999,98840830.48157738,106375,2515.27931700,48248815.22801679,0
2020-12-08 04:00:00,19154.73000000,19294.84000000,19091.00000000,19143.10000000,6595.28830400,2020-12-08 07:59:59.999,126552851.64101616,127952,3249.84060300,62374680.53276860,0
2020-12-08 08:00:00,19143.10000000,19168.88000000,18700.00000000,18762.96000000,14520.46016900,2020-12-08 11:59:59.999,274275559.75808425,258118,6508.81805700,122967993.10206355,0
2020-12-08 12:00:00,18762.95000000,18974.83000000,18610.00000000,18809.91000000,12208.64163800,2020-12-08 15:59:59.999,229685598.66882318,213129,5570.59646800,104800272.29822052,0
2020-12-08 16:00:00,18809.91000000,18937.81000000,18745.31000000,18795.74000000,6929.01603000,2020-12-08 19:59:59.999,130666602.70772029,147559,3024.07878100,57027677.32926141,0
2020-12-08 20:00:00,18795.74000000,18848.00000000,18200.00000000,18324.11000000,16220.60584500,2020-12-08 23:59:59.999,300636634.14743774,290048,6942.76528400,128645033.06005289,0
2020-12-09 00:00:00,18324.11000000,18380.00000000,18032.00000000,18300.01000000,13063.48538500,2020-12-09 03:59:59.999,238313333.93913722,234090,6325.98216900,115438399.37745671,0
2020-12-09 04:00:00,18300.00000000,18308.39000000,17830.00000000,17924.07000000,12471.72702700,2020-12-09 07:59:59.999,226033833.93230358,206175,4988.09581300,90434235.43317888,0
2020-12-09 08:00:00,17924.06000000,18379.87000000,17650.00000000,18244.95000000,20885.14567000,2020-12-09 11:59:59.999,376341797.97629669,315275,9836.07422100,177326118.30308191,0
2020-12-09 12:00:00,18244.94000000,18523.99000000,18169.10000000,18349.50000000,13825.35341100,2020-12-09 15:59:59.999,253853972.15769243,217589,6961.75543700,127833140.13873583,0
2020-12-09 16:00:00,18349.50000000,18435.00000000,18165.00000000,18260.03000000,9137.36907900,2020-12-09 19:59:59.999,167190647.00913035,151779,3876.51163900,70947947.39688607,0
2020-12-09 20:00:00,18260.02000000,18639.57000000,18211.78000000,18541.28000000,10202.47322900,2020-12-09 23:59:59.999,188397079.05002399,177568,4820.59000800,89062601.82519137,0
2020-12-10 00:00:00,18541.29000000,18557.32000000,18303.28000000,18409.77000000,6986.23451400,2020-12-10 03:59:59.999,128784800.54634220,145384,3461.29229200,63808592.59728389,0
2020-12-10 04:00:00,18409.78000000,18493.28000000,18278.44000000,18335.91000000,6354.36005100,2020-12-10 07:59:59.999,116764981.27749509,139499,3098.18694300,56932355.53979897,0
2020-12-10 08:00:00,18335.91000000,18480.00000000,18070.00000000,18192.49000000,10543.47420900,2020-12-10 11:59:59.999,192689194.51203056,163852,5143.83948000,94031078.99425116,0
2020-12-10 12:00:00,18192.50000000,18290.63000000,17911.12000000,18134.08000000,13306.10500200,2020-12-10 15:59:59.999,240898404.34063324,187788,6321.62918900,114480870.33016831,0
2020-12-10 16:00:00,18132.11000000,18403.28000000,18076.07000000,18403.10000000,9423.81063100,2020-12-10 19:59:59.999,171773905.62823664,138707,4511.76914700,82255425.56533672,0
2020-12-10 20:00:00,18403.11000000,18435.74000000,18220.00000000,18254.63000000,6276.69068700,2020-12-10 23:59:59.999,115238242.69586935,115921,3067.89101800,56332457.49990783,0
2020-12-11 00:00:00,18254.81000000,18292.73000000,17715.60000000,17990.88000000,16572.47829800,2020-12-11 03:59:59.999,297570015.81705137,246768,7369.82142100,132358548.15400470,0
2020-12-11 04:00:00,17990.69000000,18048.60000000,17700.51000000,17811.95000000,9833.41818400,2020-12-11 07:59:59.999,175819559.58065020,154568,4532.16475400,81039478.66876535,0
2020-12-11 08:00:00,17811.96000000,18001.15000000,17572.33000000,17647.71000000,14981.13858300,2020-12-11 11:59:59.999,266239462.90481671,215994,6816.97146500,121199391.13419135,0
2020-12-11 12:00:00,17647.71000000,18132.00000000,17617.00000000,18104.74000000,13778.22585600,2020-12-11 15:59:59.999,247018824.23073600,191754,7253.06458400,130058275.11779797,0
2020-12-11 16:00:00,18104.74000000,18111.55000000,17852.00000000,17977.00000000,9267.63021800,2020-12-11 19:59:59.999,166779556.58973230,139977,4232.51112100,76164241.40414411,0
2020-12-11 20:00:00,17975.08000000,18184.00000000,17925.37000000,18036.53000000,8177.83312000,2020-12-11 23:59:59.999,147654228.18491357,168749,3990.45512600,72062116.43782382,0
2020-12-12 00:00:00,18036.53000000,18375.00000000,18020.70000000,18282.02000000,9055.43242600,2020-12-12 03:59:59.999,165392023.21779513,174081,4815.74022400,87935029.63370835,0
2020-12-12 04:00:00,18282.01000000,18400.00000000,18261.32000000,18380.85000000,5978.22971300,2020-12-12 07:59:59.999,109613393.08789633,127013,3128.79434900,57370350.11087431,0
2020-12-12 08:00:00,18380.85000000,18513.66000000,18318.98000000,18506.10000000,7485.97947800,2020-12-12 11:59:59.999,137883222.51094081,138940,3994.21673000,73577785.24235757,0
2020-12-12 12:00:00,18506.10000000,18525.33000000,18308.82000000,18399.01000000,7599.34812200,2020-12-12 15:59:59.999,139927387.73277549,133335,3697.19743300,68068124.66668837,0
2020-12-12 16:00:00,18399.01000000,18850.00000000,18362.42000000,18805.29000000,11570.14857500,2020-12-12 19:59:59.999,215417059.18124590,179551,6396.84844800,119096823.52405025,0
2020-12-12 20:00:00,18805.29000000,18948.66000000,18729.09000000,18808.69000000,7830.84011800,2020-12-12 23:59:59.999,147319750.17552971,138890,4023.53546400,75708004.53832218,0
2020-12-13 00:00:00,18808.69000000,18875.00000000,18711.12000000,18784.42000000,5683.54033900,2020-12-13 03:59:59.999,106791073.19488901,106098,2903.48547400,54559565.35614211,0
2020-12-13 04:00:00,18784.56000000,19306.27000000,18768.19000000,19247.68000000,12442.83652800,2020-12-13 07:59:59.999,236859539.82822588,166593,6952.36237000,132283982.20528731,0
2020-12-13 08:00:00,19249.21000000,19370.00000000,19179.50000000,19316.81000000,11471.95628200,2020-12-13 11:59:59.999,221040967.59135096,173499,5968.39895000,114995526.52681558,0
2020-12-13 12:00:00,19316.80000000,19411.00000000,19080.00000000,19211.34000000,11876.19572900,2020-12-13 15:59:59.999,229105522.16784929,186642,6338.76447900,122317798.86267409,0
2020-12-13 16:00:00,19211.34000000,19385.00000000,19155.00000000,19193.78000000,8180.77802100,2020-12-13 19:59:59.999,157624643.29112165,163570,4314.90646400,83152757.62302289,0
2020-12-13 20:00:00,19193.28000000,19225.63000000,18971.00000000,19174.99000000,6905.51484500,2020-12-13 23:59:59.999,132098823.02141705,141620,3115.54736300,59598220.04936995,0
2020-12-14 00:00:00,19174.99000000,19347.00000000,19000.00000000,19260.68000000,8314.06236600,2020-12-14 03:59:59.999,159447008.75150517,138524,4268.53490600,81893248.32264826,0
2020-12-14 04:00:00,19260.68000000,19282.11000000,19033.84000000,19155.80000000,7300.44682000,2020-12-14 07:59:59.999,139659237.62523672,127389,3652.79988000,69879683.05980311,0
2020-12-14 08:00:00,19155.80000000,19258.96000000,19051.11000000,19106.44000000,8017.37370000,2020-12-14 11:59:59.999,153576264.00326465,129072,3574.63396500,68475733.12068586,0
2020-12-14 12:00:00,19106.43000000,19300.00000000,19028.97000000,19200.07000000,10367.67321500,2020-12-14 15:59:59.999,198749424.45290613,171007,4987.72067700,95631631.80300325,0
2020-12-14 16:00:00,19200.00000000,19237.79000000,19113.08000000,19175.88000000,6312.41818700,2020-12-14 19:59:59.999,121045043.34750991,141708,2768.78825300,53091745.12120755,0
2020-12-14 20:00:00,19175.88000000,19349.00000000,19130.85000000,19273.14000000,6945.22700600,2020-12-14 23:59:59.999,133624709.55917244,134682,3404.98572000,65534283.90026252,0
2020-12-15 00:00:00,19273.69000000,19570.00000000,19243.64000000,19479.70000000,12930.09831500,2020-12-15 03:59:59.999,251325244.73689774,220555,7902.35248500,153585478.31944400,0
2020-12-15 04:00:00,19479.69000000,19497.36000000,19050.00000000,19197.60000000,11151.74121500,2020-12-15 07:59:59.999,214168669.84846006,197013,4982.08092100,95702851.61366100,0
2020-12-15 08:00:00,19197.59000000,19350.00000000,19074.00000000,19293.54000000,9786.41113300,2020-12-15 11:59:59.999,188078585.61908859,165227,4774.78262800,91812608.09543563,0
2020-12-15 12:00:00,19293.54000000,19433.00000000,19256.27000000,19403.31000000,9776.90216100,2020-12-15 15:59:59.999,189173984.32450323,166038,4848.92407700,93829113.62370280,0
2020-12-15 16:00:00,19403.31000000,19545.00000000,19328.06000000,19530.38000000,10233.57715900,2020-12-15 19:59:59.999,198986460.55033096,166417,5031.07294600,97840100.70264656,0
2020-12-15 20:00:00,19530.38000000,19547.00000000,19276.00000000,19426.43000000,7955.63602800,2020-12-15 23:59:59.999,154628582.84652125,131173,3654.94779200,71056212.05903186,0
2020-12-16 00:00:00,19426.43000000,19488.02000000,19278.60000000,19346.52000000,8085.72129100,2020-12-16 03:59:59.999,156736931.40469974,151258,4015.58814800,77848167.43307191,0
2020-12-16 04:00:00,19346.51000000,19454.93000000,19300.30000000,19423.96000000,5665.31549300,2020-12-16 07:59:59.999,109874277.35324237,126515,2821.36883400,54719172.28348615,0
2020-12-16 08:00:00,19423.95000000,19860.00000000,19370.62000000,19739.78000000,18064.95748300,2020-12-16 11:59:59.999,354969623.57764132,257456,9795.19271200,192476899.66512504,0
2020-12-16 12:00:00,19739.78000000,20799.00000000,19680.00000000,20661.37000000,39556.89781200,2020-12-16 15:59:59.999,803717723.78822695,535123,21857.84849700,443948639.25188594,0
2020-12-16 16:00:00,20661.37000000,20865.43000000,20550.00000000,20736.87000000,18816.50327500,2020-12-16 19:59:59.999,389552082.55775287,263049,9890.02508500,204771878.73006057,0
2020-12-16 20:00:00,20736.87000000,21560.00000000,20711.00000000,21335.52000000,24116.94021600,2020-12-16 23:59:59.999,510285319.96027803,325734,12865.23909900,272152364.80839141,0
2020-12-17 00:00:00,21335.52000000,22166.00000000,21230.00000000,21753.26000000,24525.96106900,2020-12-17 03:59:59.999,532766021.23851491,386996,12216.91597800,265467540.72172090,0
2020-12-17 04:00:00,21752.65000000,22488.00000000,21735.09000000,22478.76000000,20499.17277500,2020-12-17 07:59:59.999,453465208.50888327,290094,10728.20880500,237261393.72708752,0
2020-12-17 08:00:00,22478.75000000,23800.00000000,21801.00000000,22752.16000000,52752.44050400,2020-12-17 11:59:59.999,1202496112.66219035,728697,27154.70273600,618769865.29895419,0
2020-12-17 12:00:00,22752.15000000,23369.00000000,22600.00000000,23333.80000000,28836.29406300,2020-12-17 15:59:59.999,664402837.92240060,400106,13912.75370500,320611271.99639805,0
2020-12-17 16:00:00,23333.81000000,23699.70000000,22500.00000000,22899.08000000,36022.63764900,2020-12-17 19:59:59.999,837757170.10628369,552087,17397.61201100,404838794.59573360,0
2020-12-17 20:00:00,22898.47000000,23106.34000000,22311.10000000,22797.16000000,22245.97068800,2020-12-17 23:59:59.999,505758216.98760449,437104,10999.21184400,250072942.28967164,0
2020-12-18 00:00:00,22797.15000000,23248.99000000,22470.35000000,22811.59000000,15104.20221600,2020-12-18 03:59:59.999,346177981.12024220,310635,7470.39185700,171286316.74487734,0
2020-12-18 04:00:00,22811.58000000,23168.59000000,22772.05000000,23055.98000000,10945.41034700,2020-12-18 07:59:59.999,251381463.61181282,231767,5352.80304000,122931726.90154029,0
2020-12-18 08:00:00,23055.98000000,23285.18000000,22691.61000000,22886.17000000,15356.77429800,2020-12-18 11:59:59.999,353651900.64067981,301430,7467.83388900,172029025.29945970,0
2020-12-18 12:00:00,22886.18000000,23073.25000000,22350.00000000,22549.00000000,17933.81368600,2020-12-18 15:59:59.999,406346709.68462995,309870,8319.33078100,188578065.22301914,0
2020-12-18 16:00:00,22549.00000000,22829.04000000,22463.59000000,22762.28000000,10012.67521800,2020-12-18 19:59:59.999,227296978.24221432,229704,4691.86522900,106501535.04325267,0
2020-12-18 20:00:00,22762.28000000,23143.56000000,22650.29000000,23107.39000000,10293.25855000,2020-12-18 23:59:59.999,236020327.99501851,230369,5057.07736200,115970220.29931945,0
2020-12-19 00:00:00,23107.39000000,23225.00000000,22902.10000000,23098.04000000,9439.46959900,2020-12-19 03:59:59.999,217962977.14152768,201389,4598.76565700,106225797.10100866,0
2020-12-19 04:00:00,23098.05000000,23138.00000000,22821.00000000,22853.75000000,7486.65564300,2020-12-19 07:59:59.999,172095276.57164796,173822,3684.39709500,84702456.90181466,0
2020-12-19 08:00:00,22853.75000000,23080.45000000,22750.00000000,22888.54000000,9552.79278500,2020-12-19 11:59:59.999,219284622.01024683,208972,4573.19336600,104983991.08498508,0
2020-12-19 12:00:00,22888.53000000,23650.00000000,22886.79000000,23552.01000000,22898.65598700,2020-12-19 15:59:59.999,534204467.76039732,418448,12099.57746600,282292992.25082165,0
2020-12-19 16:00:00,23552.00000000,24171.47000000,23456.55000000,23791.91000000,27247.49058200,2020-12-19 19:59:59.999,650419109.87671435,451423,13566.86629400,323897836.19707127,0
2020-12-19 20:00:00,23791.82000000,24065.41000000,23719.25000000,23821.61000000,9420.00008100,2020-12-19 23:59:59.999,225003425.52633343,224557,4186.31162000,100002465.32359116,0
2020-12-20 00:00:00,23821.60000000,23836.48000000,23180.88000000,23346.48000000,12685.74138300,2020-12-20 03:59:59.999,297282761.60539048,265068,5633.78007100,132014159.38975719,0
2020-12-20 04:00:00,23346.25000000,23646.31000000,23060.00000000,23628.88000000,8503.95846800,2020-12-20 07:59:59.999,199265126.58307673,219700,4126.04625200,96701232.25453310,0
2020-12-20 08:00:00,23628.89000000,23791.00000000,23358.78000000,23553.02000000,11064.88518200,2020-12-20 11:59:59.999,260893377.65615903,254719,5479.42216400,129233547.26369110,0
2020-12-20 12:00:00,23553.02000000,23910.00000000,23296.00000000,23868.09000000,12061.97686800,2020-12-20 15:59:59.999,284283622.62612426,313185,6300.22220800,148567511.75030788,0
2020-12-20 16:00:00,23868.08000000,23995.97000000,23625.41000000,23930.00000000,10704.00093300,2020-12-20 19:59:59.999,254746298.23677058,257944,5446.66180200,129635653.44227318,0
2020-12-20 20:00:00,23928.80000000,24295.00000000,23090.00000000,23455.52000000,21669.58285100,2020-12-20 23:59:59.999,514390888.02278693,432609,10137.98286100,241014832.50517194,0
2020-12-21 00:00:00,23455.54000000,24016.93000000,23287.94000000,23945.29000000,10950.36316800,2020-12-21 03:59:59.999,259770312.30610140,246247,5533.98150000,131373090.40560718,0
2020-12-21 04:00:00,23945.30000000,24102.77000000,23700.00000000,23980.00000000,11557.19081600,2020-12-21 07:59:59.999,276438118.14212205,261566,5793.93311900,138618822.80345632,0
2020-12-21 08:00:00,23979.99000000,24075.94000000,22350.00000000,22645.85000000,32200.66438600,2020-12-21 11:59:59.999,744090872.00866324,529128,14370.42881800,332076447.54442357,0
2020-12-21 12:00:00,22646.70000000,22774.00000000,21815.00000000,22681.32000000,14924.65632700,2020-12-21 13:47:20.521,333635434.22845644,225242,6928.17042500,154942802.90927186,0
2020-12-21 16:00:00,22693.65000000,22988.60000000,22621.44000000,22816.62000000,7670.88478200,2020-12-21 19:59:59.999,174947854.77724028,130907,3997.32826200,91176122.45282566,0
2020-12-21 20:00:00,22816.63000000,23254.33000000,22699.99000000,22719.71000000,10726.53776400,2020-12-21 23:59:59.999,246563702.46638755,200859,5359.20397900,123229898.57405987,0
2020-12-22 00:00:00,22719.88000000,22970.00000000,22428.86000000,22851.20000000,13248.26348400,2020-12-22 03:59:59.999,301456239.76669358,249373,6249.34039800,142194899.65962674,0
2020-12-22 04:00:00,22851.19000000,23076.77000000,22500.00000000,22655.83000000,12882.04760500,2020-12-22 07:59:59.999,293460149.66738911,236000,6147.21927300,140053837.95011859,0
2020-12-22 08:00:00,22655.82000000,23155.00000000,22353.40000000,23119.48000000,16046.22780700,2020-12-22 11:59:59.999,364965198.97478846,279912,8098.54712700,184296480.85581573,0
2020-12-22 12:00:00,23119.47000000,23628.89000000,23062.01000000,23342.58000000,20212.88636200,2020-12-22 15:59:59.999,472501873.72869302,284020,9975.41114300,233163099.32570298,0
2020-12-22 16:00:00,23342.68000000,23520.00000000,23224.40000000,23404.27000000,11980.98777800,2020-12-22 19:59:59.999,280177749.45833988,200027,5539.96543500,129561108.22350416,0
2020-12-22 20:00:00,23404.27000000,23837.10000000,23277.72000000,23810.79000000,12662.71312400,2020-12-22 23:59:59.999,298197408.64762277,246945,6670.84333200,157159246.72283894,0
2020-12-23 00:00:00,23810.79000000,24050.00000000,23551.86000000,23706.72000000,14097.86602700,2020-12-23 03:59:59.999,335367690.36939700,234811,7133.82785600,169794586.57223323,0
2020-12-23 04:00:00,23706.72000000,23711.17000000,23319.11000000,23555.73000000,15504.34257500,2020-12-23 07:59:59.999,364398524.57580520,331139,7159.46860800,168264092.06496329,0
2020-12-23 08:00:00,23555.54000000,23735.51000000,22810.00000000,23064.01000000,21669.77144800,2020-12-23 11:59:59.999,505533379.95481845,387666,9791.44145000,228456370.82224041,0
2020-12-23 12:00:00,23064.01000000,24100.00000000,22931.00000000,23449.66000000,31181.37604900,2020-12-23 15:59:59.999,736761746.48403147,504651,16050.59958000,379384585.69763532,0
2020-12-23 16:00:00,23449.66000000,23678.49000000,23350.00000000,23556.91000000,15497.97778700,2020-12-23 19:59:59.999,365035683.17799952,290569,7175.86345900,169012777.11380062,0
2020-12-23 20:00:00,23556.91000000,23625.00000000,22600.00000000,23232.76000000,21095.92584700,2020-12-23 23:59:59.999,490590982.50982765,445775,9349.00100800,217446197.99753226,0
2020-12-24 00:00:00,23232.39000000,23242.04000000,22703.42000000,22894.28000000,16690.35954400,2020-12-24 03:59:59.999,383567651.11883436,303032,8243.65872700,189469877.62324925,0
2020-12-24 04:00:00,22894.28000000,23219.38000000,22786.67000000,23173.38000000,10166.11305100,2020-12-24 07:59:59.999,233739848.31636596,206778,5090.70456100,117055300.67334766,0
2020-12-24 08:00:00,23173.38000000,23479.26000000,23049.95000000,23218.68000000,11463.40415400,2020-12-24 11:59:59.999,266751272.54744737,223067,5910.61944100,137569186.22712450,0
2020-12-24 12:00:00,23218.67000000,23425.95000000,23012.29000000,23232.12000000,10255.83950000,2020-12-24 15:59:59.999,238280400.88972674,219217,5205.41366400,120954373.07137899,0
2020-12-24 16:00:00,23232.12000000,23460.97000000,23108.01000000,23287.15000000,7434.05118700,2020-12-24 19:59:59.999,173230632.73923415,174937,3790.12680200,88328699.05739619,0
2020-12-24 20:00:00,23287.16000000,23794.43000000,23258.35000000,23729.20000000,13004.06681600,2020-12-24 23:59:59.999,306824438.46516301,294226,7548.58812400,178106775.04617537,0
2020-12-25 00:00:00,23728.99000000,23827.54000000,23433.60000000,23481.21000000,6226.90910800,2020-12-25 03:59:59.999,147027368.85509954,138239,3088.28296800,72924847.84638218,0
2020-12-25 04:00:00,23481.20000000,23681.19000000,23451.79000000,23649.82000000,6285.39980800,2020-12-25 07:59:59.999,148271269.58625399,157450,3218.36792700,75925974.09337346,0
2020-12-25 08:00:00,23650.99000000,24681.00000000,23600.00000000,24574.40000000,24856.05429700,2020-12-25 11:59:59.999,598866640.55933945,408424,13920.91396700,335387433.90032558,0
2020-12-25 12:00:00,24574.40000000,24642.34000000,23785.50000000,24025.13000000,18222.74495800,2020-12-25 15:59:59.999,442531535.75273763,312381,8551.66231200,207701993.68079684,0
2020-12-25 16:00:00,24025.13000000,24520.00000000,23987.16000000,24449.66000000,13169.85304000,2020-12-25 19:59:59.999,319114030.30934711,255305,6594.47219200,159831853.16578375,0
2020-12-25 20:00:00,24449.66000000,24789.86000000,24198.60000000,24712.47000000,10758.98235800,2020-12-25 23:59:59.999,263955471.60495904,232627,5845.38879800,143443841.88590632,0
2020-12-26 00:00:00,24712.47000000,25039.96000000,24500.00000000,24909.79000000,13713.43025800,2020-12-26 03:59:59.999,340306292.34674492,248781,7275.62384000,180622061.83760768,0
2020-12-26 04:00:00,24909.80000000,24933.00000000,24652.54000000,24784.48000000,8494.94131500,2020-12-26 07:59:59.999,210590969.83906166,164088,4167.95990800,103324883.91421344,0
2020-12-26 08:00:00,24784.48000000,25000.00000000,24562.50000000,24834.36000000,9885.74431200,2020-12-26 11:59:59.999,245311522.02031426,190710,4596.56095100,114072942.93098883,0
2020-12-26 12:00:00,24834.36000000,25673.52000000,24734.94000000,25629.99000000,19202.44288700,2020-12-26 15:59:59.999,484225897.75269367,303358,10243.09621400,258262861.55473714,0
2020-12-26 16:00:00,25629.99000000,26000.00000000,25575.00000000,25931.02000000,19672.71957000,2020-12-26 19:59:59.999,507147639.67988419,346263,9766.75769100,251799379.38919519,0
2020-12-26 20:00:00,25931.02000000,26867.03000000,25810.56000000,26493.39000000,26837.23504400,2020-12-26 23:59:59.999,708950743.53688190,482374,13789.03546800,364197400.26031836,0
2020-12-27 00:00:00,26493.40000000,26963.46000000,26427.16000000,26568.08000000,19331.11947000,2020-12-27 03:59:59.999,516191386.93898379,350080,9489.00699500,253450182.67920517,0
2020-12-27 04:00:00,26568.24000000,27777.82000000,26567.81000000,27639.38000000,20073.50492200,2020-12-27 07:59:59.999,548013682.48368361,332631,10662.88376100,291060737.17728991,0
2020-12-27 08:00:00,27639.39000000,28422.00000000,26566.00000000,27646.48000000,33687.70789900,2020-12-27 11:59:59.999,935455117.80890639,540725,16540.54655900,459535547.11515565,0
2020-12-27 12:00:00,27647.55000000,27777.00000000,26600.00000000,27359.62000000,31523.17970700,2020-12-27 15:59:59.999,859821101.05579553,487577,15370.62970500,419296341.51246370,0
2020-12-27 16:00:00,27360.09000000,27490.00000000,26600.00000000,27081.67000000,22383.23980100,2020-12-27 19:59:59.999,603091231.44944813,345488,10555.91064500,284477645.50558999,0
2020-12-27 20:00:00,27081.98000000,27095.18000000,25700.00000000,26281.66000000,21456.83441500,2020-12-27 23:59:59.999,566356164.14520725,381992,10030.36281900,264815032.19380207,0
2020-12-28 00:00:00,26281.54000000,27356.30000000,26101.00000000,27275.65000000,15707.76815000,2020-12-28 03:59:59.999,423487732.19688919,256757,7803.79772800,210409476.16659056,0
2020-12-28 04:00:00,27275.66000000,27332.00000000,26798.94000000,27001.31000000,10965.34177900,2020-12-28 07:59:59.999,296524362.85196497,183837,5205.73204300,140793336.74056979,0
2020-12-28 08:00:00,27001.32000000,27080.00000000,26557.73000000,26859.07000000,12403.92111600,2020-12-28 11:59:59.999,332715489.51675598,268544,5921.55798400,158848668.53303480,0
2020-12-28 12:00:00,26859.07000000,27500.00000000,26711.57000000,26916.32000000,17181.09463100,2020-12-28 15:59:59.999,466521928.55518384,307664,8432.47831800,229004685.08492666,0
2020-12-28 16:00:00,26916.32000000,27236.71000000,26743.00000000,26996.74000000,11296.62421800,2020-12-28 19:59:59.999,305889923.54073169,210859,5120.74426000,138667953.39126603,0
2020-12-28 20:00:00,26996.73000000,27163.77000000,26415.09000000,27079.41000000,12166.99260200,2020-12-28 23:59:59.999,326667371.91282690,280543,5411.03528800,145336909.44920187,0
2020-12-29 00:00:00,27079.42000000,27116.78000000,26433.78000000,26444.60000000,9737.94949800,2020-12-29 03:59:59.999,260637207.59557133,230850,4615.52513500,123554018.30885934,0
2020-12-29 04:00:00,26445.50000000,26583.65000000,25880.00000000,26435.63000000,13632.48728200,2020-12-29 07:59:59.999,358652585.54477357,310756,6425.36978800,169115721.81415514,0
2020-12-29 08:00:00,26436.53000000,26900.00000000,26434.49000000,26876.40000000,10124.14159000,2020-12-29 11:59:59.999,270052743.36318991,300551,4909.27590300,130973841.61871721,0
2020-12-29 12:00:00,26874.55000000,27100.00000000,26433.00000000,26614.97000000,10994.76927000,2020-12-29 15:59:59.999,294822048.28108989,224864,5440.89981800,145975106.74533870,0
2020-12-29 16:00:00,26615.28000000,26943.89000000,26204.99000000,26931.62000000,13313.68808800,2020-12-29 19:59:59.999,353288815.09476073,291897,6585.04642800,174791128.18519452,0
2020-12-29 20:00:00,26931.51000000,27410.00000000,26743.42000000,27385.00000000,11608.55687800,2020-12-29 23:59:59.999,314163819.88884918,246248,6300.80552900,170544504.16249564,0
2020-12-30 00:00:00,27385.00000000,28239.00000000,27374.87000000,28065.54000000,18411.98688800,2020-12-30 03:59:59.999,511640484.84457635,340296,9885.43850900,274705783.93263201,0
2020-12-30 04:00:00,28066.57000000,28598.74000000,27722.22000000,28386.62000000,17195.96199800,2020-12-30 07:59:59.999,484838788.73443236,349547,8725.33003000,246068234.56236792,0
2020-12-30 08:00:00,28389.02000000,28579.92000000,27320.00000000,27838.82000000,19041.53969600,2020-12-30 11:59:59.999,530590925.64101432,375224,9025.16182200,251506310.48869255,0
2020-12-30 12:00:00,27836.95000000,28291.82000000,27577.00000000,28153.76000000,11625.82070600,2020-12-30 15:59:59.999,325419847.48960339,257605,5848.76252900,163740556.03712962,0
2020-12-30 16:00:00,28153.75000000,28900.05000000,27887.00000000,28776.46000000,17159.48310500,2020-12-30 19:59:59.999,488201099.27161060,330084,8714.96361600,248128664.70016125,0
2020-12-30 20:00:00,28776.45000000,28996.00000000,28534.70000000,28875.54000000,11921.26543300,2020-12-30 23:59:59.999,343262091.47903387,263339,5858.24986000,168727809.93049025,0
2020-12-31 00:00:00,28875.55000000,29300.00000000,28120.67000000,29024.00000000,17005.77028200,2020-12-31 03:59:59.999,490410692.58239521,326757,8460.84623700,244212691.73260787,0
2020-12-31 04:00:00,29024.01000000,29285.00000000,28738.10000000,29155.25000000,10242.04637500,2020-12-31 07:59:59.999,297351366.73291864,223467,5235.38274500,152035531.60473214,0
2020-12-31 08:00:00,29155.24000000,29210.83000000,28580.00000000,28910.30000000,10508.48293000,2020-12-31 11:59:59.999,304439278.60080696,236964,5045.27106400,146231915.46089287,0
2020-12-31 12:00:00,28910.29000000,28989.03000000,27850.00000000,28770.00000000,19597.14738900,2020-12-31 15:59:59.999,558014647.67123068,357286,8755.56499500,249293421.33525257,0
2020-12-31 16:00:00,28782.01000000,29000.00000000,28311.00000000,28897.83000000,10279.17914100,2020-12-31 19:59:59.999,294879212.38945787,232343,5242.95856000,150507955.41384082,0
2020-12-31 20:00:00,28897.84000000,29169.55000000,28780.00000000,28923.63000000,7875.87903500,2020-12-31 23:59:59.999,228504927.44326457,175976,3691.59847900,107107628.00888008,0
