Open time,Open,High,Low,Close,Volume,Close time,Base asset volume,Number of trades,Taker buy volume,Taker buy base asset volume,Ignore
2023-01-01 00:00:00,16541.77000000,16559.77000000,16508.39000000,16533.04000000,15515.82327000,2023-01-01 03:59:59.999,256565046.24440780,529532,7617.41262000,125959681.22808840,0
2023-01-01 04:00:00,16533.04000000,16550.00000000,16499.01000000,16526.19000000,16532.24115000,2023-01-01 07:59:59.999,273208014.18867230,502695,8215.80952000,135772740.03246280,0
2023-01-01 08:00:00,16525.70000000,16557.00000000,16505.20000000,16556.66000000,15915.96701000,2023-01-01 11:59:59.999,263119992.19629640,531758,8004.23188000,132326590.60298730,0
2023-01-01 12:00:00,16556.66000000,16572.94000000,16533.68000000,16558.73000000,15046.09096000,2023-01-01 15:59:59.999,249044515.38484690,520676,7515.69523000,124401941.54153330,0
2023-01-01 16:00:00,16558.73000000,16623.65000000,16558.00000000,16603.08000000,18532.64857000,2023-01-01 19:59:59.999,307401962.52476670,594496,9437.40515000,156541081.52146320,0
2023-01-01 20:00:00,16603.53000000,16628.00000000,16586.24000000,16616.75000000,15382.64278000,2023-01-01 23:59:59.999,255454259.13822250,539198,7758.22728000,128839638.90852370,0
2023-01-02 00:00:00,16617.17000000,16707.25000000,16548.70000000,16661.94000000,19463.47510000,2023-01-02 03:59:59.999,323032602.87927700,619992,9720.70175000,161345530.72567860,0
2023-01-02 04:00:00,16662.38000000,16769.51000000,16619.44000000,16721.28000000,26026.88178000,2023-01-02 07:59:59.999,434177885.60997090,777019,12891.53976000,215065867.86373760,0
2023-01-02 08:00:00,16721.27000000,16772.01000000,16704.07000000,16735.11000000,23267.94119000,2023-01-02 11:59:59.999,389312521.37502650,799698,11767.58225000,196896293.30732680,0
2023-01-02 12:00:00,16735.51000000,16750.00000000,16669.15000000,16734.66000000,21747.21491000,2023-01-02 15:59:59.999,363473571.02339380,755940,10798.20820000,180482354.75262040,0
2023-01-02 16:00:00,16734.66000000,16739.64000000,16707.12000000,16737.56000000,12314.73653000,2023-01-02 19:59:59.999,205920047.25100920,503108,6289.51015000,105169928.06483830,0
2023-01-02 20:00:00,16737.56000000,16799.23000000,16660.51000000,16672.87000000,19068.32240000,2023-01-02 23:59:59.999,318766587.12920100,580361,9457.71737000,158114805.97760460,0
2023-01-03 00:00:00,16672.78000000,16706.14000000,16647.81000000,16691.81000000,20183.45596000,2023-01-03 03:59:59.999,336660106.41405830,702462,10154.58549000,169379197.43233300,0
2023-01-03 04:00:00,16691.81000000,16778.40000000,16681.79000000,16729.74000000,21434.34333000,2023-01-03 07:59:59.999,358362836.10816180,787280,10732.87193000,179446504.97334870,0
2023-01-03 08:00:00,16730.15000000,16766.00000000,16698.15000000,16721.03000000,25576.16376000,2023-01-03 11:59:59.999,427836488.17296760,856872,12695.61047000,212375854.69283350,0
2023-01-03 12:00:00,16721.42000000,16773.00000000,16617.79000000,16676.94000000,42131.78382000,2023-01-03 15:59:59.999,703745447.45174690,1164560,20826.94352000,347885296.85434920,0
2023-01-03 16:00:00,16677.54000000,16688.20000000,16605.28000000,16643.37000000,29519.13275000,2023-01-03 19:59:59.999,491222512.97687440,909049,14690.13711000,244457833.62305170,0
2023-01-03 20:00:00,16643.77000000,16695.00000000,16640.40000000,16675.18000000,20696.65771000,2023-01-03 23:59:59.999,344938525.20185940,677373,10495.61394000,174926715.13775850,0
2023-01-04 00:00:00,16675.65000000,16877.65000000,16652.66000000,16862.02000000,41904.57254000,2023-01-04 03:59:59.999,702057787.44326570,1113721,21284.89731000,356598402.19313320,0
2023-01-04 04:00:00,16862.61000000,16910.98000000,16840.36000000,16869.44000000,30270.25310000,2023-01-04 07:59:59.999,510489950.35435920,974211,15129.39607000,255153370.40096080,0
2023-01-04 08:00:00,16869.49000000,16919.00000000,16831.13000000,16835.35000000,30320.64004000,2023-01-04 11:59:59.999,511054018.76656190,964344,15017.09692000,253121364.82106660,0
2023-01-04 12:00:00,16835.35000000,16863.09000000,16765.30000000,16854.05000000,40843.05953000,2023-01-04 15:59:59.999,687050576.82053860,1154970,20189.79426000,339633493.75824160,0
2023-01-04 16:00:00,16853.55000000,16991.87000000,16787.85000000,16842.36000000,52076.35176000,2023-01-04 19:59:59.999,879406879.46466220,1357745,25673.10055000,433568519.89294890,0
2023-01-04 20:00:00,16842.32000000,16869.56000000,16777.00000000,16850.36000000,24947.31165000,2023-01-04 23:59:59.999,419773996.99597760,745712,12452.82991000,209541860.31902590,0
2023-01-05 00:00:00,16850.36000000,16878.18000000,16807.72000000,16827.71000000,21763.76721000,2023-01-05 03:59:59.999,366480779.54793570,739990,10691.35832000,180035180.98252030,0
2023-01-05 04:00:00,16827.71000000,16849.37000000,16789.87000000,16823.64000000,21213.55835000,2023-01-05 07:59:59.999,356953889.52533000,659873,10524.65393000,177096686.65149920,0
2023-01-05 08:00:00,16823.05000000,16839.00000000,16780.75000000,16833.60000000,26296.22105000,2023-01-05 11:59:59.999,442148515.74604730,776702,13270.54755000,223138254.22047530,0
2023-01-05 12:00:00,16833.60000000,16879.82000000,16753.00000000,16842.94000000,41963.23448000,2023-01-05 15:59:59.999,705775474.61333740,1146141,20962.26178000,352570597.81061670,0
2023-01-05 16:00:00,16842.94000000,16875.50000000,16800.50000000,16863.85000000,30157.46450000,2023-01-05 19:59:59.999,507765572.75952330,858941,14769.16231000,248673476.54148280,0
2023-01-05 20:00:00,16864.29000000,16873.52000000,16818.91000000,16831.85000000,22079.32082000,2023-01-05 23:59:59.999,371956021.62555970,660367,10741.58773000,180957557.84670490,0
2023-01-06 00:00:00,16831.85000000,16872.57000000,16802.01000000,16833.56000000,22896.56633000,2023-01-06 03:59:59.999,385537449.35640890,663651,11290.03163000,190108924.51089480,0
2023-01-06 04:00:00,16833.56000000,16837.87000000,16779.96000000,16794.06000000,24759.51652000,2023-01-06 07:59:59.999,416109442.94447280,667637,12222.13933000,205403431.82884520,0
2023-01-06 08:00:00,16794.33000000,16812.22000000,16709.88000000,16738.22000000,29976.56156000,2023-01-06 11:59:59.999,502807373.18582010,819541,14555.96629000,244162834.26413790,0
2023-01-06 12:00:00,16738.74000000,16849.00000000,16679.00000000,16840.82000000,52584.91113000,2023-01-06 15:59:59.999,881566120.84522260,1317647,26512.09198000,444494825.32922180,0
2023-01-06 16:00:00,16840.10000000,16965.41000000,16805.04000000,16939.91000000,42771.69765000,2023-01-06 19:59:59.999,720924329.41048250,1031782,21620.98431000,364435116.40130620,0
2023-01-06 20:00:00,16940.41000000,17041.00000000,16886.21000000,16950.65000000,34412.03096000,2023-01-06 23:59:59.999,583360293.94571550,888403,17119.01611000,290223102.86789460,0
2023-01-07 00:00:00,16950.31000000,16981.91000000,16930.46000000,16952.46000000,17943.00432000,2023-01-07 03:59:59.999,304173695.55852760,579681,8736.17549000,148100805.25910560,0
2023-01-07 04:00:00,16952.73000000,16954.45000000,16922.14000000,16948.09000000,15480.43183000,2023-01-07 07:59:59.999,262214857.29842570,503303,7754.88925000,131356062.74520290,0
2023-01-07 08:00:00,16948.18000000,16954.95000000,16908.07000000,16918.30000000,18936.72265000,2023-01-07 11:59:59.999,320535271.77595350,574231,9310.71199000,157600235.66244170,0
2023-01-07 12:00:00,16918.30000000,16947.70000000,16908.00000000,16940.42000000,20650.09476000,2023-01-07 15:59:59.999,349510859.80376690,599581,10222.07106000,173013535.05300210,0
2023-01-07 16:00:00,16940.60000000,16946.13000000,16916.00000000,16944.05000000,16073.99982000,2023-01-07 19:59:59.999,272156229.29483010,505703,7939.34977000,134425655.43570130,0
2023-01-07 20:00:00,16944.05000000,16951.92000000,16929.46000000,16943.57000000,15442.31542000,2023-01-07 23:59:59.999,261610796.47746960,464662,7661.63351000,129798913.48105880,0
2023-01-08 00:00:00,16943.83000000,16955.00000000,16911.00000000,16944.02000000,18295.79671000,2023-01-08 03:59:59.999,309764476.78242380,549947,8944.16601000,151434723.76116950,0
2023-01-08 04:00:00,16944.02000000,16957.12000000,16933.26000000,16953.77000000,14667.61069000,2023-01-08 07:59:59.999,248505049.53763410,442565,7178.57521000,121623036.64330450,0
2023-01-08 08:00:00,16953.77000000,16967.67000000,16925.05000000,16927.42000000,20434.41029000,2023-01-08 11:59:59.999,346209192.97207750,601731,9924.37609000,168143606.08014080,0
2023-01-08 12:00:00,16927.42000000,17019.79000000,16920.37000000,17000.43000000,23086.53831000,2023-01-08 15:59:59.999,391261534.16966740,740846,11881.32290000,201372371.54442620,0
2023-01-08 16:00:00,17000.43000000,17022.08000000,16916.10000000,16927.25000000,23557.66783000,2023-01-08 19:59:59.999,399128522.92240170,765578,11248.55056000,190580744.34207300,0
2023-01-08 20:00:00,16927.25000000,17176.99000000,16924.41000000,17127.83000000,35113.87312000,2023-01-08 23:59:59.999,597056923.57434100,935425,18023.61173000,306492520.38973730,0
2023-01-09 00:00:00,17127.83000000,17252.60000000,17104.66000000,17197.00000000,50799.16414000,2023-01-09 03:59:59.999,872660183.46889360,1251772,25629.14625000,440299182.45308380,0
2023-01-09 04:00:00,17197.00000000,17262.56000000,17180.00000000,17198.48000000,33546.34885000,2023-01-09 07:59:59.999,577460321.26607390,818487,16819.90159000,289542987.43642850,0
2023-01-09 08:00:00,17198.01000000,17285.48000000,17186.95000000,17238.93000000,38468.19722000,2023-01-09 11:59:59.999,663152771.38680400,982537,19404.82338000,334520046.85467430,0
2023-01-09 12:00:00,17239.47000000,17335.35000000,17190.74000000,17268.49000000,50514.03168000,2023-01-09 15:59:59.999,871715196.40043890,1198616,25244.36409000,435659290.32958900,0
2023-01-09 16:00:00,17268.49000000,17398.80000000,17268.02000000,17293.69000000,52520.91466000,2023-01-09 19:59:59.999,910585671.08808360,1206215,25056.01195000,434408959.70011060,0
2023-01-09 20:00:00,17294.19000000,17313.30000000,17128.00000000,17178.26000000,40362.87068000,2023-01-09 23:59:59.999,694710206.93587530,870040,19594.27791000,337250698.02544620,0
2023-01-10 00:00:00,17179.04000000,17235.00000000,17146.34000000,17205.72000000,30946.16910000,2023-01-10 03:59:59.999,532107388.78429190,752000,15371.47305000,264306569.88660360,0
2023-01-10 04:00:00,17205.31000000,17233.91000000,17189.15000000,17203.20000000,25989.57305000,2023-01-10 07:59:59.999,447260476.22481210,627958,12764.29711000,219667700.92249030,0
2023-01-10 08:00:00,17203.20000000,17286.02000000,17187.73000000,17252.89000000,31083.00421000,2023-01-10 11:59:59.999,536235340.32035730,830688,15253.16631000,263144026.92972950,0
2023-01-10 12:00:00,17252.89000000,17375.00000000,17212.14000000,17327.70000000,57523.36810000,2023-01-10 15:59:59.999,993814458.33326040,1300210,27924.42702000,482453734.13093010,0
2023-01-10 16:00:00,17327.70000000,17456.07000000,17282.00000000,17432.85000000,43079.81645000,2023-01-10 19:59:59.999,748222010.17283620,1077022,21787.71340000,378424375.54478300,0
2023-01-10 20:00:00,17432.85000000,17499.00000000,17403.73000000,17440.66000000,32760.49490000,2023-01-10 23:59:59.999,571607979.89554730,860873,16276.37917000,283999447.87307140,0
2023-01-11 00:00:00,17440.64000000,17510.00000000,17366.58000000,17416.14000000,31946.48480000,2023-01-11 03:59:59.999,557129363.95325210,818285,15852.86436000,276470007.02720690,0
2023-01-11 04:00:00,17416.49000000,17462.99000000,17388.00000000,17446.65000000,29726.89080000,2023-01-11 07:59:59.999,518004910.61120080,717936,14908.99515000,259794138.45530080,0
2023-01-11 08:00:00,17447.02000000,17472.15000000,17408.68000000,17437.75000000,29986.37534000,2023-01-11 11:59:59.999,523046137.58787440,752473,14396.19195000,251114592.64361920,0
2023-01-11 12:00:00,17437.75000000,17437.75000000,17315.60000000,17332.43000000,49062.38496000,2023-01-11 15:59:59.999,853608859.89012430,1073851,23770.42828000,413570346.14870190,0
2023-01-11 16:00:00,17331.90000000,17571.70000000,17320.42000000,17550.29000000,55789.51498000,2023-01-11 19:59:59.999,973820485.74604510,1052500,28029.82333000,489251089.16584770,0
2023-01-11 20:00:00,17549.62000000,18000.00000000,17508.86000000,17943.26000000,65709.95565000,2023-01-11 23:59:59.999,1161356189.47505310,1212419,32986.26623000,583167923.58858770,0
2023-01-12 00:00:00,17943.26000000,18385.71000000,17907.25000000,18224.68000000,82494.53271000,2023-01-12 03:59:59.999,1496967287.62964380,1496811,42025.39794000,762651229.12002490,0
2023-01-12 04:00:00,18224.68000000,18241.43000000,18075.19000000,18138.22000000,37256.18339000,2023-01-12 07:59:59.999,676716421.77838140,906793,18220.19592000,330943992.69460520,0
2023-01-12 08:00:00,18138.21000000,18222.59000000,18071.06000000,18200.80000000,34254.13454000,2023-01-12 11:59:59.999,621951965.84558370,935399,16546.55005000,300447397.06510040,0
2023-01-12 12:00:00,18200.80000000,18380.47000000,17892.05000000,18086.62000000,130706.45782000,2023-01-12 15:59:59.999,2372991707.39111190,2199095,64897.86905000,1178263850.26603020,0
2023-01-12 16:00:00,18087.28000000,19060.00000000,18054.61000000,18885.35000000,110884.45270000,2023-01-12 19:59:59.999,2066031400.58264740,2094894,56044.82352000,1044200491.49219120,0
2023-01-12 20:00:00,18885.35000000,19117.04000000,18762.00000000,18846.62000000,58972.56062000,2023-01-12 23:59:59.999,1113772424.61864150,1278381,29560.49524000,558306837.74490870,0
2023-01-13 00:00:00,18846.62000000,18887.00000000,18714.12000000,18876.37000000,41728.30446000,2023-01-13 03:59:59.999,785024578.97426680,1057949,20474.15349000,385172793.88211050,0
2023-01-13 04:00:00,18876.37000000,18883.79000000,18778.41000000,18824.25000000,33637.34382000,2023-01-13 07:59:59.999,633318401.09801460,884625,16198.90144000,304989121.65820460,0
2023-01-13 08:00:00,18825.00000000,19057.70000000,18810.01000000,18920.95000000,53635.34061000,2023-01-13 11:59:59.999,1014915141.20040250,1415187,26545.74769000,502336643.66967240,0
2023-01-13 12:00:00,18920.95000000,19310.91000000,18811.52000000,19261.19000000,84962.31802000,2023-01-13 15:59:59.999,1617777780.08406750,1664634,42284.03589000,805176091.33672550,0
2023-01-13 16:00:00,19261.19000000,19406.26000000,19060.15000000,19362.01000000,76088.31369000,2023-01-13 19:59:59.999,1464589232.67109810,1453964,37989.93435000,731269397.41158470,0
2023-01-13 20:00:00,19363.43000000,20000.00000000,19315.77000000,19930.01000000,78564.25763000,2023-01-13 23:59:59.999,1546008327.41688450,1545415,39956.12091000,786356842.34675960,0
2023-01-14 00:00:00,19930.01000000,21258.00000000,19888.05000000,20967.23000000,132906.52741000,2023-01-14 03:59:59.999,2759092530.98319130,2292855,67746.43426000,1406355000.72401090,0
2023-01-14 04:00:00,20967.23000000,21033.64000000,20777.37000000,20897.36000000,44676.34594000,2023-01-14 07:59:59.999,933843420.84821860,1210896,22094.67901000,461842390.17131080,0
2023-01-14 08:00:00,20897.36000000,21022.39000000,20225.06000000,20721.73000000,79770.25474000,2023-01-14 11:59:59.999,1644046743.05199730,1743831,39574.47229000,815611710.58933630,0
2023-01-14 12:00:00,20721.03000000,21200.00000000,20568.12000000,20786.74000000,70757.33684000,2023-01-14 15:59:59.999,1474769537.00975680,1570328,35466.39694000,739333157.15739550,0
2023-01-14 16:00:00,20785.85000000,20911.23000000,20660.00000000,20783.68000000,40261.90826000,2023-01-14 19:59:59.999,837169981.93473920,1007531,19851.10000000,412787001.78230260,0
2023-01-14 20:00:00,20783.68000000,21072.27000000,20758.00000000,20954.92000000,25541.37632000,2023-01-14 23:59:59.999,534149353.21828500,834104,13084.46959000,273638901.74606370,0
2023-01-15 00:00:00,20952.76000000,21001.84000000,20551.01000000,20719.09000000,38036.35096000,2023-01-15 03:59:59.999,789006902.81670950,1087245,18513.63643000,384054173.74487130,0
2023-01-15 04:00:00,20719.09000000,20789.58000000,20666.88000000,20735.69000000,20276.51594000,2023-01-15 07:59:59.999,420273216.99103880,690210,10137.83417000,210137602.47094970,0
2023-01-15 08:00:00,20735.69000000,20759.00000000,20573.13000000,20722.23000000,28650.05726000,2023-01-15 11:59:59.999,592453775.87799120,847332,14168.86859000,293020976.23652900,0
2023-01-15 12:00:00,20722.23000000,20994.05000000,20652.24000000,20908.28000000,32504.50894000,2023-01-15 15:59:59.999,675792243.08346870,904450,16404.87156000,341116260.41812380,0
2023-01-15 16:00:00,20906.97000000,21050.74000000,20665.00000000,20870.15000000,37663.66746000,2023-01-15 19:59:59.999,786128675.57981520,1009742,18564.68678000,387519118.57722870,0
2023-01-15 20:00:00,20870.15000000,20952.37000000,20746.39000000,20871.50000000,21411.12493000,2023-01-15 23:59:59.999,446871791.78994100,655375,10520.94155000,219588500.25616810,0
2023-01-16 00:00:00,20872.99000000,21439.59000000,20770.20000000,21075.68000000,65696.37043000,2023-01-16 03:59:59.999,1388089480.94561070,1462343,32913.17235000,695428103.40847680,0
2023-01-16 04:00:00,21074.80000000,21260.00000000,21037.64000000,21109.23000000,32932.04546000,2023-01-16 07:59:59.999,696038874.32641140,945582,16280.98407000,344130602.87882280,0
2023-01-16 08:00:00,21109.40000000,21113.22000000,20666.00000000,20817.56000000,49457.76438000,2023-01-16 11:59:59.999,1029376009.93838200,1173910,24144.64293000,502521096.95494950,0
2023-01-16 12:00:00,20816.63000000,21053.89000000,20611.48000000,20994.17000000,50011.28024000,2023-01-16 15:59:59.999,1043209232.31925280,1142493,24922.51463000,519943375.15287160,0
2023-01-16 16:00:00,20995.37000000,21414.42000000,20916.43000000,21308.57000000,57585.03731000,2023-01-16 19:59:59.999,1218402023.65730800,1245371,28780.07499000,608976957.42365630,0
2023-01-16 20:00:00,21307.29000000,21474.05000000,21048.16000000,21185.65000000,37395.58480000,2023-01-16 23:59:59.999,793538431.85567270,886735,18311.28045000,388597322.56657550,0
2023-01-17 00:00:00,21185.65000000,21299.04000000,20841.31000000,21124.57000000,43454.76384000,2023-01-17 03:59:59.999,916414989.40248990,1131927,21823.25467000,460250823.70839540,0
2023-01-17 04:00:00,21124.57000000,21236.62000000,21060.80000000,21133.65000000,27720.49973000,2023-01-17 07:59:59.999,585979397.88895430,848772,13637.58323000,288291889.84425580,0
2023-01-17 08:00:00,21133.65000000,21249.46000000,21082.48000000,21219.75000000,32766.90672000,2023-01-17 11:59:59.999,693505454.54743830,921682,16400.18207000,347123102.80672960,0
2023-01-17 12:00:00,21219.21000000,21647.45000000,21030.00000000,21176.06000000,87104.51182000,2023-01-17 15:59:59.999,1851412927.70757230,1649298,43636.22002000,927657883.87776480,0
2023-01-17 16:00:00,21176.06000000,21412.00000000,21084.00000000,21336.46000000,48658.53141000,2023-01-17 19:59:59.999,1033405270.18277010,1057413,24178.86622000,513573053.55718220,0
2023-01-17 20:00:00,21336.46000000,21413.15000000,21121.71000000,21134.81000000,35702.53057000,2023-01-17 23:59:59.999,759867729.76086840,831046,17445.53690000,371330420.45470270,0
2023-01-18 00:00:00,21132.29000000,21377.44000000,21103.15000000,21258.54000000,40301.19947000,2023-01-18 03:59:59.999,856180692.81407680,1048530,20200.42869000,429163460.29956260,0
2023-01-18 04:00:00,21257.00000000,21320.00000000,21228.54000000,21307.94000000,26697.42680000,2023-01-18 07:59:59.999,568070295.64014390,796591,13405.49147000,285250268.94756040,0
2023-01-18 08:00:00,21307.94000000,21316.77000000,21151.00000000,21204.67000000,33225.41111000,2023-01-18 11:59:59.999,705339178.32016150,940208,15951.14787000,338640574.85478050,0
2023-01-18 12:00:00,21204.67000000,21650.00000000,20842.00000000,21042.73000000,97538.81068000,2023-01-18 15:59:59.999,2080231128.90851520,1851053,48136.15769000,1026762744.73620380,0
2023-01-18 16:00:00,21042.73000000,21136.80000000,20407.15000000,20906.54000000,112546.34199000,2023-01-18 19:59:59.999,2346648248.11464480,2067882,55197.57608000,1150986773.89668600,0
2023-01-18 20:00:00,20905.37000000,20938.67000000,20624.02000000,20677.47000000,40606.82944000,2023-01-18 23:59:59.999,843249651.44918360,912909,20283.61510000,421233985.58142170,0
2023-01-19 00:00:00,20677.47000000,20817.85000000,20659.19000000,20748.04000000,37267.51378000,2023-01-19 03:59:59.999,772841131.95075450,975722,18621.79767000,386177449.38525070,0
2023-01-19 04:00:00,20748.04000000,20874.81000000,20742.71000000,20818.95000000,28848.62637000,2023-01-19 07:59:59.999,600655161.99116760,784863,14520.94471000,302345017.42854420,0
2023-01-19 08:00:00,20818.94000000,20846.75000000,20706.90000000,20743.72000000,35522.44033000,2023-01-19 11:59:59.999,737990949.07616120,893164,17226.63453000,357897020.92176340,0
2023-01-19 12:00:00,20744.17000000,20960.23000000,20660.80000000,20876.44000000,61331.76023000,2023-01-19 15:59:59.999,1275412088.01783730,1242651,30169.99749000,627401268.98869190,0
2023-01-19 16:00:00,20876.44000000,21142.07000000,20791.13000000,21090.95000000,51508.95942000,2023-01-19 19:59:59.999,1078719286.58586560,1049951,26043.96054000,545467406.22543680,0
2023-01-19 20:00:00,21092.10000000,21192.00000000,20919.31000000,21071.59000000,36906.54912000,2023-01-19 23:59:59.999,777405712.38941440,873581,18340.89942000,386341711.13934100,0
2023-01-20 00:00:00,21071.59000000,21219.60000000,21013.96000000,21087.74000000,37141.33047000,2023-01-20 03:59:59.999,783639312.16109960,922648,18623.09426000,392945351.86843160,0
2023-01-20 04:00:00,21087.74000000,21127.33000000,20861.28000000,20959.44000000,38475.43025000,2023-01-20 07:59:59.999,807649595.86990310,937110,18949.93043000,397790956.44511180,0
2023-01-20 08:00:00,20958.43000000,20993.99000000,20898.79000000,20963.51000000,33292.86295000,2023-01-20 11:59:59.999,697474455.39188750,865220,16534.87506000,346404907.31740140,0
2023-01-20 12:00:00,20963.34000000,21247.55000000,20955.53000000,21144.77000000,63718.57309000,2023-01-20 15:59:59.999,1344633977.12413400,1345225,31617.13804000,667229564.31314430,0
2023-01-20 16:00:00,21145.05000000,21529.00000000,21140.99000000,21496.67000000,68762.00358000,2023-01-20 19:59:59.999,1467815434.34001900,1391009,34778.81189000,742434604.29651010,0
2023-01-20 20:00:00,21496.67000000,22755.93000000,21495.75000000,22667.21000000,96688.93625000,2023-01-20 23:59:59.999,2154960114.82348950,1921223,49696.19901000,1107233514.03032940,0
2023-01-21 00:00:00,22666.00000000,22792.86000000,22422.00000000,22547.35000000,46689.92028000,2023-01-21 03:59:59.999,1054511739.18033900,1135159,23187.19616000,523707638.27246720,0
2023-01-21 04:00:00,22547.83000000,22670.00000000,22514.60000000,22638.36000000,31004.20655000,2023-01-21 07:59:59.999,700765220.94562470,864584,15291.45179000,345627559.01135580,0
2023-01-21 08:00:00,22638.36000000,23335.77000000,22595.23000000,22905.65000000,102373.50511000,2023-01-21 11:59:59.999,2343025888.39811770,1948623,51448.54481000,1177503644.72230450,0
2023-01-21 12:00:00,22907.01000000,23280.00000000,22851.94000000,22998.90000000,60494.75835000,2023-01-21 15:59:59.999,1392598704.93691030,1391764,30189.54448000,695018034.00592060,0
2023-01-21 16:00:00,22998.90000000,23371.80000000,22980.00000000,23270.50000000,62208.75289000,2023-01-21 19:59:59.999,1442942861.05895720,1395460,31421.78812000,728914071.93985330,0
2023-01-21 20:00:00,23270.97000000,23299.55000000,22680.73000000,22783.55000000,43674.34114000,2023-01-21 23:59:59.999,1005090754.01206460,1060930,21124.64595000,486145726.45106170,0
2023-01-22 00:00:00,22783.35000000,22979.88000000,22602.55000000,22758.30000000,43093.66569000,2023-01-22 03:59:59.999,982166391.15030040,1176975,21500.39270000,490064955.06715150,0
2023-01-22 04:00:00,22759.08000000,22967.33000000,22716.72000000,22895.20000000,29768.68658000,2023-01-22 07:59:59.999,680907598.24312290,844141,14816.71694000,338898113.81686990,0
2023-01-22 08:00:00,22895.49000000,22938.12000000,22726.02000000,22783.61000000,31739.49190000,2023-01-22 11:59:59.999,725441128.70099570,881437,15799.30876000,361106286.92512200,0
2023-01-22 12:00:00,22784.74000000,23078.71000000,22645.59000000,22794.51000000,49271.02796000,2023-01-22 15:59:59.999,1126572537.32544460,1305162,24495.65688000,560130892.41302320,0
2023-01-22 16:00:00,22794.63000000,22959.71000000,22687.13000000,22722.15000000,41105.52201000,2023-01-22 19:59:59.999,938840500.12819830,1091398,20234.69654000,462200020.58165220,0
2023-01-22 20:00:00,22721.88000000,22773.89000000,22292.37000000,22707.88000000,58599.35872000,2023-01-22 23:59:59.999,1321624165.99605850,1304714,28996.14481000,654009551.91875170,0
2023-01-23 00:00:00,22706.02000000,22826.46000000,22646.43000000,22661.02000000,36139.99774000,2023-01-23 03:59:59.999,821585855.26068320,1035110,17847.49043000,405749803.20721840,0
2023-01-23 04:00:00,22661.02000000,22794.33000000,22600.14000000,22695.90000000,33194.26530000,2023-01-23 07:59:59.999,754361825.81021070,931904,16327.22319000,371058386.83441320,0
2023-01-23 08:00:00,22696.61000000,22957.25000000,22662.38000000,22904.58000000,38266.29469000,2023-01-23 11:59:59.999,873250970.67147690,1079599,19269.67516000,439747319.05481080,0
2023-01-23 12:00:00,22904.58000000,23115.00000000,22500.00000000,22853.14000000,80367.50864000,2023-01-23 15:59:59.999,1833668401.57099150,1770467,39792.85924000,908013729.36170200,0
2023-01-23 16:00:00,22855.44000000,23180.00000000,22654.00000000,22792.47000000,71278.43489000,2023-01-23 19:59:59.999,1634076694.32986240,1599037,35476.04073000,813408332.54637300,0
2023-01-23 20:00:00,22792.47000000,23044.56000000,22753.71000000,22916.45000000,34341.87812000,2023-01-23 23:59:59.999,787247548.33245600,842538,17141.42061000,392950133.47909280,0
2023-01-24 00:00:00,22917.81000000,23144.76000000,22864.67000000,23079.27000000,41432.57478000,2023-01-24 03:59:59.999,953862921.48960440,1063187,20916.22365000,481556419.50761310,0
2023-01-24 04:00:00,23079.87000000,23162.20000000,23006.98000000,23054.08000000,34450.19326000,2023-01-24 07:59:59.999,795650689.52576710,905478,16918.16394000,390743875.28666560,0
2023-01-24 08:00:00,23054.70000000,23090.25000000,22770.00000000,22917.66000000,46085.15863000,2023-01-24 11:59:59.999,1056623160.83745230,1155108,22467.73170000,515155287.69096090,0
2023-01-24 12:00:00,22917.11000000,23035.31000000,22711.00000000,22931.36000000,64690.98641000,2023-01-24 15:59:59.999,1480417525.11379050,1609615,32045.13545000,733375995.32078380,0
2023-01-24 16:00:00,22931.36000000,23079.00000000,22785.59000000,23018.53000000,44205.31571000,2023-01-24 19:59:59.999,1014105624.37271920,1176741,21777.17356000,499627709.16858600,0
2023-01-24 20:00:00,23017.73000000,23080.45000000,22462.93000000,22632.89000000,62294.55375000,2023-01-24 23:59:59.999,1420773041.23450790,1485455,30115.41526000,686948055.16397030,0
2023-01-25 00:00:00,22631.94000000,22715.06000000,22300.00000000,22643.61000000,56101.10349000,2023-01-25 03:59:59.999,1265348858.04313770,1211382,27719.68370000,625229123.78962720,0
2023-01-25 04:00:00,22643.04000000,22772.00000000,22606.04000000,22712.45000000,30093.23392000,2023-01-25 07:59:59.999,682543092.01964550,808555,14850.38922000,336827231.17695210,0
2023-01-25 08:00:00,22711.85000000,22739.11000000,22475.00000000,22598.47000000,39000.61252000,2023-01-25 11:59:59.999,882280733.21990260,997584,19053.15087000,431022084.87391660,0
2023-01-25 12:00:00,22598.45000000,22745.00000000,22335.00000000,22577.86000000,70513.75269000,2023-01-25 15:59:59.999,1591756073.70916130,1563666,35236.59405000,795488306.57693600,0
2023-01-25 16:00:00,22578.79000000,22765.30000000,22510.00000000,22748.86000000,50906.47279000,2023-01-25 19:59:59.999,1152282150.46782250,1195211,25445.54887000,576016833.75804640,0
2023-01-25 20:00:00,22749.97000000,23816.73000000,22749.93000000,23060.94000000,99427.65682000,2023-01-25 23:59:59.999,2301379451.65616760,2284048,50342.53444000,1165238193.78963910,0
2023-01-26 00:00:00,23060.42000000,23282.47000000,23041.14000000,23136.16000000,49167.22282000,2023-01-26 03:59:59.999,1139350996.87439520,1181615,24382.35016000,565017191.89522270,0
2023-01-26 04:00:00,23136.16000000,23197.80000000,22897.17000000,22966.73000000,45284.94138000,2023-01-26 07:59:59.999,1045313205.38168250,1056955,22324.70685000,515367122.36229560,0
2023-01-26 08:00:00,22965.81000000,23048.49000000,22850.01000000,22992.94000000,39326.24520000,2023-01-26 11:59:59.999,903134097.80435210,1004754,19415.09344000,445897696.94796770,0
2023-01-26 12:00:00,22992.09000000,23250.00000000,22880.95000000,22958.02000000,81188.23496000,2023-01-26 15:59:59.999,1873618782.54192340,1796432,40312.82066000,930389482.03034720,0
2023-01-26 16:00:00,22955.16000000,23106.51000000,22853.81000000,23070.00000000,43604.15119000,2023-01-26 19:59:59.999,1003298141.40318210,1233906,21566.61377000,496265013.38123370,0
2023-01-26 20:00:00,23068.57000000,23195.00000000,22963.07000000,23009.65000000,30353.64026000,2023-01-26 23:59:59.999,699877244.33239290,907424,15183.49853000,350127764.43410780,0
2023-01-27 00:00:00,23009.65000000,23076.62000000,22534.88000000,22772.62000000,46182.87922000,2023-01-27 03:59:59.999,1053211965.99878100,1110420,22665.14454000,516887561.51154150,0
2023-01-27 04:00:00,22772.20000000,23100.00000000,22760.64000000,23072.77000000,38724.86560000,2023-01-27 07:59:59.999,888702025.09233390,910022,19607.52158000,449976921.65148760,0
2023-01-27 08:00:00,23072.29000000,23083.87000000,22903.03000000,22967.47000000,33552.11913000,2023-01-27 11:59:59.999,770463976.45093700,871225,16362.79934000,375752054.96282270,0
2023-01-27 12:00:00,22967.48000000,23148.00000000,22841.19000000,22933.96000000,62813.27522000,2023-01-27 15:59:59.999,1442976511.83220560,1593547,30975.13421000,711610312.62590470,0
2023-01-27 16:00:00,22932.20000000,23284.32000000,22924.01000000,23253.06000000,49014.72696000,2023-01-27 19:59:59.999,1134420791.66980470,1285785,25195.08712000,583151255.24907630,0
2023-01-27 20:00:00,23253.06000000,23500.00000000,22951.33000000,23074.16000000,50545.99702000,2023-01-27 23:59:59.999,1171932484.00985290,1308097,24893.58959000,577245664.84420740,0
2023-01-28 00:00:00,23074.16000000,23189.00000000,23042.54000000,23117.44000000,24315.16020000,2023-01-28 03:59:59.999,561882363.67838610,746255,12103.65946000,279707955.52739210,0
2023-01-28 04:00:00,23117.44000000,23133.40000000,22951.01000000,22991.51000000,24728.27850000,2023-01-28 07:59:59.999,569928491.09198350,712913,12425.75519000,286392749.35460760,0
2023-01-28 08:00:00,22991.86000000,23017.27000000,22905.00000000,22981.51000000,25675.38157000,2023-01-28 11:59:59.999,590096454.69658480,732038,12742.47418000,292871944.21945730,0
2023-01-28 12:00:00,22981.51000000,23044.12000000,22878.46000000,23012.54000000,33451.32025000,2023-01-28 15:59:59.999,768126017.41893980,879065,16643.89748000,382209830.33677520,0
2023-01-28 16:00:00,23012.02000000,23052.82000000,22975.00000000,23039.35000000,20431.10042000,2023-01-28 19:59:59.999,470233986.94053480,571641,10297.25785000,237006260.67751840,0
2023-01-28 20:00:00,23039.35000000,23042.91000000,22942.00000000,23022.60000000,19514.46991000,2023-01-28 23:59:59.999,448718097.49015710,539904,9648.79150000,221868763.63378830,0
2023-01-29 00:00:00,23021.40000000,23492.00000000,22967.76000000,23193.43000000,52580.79543000,2023-01-29 03:59:59.999,1220408604.61528390,1250575,27142.65327000,630034714.41573970,0
2023-01-29 04:00:00,23194.27000000,23268.51000000,23144.99000000,23203.86000000,24988.12880000,2023-01-29 07:59:59.999,579917679.70170390,604791,12350.71178000,286637426.51418400,0
2023-01-29 08:00:00,23203.39000000,23605.74000000,23153.64000000,23432.17000000,55739.69077000,2023-01-29 11:59:59.999,1301572601.92127750,1214805,28440.53912000,664183258.52172630,0
2023-01-29 12:00:00,23431.39000000,23666.00000000,23350.47000000,23525.09000000,54723.54894000,2023-01-29 15:59:59.999,1286676417.31992950,1237701,27469.42045000,645880036.48936210,0
2023-01-29 16:00:00,23525.09000000,23960.54000000,23472.00000000,23897.84000000,66296.44216000,2023-01-29 19:59:59.999,1569959464.92589710,1584103,33710.83542000,798392551.53317810,0
2023-01-29 20:00:00,23896.65000000,23910.60000000,23600.00000000,23742.30000000,41360.18594000,2023-01-29 23:59:59.999,983388185.65231450,1138862,20393.34606000,484898685.32552720,0
2023-01-30 00:00:00,23743.37000000,23800.51000000,23567.10000000,23701.44000000,36904.38643000,2023-01-30 03:59:59.999,873825126.26689920,1060669,18153.87757000,429857531.96714600,0
2023-01-30 04:00:00,23700.78000000,23769.32000000,23599.15000000,23642.81000000,31345.83274000,2023-01-30 07:59:59.999,742713408.92766330,843255,15531.44979000,368021780.01750900,0
2023-01-30 08:00:00,23642.81000000,23676.98000000,23017.00000000,23077.47000000,72543.62927000,2023-01-30 11:59:59.999,1691183267.80298770,1685648,35180.55894000,820133254.80868560,0
2023-01-30 12:00:00,23077.47000000,23301.82000000,22962.68000000,23178.51000000,58389.64648000,2023-01-30 15:59:59.999,1350749690.76537340,1520073,29386.75920000,679872148.08273480,0
2023-01-30 16:00:00,23178.51000000,23248.86000000,22627.90000000,22784.86000000,58798.23417000,2023-01-30 19:59:59.999,1352634998.69031130,1501717,28806.28721000,662713351.14635380,0
2023-01-30 20:00:00,22784.86000000,22840.69000000,22500.00000000,22826.15000000,44424.17212000,2023-01-30 23:59:59.999,1009620746.60641770,1178862,22037.59795000,500894841.15017660,0
2023-01-31 00:00:00,22827.38000000,22913.71000000,22714.77000000,22835.01000000,35131.51516000,2023-01-31 03:59:59.999,802119133.58172770,928687,17324.70589000,395563495.33748850,0
2023-01-31 04:00:00,22835.46000000,22989.48000000,22743.05000000,22978.24000000,35466.16773000,2023-01-31 07:59:59.999,810437634.13512320,891132,17909.77733000,409274334.13770320,0
2023-01-31 08:00:00,22978.24000000,22996.84000000,22810.03000000,22865.43000000,35127.03829000,2023-01-31 11:59:59.999,804058376.92730810,976945,17398.57173000,398259664.44699540,0
2023-01-31 12:00:00,22865.97000000,23206.84000000,22851.01000000,23121.80000000,64918.10238000,2023-01-31 15:59:59.999,1496797891.49553280,1558731,32921.92394000,759107140.40228200,0
2023-01-31 16:00:00,23121.80000000,23221.14000000,23081.08000000,23163.88000000,42055.90095000,2023-01-31 19:59:59.999,973084684.72306380,1129088,21066.15173000,487457968.29199250,0
2023-01-31 20:00:00,23162.99000000,23320.00000000,22812.69000000,23125.13000000,51950.62458000,2023-01-31 23:59:59.999,1197361203.67572960,1313828,26406.99655000,608706403.62423750,0
2023-02-01 00:00:00,23125.13000000,23184.29000000,22997.10000000,23130.19000000,35705.95217000,2023-02-01 03:59:59.999,824652163.84581580,949325,17805.97363000,411262696.75288450,0
2023-02-01 04:00:00,23130.70000000,23167.39000000,23017.07000000,23076.68000000,32517.47391000,2023-02-01 07:59:59.999,751412162.48220590,906788,16038.41758000,370628436.04494930,0
2023-02-01 08:00:00,23076.67000000,23100.00000000,22919.33000000,23077.52000000,37238.66144000,2023-02-01 11:59:59.999,856896336.53788890,1013473,18507.94481000,425902462.89820930,0
2023-02-01 12:00:00,23078.43000000,23144.85000000,22938.36000000,22979.73000000,53826.35919000,2023-02-01 15:59:59.999,1241877891.45062500,1321593,26427.01369000,609750674.75466950,0
2023-02-01 16:00:00,22979.73000000,23494.77000000,22760.23000000,23385.99000000,77933.60595000,2023-02-01 19:59:59.999,1799499856.87834530,1927628,39199.67264000,905245923.29134500,0
2023-02-01 20:00:00,23385.99000000,23812.66000000,23320.01000000,23732.66000000,73568.37005000,2023-02-01 23:59:59.999,1738203591.13021830,1744406,38128.56243000,900939958.97706950,0
2023-02-02 00:00:00,23731.41000000,24255.00000000,23690.02000000,23848.60000000,61426.43407000,2023-02-02 03:59:59.999,1471232378.97592780,1557565,31190.10489000,747054965.70592990,0
2023-02-02 04:00:00,23848.60000000,23921.10000000,23658.20000000,23781.12000000,36774.35541000,2023-02-02 07:59:59.999,875927513.46635380,1011168,18178.57714000,433023754.76186130,0
2023-02-02 08:00:00,23780.65000000,23852.75000000,23750.00000000,23820.49000000,34341.74510000,2023-02-02 11:59:59.999,817447910.38576820,922789,17395.45860000,414081041.37918120,0
2023-02-02 12:00:00,23820.49000000,23945.68000000,23525.00000000,23839.50000000,83485.59583000,2023-02-02 15:59:59.999,1983641128.77510240,1908633,41606.52113000,988610973.24338620,0
2023-02-02 16:00:00,23839.50000000,24144.62000000,23725.76000000,23802.57000000,83227.45056000,2023-02-02 19:59:59.999,1989181603.13235310,2027233,41615.41003000,994705182.35627350,0
2023-02-02 20:00:00,23802.57000000,23924.81000000,23363.27000000,23488.94000000,64921.62654000,2023-02-02 23:59:59.999,1536266311.06960630,1674912,31828.13139000,753239996.45996150,0
2023-02-03 00:00:00,23489.33000000,23590.11000000,23411.47000000,23534.18000000,41608.93455000,2023-02-03 03:59:59.999,978539186.96187790,1117916,20740.41814000,487768358.19634220,0
2023-02-03 04:00:00,23533.64000000,23566.18000000,23447.25000000,23456.23000000,34988.87578000,2023-02-03 07:59:59.999,822792094.34985360,873422,17633.70499000,414682468.20202980,0
2023-02-03 08:00:00,23456.22000000,23541.70000000,23322.30000000,23534.13000000,47896.72547000,2023-02-03 11:59:59.999,1122117254.39864130,1126205,24203.64521000,567055832.11154190,0
2023-02-03 12:00:00,23533.32000000,23710.80000000,23227.16000000,23603.36000000,102225.36461000,2023-02-03 15:59:59.999,2399805757.77625010,2218076,51020.01385000,1197728887.52864440,0
2023-02-03 16:00:00,23604.62000000,23715.70000000,23300.76000000,23307.99000000,68730.83213000,2023-02-03 19:59:59.999,1615780627.71673970,1670375,34061.52522000,800819266.84727890,0
2023-02-03 20:00:00,23308.05000000,23472.00000000,23204.62000000,23431.90000000,37120.29650000,2023-02-03 23:59:59.999,867455978.71081860,1001852,18484.02505000,431987277.63052790,0
2023-02-04 00:00:00,23431.90000000,23465.15000000,23331.16000000,23343.43000000,25040.05526000,2023-02-04 03:59:59.999,585913781.03240550,766118,12224.98722000,286062996.76688100,0
2023-02-04 04:00:00,23343.12000000,23361.33000000,23253.96000000,23329.18000000,24999.77578000,2023-02-04 07:59:59.999,583002902.89177570,736303,12165.23305000,283704005.85189430,0
2023-02-04 08:00:00,23329.18000000,23376.27000000,23292.19000000,23363.76000000,23614.83087000,2023-02-04 11:59:59.999,551074057.93983650,659195,11828.55622000,276036497.42806760,0
2023-02-04 12:00:00,23364.14000000,23587.78000000,23340.44000000,23421.45000000,41379.54799000,2023-02-04 15:59:59.999,970864354.63606230,1119177,20936.00253000,491230607.67075220,0
2023-02-04 16:00:00,23421.45000000,23472.50000000,23358.57000000,23425.89000000,26883.53409000,2023-02-04 19:59:59.999,629733369.76293430,848807,13225.54795000,309813536.90250030,0
2023-02-04 20:00:00,23425.28000000,23449.96000000,23259.62000000,23326.84000000,24208.72896000,2023-02-04 23:59:59.999,566189141.53303650,722804,11483.60448000,268595853.06885590,0
2023-02-05 00:00:00,23327.66000000,23371.99000000,23230.00000000,23344.53000000,27050.82035000,2023-02-05 03:59:59.999,630639411.57032800,808050,13618.23512000,317495245.34629030,0
2023-02-05 04:00:00,23344.53000000,23433.33000000,23326.23000000,23377.40000000,20474.72317000,2023-02-05 07:59:59.999,478535484.14916110,556550,10315.32744000,241093651.61440190,0
2023-02-05 08:00:00,23377.03000000,23419.74000000,23345.00000000,23356.33000000,24127.72175000,2023-02-05 11:59:59.999,564113060.45384350,655138,12039.18044000,281486110.01807470,0
2023-02-05 12:00:00,23356.86000000,23374.80000000,23000.01000000,23096.16000000,51552.20203000,2023-02-05 15:59:59.999,1194995919.60362010,1381363,25345.22838000,587509161.80833660,0
2023-02-05 16:00:00,23096.92000000,23157.75000000,22743.00000000,22891.80000000,56584.15419000,2023-02-05 19:59:59.999,1298872134.28873690,1533209,27858.28292000,639538904.02239440,0
2023-02-05 20:00:00,22892.65000000,23030.00000000,22795.01000000,22932.91000000,29461.71768000,2023-02-05 23:59:59.999,675307006.76824420,969606,14708.96882000,337163548.31083580,0
2023-02-06 00:00:00,22932.91000000,23094.92000000,22823.00000000,22895.48000000,29572.88535000,2023-02-06 03:59:59.999,679338265.54444990,936318,14892.05441000,342107674.57158880,0
2023-02-06 04:00:00,22895.48000000,22928.20000000,22628.13000000,22879.69000000,39216.01093000,2023-02-06 07:59:59.999,894100627.91193160,1024064,19498.90269000,444562461.77456040,0
2023-02-06 08:00:00,22880.91000000,22939.99000000,22735.46000000,22878.23000000,40012.24453000,2023-02-06 11:59:59.999,913875141.52150190,1024229,20037.31969000,457658353.09593720,0
2023-02-06 12:00:00,22878.23000000,23054.66000000,22745.01000000,23041.39000000,58692.68023000,2023-02-06 15:59:59.999,1341582562.70861000,1450852,29593.08814000,676489126.42643100,0
2023-02-06 16:00:00,23042.86000000,23158.25000000,22921.25000000,23031.03000000,56494.24898000,2023-02-06 19:59:59.999,1301416336.59196640,1439392,28220.43732000,650110446.38688820,0
2023-02-06 20:00:00,23030.29000000,23032.13000000,22638.00000000,22762.52000000,41383.53688000,2023-02-06 23:59:59.999,945737833.83857840,1081540,20108.72764000,459542912.36912440,0
2023-02-07 00:00:00,22762.52000000,22897.67000000,22745.78000000,22877.99000000,33497.36874000,2023-02-07 03:59:59.999,764950851.83058330,989272,16852.33945000,384842435.48315540,0
2023-02-07 04:00:00,22877.99000000,22986.71000000,22861.45000000,22910.91000000,36499.34993000,2023-02-07 07:59:59.999,836452214.03108980,949091,18303.56693000,419472266.37772750,0
2023-02-07 08:00:00,22910.91000000,23064.56000000,22862.85000000,22977.24000000,44279.99243000,2023-02-07 11:59:59.999,1016574508.76459120,1130934,22113.81311000,507707738.77096520,0
2023-02-07 12:00:00,22977.24000000,23042.00000000,22876.35000000,22904.89000000,52432.35114000,2023-02-07 15:59:59.999,1204492678.13052350,1314630,26182.69765000,601505797.15585760,0
2023-02-07 16:00:00,22904.89000000,23350.25000000,22769.05000000,23091.90000000,97115.49334000,2023-02-07 19:59:59.999,2238420227.20861910,2468866,48858.10737000,1126237314.79633400,0
2023-02-07 20:00:00,23092.87000000,23309.29000000,23029.11000000,23240.46000000,44182.16924000,2023-02-07 23:59:59.999,1025038656.49144260,1441085,22302.72293000,517444233.93132900,0
2023-02-08 00:00:00,23242.42000000,23452.00000000,23225.19000000,23255.34000000,40305.77589000,2023-02-08 03:59:59.999,938908500.71886230,1336973,20409.33092000,475451744.03005700,0
2023-02-08 04:00:00,23255.34000000,23287.30000000,23183.17000000,23232.68000000,31403.38319000,2023-02-08 07:59:59.999,729412869.50486920,929856,15543.29806000,361037136.16463480,0
2023-02-08 08:00:00,23233.23000000,23239.44000000,23132.21000000,23159.07000000,34433.80696000,2023-02-08 11:59:59.999,798304838.21243740,1055102,17173.60254000,398156105.00872090,0
2023-02-08 12:00:00,23159.07000000,23199.58000000,22857.00000000,22872.28000000,65167.42448000,2023-02-08 15:59:59.999,1501897018.38646890,1799074,31790.95755000,732721724.02990050,0
2023-02-08 16:00:00,22871.28000000,23042.95000000,22665.85000000,22874.89000000,73007.67562000,2023-02-08 19:59:59.999,1670755841.44611880,1869036,35912.08244000,821866282.60553210,0
2023-02-08 20:00:00,22873.90000000,22980.30000000,22778.93000000,22963.00000000,35738.24103000,2023-02-08 23:59:59.999,818306579.55189780,906392,17798.45485000,407550927.79127730,0
2023-02-09 00:00:00,22961.85000000,23011.39000000,22424.48000000,22518.44000000,65154.16827000,2023-02-09 03:59:59.999,1481660862.64045370,1663808,31834.84996000,723968702.32894620,0
2023-02-09 04:00:00,22519.56000000,22737.48000000,22353.71000000,22676.41000000,55075.60069000,2023-02-09 07:59:59.999,1244396002.54702200,1476544,27392.43110000,618934350.03842560,0
2023-02-09 08:00:00,22676.41000000,22770.00000000,22663.32000000,22685.79000000,41696.32449000,2023-02-09 11:59:59.999,946843482.79812730,1195775,20722.58214000,470585174.08608670,0
2023-02-09 12:00:00,22685.79000000,22831.41000000,22556.32000000,22610.94000000,74349.41042000,2023-02-09 15:59:59.999,1687418229.19820580,1802006,37212.24312000,844646898.60676700,0
2023-02-09 16:00:00,22610.94000000,22623.41000000,21881.00000000,22032.71000000,93051.22660000,2023-02-09 19:59:59.999,2082881080.81150580,1980296,45757.21419000,1024363790.71631420,0
2023-02-09 20:00:00,22030.99000000,22084.46000000,21688.00000000,21796.35000000,73567.96503000,2023-02-09 23:59:59.999,1609773669.20184780,1665862,36390.36323000,796301510.52631790,0
2023-02-10 00:00:00,21797.83000000,21938.16000000,21756.00000000,21825.59000000,44103.28784000,2023-02-10 03:59:59.999,964037088.48611860,1036333,22229.43840000,485906727.96332800,0
2023-02-10 04:00:00,21825.59000000,21926.20000000,21622.40000000,21911.71000000,57049.51366000,2023-02-10 07:59:59.999,1244683470.92981340,1178907,28187.25447000,615009315.89035310,0
2023-02-10 08:00:00,21910.61000000,21926.91000000,21713.96000000,21733.52000000,53475.20812000,2023-02-10 11:59:59.999,1167792026.33779390,1073859,26085.02763000,569664577.39253790,0
2023-02-10 12:00:00,21732.63000000,21901.24000000,21520.00000000,21654.09000000,79689.38726000,2023-02-10 15:59:59.999,1735230155.36879760,1546535,39562.14461000,861527698.00883160,0
2023-02-10 16:00:00,21652.75000000,21799.00000000,21558.13000000,21771.09000000,59831.97353000,2023-02-10 19:59:59.999,1296604073.51582670,1202507,29759.47146000,644944681.14674390,0
2023-02-10 20:00:00,21772.26000000,21790.92000000,21451.00000000,21625.19000000,44442.57206000,2023-02-10 23:59:59.999,961109580.26830430,955534,21596.33280000,467034094.30487440,0
2023-02-11 00:00:00,21625.19000000,21725.95000000,21599.78000000,21678.56000000,33397.44640000,2023-02-11 03:59:59.999,723322788.45824560,830205,16605.17156000,359646227.46523930,0
2023-02-11 04:00:00,21678.56000000,21715.38000000,21640.03000000,21692.63000000,26123.14402000,2023-02-11 07:59:59.999,566286244.19571810,663186,12932.41440000,280350812.33591880,0
2023-02-11 08:00:00,21692.63000000,21705.00000000,21658.01000000,21697.44000000,26681.07439000,2023-02-11 11:59:59.999,578577643.71187800,655915,13167.69669000,285546528.46967990,0
2023-02-11 12:00:00,21697.44000000,21777.54000000,21662.11000000,21735.78000000,33330.44499000,2023-02-11 15:59:59.999,724266818.59525630,739601,16441.47896000,357280896.73520890,0
2023-02-11 16:00:00,21735.78000000,21737.89000000,21618.23000000,21662.63000000,26494.56227000,2023-02-11 19:59:59.999,574493104.27407370,614188,13004.46874000,281984704.61380270,0
2023-02-11 20:00:00,21662.36000000,21906.32000000,21645.21000000,21862.55000000,30994.91226000,2023-02-11 23:59:59.999,675054298.56240850,704845,15786.72935000,343829400.15996050,0
2023-02-12 00:00:00,21862.02000000,21890.16000000,21766.00000000,21781.38000000,25750.93181000,2023-02-12 03:59:59.999,561692952.23257260,641918,12836.00570000,279991755.63442910,0
2023-02-12 04:00:00,21781.38000000,21817.15000000,21761.04000000,21798.42000000,24728.18422000,2023-02-12 07:59:59.999,538914454.16416310,569982,12391.03178000,270047481.18488890,0
2023-02-12 08:00:00,21798.42000000,21960.00000000,21798.01000000,21888.31000000,32585.21424000,2023-02-12 11:59:59.999,712268491.21233580,718062,16298.95680000,356277923.50288180,0
2023-02-12 12:00:00,21888.31000000,21995.60000000,21756.04000000,21945.30000000,41637.68020000,2023-02-12 15:59:59.999,910799398.25165620,875635,20647.69579000,451674334.46676330,0
2023-02-12 16:00:00,21944.14000000,22090.00000000,21914.07000000,21997.18000000,38167.26838000,2023-02-12 19:59:59.999,839454938.23450410,828471,18759.36844000,412590690.29335390,0
2023-02-12 20:00:00,21997.18000000,22028.78000000,21630.00000000,21783.54000000,41566.37278000,2023-02-12 23:59:59.999,906692207.34197000,927835,20261.28848000,441963596.01079740,0
2023-02-13 00:00:00,21782.37000000,21876.43000000,21622.47000000,21808.60000000,45008.50280000,2023-02-13 03:59:59.999,979006284.18493940,1043782,22464.77062000,488667156.59252420,0
2023-02-13 04:00:00,21808.60000000,21894.99000000,21792.86000000,21867.69000000,29927.77153000,2023-02-13 07:59:59.999,653633724.99685370,715573,15068.69402000,329112425.45624550,0
2023-02-13 08:00:00,21867.74000000,21874.97000000,21433.00000000,21603.11000000,71030.04136000,2023-02-13 11:59:59.999,1536341930.57557250,1417759,35164.68968000,760605984.60033620,0
2023-02-13 12:00:00,21602.80000000,21701.34000000,21556.00000000,21563.02000000,51668.73309000,2023-02-13 15:59:59.999,1117659282.08859110,1116738,25471.44932000,550993947.54102440,0
2023-02-13 16:00:00,21561.84000000,21678.00000000,21351.07000000,21607.81000000,62803.51308000,2023-02-13 19:59:59.999,1352943797.25182590,1305594,30835.98210000,664353434.93024960,0
2023-02-13 20:00:00,21607.81000000,21845.79000000,21559.95000000,21773.97000000,35292.20605000,2023-02-13 23:59:59.999,765228739.17184720,904165,18215.79995000,394999881.07906270,0
2023-02-14 00:00:00,21774.63000000,21816.62000000,21677.47000000,21700.42000000,31230.75357000,2023-02-14 03:59:59.999,678703079.54554460,791230,15399.79831000,334674543.11072550,0
2023-02-14 04:00:00,21700.42000000,21789.46000000,21684.59000000,21768.48000000,31733.58592000,2023-02-14 07:59:59.999,689707460.83371510,700544,16261.93631000,353450242.90392360,0
2023-02-14 08:00:00,21767.56000000,21875.42000000,21666.39000000,21809.81000000,44954.45087000,2023-02-14 11:59:59.999,978618327.14057760,1024310,22663.19569000,493384329.10977350,0
2023-02-14 12:00:00,21809.81000000,22319.08000000,21532.77000000,22041.45000000,136833.56633000,2023-02-14 15:59:59.999,2998074618.42315990,2580914,68755.51316000,1506534773.54459680,0
2023-02-14 16:00:00,22040.52000000,22245.00000000,21917.31000000,22208.65000000,77894.26418000,2023-02-14 19:59:59.999,1720178719.57634390,1681156,39189.78930000,865500673.99885250,0
2023-02-14 20:00:00,22207.96000000,22285.00000000,22122.70000000,22199.84000000,39311.78022000,2023-02-14 23:59:59.999,873103271.27274270,917773,19736.48285000,438356479.23451070,0
2023-02-15 00:00:00,22199.84000000,22200.88000000,22047.28000000,22099.49000000,36360.45775000,2023-02-15 03:59:59.999,804355078.71053260,921553,17790.37048000,393558948.89174570,0
2023-02-15 04:00:00,22099.13000000,22199.29000000,22072.55000000,22109.89000000,32290.25159000,2023-02-15 07:59:59.999,714300767.04961130,726251,16117.50710000,356551275.44936030,0
2023-02-15 08:00:00,22109.89000000,22500.00000000,22089.11000000,22445.13000000,49264.71292000,2023-02-15 11:59:59.999,1095152272.27117400,1104193,25085.32804000,557650638.85301420,0
2023-02-15 12:00:00,22444.28000000,22916.98000000,22443.24000000,22809.46000000,100777.72923000,2023-02-15 15:59:59.999,2289809849.69956590,1980592,50387.57580000,1144842382.61211120,0
2023-02-15 16:00:00,22809.46000000,23353.87000000,22745.03000000,23318.90000000,70218.08957000,2023-02-15 19:59:59.999,1614474415.88379280,1526572,35883.49613000,825272134.72366870,0
2023-02-15 20:00:00,23320.18000000,24380.00000000,23296.30000000,24324.05000000,86757.92005000,2023-02-15 23:59:59.999,2086041310.04849430,2076389,45533.87765000,1094471386.57371340,0
2023-02-16 00:00:00,24322.87000000,24905.00000000,24278.58000000,24732.42000000,58850.15163000,2023-02-16 03:59:59.999,1450419623.36617490,1672575,29727.58885000,732592041.80539990,0
2023-02-16 04:00:00,24731.60000000,24756.35000000,24430.12000000,24612.95000000,48051.21682000,2023-02-16 07:59:59.999,1184116220.39559000,1318488,23908.22874000,589156794.63188700,0
2023-02-16 08:00:00,24611.51000000,24664.49000000,24509.07000000,24568.55000000,39484.86925000,2023-02-16 11:59:59.999,971358839.62253850,1291520,19517.07235000,480150196.29672840,0
2023-02-16 12:00:00,24567.93000000,25091.00000000,24283.35000000,25072.67000000,101794.47626000,2023-02-16 15:59:59.999,2500264105.81590650,2339334,51838.76008000,1273555023.11489910,0
2023-02-16 16:00:00,25072.67000000,25250.00000000,24606.14000000,24872.58000000,108806.09222000,2023-02-16 19:59:59.999,2709178305.31350940,2313061,54697.24005000,1362057512.71812030,0
2023-02-16 20:00:00,24872.58000000,24879.81000000,23505.25000000,23517.72000000,93093.87748000,2023-02-16 23:59:59.999,2259651054.26528930,2071815,44707.88559000,1085380012.75854330,0
2023-02-17 00:00:00,23517.72000000,23914.58000000,23339.37000000,23838.64000000,69235.79241000,2023-02-17 03:59:59.999,1641668909.37627880,1487681,34348.66912000,814547694.68841800,0
2023-02-17 04:00:00,23838.64000000,23883.12000000,23612.00000000,23637.04000000,43781.38344000,2023-02-17 07:59:59.999,1039289451.37135040,1113018,21428.61077000,508688793.26454490,0
2023-02-17 08:00:00,23635.84000000,23861.78000000,23532.69000000,23789.82000000,58228.45005000,2023-02-17 11:59:59.999,1381860536.58768770,1381665,29214.76060000,693361635.26486880,0
2023-02-17 12:00:00,23789.12000000,24280.00000000,23710.00000000,24130.50000000,118441.10660000,2023-02-17 15:59:59.999,2840442289.80694810,2377267,59595.39376000,1429329817.73685260,0
2023-02-17 16:00:00,24130.50000000,24560.64000000,23917.65000000,24524.49000000,115198.92622000,2023-02-17 19:59:59.999,2798347550.99680680,2343496,58071.96558000,1410782870.25785230,0
2023-02-17 20:00:00,24524.49000000,25021.11000000,24051.73000000,24569.97000000,91927.55504000,2023-02-17 23:59:59.999,2266923513.91825760,2191882,46428.54791000,1145159677.13283040,0
2023-02-18 00:00:00,24568.24000000,24787.50000000,24503.49000000,24609.68000000,37989.15667000,2023-02-18 03:59:59.999,935450582.27031550,1119600,18802.27569000,463002803.39477370,0
2023-02-18 04:00:00,24609.68000000,24676.90000000,24430.00000000,24519.01000000,31352.25067000,2023-02-18 07:59:59.999,771388085.96647450,911941,15331.20427000,377229476.28380810,0
2023-02-18 08:00:00,24519.01000000,24607.82000000,24436.46000000,24519.42000000,33957.71014000,2023-02-18 11:59:59.999,832848352.32412520,1035623,16879.67558000,414004104.16435420,0
2023-02-18 12:00:00,24519.93000000,24734.32000000,24488.43000000,24668.26000000,45000.52343000,2023-02-18 15:59:59.999,1107942907.60999460,1208521,22526.46870000,554627784.47808400,0
2023-02-18 16:00:00,24667.02000000,24877.00000000,24567.90000000,24608.34000000,45513.45782000,2023-02-18 19:59:59.999,1123642776.52747530,1215493,22461.73784000,554573142.55747420,0
2023-02-18 20:00:00,24608.34000000,24666.00000000,24514.03000000,24631.95000000,23104.15340000,2023-02-18 23:59:59.999,568647684.81774840,804919,11465.72553000,282210134.94110730,0
2023-02-19 00:00:00,24632.05000000,24770.67000000,24622.18000000,24681.69000000,24556.31650000,2023-02-19 03:59:59.999,606495280.61926230,841010,12371.76233000,305570991.25632660,0
2023-02-19 04:00:00,24682.10000000,24850.00000000,24563.23000000,24582.62000000,38276.37482000,2023-02-19 07:59:59.999,945474309.09623480,1062072,19133.65014000,472657312.64757070,0
2023-02-19 08:00:00,24582.62000000,24706.77000000,24560.47000000,24669.43000000,30376.46031000,2023-02-19 11:59:59.999,748013551.77018010,865106,15252.97974000,375612863.70716640,0
2023-02-19 12:00:00,24669.43000000,25046.00000000,24656.44000000,24922.21000000,59494.57652000,2023-02-19 15:59:59.999,1475122631.36600250,1437482,30539.05866000,757252496.79489390,0
2023-02-19 16:00:00,24922.21000000,25192.00000000,24277.53000000,24523.79000000,99703.62008000,2023-02-19 19:59:59.999,2460652029.22739880,2159330,48691.30811000,1201801093.20658950,0
2023-02-19 20:00:00,24523.04000000,24580.28000000,24192.57000000,24271.76000000,47988.64719000,2023-02-19 23:59:59.999,1172987604.54526520,1295484,23691.52160000,579135472.36779750,0
2023-02-20 00:00:00,24272.51000000,24480.44000000,23840.83000000,24418.95000000,63390.50289000,2023-02-20 03:59:59.999,1535272487.37436930,1691906,31525.65061000,763644311.08801890,0
2023-02-20 04:00:00,24417.86000000,24555.00000000,24402.87000000,24503.65000000,38007.57091000,2023-02-20 07:59:59.999,930456221.07561250,1242216,19163.01196000,469147553.37462240,0
2023-02-20 08:00:00,24503.65000000,24983.71000000,24373.33000000,24890.00000000,79645.74015000,2023-02-20 11:59:59.999,1971772099.99003470,2108660,40919.18201000,1013107281.99895660,0
2023-02-20 12:00:00,24889.00000000,25121.23000000,24720.00000000,24942.87000000,80964.87642000,2023-02-20 15:59:59.999,2016548870.15322790,2107343,40835.41122000,1017212407.06722760,0
2023-02-20 16:00:00,24942.87000000,24957.32000000,24622.00000000,24872.19000000,56462.35763000,2023-02-20 19:59:59.999,1401784150.13202970,1652307,27879.42537000,692202991.34437900,0
2023-02-20 20:00:00,24872.18000000,24887.20000000,24655.00000000,24842.20000000,28467.52197000,2023-02-20 23:59:59.999,705392859.34763610,1006296,14130.36217000,350154693.97671730,0
2023-02-21 00:00:00,24843.89000000,25093.23000000,24781.50000000,24926.56000000,47489.89991000,2023-02-21 03:59:59.999,1183384235.23641060,1432013,24125.18355000,601213284.53169870,0
2023-02-21 04:00:00,24926.56000000,25050.00000000,24854.18000000,24999.95000000,37867.03335000,2023-02-21 07:59:59.999,944810944.58001480,1172905,18935.32672000,472476203.14738340,0
2023-02-21 08:00:00,24999.77000000,25250.00000000,24555.55000000,24572.83000000,86178.83261000,2023-02-21 11:59:59.999,2138144481.10392230,2234479,42179.51172000,1046789071.91807240,0
2023-02-21 12:00:00,24572.83000000,24790.00000000,24408.00000000,24558.09000000,79603.75437000,2023-02-21 15:59:59.999,1959524368.29556630,2178653,39440.98436000,970940733.62830930,0
2023-02-21 16:00:00,24556.81000000,24745.78000000,24279.35000000,24602.88000000,75522.89551000,2023-02-21 19:59:59.999,1852836986.31452130,2021662,38091.47678000,934658981.20218670,0
2023-02-21 20:00:00,24602.88000000,24639.56000000,24148.34000000,24452.16000000,49338.41293000,2023-02-21 23:59:59.999,1202291328.89843530,1672659,24257.01444000,591140510.76005190,0
2023-02-22 00:00:00,24450.67000000,24476.05000000,23855.55000000,24201.85000000,66953.18365000,2023-02-22 03:59:59.999,1619937749.27305170,1867231,33117.23556000,801416298.10969640,0
2023-02-22 04:00:00,24202.67000000,24221.60000000,23931.00000000,24060.95000000,53259.16489000,2023-02-22 07:59:59.999,1281390467.51415550,1609233,26374.99894000,634575379.80702850,0
2023-02-22 08:00:00,24059.73000000,24216.55000000,23860.61000000,24160.87000000,58413.62449000,2023-02-22 11:59:59.999,1405656452.09032160,1837878,29262.70777000,704196121.31604900,0
2023-02-22 12:00:00,24160.87000000,24235.37000000,23627.08000000,23713.61000000,86251.40733000,2023-02-22 15:59:59.999,2066304131.25335940,2397646,42111.44222000,1008961137.30959770,0
2023-02-22 16:00:00,23714.94000000,23972.97000000,23574.69000000,23791.67000000,74769.74135000,2023-02-22 19:59:59.999,1776083309.43276710,2212415,37204.90018000,883807720.01380710,0
2023-02-22 20:00:00,23791.68000000,24218.92000000,23735.19000000,24182.21000000,39778.63194000,2023-02-22 23:59:59.999,952373836.42705270,1471554,20132.45801000,482044966.87927440,0
2023-02-23 00:00:00,24182.21000000,24599.59000000,24124.33000000,24454.85000000,58028.05449000,2023-02-23 03:59:59.999,1413495403.45160150,1653532,29394.86442000,716008213.52345850,0
2023-02-23 04:00:00,24454.85000000,24526.08000000,24311.35000000,24376.27000000,40892.96719000,2023-02-23 07:59:59.999,998607452.33591730,1294459,20138.93382000,491801103.94894190,0
2023-02-23 08:00:00,24377.12000000,24494.28000000,23647.46000000,23780.20000000,72957.69926000,2023-02-23 11:59:59.999,1760954473.15910100,2060335,35754.17443000,863125957.82657860,0
2023-02-23 12:00:00,23780.21000000,24228.44000000,23608.00000000,23950.92000000,114931.16520000,2023-02-23 15:59:59.999,2756093576.99430820,2932719,56998.97585000,1366956522.42493310,0
2023-02-23 16:00:00,23951.83000000,24056.00000000,23725.10000000,23971.50000000,72622.39716000,2023-02-23 19:59:59.999,1734703024.84643690,2100948,36444.88433000,870589084.75029620,0
2023-02-23 20:00:00,23971.51000000,24069.87000000,23756.77000000,23940.20000000,38968.17107000,2023-02-23 23:59:59.999,932229790.72558780,1354884,19348.85084000,462894748.03709980,0
2023-02-24 00:00:00,23940.20000000,24132.35000000,23890.00000000,23954.05000000,37762.53136000,2023-02-24 03:59:59.999,906000022.78731070,1325753,18866.05577000,452660148.87269630,0
2023-02-24 04:00:00,23954.50000000,23986.12000000,23766.60000000,23830.32000000,37287.85119000,2023-02-24 07:59:59.999,890253979.53728630,1301933,18556.02546000,443020503.44188370,0
2023-02-24 08:00:00,23831.22000000,23973.79000000,23754.03000000,23883.72000000,38332.75164000,2023-02-24 11:59:59.999,914499070.12058280,1441669,19247.05780000,459203096.68832550,0
2023-02-24 12:00:00,23883.72000000,24027.44000000,23322.01000000,23351.31000000,88325.95100000,2023-02-24 15:59:59.999,2094648001.47270690,2706034,43102.30345000,1022351993.98156080,0
2023-02-24 16:00:00,23349.25000000,23353.10000000,22841.19000000,23182.27000000,94448.70234000,2023-02-24 19:59:59.999,2182957846.49705710,2732027,46559.45031000,1076173026.97268120,0
2023-02-24 20:00:00,23182.27000000,23332.79000000,22974.30000000,23185.29000000,47424.78700000,2023-02-24 23:59:59.999,1099165179.97549620,2024008,23932.24074000,554741348.25965210,0
2023-02-25 00:00:00,23184.04000000,23219.13000000,23045.33000000,23077.64000000,26711.13207000,2023-02-25 03:59:59.999,618059710.51836970,1422396,13257.10482000,306759024.65667030,0
2023-02-25 04:00:00,23077.12000000,23129.65000000,23023.23000000,23117.16000000,24808.07053000,2023-02-25 07:59:59.999,572616746.27069960,1301629,12413.59176000,286534608.20503260,0
2023-02-25 08:00:00,23117.10000000,23158.16000000,22906.50000000,22983.85000000,35506.74408000,2023-02-25 11:59:59.999,817703098.21093940,1615139,17114.39619000,394144869.99771630,0
2023-02-25 12:00:00,22983.85000000,23086.00000000,22858.35000000,23006.18000000,33363.06698000,2023-02-25 15:59:59.999,767002489.18126120,1546784,16545.25272000,380385638.55483790,0
2023-02-25 16:00:00,23006.18000000,23086.29000000,22912.10000000,22983.05000000,31984.90521000,2023-02-25 19:59:59.999,735912603.73598850,1457827,15690.09729000,361017896.09660000,0
2023-02-25 20:00:00,22983.78000000,23185.99000000,22722.00000000,23157.07000000,38937.89123000,2023-02-25 23:59:59.999,894991652.35485840,1780793,19419.69686000,446441903.39327410,0
2023-02-26 00:00:00,23157.07000000,23250.00000000,23059.18000000,23214.53000000,25544.02597000,2023-02-26 03:59:59.999,591419036.65084060,1315147,12723.70738000,294604809.53717360,0
2023-02-26 04:00:00,23214.53000000,23227.17000000,23090.00000000,23154.57000000,22591.59482000,2023-02-26 07:59:59.999,523405955.14876430,1167203,11298.36939000,261762399.77821440,0
2023-02-26 08:00:00,23154.57000000,23293.97000000,23112.35000000,23253.44000000,27886.07588000,2023-02-26 11:59:59.999,647326894.75436880,1367071,13809.26052000,320568205.05398070,0
2023-02-26 12:00:00,23253.44000000,23331.26000000,23126.47000000,23247.23000000,35538.36772000,2023-02-26 15:59:59.999,824983865.45283080,1720269,17416.13547000,404325865.68283070,0
2023-02-26 16:00:00,23247.96000000,23544.93000000,23137.00000000,23499.33000000,42223.44384000,2023-02-26 19:59:59.999,986336853.51784820,1855922,21413.24716000,500245251.49357550,0
2023-02-26 20:00:00,23499.33000000,23689.99000000,23323.42000000,23554.85000000,48540.22800000,2023-02-26 23:59:59.999,1142685575.70093680,2080403,24342.67286000,573065881.14429340,0
2023-02-27 00:00:00,23554.85000000,23644.65000000,23432.76000000,23551.62000000,30792.51063000,2023-02-27 03:59:59.999,724776916.81840710,1462840,15188.39551000,357504682.62906350,0
2023-02-27 04:00:00,23551.99000000,23561.34000000,23346.16000000,23423.31000000,30283.95062000,2023-02-27 07:59:59.999,710053398.25032780,1492775,14899.92244000,349347799.35726990,0
2023-02-27 08:00:00,23423.88000000,23455.31000000,23332.65000000,23428.87000000,28495.85395000,2023-02-27 11:59:59.999,666653964.74244570,1720254,14286.02276000,334232690.13140530,0
2023-02-27 12:00:00,23428.87000000,23897.99000000,23379.25000000,23559.40000000,83616.02692000,2023-02-27 15:59:59.999,1979388493.11237380,2827507,41681.39209000,986708087.06423140,0
2023-02-27 16:00:00,23557.66000000,23618.30000000,23150.00000000,23276.35000000,71456.59915000,2023-02-27 19:59:59.999,1666716136.69514840,2510354,35446.84747000,826806279.64534310,0
2023-02-27 20:00:00,23276.34000000,23582.98000000,23106.77000000,23492.09000000,39061.14463000,2023-02-27 23:59:59.999,912196878.71067080,1740465,19857.46818000,463754331.16793680,0
2023-02-28 00:00:00,23492.09000000,23549.99000000,23349.57000000,23467.52000000,25897.10942000,2023-02-28 03:59:59.999,607343784.64994540,1198595,12944.44821000,303585558.27996150,0
2023-02-28 04:00:00,23467.01000000,23470.44000000,23212.80000000,23236.68000000,29133.30210000,2023-02-28 07:59:59.999,680862823.91876770,1295484,14192.64362000,331697113.89429620,0
2023-02-28 08:00:00,23235.63000000,23421.98000000,23200.00000000,23392.69000000,33078.50122000,2023-02-28 11:59:59.999,771043684.05690260,1441467,16746.57493000,390366068.66643520,0
2023-02-28 12:00:00,23391.96000000,23579.12000000,23315.42000000,23518.30000000,68386.61130000,2023-02-28 15:59:59.999,1604187424.24073430,2181644,34280.47897000,804180937.93607290,0
2023-02-28 16:00:00,23519.08000000,23600.00000000,23205.06000000,23264.36000000,54116.84831000,2023-02-28 19:59:59.999,1268480147.10570340,1816376,26449.88574000,620005794.63864350,0
2023-02-28 20:00:00,23263.38000000,23343.55000000,23020.97000000,23141.57000000,53528.62659000,2023-02-28 23:59:59.999,1241013072.06528130,1635177,26586.79557000,616414407.25490930,0
2023-03-01 00:00:00,23141.57000000,23498.00000000,23020.03000000,23441.14000000,47163.64208000,2023-03-01 03:59:59.999,1097115387.68326350,1658889,23956.29799000,557319110.59645140,0
2023-03-01 04:00:00,23440.37000000,23847.00000000,23425.44000000,23716.06000000,49437.13297000,2023-03-01 07:59:59.999,1171088314.80320250,1595635,25295.79485000,599195969.90863570,0
2023-03-01 08:00:00,23716.06000000,24000.00000000,23673.44000000,23739.17000000,45593.75366000,2023-03-01 11:59:59.999,1084217504.58522830,1400908,22491.45831000,534876599.98598680,0
2023-03-01 12:00:00,23739.87000000,23888.00000000,23550.80000000,23711.09000000,71527.84275000,2023-03-01 15:59:59.999,1695360588.09724870,1855205,35523.73904000,842024805.38707670,0
2023-03-01 16:00:00,23711.09000000,23746.24000000,23328.16000000,23355.14000000,59540.49755000,2023-03-01 19:59:59.999,1406860041.09536340,1641854,29412.89177000,695031523.82451930,0
2023-03-01 20:00:00,23354.03000000,23674.60000000,23300.00000000,23628.97000000,42024.54836000,2023-03-01 23:59:59.999,986929249.23110190,1237996,21281.74471000,499808777.40742420,0
2023-03-02 00:00:00,23629.76000000,23796.93000000,23423.17000000,23494.29000000,38918.66091000,2023-03-02 03:59:59.999,917293476.78310410,1246750,19574.01917000,461370622.56023690,0
2023-03-02 04:00:00,23494.29000000,23546.82000000,23335.41000000,23391.87000000,27953.94328000,2023-03-02 07:59:59.999,655295156.07558400,1031828,13631.97326000,319562692.23626830,0
2023-03-02 08:00:00,23391.87000000,23468.50000000,23337.37000000,23414.73000000,32030.91052000,2023-03-02 11:59:59.999,749637370.98688700,1153758,15937.18576000,372994908.65217080,0
2023-03-02 12:00:00,23414.73000000,23434.26000000,23195.90000000,23361.11000000,63610.81714000,2023-03-02 15:59:59.999,1483857167.44440110,1705489,31762.89756000,740977045.39595180,0
2023-03-02 16:00:00,23361.10000000,23507.97000000,23231.29000000,23463.99000000,46562.98279000,2023-03-02 19:59:59.999,1087923610.59598410,1314896,23540.38386000,550020666.93933090,0
2023-03-02 20:00:00,23463.40000000,23567.52000000,23386.44000000,23465.32000000,30238.13755000,2023-03-02 23:59:59.999,709763228.35358730,983094,15075.54623000,353872040.91645130,0
2023-03-03 00:00:00,23465.32000000,23476.95000000,21971.13000000,22319.69000000,105002.30763000,2023-03-03 03:59:59.999,2362911670.65564400,2226846,50316.17048000,1131553452.11222060,0
2023-03-03 04:00:00,22319.69000000,22411.36000000,22251.08000000,22360.78000000,39524.68367000,2023-03-03 07:59:59.999,883677378.34264820,1138993,20213.81742000,451952275.86255870,0
2023-03-03 08:00:00,22360.78000000,22479.97000000,22300.14000000,22342.92000000,34119.07106000,2023-03-03 11:59:59.999,763562290.56328850,1028361,16835.60454000,376780687.53398190,0
2023-03-03 12:00:00,22343.06000000,22498.99000000,22172.65000000,22336.33000000,63808.35172000,2023-03-03 15:59:59.999,1426622126.62515210,1528072,31002.45949000,693201295.66408370,0
2023-03-03 16:00:00,22335.84000000,22448.25000000,22229.25000000,22358.48000000,42253.91274000,2023-03-03 19:59:59.999,944738781.81276210,1228576,21184.15201000,473666212.00809830,0
2023-03-03 20:00:00,22357.83000000,22378.22000000,22147.00000000,22354.34000000,35245.87103000,2023-03-03 23:59:59.999,785672517.74415460,1063791,17275.10972000,385091434.00524810,0
2023-03-04 00:00:00,22354.34000000,22392.17000000,22323.05000000,22346.66000000,17092.81805000,2023-03-04 03:59:59.999,382114176.27266490,626410,8461.31891000,189157494.55642280,0
2023-03-04 04:00:00,22346.65000000,22410.00000000,22269.94000000,22359.09000000,20708.89441000,2023-03-04 07:59:59.999,462851632.70421940,670464,10475.88168000,234144776.47016450,0
2023-03-04 08:00:00,22359.44000000,22376.97000000,22322.30000000,22349.46000000,15610.44674000,2023-03-04 11:59:59.999,348841979.03820610,561407,7628.29556000,170471041.01870390,0
2023-03-04 12:00:00,22349.46000000,22398.00000000,22307.98000000,22317.87000000,19247.99791000,2023-03-04 15:59:59.999,430242932.01230180,630750,9360.08526000,209231683.41698500,0
2023-03-04 16:00:00,22317.38000000,22347.93000000,22227.20000000,22250.78000000,18483.98314000,2023-03-04 19:59:59.999,412261718.61444020,677253,9042.54921000,201693639.43159660,0
2023-03-04 20:00:00,22250.67000000,22359.00000000,22157.08000000,22346.57000000,30113.24107000,2023-03-04 23:59:59.999,670110557.03842370,1002976,15075.20091000,335505896.26019730,0
2023-03-05 00:00:00,22346.57000000,22662.09000000,22189.22000000,22387.02000000,47822.67957000,2023-03-05 03:59:59.999,1073642319.44256500,1325502,23838.06171000,535212925.27401970,0
2023-03-05 04:00:00,22387.02000000,22470.93000000,22365.26000000,22375.70000000,19299.91498000,2023-03-05 07:59:59.999,432618716.43951360,654232,9607.33884000,215358866.64357650,0
2023-03-05 08:00:00,22375.70000000,22448.80000000,22316.63000000,22389.77000000,20090.00817000,2023-03-05 11:59:59.999,449674026.32361630,663745,10103.61109000,226154089.10591890,0
2023-03-05 12:00:00,22390.12000000,22494.96000000,22388.57000000,22436.18000000,22428.03796000,2023-03-05 15:59:59.999,503246003.47029900,726440,11304.26731000,253654993.71301220,0
2023-03-05 16:00:00,22436.70000000,22460.07000000,22374.60000000,22403.45000000,16269.59179000,2023-03-05 19:59:59.999,364888351.37487960,583412,8105.93820000,181804598.07232170,0
2023-03-05 20:00:00,22403.45000000,22560.00000000,22331.00000000,22430.24000000,28931.52539000,2023-03-05 23:59:59.999,648942038.13707810,882647,14435.14050000,323803618.09071200,0
2023-03-06 00:00:00,22430.24000000,22508.00000000,22258.00000000,22387.19000000,38270.80221000,2023-03-06 03:59:59.999,857028676.65099350,1179708,19184.62562000,429644736.52853540,0
2023-03-06 04:00:00,22387.19000000,22436.00000000,22313.94000000,22392.74000000,20841.04209000,2023-03-06 07:59:59.999,466405667.38390390,780476,10497.50749000,234934707.23856560,0
2023-03-06 08:00:00,22392.74000000,22450.00000000,22355.00000000,22379.57000000,28144.14141000,2023-03-06 11:59:59.999,630276438.34761520,944787,14146.42196000,316815707.64566250,0
2023-03-06 12:00:00,22379.95000000,22602.19000000,22357.08000000,22553.42000000,44162.64438000,2023-03-06 15:59:59.999,991470770.05249040,1348326,22608.13467000,507578111.18790620,0
2023-03-06 16:00:00,22554.43000000,22586.98000000,22358.00000000,22393.35000000,45283.05605000,2023-03-06 19:59:59.999,1017998713.97036850,1285635,22168.17405000,498381277.30996850,0
2023-03-06 20:00:00,22393.35000000,22450.00000000,22320.01000000,22410.00000000,27050.14343000,2023-03-06 23:59:59.999,605921902.78031940,932346,13505.39925000,302534660.25607820,0
2023-03-07 00:00:00,22409.41000000,22557.91000000,22377.69000000,22460.54000000,28066.33637000,2023-03-07 03:59:59.999,630393147.65904190,936557,14401.88835000,323486083.19701080,0
2023-03-07 04:00:00,22460.99000000,22479.85000000,22408.09000000,22419.71000000,21032.34041000,2023-03-07 07:59:59.999,472113072.19543640,680373,10626.29881000,238529337.24200310,0
2023-03-07 08:00:00,22420.29000000,22432.60000000,22321.00000000,22351.02000000,35538.29626000,2023-03-07 11:59:59.999,795714668.06644420,965988,17254.45216000,386346455.69667400,0
2023-03-07 12:00:00,22351.02000000,22489.88000000,21927.00000000,22320.90000000,97281.67866000,2023-03-07 15:59:59.999,2165898129.45354390,2233130,48347.91500000,1076583296.45354540,0
2023-03-07 16:00:00,22321.98000000,22394.08000000,22054.92000000,22124.77000000,62136.24828000,2023-03-07 19:59:59.999,1383465822.19433750,1747700,30822.49950000,686279805.78731590,0
2023-03-07 20:00:00,22125.99000000,22230.51000000,21943.00000000,22197.96000000,48464.90914000,2023-03-07 23:59:59.999,1070010098.67724890,1249646,24045.58837000,530911524.27812400,0
2023-03-08 00:00:00,22198.56000000,22287.00000000,22084.30000000,22152.52000000,30155.52102000,2023-03-08 03:59:59.999,669323974.79917600,1021249,15028.76367000,333576907.34247820,0
2023-03-08 04:00:00,22152.52000000,22167.73000000,21840.13000000,21971.03000000,47071.57310000,2023-03-08 07:59:59.999,1036348027.07998850,1207524,23179.99373000,510366368.70872000,0
2023-03-08 08:00:00,21971.83000000,22144.20000000,21944.55000000,22072.45000000,41053.20652000,2023-03-08 11:59:59.999,904859062.49322230,1101745,20827.19453000,459063929.56464480,0
2023-03-08 12:00:00,22071.98000000,22229.04000000,21876.66000000,22140.80000000,81155.91342000,2023-03-08 15:59:59.999,1788854147.91802980,1938637,40538.74821000,893605552.44702640,0
2023-03-08 16:00:00,22139.97000000,22218.30000000,21944.25000000,21997.25000000,47324.56273000,2023-03-08 19:59:59.999,1044361727.73467060,1304336,23519.06290000,519025949.79316690,0
2023-03-08 20:00:00,21997.25000000,22133.75000000,21580.00000000,21705.44000000,54699.79593000,2023-03-08 23:59:59.999,1197424764.21733410,1445472,26914.26184000,589221548.24895740,0
2023-03-09 00:00:00,21704.37000000,21806.68000000,21629.43000000,21769.66000000,35431.65786000,2023-03-09 03:59:59.999,770117892.96388980,1068165,18047.84758000,392280088.57903060,0
2023-03-09 04:00:00,21770.37000000,21774.69000000,21665.67000000,21688.54000000,27862.16425000,2023-03-09 07:59:59.999,605344414.52719110,839278,13540.75584000,294196702.41312900,0
2023-03-09 08:00:00,21688.54000000,21700.00000000,21527.00000000,21669.38000000,52297.66020000,2023-03-09 11:59:59.999,1132070684.38924510,1261106,25863.98849000,559887335.45109770,0
2023-03-09 12:00:00,21669.38000000,21834.99000000,21552.84000000,21648.57000000,71861.08871000,2023-03-09 15:59:59.999,1559031052.18582410,1770506,36308.19056000,787736414.58612550,0
2023-03-09 16:00:00,21647.42000000,21675.22000000,20766.20000000,20854.93000000,127310.48874000,2023-03-09 19:59:59.999,2703141363.49475710,2579410,61772.88572000,1311594278.23759720,0
2023-03-09 20:00:00,20856.30000000,20867.30000000,20042.72000000,20362.22000000,128895.22608000,2023-03-09 23:59:59.999,2633323357.14686660,2558237,62366.92802000,1274108702.77625720,0
2023-03-10 00:00:00,20362.21000000,20367.78000000,19776.22000000,20052.07000000,111144.42259000,2023-03-10 03:59:59.999,2229796262.80128140,2126511,55260.82427000,1108677092.26905560,0
2023-03-10 04:00:00,20052.07000000,20065.00000000,19776.55000000,19953.58000000,83995.86888000,2023-03-10 07:59:59.999,1674666342.03813510,1708666,41832.74789000,834063610.69334620,0
2023-03-10 08:00:00,19953.58000000,19977.00000000,19549.09000000,19760.78000000,96978.28705000,2023-03-10 11:59:59.999,1919089271.23909890,1914864,47644.85858000,942864000.96909870,0
2023-03-10 12:00:00,19761.12000000,20321.19000000,19657.11000000,20004.96000000,152618.48716000,2023-03-10 15:59:59.999,3044911566.98637130,2548359,76655.08228000,1529395190.43131280,0
2023-03-10 16:00:00,20004.96000000,20307.73000000,19824.06000000,20024.32000000,109663.76524000,2023-03-10 19:59:59.999,2192079676.71219070,2187346,55159.58205000,1102736662.62136020,0
2023-03-10 20:00:00,20022.72000000,20240.40000000,19850.00000000,20150.69000000,64055.63618000,2023-03-10 23:59:59.999,1284449669.13541830,1620515,31602.71486000,633738566.55134070,0
2023-03-11 00:00:00,20150.69000000,20686.51000000,20135.05000000,20393.88000000,98589.40007000,2023-03-11 03:59:59.999,2010575383.98697480,2237524,49434.99142000,1008178350.44650170,0
2023-03-11 04:00:00,20393.89000000,20435.43000000,19823.82000000,19850.81000000,76336.21941000,2023-03-11 07:59:59.999,1543569141.65319980,1822194,37398.30136000,756245458.88743800,0
2023-03-11 08:00:00,19850.81000000,20208.36000000,19765.03000000,20086.07000000,81791.94176000,2023-03-11 11:59:59.999,1638587556.12479470,1860885,40589.25752000,813157460.82585630,0
2023-03-11 12:00:00,20086.07000000,20205.46000000,20030.00000000,20061.98000000,50101.82477000,2023-03-11 15:59:59.999,1007145827.52444640,1417697,24910.91948000,500778236.93300730,0
2023-03-11 16:00:00,20062.77000000,20331.44000000,19992.24000000,20220.96000000,62707.52998000,2023-03-11 19:59:59.999,1264942329.59344370,1581378,31498.65833000,635383056.81452590,0
2023-03-11 20:00:00,20220.98000000,20529.91000000,20214.63000000,20455.73000000,58304.90534000,2023-03-11 23:59:59.999,1186770433.58566640,1492622,29319.35044000,596791632.00196270,0
2023-03-12 00:00:00,20455.73000000,20502.46000000,20303.53000000,20376.46000000,51370.51344000,2023-03-12 03:59:59.999,1047951756.15317250,1204987,25514.59080000,520500010.75449710,0
2023-03-12 04:00:00,20376.47000000,20440.80000000,20270.60000000,20346.71000000,35988.61581000,2023-03-12 07:59:59.999,732895199.19260410,944544,18196.87502000,370577537.26727330,0
2023-03-12 08:00:00,20346.71000000,20497.34000000,20333.80000000,20445.43000000,39710.54197000,2023-03-12 11:59:59.999,810273648.29316890,1046102,20276.74928000,413747212.16995840,0
2023-03-12 12:00:00,20445.56000000,20466.00000000,20284.39000000,20358.96000000,49787.13406000,2023-03-12 15:59:59.999,1014708540.11688470,1332165,24243.02934000,494105547.58272390,0
2023-03-12 16:00:00,20359.59000000,21331.75000000,20341.85000000,20779.54000000,124989.68987000,2023-03-12 19:59:59.999,2604135046.07710590,2502080,64448.33266000,1342599034.82911520,0
2023-03-12 20:00:00,20779.54000000,22150.00000000,20755.76000000,21997.11000000,129098.44773000,2023-03-12 23:59:59.999,2772454223.96820300,2692055,65959.49170000,1416598622.32223650,0
2023-03-13 00:00:00,21998.05000000,22600.00000000,21860.74000000,22231.62000000,111447.41727000,2023-03-13 03:59:59.999,2479421889.55421980,2437461,55454.21017000,1233769005.12889970,0
2023-03-13 04:00:00,22232.76000000,22506.00000000,22222.88000000,22458.72000000,68170.49795000,2023-03-13 07:59:59.999,1524543723.47416230,1712025,34656.39099000,775089795.38668700,0
2023-03-13 08:00:00,22458.87000000,22539.64000000,21813.88000000,22106.64000000,112208.05043000,2023-03-13 11:59:59.999,2482116188.12472700,2324381,56036.79849000,1239666272.18571150,0
2023-03-13 12:00:00,22106.63000000,24500.00000000,21959.00000000,23981.72000000,216519.77954000,2023-03-13 15:59:59.999,5011648828.11196850,4210799,110519.35309000,2558369248.09912170,0
2023-03-13 16:00:00,23981.72000000,24393.83000000,23755.00000000,24279.91000000,122447.56492000,2023-03-13 19:59:59.999,2949343253.06960930,2594578,61690.63826000,1485959557.66411640,0
2023-03-13 20:00:00,24277.25000000,24311.99000000,23938.00000000,24113.48000000,57096.00248000,2023-03-13 23:59:59.999,1377922196.27095150,1541516,28330.77925000,683766203.24156240,0
2023-03-14 00:00:00,24112.27000000,24496.41000000,23986.02000000,24374.20000000,70241.14758000,2023-03-14 03:59:59.999,1703104437.68432450,1828444,35714.36437000,865957667.90759860,0
2023-03-14 04:00:00,24375.68000000,24820.00000000,24139.06000000,24247.64000000,78968.84513000,2023-03-14 07:59:59.999,1924682701.70997720,2023958,40283.80037000,981926518.82860230,0
2023-03-14 08:00:00,24246.75000000,24820.00000000,24118.28000000,24743.04000000,90925.96183000,2023-03-14 11:59:59.999,2222319807.65130060,2074852,46278.25297000,1131063354.40608190,0
2023-03-14 12:00:00,24743.05000000,26386.87000000,24458.04000000,25894.67000000,210348.01513000,2023-03-14 15:59:59.999,5397728611.72777890,4127085,107078.29737000,2747536976.08824620,0
2023-03-14 16:00:00,25894.67000000,26001.81000000,24212.49000000,25054.15000000,144791.97024000,2023-03-14 19:59:59.999,3656705258.52567540,2931679,70516.57900000,1781141422.55367210,0
2023-03-14 20:00:00,25048.39000000,25167.90000000,23976.42000000,24670.41000000,104084.99432000,2023-03-14 23:59:59.999,2560766280.58501670,2237571,51867.82586000,1276290307.89193670,0
2023-03-15 00:00:00,24670.41000000,25074.24000000,24284.60000000,24717.65000000,74592.62791000,2023-03-15 03:59:59.999,1845737515.68062060,1873162,37314.69524000,923376701.70597430,0
2023-03-15 04:00:00,24716.87000000,24918.59000000,24599.00000000,24871.28000000,49951.07180000,2023-03-15 07:59:59.999,1237009443.40065550,1407450,25099.26781000,621592343.55253000,0
2023-03-15 08:00:00,24872.54000000,24922.22000000,24255.00000000,24754.50000000,92660.51407000,2023-03-15 11:59:59.999,2278282340.43106290,1978846,46186.15303000,1135605832.05620180,0
2023-03-15 12:00:00,24753.27000000,25196.97000000,24371.60000000,24471.01000000,172954.88765000,2023-03-15 15:59:59.999,4281192546.02876240,3248556,86620.32298000,2144381314.59643090,0
2023-03-15 16:00:00,24471.01000000,24523.00000000,23896.95000000,24366.71000000,137774.37953000,2023-03-15 19:59:59.999,3344037435.07362250,2665518,69091.31958000,1677148923.37541410,0
2023-03-15 20:00:00,24369.97000000,24633.02000000,24223.00000000,24285.66000000,53517.24888000,2023-03-15 23:59:59.999,1304746463.28312750,1439502,26881.10832000,655367041.67578260,0
2023-03-16 00:00:00,24285.66000000,24439.80000000,24123.00000000,24265.43000000,52421.25766000,2023-03-16 03:59:59.999,1273250713.19408210,1502721,26380.56553000,640795371.19760180,0
2023-03-16 04:00:00,24265.44000000,24685.00000000,24182.00000000,24614.27000000,58224.85322000,2023-03-16 07:59:59.999,1423175383.81534200,1498886,29392.92788000,718537888.76992010,0
2023-03-16 08:00:00,24615.79000000,25066.32000000,24374.35000000,24824.62000000,94332.38827000,2023-03-16 11:59:59.999,2333014877.56959790,1926429,47143.61384000,1166167737.40296700,0
2023-03-16 12:00:00,24826.33000000,25032.74000000,24515.23000000,24888.44000000,105164.77326000,2023-03-16 15:59:59.999,2606072725.56483160,2342702,53028.51759000,1314224992.62038330,0
2023-03-16 16:00:00,24889.94000000,25167.40000000,24620.00000000,24953.21000000,75970.81647000,2023-03-16 19:59:59.999,1885082386.21476190,1765058,37752.35342000,936968336.59773640,0
2023-03-16 20:00:00,24953.21000000,25090.00000000,24623.52000000,24998.78000000,53307.24110000,2023-03-16 23:59:59.999,1326734065.58239030,1382285,26705.32463000,664737932.67223750,0
2023-03-17 00:00:00,24998.78000000,25896.00000000,24890.00000000,25781.66000000,92627.82966000,2023-03-17 03:59:59.999,2361502669.45361990,2099660,47055.43067000,1199653130.30481700,0
2023-03-17 04:00:00,25781.66000000,26196.40000000,25656.00000000,26058.45000000,82998.31022000,2023-03-17 07:59:59.999,2150631199.81280280,1991896,42204.04331000,1093750712.10969810,0
2023-03-17 08:00:00,26060.07000000,26970.00000000,25918.02000000,26918.73000000,122412.61854000,2023-03-17 11:59:59.999,3235522323.10427410,2461724,63547.51453000,1679756679.44585030,0
2023-03-17 12:00:00,26920.11000000,26935.12000000,26118.19000000,26421.34000000,129230.31572000,2023-03-17 15:59:59.999,3423485952.14353980,2457333,63996.66883000,1695516600.46101440,0
2023-03-17 16:00:00,26419.28000000,26860.66000000,26264.00000000,26834.87000000,93862.34173000,2023-03-17 19:59:59.999,2492341061.64038800,1887501,47720.78966000,1267230855.45071710,0
2023-03-17 20:00:00,26834.87000000,27756.84000000,26588.38000000,27395.13000000,103329.26504000,2023-03-17 23:59:59.999,2813197865.08875520,2215245,53498.16656000,1456569854.23022510,0
2023-03-18 00:00:00,27395.13000000,27724.85000000,27060.00000000,27307.54000000,81541.36167000,2023-03-18 03:59:59.999,2232193114.07277760,1963911,40482.99756000,1108303644.99885450,0
2023-03-18 04:00:00,27306.57000000,27612.31000000,27212.56000000,27359.89000000,43190.10831000,2023-03-18 07:59:59.999,1184684500.14309040,1304303,21778.32186000,597429509.88329950,0
2023-03-18 08:00:00,27360.43000000,27500.00000000,27055.83000000,27443.09000000,48227.50229000,2023-03-18 11:59:59.999,1317664844.77191800,1512324,24242.41350000,662405731.12382770,0
2023-03-18 12:00:00,27443.09000000,27637.20000000,27057.00000000,27226.23000000,68303.82651000,2023-03-18 15:59:59.999,1871158976.51868210,1858986,34133.85822000,935245750.55830970,0
2023-03-18 16:00:00,27227.63000000,27489.94000000,26578.00000000,27329.83000000,84968.97465000,2023-03-18 19:59:59.999,2310876365.68424530,1943914,42824.70655000,1164853365.66850380,0
2023-03-18 20:00:00,27329.14000000,27449.95000000,26810.00000000,26907.49000000,45007.19831000,2023-03-18 23:59:59.999,1219367268.45191540,1365165,22225.40999000,602242122.36108320,0
2023-03-19 00:00:00,26907.49000000,27255.19000000,26901.02000000,27198.71000000,36110.46659000,2023-03-19 03:59:59.999,978019669.89422230,1149104,18674.40264000,505787868.95710480,0
2023-03-19 04:00:00,27198.71000000,27291.40000000,26827.22000000,26974.81000000,36337.34801000,2023-03-19 07:59:59.999,982543953.67220670,1162766,17859.93960000,482941804.15588970,0
2023-03-19 08:00:00,26973.76000000,27200.00000000,26872.00000000,27160.98000000,41991.39588000,2023-03-19 11:59:59.999,1135154536.55932910,1282276,21204.18695000,573260721.70971910,0
2023-03-19 12:00:00,27162.33000000,27750.00000000,27110.12000000,27546.62000000,71743.09938000,2023-03-19 15:59:59.999,1962403431.08656770,1788009,36544.69984000,999800498.04034910,0
2023-03-19 16:00:00,27546.62000000,28376.00000000,27470.00000000,28255.87000000,113916.61398000,2023-03-19 19:59:59.999,3186949313.29286270,2441703,58496.20692000,1636582700.51349490,0
2023-03-19 20:00:00,28255.35000000,28390.10000000,27738.00000000,27972.87000000,71968.06670000,2023-03-19 23:59:59.999,2019637083.08897500,1754439,35371.12552000,992728693.02436080,0
2023-03-20 00:00:00,27972.87000000,28057.44000000,27124.47000000,27269.17000000,78217.14607000,2023-03-20 03:59:59.999,2157462609.60776170,1855136,39037.03213000,1076743194.00738650,0
2023-03-20 04:00:00,27269.18000000,28268.00000000,27141.36000000,28183.13000000,74108.85462000,2023-03-20 07:59:59.999,2051294636.95321540,1808767,37715.69386000,1044012846.04120540,0
2023-03-20 08:00:00,28183.13000000,28472.00000000,27919.66000000,28188.93000000,101047.66229000,2023-03-20 11:59:59.999,2848449750.81592650,2339942,51114.84916000,1440996731.06445090,0
2023-03-20 12:00:00,28188.95000000,28258.58000000,27620.00000000,27694.46000000,93832.37034000,2023-03-20 15:59:59.999,2625729805.55164230,2205601,46375.60979000,1297882037.46429420,0
2023-03-20 16:00:00,27698.15000000,28041.48000000,27461.35000000,27785.10000000,82313.05852000,2023-03-20 19:59:59.999,2281709846.40798900,2035381,41269.70704000,1144101937.06450890,0
2023-03-20 20:00:00,27784.57000000,28186.71000000,27577.02000000,27717.01000000,47859.14189000,2023-03-20 23:59:59.999,1335777887.17838720,1531123,24252.39950000,676968141.89030010,0
2023-03-21 00:00:00,27717.01000000,27953.33000000,27664.51000000,27787.29000000,50949.32902000,2023-03-21 03:59:59.999,1417189083.78905080,1628110,25313.56994000,704137233.07799080,0
2023-03-21 04:00:00,27787.29000000,27968.00000000,27303.10000000,27505.25000000,66335.07466000,2023-03-21 07:59:59.999,1835881386.68038100,1865104,32643.24717000,903478150.32612010,0
2023-03-21 08:00:00,27505.25000000,28177.00000000,27393.52000000,28040.13000000,82017.60625000,2023-03-21 11:59:59.999,2283889067.22641220,2054734,41837.39767000,1165059041.64124100,0
2023-03-21 12:00:00,28040.13000000,28244.87000000,27730.00000000,28041.06000000,100474.32090000,2023-03-21 15:59:59.999,2814136271.57076630,2431596,50086.32530000,1402956308.59711860,0
2023-03-21 16:00:00,28041.06000000,28438.55000000,27935.07000000,28126.84000000,84240.60599000,2023-03-21 19:59:59.999,2373704231.81715450,2208725,42304.54585000,1192190467.66565560,0
2023-03-21 20:00:00,28126.85000000,28214.99000000,27900.00000000,28105.47000000,36912.80538000,2023-03-21 23:59:59.999,1035692675.25382530,1342601,18287.25434000,513121306.32188420,0
2023-03-22 00:00:00,28107.81000000,28280.00000000,27945.44000000,28154.14000000,37000.16051000,2023-03-22 03:59:59.999,1039295274.50414220,520068,18426.05279000,517595384.34925450,0
2023-03-22 04:00:00,28154.14000000,28288.00000000,28028.24000000,28103.69000000,22588.25375000,2023-03-22 07:59:59.999,636506076.32281510,349647,11200.23632000,315621216.18694630,0
2023-03-22 08:00:00,28103.68000000,28213.23000000,28000.00000000,28122.74000000,16280.67428000,2023-03-22 11:59:59.999,457766238.38514690,324639,7943.92283000,223373365.77704110,0
2023-03-22 12:00:00,28122.73000000,28736.00000000,28105.35000000,28595.07000000,35677.15924000,2023-03-22 15:59:59.999,1015575506.78778960,571521,18415.32059000,524101358.81382730,0
2023-03-22 16:00:00,28595.06000000,28868.05000000,26650.27000000,26667.33000000,84244.59506000,2023-03-22 19:59:59.999,2354737681.85888360,1293202,40045.53167000,1120385781.59974890,0
2023-03-22 20:00:00,26668.80000000,27437.98000000,26601.80000000,27250.97000000,28322.57012000,2023-03-22 23:59:59.999,768219044.59084640,530250,14324.90966000,388508107.38824600,0
2023-03-23 00:00:00,27250.97000000,27428.69000000,27105.00000000,27356.78000000,13920.76715000,2023-03-23 03:59:59.999,380039048.69147590,249388,7026.56866000,191841944.51197160,0
2023-03-23 04:00:00,27356.79000000,27700.00000000,27258.00000000,27631.93000000,14310.97848000,2023-03-23 07:59:59.999,394046380.20369500,248737,7424.19430000,204405344.89798800,0
2023-03-23 08:00:00,27631.93000000,27738.27000000,27439.50000000,27584.53000000,11897.09818000,2023-03-23 11:59:59.999,328274024.10139110,216126,5766.03095000,159107345.44604440,0
2023-03-23 12:00:00,27584.52000000,28750.00000000,27275.92000000,28580.87000000,40190.57705000,2023-03-23 15:59:59.999,1125183334.10613170,623376,20897.28275000,585195254.89821050,0
2023-03-23 16:00:00,28580.86000000,28647.05000000,27772.22000000,28369.99000000,34052.53912000,2023-03-23 19:59:59.999,960630336.88681280,561375,16677.23023000,470450447.41390370,0
2023-03-23 20:00:00,28369.82000000,28438.00000000,27967.93000000,28295.41000000,14277.64820000,2023-03-23 23:59:59.999,402950449.12545180,260089,7380.71790000,208323300.12222630,0
2023-03-24 00:00:00,28295.42000000,28374.30000000,28134.86000000,28219.98000000,8820.33865000,2023-03-24 03:59:59.999,249218915.98117200,166373,4251.59880000,120129335.74254090,0
2023-03-24 04:00:00,28219.98000000,28335.32000000,28102.15000000,28274.59000000,9065.12568000,2023-03-24 07:59:59.999,256016166.42082230,162713,4400.80124000,124289179.17154440,0
2023-03-24 08:00:00,28274.58000000,28295.72000000,27934.48000000,28080.00000000,14569.39777000,2023-03-24 11:59:59.999,408939390.39203130,259245,6881.24895000,193124392.28280510,0
2023-03-24 12:00:00,28079.99000000,28253.01000000,27835.00000000,28018.04000000,14181.52699000,2023-03-24 15:59:59.999,397140815.77847930,236925,6658.17698000,186511291.94559760,0
2023-03-24 16:00:00,28018.04000000,28059.63000000,27523.81000000,27821.60000000,20321.97050000,2023-03-24 19:59:59.999,563880406.18960200,327452,9994.77627000,277330473.88956530,0
2023-03-24 20:00:00,27821.59000000,27860.00000000,27000.00000000,27454.47000000,19283.70585000,2023-03-24 23:59:59.999,528247697.26519450,358429,9262.95898000,253762792.70693990,0
2023-03-25 00:00:00,27454.46000000,27658.20000000,27420.00000000,27581.65000000,7631.30004000,2023-03-25 03:59:59.999,210191181.86559820,164249,3962.98321000,109158477.21481050,0
2023-03-25 04:00:00,27581.65000000,27608.20000000,27375.90000000,27485.36000000,7176.48565000,2023-03-25 07:59:59.999,197350007.95368240,146228,3565.96142000,98057181.93135680,0
2023-03-25 08:00:00,27485.37000000,27537.79000000,27309.80000000,27457.20000000,7012.98940000,2023-03-25 11:59:59.999,192440592.67534290,166131,3497.68957000,95984166.85914230,0
2023-03-25 12:00:00,27457.19000000,27787.33000000,27357.14000000,27647.43000000,10741.62680000,2023-03-25 15:59:59.999,296054720.70694520,215731,5329.60167000,146914446.14763780,0
2023-03-25 16:00:00,27647.44000000,27730.00000000,27159.57000000,27189.68000000,11693.92908000,2023-03-25 19:59:59.999,320825489.53541240,238665,5454.11996000,149662443.07581380,0
2023-03-25 20:00:00,27189.69000000,27529.29000000,27156.09000000,27462.95000000,6587.75005000,2023-03-25 23:59:59.999,180365646.47715670,157717,3516.59293000,96265813.85520120,0
2023-03-26 00:00:00,27462.96000000,27650.00000000,27417.76000000,27529.26000000,5328.00445000,2023-03-26 03:59:59.999,146813936.37779220,129414,2653.61910000,73121294.12270650,0
2023-03-26 04:00:00,27529.27000000,27570.93000000,27462.15000000,27504.94000000,3807.16894000,2023-03-26 07:59:59.999,104733664.83199200,108756,1826.82017000,50254186.57251780,0
2023-03-26 08:00:00,27504.94000000,27915.08000000,27480.01000000,27865.95000000,8183.69994000,2023-03-26 11:59:59.999,226624388.33858390,179343,4376.62490000,121213187.93560750,0
2023-03-26 12:00:00,27865.96000000,28194.40000000,27695.00000000,27803.89000000,17696.05035000,2023-03-26 15:59:59.999,494028986.80706280,315314,8921.93352000,249090541.46308660,0
2023-03-26 16:00:00,27803.89000000,27934.57000000,27635.18000000,27827.95000000,5605.98308000,2023-03-26 19:59:59.999,155835875.97268300,147311,2776.31279000,77179702.65194590,0
2023-03-26 20:00:00,27827.95000000,28143.00000000,27670.71000000,27968.05000000,9050.79677000,2023-03-26 23:59:59.999,252936550.66800660,188058,4692.84770000,131169322.31146220,0
2023-03-27 00:00:00,27968.05000000,28023.86000000,27781.60000000,27888.68000000,6854.66298000,2023-03-27 03:59:59.999,191228452.94496970,154466,3460.42807000,96539123.68348930,0
2023-03-27 04:00:00,27888.68000000,27935.17000000,27666.00000000,27808.81000000,8855.53930000,2023-03-27 07:59:59.999,246221477.85077860,177903,4324.94733000,120232891.45129020,0
2023-03-27 08:00:00,27808.80000000,27996.28000000,27768.55000000,27892.69000000,7616.84015000,2023-03-27 11:59:59.999,212447874.35296540,156678,3734.18267000,104146965.38259040,0
2023-03-27 12:00:00,27892.69000000,27923.42000000,26508.14000000,26903.62000000,39066.20195000,2023-03-27 15:59:59.999,1062249565.82450980,593340,18327.26897000,498431992.62665760,0
2023-03-27 16:00:00,26903.63000000,27313.42000000,26858.79000000,26968.94000000,16613.02840000,2023-03-27 19:59:59.999,450241039.58125860,310564,8579.90298000,232531262.51540630,0
2023-03-27 20:00:00,26968.93000000,27255.00000000,26877.82000000,27124.91000000,9033.19620000,2023-03-27 23:59:59.999,244742477.48012310,182313,4725.18537000,128022944.95409400,0
2023-03-28 00:00:00,27124.90000000,27176.05000000,26800.00000000,26971.71000000,11049.59827000,2023-03-28 03:59:59.999,298431190.77563470,213145,5378.50709000,145249230.95843370,0
2023-03-28 04:00:00,26971.71000000,27142.25000000,26872.11000000,26962.88000000,9458.87712000,2023-03-28 07:59:59.999,255366143.89538590,185687,4539.31780000,122554396.96648300,0
2023-03-28 08:00:00,26962.89000000,27155.38000000,26631.78000000,27057.36000000,15726.76618000,2023-03-28 11:59:59.999,422845353.11099190,300734,7623.47653000,205011878.86296040,0
2023-03-28 12:00:00,27057.36000000,27210.00000000,26835.31000000,26998.63000000,15937.25349000,2023-03-28 15:59:59.999,429900199.31453960,308381,7976.67761000,215138793.81604260,0
2023-03-28 16:00:00,26998.63000000,27520.00000000,26745.00000000,27425.99000000,18090.07394000,2023-03-28 19:59:59.999,490596193.63502740,328370,9425.09956000,255648223.48101330,0
2023-03-28 20:00:00,27425.98000000,27492.80000000,27095.66000000,27261.07000000,8339.87441000,2023-03-28 23:59:59.999,227394526.03397650,185664,4029.53627000,109871075.17383580,0
2023-03-29 00:00:00,27261.06000000,27479.36000000,27240.10000000,27367.45000000,7124.26009000,2023-03-29 03:59:59.999,194827059.78006510,159684,3481.86370000,95215758.06003380,0
2023-03-29 04:00:00,27367.44000000,28164.48000000,27349.68000000,28086.82000000,22445.56265000,2023-03-29 07:59:59.999,625104109.91539950,371809,11498.13247000,320157438.77082010,0
2023-03-29 08:00:00,28086.82000000,28650.00000000,28040.34000000,28353.99000000,23446.56936000,2023-03-29 11:59:59.999,665905653.34312750,400301,12310.10801000,349623698.25025090,0
2023-03-29 12:00:00,28354.00000000,28590.00000000,28230.85000000,28442.79000000,16417.40637000,2023-03-29 15:59:59.999,466044375.11237090,325376,8351.06571000,237088674.43758190,0
2023-03-29 16:00:00,28442.80000000,28448.68000000,28135.82000000,28419.49000000,11647.76233000,2023-03-29 19:59:59.999,329539814.02984010,254194,5814.45546000,164507247.46085100,0
2023-03-29 20:00:00,28419.49000000,28500.00000000,28211.00000000,28348.60000000,8404.59928000,2023-03-29 23:59:59.999,238466854.03035560,192853,4286.45490000,121627879.51314050,0
2023-03-30 00:00:00,28348.60000000,29184.68000000,28090.06000000,28489.18000000,28533.03962000,2023-03-30 03:59:59.999,817548512.09931400,532242,14807.12893000,424327260.29524620,0
2023-03-30 04:00:00,28489.19000000,28775.60000000,28442.79000000,28725.01000000,11891.44250000,2023-03-30 07:59:59.999,340266284.39114830,240271,6099.59721000,174543248.97318140,0
2023-03-30 08:00:00,28725.00000000,28748.76000000,28500.00000000,28644.79000000,10631.82494000,2023-03-30 11:59:59.999,304195136.03111730,207717,5065.91847000,144939570.27084230,0
2023-03-30 12:00:00,28644.79000000,28691.45000000,28169.50000000,28300.33000000,17202.57157000,2023-03-30 15:59:59.999,489545898.86886800,301110,8000.93411000,227675614.46841860,0
2023-03-30 16:00:00,28300.32000000,28301.01000000,27686.00000000,27986.09000000,20579.80879000,2023-03-30 19:59:59.999,575833856.08379220,354053,10073.66866000,281826641.61629190,0
2023-03-30 20:00:00,27986.10000000,28197.96000000,27786.66000000,28028.53000000,10026.74514000,2023-03-30 23:59:59.999,281082251.16820310,208259,5052.96241000,141660551.08225650,0
2023-03-31 00:00:00,28028.53000000,28375.00000000,27916.34000000,28168.41000000,11765.30998000,2023-03-31 03:59:59.999,331471788.60584190,275523,5976.66438000,168378039.07586170,0
2023-03-31 04:00:00,28168.41000000,28219.36000000,27511.71000000,27738.48000000,15529.91399000,2023-03-31 07:59:59.999,432713686.41841050,274486,7407.83477000,206476861.88928520,0
2023-03-31 08:00:00,27738.48000000,27992.05000000,27688.00000000,27927.97000000,10543.80570000,2023-03-31 11:59:59.999,293605942.41190020,213596,5153.03806000,143503309.40033330,0
2023-03-31 12:00:00,27927.97000000,28656.69000000,27870.93000000,28494.99000000,24322.41408000,2023-03-31 15:59:59.999,689531986.31049050,408480,13012.33584000,368920097.90518460,0
2023-03-31 16:00:00,28495.00000000,28541.18000000,28262.87000000,28469.31000000,9395.77884000,2023-03-31 19:59:59.999,266754200.05591790,198842,4713.73287000,133816319.59471370,0
2023-03-31 20:00:00,28469.31000000,28632.94000000,28337.46000000,28465.36000000,6640.89880000,2023-03-31 23:59:59.999,189175707.97478970,166422,3372.86519000,96089606.32147900,0
2023-04-01 00:00:00,28465.36000000,28819.71000000,28408.57000000,28541.10000000,7594.11361000,2023-04-01 03:59:59.999,216982128.05044790,199112,3839.33977000,109726172.74187000,0
2023-04-01 04:00:00,28541.10000000,28625.10000000,28351.35000000,28424.99000000,5673.20621000,2023-04-01 07:59:59.999,161594292.29943790,137666,2786.44013000,79370298.00197780,0
2023-04-01 08:00:00,28424.98000000,28485.11000000,28360.65000000,28372.85000000,4134.10870000,2023-04-01 11:59:59.999,117547137.07497790,115817,2152.68899000,61210039.86942060,0
2023-04-01 12:00:00,28372.84000000,28473.90000000,28220.27000000,28400.07000000,5187.63015000,2023-04-01 15:59:59.999,147153281.99501050,143941,2654.29061000,75309248.32693100,0
2023-04-01 16:00:00,28400.07000000,28443.04000000,28280.00000000,28381.98000000,3397.25326000,2023-04-01 19:59:59.999,96379413.93322790,108759,1621.06172000,45990490.77056140,0
2023-04-01 20:00:00,28381.97000000,28577.00000000,28379.63000000,28452.73000000,4252.13560000,2023-04-01 23:59:59.999,121147984.09916680,117486,2117.55616000,60325317.77198730,0
2023-04-02 00:00:00,28452.74000000,28530.00000000,28355.00000000,28476.59000000,3671.10292000,2023-04-02 03:59:59.999,104383440.41159390,107926,1789.00431000,50867378.62741460,0
2023-04-02 04:00:00,28476.58000000,28490.40000000,28381.54000000,28416.38000000,2774.33739000,2023-04-02 07:59:59.999,78910041.12032210,85524,1280.00645000,36407068.71772450,0
2023-04-02 08:00:00,28416.37000000,28450.90000000,28306.80000000,28357.93000000,3482.11028000,2023-04-02 11:59:59.999,98829407.55686280,106511,1701.68388000,48300162.58270900,0
2023-04-02 12:00:00,28357.93000000,28361.00000000,28037.59000000,28124.81000000,10410.79993000,2023-04-02 15:59:59.999,293651041.50829740,247983,4984.63740000,140592959.51953590,0
2023-04-02 16:00:00,28124.80000000,28229.90000000,27856.43000000,27943.85000000,9548.76463000,2023-04-02 19:59:59.999,268163596.01815570,213771,4464.33932000,125378441.05617780,0
2023-04-02 20:00:00,27943.84000000,28203.35000000,27858.29000000,28171.87000000,7478.54177000,2023-04-02 23:59:59.999,209663406.45244860,176749,3677.34703000,103101257.58280250,0
2023-04-03 00:00:00,28171.87000000,28182.17000000,27560.00000000,27753.85000000,11150.24369000,2023-04-03 03:59:59.999,309827125.35851240,239807,5731.05532000,159215138.49977220,0
2023-04-03 04:00:00,27753.85000000,27962.90000000,27588.00000000,27958.74000000,7740.46106000,2023-04-03 07:59:59.999,214863821.49743280,176363,3957.39339000,109877716.02100110,0
2023-04-03 08:00:00,27958.73000000,28500.99000000,27958.73000000,28253.73000000,16752.02691000,2023-04-03 11:59:59.999,474177320.10287770,303991,8910.27492000,252191819.35198920,0
2023-04-03 12:00:00,28253.73000000,28375.00000000,27945.19000000,28051.48000000,12843.96705000,2023-04-03 15:59:59.999,361398934.79929210,269796,6532.88114000,183854391.33907870,0
2023-04-03 16:00:00,28051.48000000,28238.53000000,27875.00000000,28081.08000000,10815.36454000,2023-04-03 19:59:59.999,303545254.28737040,264830,5605.34033000,157340363.55724360,0
2023-04-03 20:00:00,28081.08000000,28093.56000000,27200.24000000,27800.00000000,19877.95080000,2023-04-03 23:59:59.999,550548592.73688140,396275,9797.87498000,271386335.32254400,0
2023-04-04 00:00:00,27800.00000000,27965.00000000,27662.79000000,27855.06000000,7378.74569000,2023-04-04 03:59:59.999,205275559.67046290,167625,3769.42754000,104864834.86572980,0
2023-04-04 04:00:00,27855.06000000,28145.00000000,27775.37000000,28021.30000000,7401.39758000,2023-04-04 07:59:59.999,207053975.81939400,164335,3876.17243000,108434855.14707800,0
2023-04-04 08:00:00,28021.31000000,28444.44000000,27931.20000000,28289.52000000,11327.61021000,2023-04-04 11:59:59.999,319731005.13004720,243495,5834.91538000,164732279.09764640,0
2023-04-04 12:00:00,28289.51000000,28399.00000000,27947.59000000,28030.04000000,11827.84541000,2023-04-04 15:59:59.999,333201190.11951280,257122,5639.30550000,158886966.01679720,0
2023-04-04 16:00:00,28030.05000000,28260.00000000,27971.07000000,28189.25000000,6969.29766000,2023-04-04 19:59:59.999,196001963.96787500,148848,3592.07129000,101022516.78274940,0
2023-04-04 20:00:00,28189.25000000,28305.00000000,28078.63000000,28165.47000000,4817.66036000,2023-04-04 23:59:59.999,135877770.16774420,120582,2372.06020000,66903950.50914010,0
2023-04-05 00:00:00,28165.47000000,28775.00000000,28099.68000000,28544.72000000,14845.01269000,2023-04-05 03:59:59.999,423618752.99337750,288736,7833.16555000,223524374.76303820,0
2023-04-05 04:00:00,28544.73000000,28624.35000000,28455.00000000,28525.21000000,5559.92922000,2023-04-05 07:59:59.999,158665950.89910920,125501,2775.44554000,79205522.52249860,0
2023-04-05 08:00:00,28525.20000000,28600.00000000,28450.50000000,28554.38000000,5619.64940000,2023-04-05 11:59:59.999,160312618.87255290,125324,2617.89898000,74683339.99990480,0
2023-04-05 12:00:00,28554.37000000,28750.00000000,27860.00000000,28031.09000000,19633.38200000,2023-04-05 15:59:59.999,555141194.29624740,389523,9687.33303000,273931210.51682140,0
2023-04-05 16:00:00,28031.09000000,28308.04000000,27805.10000000,28240.64000000,11011.74625000,2023-04-05 19:59:59.999,308690916.67418010,225348,5595.98115000,156922833.68554840,0
2023-04-05 20:00:00,28240.64000000,28300.00000000,28132.16000000,28170.01000000,4067.92776000,2023-04-05 23:59:59.999,114669105.33058960,108298,2047.06247000,57703808.68265680,0
2023-04-06 00:00:00,28170.01000000,28182.05000000,27878.60000000,28128.42000000,6441.25347000,2023-04-06 03:59:59.999,180559668.51362800,176628,2996.97917000,84015131.75533210,0
2023-04-06 04:00:00,28128.42000000,28130.00000000,27907.77000000,27910.97000000,4898.59822000,2023-04-06 07:59:59.999,137311145.18665700,120212,2217.51512000,62162539.97617500,0
2023-04-06 08:00:00,27910.97000000,28028.60000000,27711.00000000,27945.52000000,8497.72048000,2023-04-06 11:59:59.999,236988701.27556620,192229,3998.95418000,111533292.25251200,0
2023-04-06 12:00:00,27945.51000000,28181.05000000,27750.00000000,28090.39000000,10932.58337000,2023-04-06 15:59:59.999,305721842.94894250,213812,5509.28981000,154087037.42263980,0
2023-04-06 16:00:00,28090.39000000,28165.88000000,27950.90000000,28017.77000000,5293.83638000,2023-04-06 19:59:59.999,148536619.05231990,123959,2540.74815000,71293807.93198950,0
2023-04-06 20:00:00,28017.77000000,28121.87000000,27900.00000000,28033.82000000,4054.95771000,2023-04-06 23:59:59.999,113595110.57906900,107708,2045.15726000,57292451.51815160,0
2023-04-07 00:00:00,28033.83000000,28100.00000000,27926.52000000,28038.66000000,3144.63896000,2023-04-07 03:59:59.999,88146347.05107110,101113,1567.05756000,43923145.54782160,0
2023-04-07 04:00:00,28038.67000000,28062.73000000,27766.94000000,27839.78000000,4967.42754000,2023-04-07 07:59:59.999,138730068.84507290,135123,2275.36309000,63546583.57090150,0
2023-04-07 08:00:00,27839.79000000,27961.67000000,27785.00000000,27840.90000000,5563.52260000,2023-04-07 11:59:59.999,155095357.59993240,121265,2580.84279000,71955432.12796680,0
2023-04-07 12:00:00,27840.89000000,27984.75000000,27800.00000000,27944.10000000,5761.76975000,2023-04-07 15:59:59.999,160762132.74279430,140484,3040.89130000,84844387.45361220,0
2023-04-07 16:00:00,27944.09000000,27953.47000000,27856.00000000,27897.52000000,2550.36482000,2023-04-07 19:59:59.999,71164211.21731160,76639,1179.65615000,32915717.63546590,0
2023-04-07 20:00:00,27897.51000000,27980.74000000,27839.02000000,27906.33000000,2774.37020000,2023-04-07 23:59:59.999,77425631.47245900,81010,1339.32278000,37374212.13451390,0
2023-04-08 00:00:00,27906.34000000,28059.39000000,27859.02000000,28023.39000000,3614.73585000,2023-04-08 03:59:59.999,100996661.81377850,103217,1960.08128000,54765613.87721710,0
2023-04-08 04:00:00,28023.39000000,28154.99000000,27974.14000000,28086.22000000,4034.10068000,2023-04-08 07:59:59.999,113281145.02437380,103536,2156.60256000,60566347.91146060,0
2023-04-08 08:00:00,28086.22000000,28114.94000000,27990.57000000,28016.09000000,2664.16144000,2023-04-08 11:59:59.999,74715497.07113550,79955,1224.66290000,34342849.68144560,0
2023-04-08 12:00:00,28016.09000000,28057.00000000,27950.00000000,28014.70000000,3002.75065000,2023-04-08 15:59:59.999,84103537.29447180,105759,1438.13001000,40281121.98830060,0
2023-04-08 16:00:00,28014.71000000,28020.00000000,27872.11000000,27924.13000000,3619.71605000,2023-04-08 19:59:59.999,101150959.54763030,119177,1695.57762000,47378695.97746510,0
2023-04-08 20:00:00,27924.13000000,27987.41000000,27885.86000000,27938.38000000,2544.50268000,2023-04-08 23:59:59.999,71076717.93468550,112515,1254.18777000,35032049.90814970,0
2023-04-09 00:00:00,27938.38000000,28083.45000000,27924.90000000,28027.71000000,3682.55851000,2023-04-09 03:59:59.999,103256263.25636130,97312,1957.27965000,54876160.89303760,0
2023-04-09 04:00:00,28027.71000000,28067.46000000,27840.51000000,27903.02000000,5008.26881000,2023-04-09 07:59:59.999,139906738.23757000,117785,2529.85756000,70667966.89807430,0
2023-04-09 08:00:00,27903.01000000,27949.99000000,27800.00000000,27930.20000000,3470.02822000,2023-04-09 11:59:59.999,96786095.44376090,93671,1663.91252000,46415007.78657400,0
2023-04-09 12:00:00,27930.20000000,27973.39000000,27800.00000000,27891.91000000,3818.27012000,2023-04-09 15:59:59.999,106496353.43429140,127631,1826.37992000,50940304.41749980,0
2023-04-09 16:00:00,27891.91000000,28250.00000000,27876.68000000,28140.40000000,6527.39031000,2023-04-09 19:59:59.999,183258062.41069400,151815,3610.57462000,101363077.29767790,0
2023-04-09 20:00:00,28140.41000000,28530.00000000,28094.50000000,28323.76000000,10024.64504000,2023-04-09 23:59:59.999,284212410.91251810,189375,5297.70330000,150191808.06406600,0
2023-04-10 00:00:00,28323.76000000,28425.43000000,28244.18000000,28278.45000000,5372.26276000,2023-04-10 03:59:59.999,152165655.49501480,122422,2698.18871000,76427515.64199530,0
2023-04-10 04:00:00,28278.45000000,28325.43000000,28196.61000000,28284.57000000,4995.24453000,2023-04-10 07:59:59.999,141178153.92206140,105145,2961.76045000,83699487.06719570,0
2023-04-10 08:00:00,28284.57000000,28375.02000000,28275.01000000,28305.60000000,5234.32286000,2023-04-10 11:59:59.999,148247870.25727250,103816,2685.45938000,76058178.02115160,0
2023-04-10 12:00:00,28305.59000000,28575.04000000,28170.00000000,28439.38000000,10137.40167000,2023-04-10 15:59:59.999,287346546.19666310,193017,5248.26249000,148784572.06861980,0
2023-04-10 16:00:00,28439.39000000,29380.00000000,28356.51000000,29173.06000000,27035.28756000,2023-04-10 19:59:59.999,784702706.54737020,474950,14405.16713000,417943350.88966690,0
2023-04-10 20:00:00,29173.05000000,29770.00000000,29069.10000000,29637.34000000,14979.54282000,2023-04-10 23:59:59.999,441660010.75244850,286345,8148.78510000,240225583.90298320,0
2023-04-11 00:00:00,29637.35000000,30430.00000000,29590.00000000,30115.95000000,20828.19269000,2023-04-11 03:59:59.999,625055720.93056450,389447,11443.21158000,343356768.81151420,0
2023-04-11 04:00:00,30115.95000000,30169.14000000,29800.00000000,30106.89000000,10285.50672000,2023-04-11 07:59:59.999,308990782.89012350,207121,5073.51527000,152438594.09644350,0
2023-04-11 08:00:00,30106.90000000,30147.38000000,29974.00000000,30055.15000000,7339.48746000,2023-04-11 11:59:59.999,220730844.45404130,151922,3453.22940000,103855037.95956890,0
2023-04-11 12:00:00,30055.14000000,30280.00000000,29975.00000000,30194.22000000,11314.16156000,2023-04-11 15:59:59.999,340918024.57294100,220845,5570.85444000,167875428.62088580,0
2023-04-11 16:00:00,30194.23000000,30550.00000000,30040.00000000,30130.02000000,10970.16011000,2023-04-11 19:59:59.999,331757846.72774080,223433,5556.58726000,168087509.55846380,0
2023-04-11 20:00:00,30130.02000000,30274.19000000,29940.00000000,30200.42000000,7252.56767000,2023-04-11 23:59:59.999,218625058.50670650,147690,3669.52923000,110637283.24658060,0
2023-04-12 00:00:00,30200.43000000,30350.07000000,29811.82000000,29922.04000000,11394.97178000,2023-04-12 03:59:59.999,342268958.48073160,229283,5520.80814000,165847303.76316130,0
2023-04-12 04:00:00,29922.04000000,30070.42000000,29850.00000000,29987.00000000,6069.48422000,2023-04-12 07:59:59.999,181771973.84102010,131988,3184.27717000,95370356.85213660,0
2023-04-12 08:00:00,29986.99000000,30050.47000000,29895.98000000,30016.30000000,5584.43686000,2023-04-12 11:59:59.999,167424828.43533510,122982,2946.34865000,88338645.10388350,0
2023-04-12 12:00:00,30016.31000000,30486.00000000,29637.40000000,29964.02000000,26308.52652000,2023-04-12 15:59:59.999,792129784.51613500,444308,13269.26133000,399600608.80334240,0
2023-04-12 16:00:00,29964.03000000,30091.01000000,29760.13000000,29798.59000000,8528.50057000,2023-04-12 19:59:59.999,255439988.64471180,194533,4171.24842000,124947077.17013710,0
2023-04-12 20:00:00,29798.59000000,29979.74000000,29775.68000000,29888.07000000,4163.56456000,2023-04-12 23:59:59.999,124462072.22359670,123462,2044.44205000,61119738.87990610,0
2023-04-13 00:00:00,29888.07000000,30200.00000000,29854.59000000,30072.17000000,5485.41854000,2023-04-13 03:59:59.999,164758087.28380290,138640,2930.74333000,88026261.86248620,0
2023-04-13 04:00:00,30072.17000000,30128.59000000,29982.93000000,30068.60000000,5087.64391000,2023-04-13 07:59:59.999,152912951.11169320,107370,2636.51561000,79240262.91316210,0
2023-04-13 08:00:00,30068.60000000,30374.87000000,30039.00000000,30159.82000000,10749.49629000,2023-04-13 11:59:59.999,324625848.64014680,228054,5606.49340000,169309366.87419720,0
2023-04-13 12:00:00,30159.81000000,30595.00000000,30134.16000000,30441.43000000,14771.58975000,2023-04-13 15:59:59.999,448060518.81917210,268182,8061.24724000,244548733.62518210,0
2023-04-13 16:00:00,30441.43000000,30535.76000000,30262.40000000,30335.13000000,9458.03277000,2023-04-13 19:59:59.999,287393675.38591330,173216,4505.59413000,136916883.73137910,0
2023-04-13 20:00:00,30335.13000000,30394.70000000,30205.00000000,30373.84000000,6381.93605000,2023-04-13 23:59:59.999,193340019.88923890,138682,3027.05927000,91707125.99618020,0
2023-04-14 00:00:00,30373.84000000,30893.79000000,30310.03000000,30690.88000000,18523.28940000,2023-04-14 03:59:59.999,568460424.35606810,361995,9247.44574000,283795521.77051960,0
2023-04-14 04:00:00,30690.89000000,31000.00000000,30674.53000000,30733.72000000,11910.85727000,2023-04-14 07:59:59.999,367033484.85353440,239125,6169.13154000,190124160.11835550,0
2023-04-14 08:00:00,30733.73000000,30827.27000000,30657.14000000,30801.89000000,7627.76445000,2023-04-14 11:59:59.999,234606130.37700980,151541,3796.95989000,116782711.94928330,0
2023-04-14 12:00:00,30801.89000000,30850.00000000,30101.00000000,30237.89000000,19633.71604000,2023-04-14 15:59:59.999,599409820.82391710,366092,9794.39439000,299034574.48233390,0
2023-04-14 16:00:00,30237.88000000,30357.80000000,29966.00000000,30324.09000000,12230.50318000,2023-04-14 19:59:59.999,369413786.06085980,234903,6152.83506000,185869357.35214740,0
2023-04-14 20:00:00,30324.09000000,30522.07000000,30272.25000000,30466.93000000,6058.06418000,2023-04-14 23:59:59.999,184343847.90884090,150524,3245.82344000,98764957.89252680,0
2023-04-15 00:00:00,30466.93000000,30595.60000000,30278.08000000,30376.14000000,5746.94380000,2023-04-15 03:59:59.999,174730437.60673000,164192,2717.09357000,82623834.82382450,0
2023-04-15 04:00:00,30376.13000000,30467.92000000,30337.97000000,30433.30000000,4154.39976000,2023-04-15 07:59:59.999,126260161.72168020,112881,2018.02070000,61334717.01689010,0
2023-04-15 08:00:00,30433.29000000,30470.00000000,30364.70000000,30385.30000000,3667.82496000,2023-04-15 11:59:59.999,111572992.09345420,113326,1843.60462000,56081139.54946340,0
2023-04-15 12:00:00,30385.31000000,30444.00000000,30285.00000000,30325.27000000,4272.47036000,2023-04-15 15:59:59.999,129770675.63249380,129224,1921.23225000,58360900.84421560,0
2023-04-15 16:00:00,30325.27000000,30339.35000000,30202.00000000,30331.74000000,4726.84822000,2023-04-15 19:59:59.999,143158228.93153550,127792,2386.93781000,72296419.67052060,0
2023-04-15 20:00:00,30331.74000000,30360.19000000,30236.39000000,30295.09000000,2861.32537000,2023-04-15 23:59:59.999,86718601.62812230,85003,1537.45614000,46596516.40799250,0
2023-04-16 00:00:00,30295.10000000,30319.04000000,30120.00000000,30249.37000000,3384.26015000,2023-04-16 03:59:59.999,102344324.70228700,109409,1578.62144000,47738062.19499500,0
2023-04-16 04:00:00,30249.36000000,30399.40000000,30245.82000000,30344.97000000,2921.29461000,2023-04-16 07:59:59.999,88567589.90376440,97622,1513.19202000,45876172.65149340,0
2023-04-16 08:00:00,30344.97000000,30353.96000000,30220.40000000,30226.45000000,3645.14709000,2023-04-16 11:59:59.999,110409728.97723640,103724,1682.80642000,50970384.85967040,0
2023-04-16 12:00:00,30226.46000000,30362.00000000,30160.40000000,30332.98000000,4673.57527000,2023-04-16 15:59:59.999,141456279.51347410,115430,2436.76659000,73758738.44062090,0
2023-04-16 16:00:00,30332.98000000,30549.99000000,30259.69000000,30309.06000000,6879.44808000,2023-04-16 19:59:59.999,209114525.77370960,144217,3374.24453000,102595078.41460140,0
2023-04-16 20:00:00,30309.05000000,30407.98000000,30192.00000000,30304.65000000,4928.26802000,2023-04-16 23:59:59.999,149430477.28209360,137831,2578.10491000,78177150.44221700,0
2023-04-17 00:00:00,30304.66000000,30316.06000000,29740.64000000,29982.80000000,13105.03703000,2023-04-17 03:59:59.999,392753321.39070940,268594,5961.09586000,178618815.60021930,0
2023-04-17 04:00:00,29982.80000000,30007.56000000,29832.00000000,29838.30000000,5573.07492000,2023-04-17 07:59:59.999,166831643.32601430,138316,2775.88628000,83093838.50416810,0
2023-04-17 08:00:00,29838.30000000,29922.50000000,29366.00000000,29570.81000000,11957.93933000,2023-04-17 11:59:59.999,355765755.16688620,215901,5598.98647000,166603980.56761020,0
2023-04-17 12:00:00,29570.80000000,29593.14000000,29240.65000000,29358.31000000,13750.46214000,2023-04-17 15:59:59.999,404730089.91383910,258624,6540.82778000,192514409.85834910,0
2023-04-17 16:00:00,29358.30000000,29580.17000000,29330.85000000,29467.24000000,7312.65763000,2023-04-17 19:59:59.999,215480649.15282450,154435,3821.99877000,112605730.37379660,0
2023-04-17 20:00:00,29467.25000000,29536.93000000,29391.92000000,29430.27000000,4742.64022000,2023-04-17 23:59:59.999,139726302.48276200,101424,2181.38255000,64274237.90303830,0
2023-04-18 00:00:00,29430.27000000,29500.00000000,29096.78000000,29446.99000000,7340.04494000,2023-04-18 03:59:59.999,215365008.56201430,155258,3858.91814000,113250646.18379930,0
2023-04-18 04:00:00,29447.00000000,29803.00000000,29442.56000000,29775.62000000,8003.36187000,2023-04-18 07:59:59.999,237167380.78605320,145788,4438.34260000,131542366.31921230,0
2023-04-18 08:00:00,29775.61000000,30381.68000000,29693.10000000,30380.59000000,13941.09794000,2023-04-18 11:59:59.999,418183716.93383950,232257,7712.72594000,231387171.56226730,0
2023-04-18 12:00:00,30380.59000000,30485.00000000,30099.37000000,30184.86000000,16268.45181000,2023-04-18 15:59:59.999,493067878.31348170,271096,8077.95047000,244824638.25256100,0
2023-04-18 16:00:00,30184.85000000,30274.21000000,29945.58000000,30221.52000000,9976.92726000,2023-04-18 19:59:59.999,300807760.34950680,199513,4979.91429000,150153420.97957870,0
2023-04-18 20:00:00,30221.53000000,30450.00000000,30150.00000000,30380.01000000,6475.01052000,2023-04-18 23:59:59.999,196409747.03380180,137650,3349.71924000,101611317.43288530,0
2023-04-19 00:00:00,30380.01000000,30413.53000000,30126.00000000,30211.23000000,5329.78580000,2023-04-19 03:59:59.999,161294807.50107460,134009,2485.48493000,75223763.77848600,0
2023-04-19 04:00:00,30211.23000000,30325.51000000,29980.00000000,30077.76000000,7472.46844000,2023-04-19 07:59:59.999,225238964.24098990,167567,3570.76860000,107633406.80991610,0
2023-04-19 08:00:00,30077.76000000,30077.76000000,29000.00000000,29310.65000000,32617.02212000,2023-04-19 11:59:59.999,955965963.60030970,637314,16000.10932000,468916757.94383520,0
2023-04-19 12:00:00,29310.64000000,29500.00000000,29100.00000000,29260.44000000,12985.95001000,2023-04-19 15:59:59.999,380544354.75641690,236991,6566.81964000,192466980.22572940,0
2023-04-19 16:00:00,29260.43000000,29370.00000000,29080.00000000,29227.07000000,8902.99790000,2023-04-19 19:59:59.999,260631800.32652110,177280,4324.85949000,126620991.72525220,0
2023-04-19 20:00:00,29227.06000000,29315.61000000,28520.00000000,28797.10000000,19267.26229000,2023-04-19 23:59:59.999,557607997.87813480,346730,8519.74674000,246694366.71787700,0
2023-04-20 00:00:00,28797.10000000,29000.00000000,28549.00000000,28862.52000000,11329.84169000,2023-04-20 03:59:59.999,326620209.32614280,224563,5495.42866000,158421152.63360150,0
2023-04-20 04:00:00,28862.51000000,29088.30000000,28818.80000000,28869.66000000,7669.56391000,2023-04-20 07:59:59.999,221809417.67031760,162152,3806.36532000,110087921.70275330,0
2023-04-20 08:00:00,28869.66000000,28951.00000000,28590.00000000,28607.13000000,8737.40051000,2023-04-20 11:59:59.999,251581174.62133900,165734,4074.58395000,117342662.66976110,0
2023-04-20 12:00:00,28607.12000000,28978.69000000,28334.00000000,28506.69000000,18458.73713000,2023-04-20 15:59:59.999,530036065.22855140,309015,8643.75603000,248251173.88181190,0
2023-04-20 16:00:00,28506.70000000,28658.81000000,28010.00000000,28104.38000000,21464.77891000,2023-04-20 19:59:59.999,608629392.87972350,393946,10070.55397000,285569507.29844150,0
2023-04-20 20:00:00,28104.38000000,28365.50000000,28012.00000000,28243.65000000,9218.77157000,2023-04-20 23:59:59.999,260177771.69867180,179232,4828.89792000,136277347.58613030,0
2023-04-21 00:00:00,28243.65000000,28374.02000000,28090.00000000,28321.41000000,7136.48260000,2023-04-21 03:59:59.999,201553849.17813160,146572,3596.02828000,101572395.19477280,0
2023-04-21 04:00:00,28321.42000000,28348.00000000,27815.89000000,28155.03000000,14964.65602000,2023-04-21 07:59:59.999,419658811.05622070,244644,7302.98684000,204753143.61630220,0
2023-04-21 08:00:00,28155.02000000,28237.30000000,27919.69000000,28066.21000000,9486.35341000,2023-04-21 11:59:59.999,266158444.96509020,183796,4575.31887000,128372266.40202890,0
2023-04-21 12:00:00,28066.22000000,28308.45000000,27962.65000000,28040.70000000,14095.50499000,2023-04-21 15:59:59.999,396431598.93111650,247347,7376.98240000,207479866.97017940,0
2023-04-21 16:00:00,28040.70000000,28090.54000000,27184.54000000,27279.91000000,20779.11295000,2023-04-21 19:59:59.999,574597597.12305830,412721,9774.68132000,270265294.44247360,0
2023-04-21 20:00:00,27279.90000000,27409.62000000,27125.00000000,27262.84000000,11222.65793000,2023-04-21 23:59:59.999,306267310.68184330,228548,5793.13841000,158097609.85003520,0
2023-04-22 00:00:00,27262.84000000,27367.77000000,27140.35000000,27322.16000000,5410.17958000,2023-04-22 03:59:59.999,147509369.15855130,121374,2892.47049000,78871612.09789840,0
2023-04-22 04:00:00,27322.15000000,27397.63000000,27225.00000000,27277.76000000,4190.23201000,2023-04-22 07:59:59.999,114489942.38613860,140387,2063.26677000,56374622.48360830,0
2023-04-22 08:00:00,27277.75000000,27324.58000000,27184.24000000,27286.65000000,4851.36968000,2023-04-22 11:59:59.999,132179478.34493060,118674,2380.64826000,64863152.38822910,0
2023-04-22 12:00:00,27286.65000000,27562.17000000,27231.00000000,27488.93000000,6866.08949000,2023-04-22 15:59:59.999,188076661.14499330,153586,3772.48024000,103336156.86401630,0
2023-04-22 16:00:00,27488.93000000,27804.38000000,27484.63000000,27622.61000000,8389.52746000,2023-04-22 19:59:59.999,231844174.31778740,181715,4292.97721000,118643606.35212840,0
2023-04-22 20:00:00,27622.61000000,27882.72000000,27566.91000000,27816.85000000,6316.29864000,2023-04-22 23:59:59.999,175279849.96942200,143764,3211.05358000,89111821.45034630,0
2023-04-23 00:00:00,27816.85000000,27816.85000000,27415.56000000,27557.84000000,6582.80343000,2023-04-23 03:59:59.999,181569405.10917110,145251,3417.13780000,94237140.09274280,0
2023-04-23 04:00:00,27557.83000000,27751.47000000,27531.85000000,27718.90000000,4072.92515000,2023-04-23 07:59:59.999,112482619.54151600,125644,2299.36476000,63503838.95742130,0
2023-04-23 08:00:00,27718.89000000,27777.00000000,27482.79000000,27642.90000000,5189.51221000,2023-04-23 11:59:59.999,143347322.28571880,132453,2683.88683000,74124138.68101380,0
2023-04-23 12:00:00,27642.89000000,27735.25000000,27311.25000000,27474.47000000,5943.17948000,2023-04-23 15:59:59.999,163701533.33027650,174367,2832.01284000,78004742.44948870,0
2023-04-23 16:00:00,27474.47000000,27689.83000000,27330.00000000,27465.77000000,8237.43783000,2023-04-23 19:59:59.999,226492763.13756310,190320,4073.75467000,112006293.70258780,0
2023-04-23 20:00:00,27465.78000000,27650.28000000,27402.88000000,27590.60000000,4786.23771000,2023-04-23 23:59:59.999,131796055.35300960,105450,2304.31981000,63452491.81105650,0
2023-04-24 00:00:00,27590.59000000,28000.00000000,27427.30000000,27790.48000000,8178.33983000,2023-04-24 03:59:59.999,227006039.23894240,203209,3984.14904000,110613040.84915380,0
2023-04-24 04:00:00,27790.49000000,27800.00000000,27350.00000000,27451.97000000,6200.98667000,2023-04-24 07:59:59.999,171007551.42520470,170427,2784.70571000,76798232.10113620,0
2023-04-24 08:00:00,27451.98000000,27553.24000000,27157.14000000,27550.84000000,10313.90924000,2023-04-24 11:59:59.999,282046762.93735170,224859,5255.06571000,143712448.87388100,0
2023-04-24 12:00:00,27550.83000000,27720.57000000,27200.00000000,27267.05000000,11420.22805000,2023-04-24 15:59:59.999,313749908.69804270,255814,5256.74252000,144416832.29269890,0
2023-04-24 16:00:00,27267.06000000,27579.80000000,26942.82000000,27383.29000000,12309.41846000,2023-04-24 19:59:59.999,335900364.84036480,253513,5975.21429000,163057308.40801850,0
2023-04-24 20:00:00,27383.28000000,27560.73000000,27320.47000000,27510.93000000,4688.68649000,2023-04-24 23:59:59.999,128695888.50051500,103258,2385.40317000,65481720.12660380,0
2023-04-25 00:00:00,27510.93000000,27590.28000000,27313.74000000,27345.72000000,5310.06861000,2023-04-25 03:59:59.999,145709795.93608920,113071,2617.78225000,71847434.37562200,0
2023-04-25 04:00:00,27345.71000000,27459.58000000,27240.80000000,27266.54000000,5140.31121000,2023-04-25 07:59:59.999,140670072.31564780,123110,2357.51919000,64510216.20999370,0
2023-04-25 08:00:00,27266.54000000,27443.63000000,27192.00000000,27390.96000000,6631.97649000,2023-04-25 11:59:59.999,181308419.25548230,155127,3292.04422000,89999903.40454340,0
2023-04-25 12:00:00,27390.96000000,27482.71000000,27199.17000000,27345.00000000,8847.60442000,2023-04-25 15:59:59.999,241988394.87093510,182319,4470.08515000,122274705.75211520,0
2023-04-25 16:00:00,27345.00000000,27790.19000000,27316.20000000,27611.40000000,10129.47641000,2023-04-25 19:59:59.999,279008062.91677360,221177,5253.38948000,144690736.55735060,0
2023-04-25 20:00:00,27611.39000000,28399.99000000,27611.01000000,28300.79000000,16265.70923000,2023-04-25 23:59:59.999,457644629.94780310,292263,8842.65163000,248746220.69932870,0
2023-04-26 00:00:00,28300.80000000,28481.00000000,28244.62000000,28309.10000000,9794.44476000,2023-04-26 03:59:59.999,277820033.84838250,165081,4693.83840000,133148043.77532210,0
2023-04-26 04:00:00,28309.09000000,28599.00000000,28301.05000000,28376.18000000,8441.48637000,2023-04-26 07:59:59.999,239571768.99849430,134347,4487.34095000,127351762.32293240,0
2023-04-26 08:00:00,28376.19000000,29138.83000000,28371.99000000,28952.32000000,21338.25434000,2023-04-26 11:59:59.999,615019482.78734500,323308,11192.77736000,322568622.07285670,0
2023-04-26 12:00:00,28952.31000000,30036.00000000,28952.31000000,29820.03000000,29557.57382000,2023-04-26 15:59:59.999,878111407.55824650,497975,15020.07762000,446101219.15663180,0
2023-04-26 16:00:00,29820.02000000,29900.00000000,27694.06000000,27884.24000000,27955.54863000,2023-04-26 19:59:59.999,808343099.71518380,506320,12987.89094000,375572348.27632030,0
2023-04-26 20:00:00,27884.25000000,28739.99000000,27235.00000000,28415.29000000,32141.09611000,2023-04-26 23:59:59.999,900835669.00151120,634911,16158.62994000,452956383.66133710,0
2023-04-27 00:00:00,28415.29000000,29480.50000000,28378.86000000,28885.79000000,22447.76067000,2023-04-27 03:59:59.999,651106420.56021750,473314,11235.46347000,325803574.51222830,0
2023-04-27 04:00:00,28885.78000000,29278.88000000,28632.25000000,28893.83000000,12428.75979000,2023-04-27 07:59:59.999,360088280.19210080,253374,6229.96468000,180490541.34036510,0
2023-04-27 08:00:00,28893.84000000,29139.85000000,28780.45000000,28934.21000000,11084.17980000,2023-04-27 11:59:59.999,321142909.53834290,229115,5514.20195000,159763654.94404170,0
2023-04-27 12:00:00,28934.21000000,29555.00000000,28661.58000000,29149.73000000,17936.04093000,2023-04-27 15:59:59.999,521088475.32341320,398269,9160.13346000,266178269.65010560,0
2023-04-27 16:00:00,29149.74000000,29890.00000000,29013.44000000,29673.98000000,20847.10485000,2023-04-27 19:59:59.999,615576039.90089200,406920,11036.70415000,325866462.38896140,0
2023-04-27 20:00:00,29673.98000000,29783.15000000,29255.53000000,29472.77000000,10686.97827000,2023-04-27 23:59:59.999,315857566.84965350,229156,5425.50703000,160336802.78220250,0
2023-04-28 00:00:00,29472.77000000,29599.54000000,29330.00000000,29420.52000000,9071.88830000,2023-04-28 03:59:59.999,267210473.86738230,170882,4490.84239000,132286584.37771430,0
2023-04-28 04:00:00,29420.52000000,29566.92000000,29396.89000000,29488.83000000,7539.59531000,2023-04-28 07:59:59.999,222191022.44340160,153193,3328.56329000,98091315.51659610,0
2023-04-28 08:00:00,29488.83000000,29495.34000000,29137.76000000,29235.36000000,9546.84930000,2023-04-28 11:59:59.999,279526648.96887030,192686,4471.19242000,130889541.12290600,0
2023-04-28 12:00:00,29235.36000000,29467.36000000,28891.00000000,29146.89000000,16054.08157000,2023-04-28 15:59:59.999,467840149.45971110,317718,8519.51518000,248223024.10355290,0
2023-04-28 16:00:00,29146.88000000,29437.81000000,29101.28000000,29328.53000000,8039.55295000,2023-04-28 19:59:59.999,235180666.76300160,189805,3919.24168000,114662404.07496230,0
2023-04-28 20:00:00,29328.53000000,29429.36000000,29276.75000000,29311.70000000,4046.19835000,2023-04-28 23:59:59.999,118734810.16583100,104956,1929.86144000,56631982.35130580,0
2023-04-29 00:00:00,29311.69000000,29400.00000000,29195.58000000,29345.74000000,4266.76284000,2023-04-29 03:59:59.999,125094747.86016390,112146,2244.69251000,65811547.20815840,0
2023-04-29 04:00:00,29345.75000000,29448.88000000,29289.44000000,29345.54000000,3485.37764000,2023-04-29 07:59:59.999,102326398.16259210,99468,1739.02172000,51061120.23319800,0
2023-04-29 08:00:00,29345.54000000,29360.00000000,29234.39000000,29332.11000000,3230.99493000,2023-04-29 11:59:59.999,94630352.98903940,107304,1477.60068000,43274753.72146370,0
2023-04-29 12:00:00,29332.11000000,29393.39000000,29210.24000000,29271.21000000,3619.27524000,2023-04-29 15:59:59.999,106168017.34619970,112410,1757.61483000,51556006.36806280,0
2023-04-29 16:00:00,29271.21000000,29309.05000000,29031.00000000,29240.67000000,3877.98484000,2023-04-29 19:59:59.999,113216675.43131870,111919,1830.42317000,53434246.46357470,0
2023-04-29 20:00:00,29240.68000000,29265.00000000,29138.25000000,29230.45000000,1986.43509000,2023-04-29 23:59:59.999,58030718.25734830,76072,975.24687000,28489521.71137510,0
2023-04-30 00:00:00,29230.45000000,29230.49000000,29079.59000000,29178.87000000,2342.26797000,2023-04-30 03:59:59.999,68280509.69746730,76269,1159.62060000,33802681.29159600,0
2023-04-30 04:00:00,29178.88000000,29295.96000000,29171.22000000,29266.43000000,2111.33452000,2023-04-30 07:59:59.999,61748910.28908890,65131,1138.10914000,33281423.86392380,0
2023-04-30 08:00:00,29266.43000000,29348.31000000,29160.53000000,29197.01000000,2785.88414000,2023-04-30 11:59:59.999,81496044.26121750,90196,1213.46671000,35503134.53542800,0
2023-04-30 12:00:00,29197.02000000,29969.39000000,29182.74000000,29655.18000000,12772.70758000,2023-04-30 15:59:59.999,378552222.05435150,251819,6714.75452000,198947448.63711500,0
2023-04-30 16:00:00,29655.18000000,29870.22000000,29211.28000000,29361.13000000,12470.01847000,2023-04-30 19:59:59.999,368840773.05145640,276286,6110.69988000,180817631.27794530,0
2023-04-30 20:00:00,29361.13000000,29486.50000000,29160.96000000,29233.21000000,7270.32452000,2023-04-30 23:59:59.999,213236808.52260810,189757,3557.62167000,104359350.95006580,0
2023-05-01 00:00:00,29233.20000000,29337.34000000,28369.95000000,28561.06000000,15966.85068000,2023-05-01 03:59:59.999,458972002.39168020,301410,7464.39554000,214466445.14379120,0
2023-05-01 04:00:00,28561.07000000,28713.94000000,28250.15000000,28629.09000000,8593.24272000,2023-05-01 07:59:59.999,245232679.83103090,190485,4142.98807000,118240525.61185050,0
2023-05-01 08:00:00,28629.08000000,28670.10000000,28487.42000000,28523.86000000,4839.78726000,2023-05-01 11:59:59.999,138231182.99863800,121466,2292.75914000,65484894.47188000,0
2023-05-01 12:00:00,28523.85000000,28629.42000000,28075.36000000,28170.64000000,12056.92682000,2023-05-01 15:59:59.999,341859155.16437940,244622,5794.06273000,164319567.15199550,0
2023-05-01 16:00:00,28170.64000000,28410.95000000,27799.99000000,27843.36000000,14168.83144000,2023-05-01 19:59:59.999,397901976.77397670,293863,6703.40994000,188298149.02609660,0
2023-05-01 20:00:00,27843.35000000,28159.26000000,27666.95000000,28068.26000000,8808.02066000,2023-05-01 23:59:59.999,246024141.79473460,210947,4364.31148000,121902436.77521160,0
2023-05-02 00:00:00,28068.26000000,28145.60000000,27918.49000000,28043.76000000,5134.45129000,2023-05-02 03:59:59.999,143835389.73010240,133679,2446.62603000,68535631.49879390,0
2023-05-02 04:00:00,28043.75000000,28164.55000000,27872.00000000,28057.47000000,4237.79005000,2023-05-02 07:59:59.999,118702009.73199810,117366,2149.41561000,60212255.29449830,0
2023-05-02 08:00:00,28057.47000000,28133.33000000,27939.40000000,28084.83000000,5040.42695000,2023-05-02 11:59:59.999,141293414.80794010,129663,2311.17408000,64784742.41861100,0
2023-05-02 12:00:00,28084.83000000,28767.08000000,27910.00000000,28540.68000000,20134.60393000,2023-05-02 15:59:59.999,571336653.96841900,394657,10161.88887000,288365502.81019830,0
2023-05-02 16:00:00,28540.69000000,28879.88000000,28431.48000000,28686.14000000,10323.68451000,2023-05-02 19:59:59.999,295688562.69731440,240295,4909.43584000,140628743.99599270,0
2023-05-02 20:00:00,28686.13000000,28815.43000000,28616.08000000,28669.86000000,5953.56567000,2023-05-02 23:59:59.999,170877891.07587040,159037,2810.82705000,80679955.76208640,0
2023-05-03 00:00:00,28669.85000000,28689.35000000,28336.30000000,28520.90000000,6054.38189000,2023-05-03 03:59:59.999,172676178.52172050,137189,3006.95135000,85771277.61086040,0
2023-05-03 04:00:00,28520.89000000,28680.00000000,28427.56000000,28653.80000000,5308.02610000,2023-05-03 07:59:59.999,151565689.27600470,123418,2689.46908000,76805722.99815810,0
2023-05-03 08:00:00,28653.81000000,28767.93000000,28526.18000000,28543.74000000,6103.80959000,2023-05-03 11:59:59.999,174813186.18753910,149347,2943.91123000,84316511.79095430,0
2023-05-03 12:00:00,28543.73000000,28583.33000000,28113.69000000,28311.51000000,13681.91671000,2023-05-03 15:59:59.999,387478622.63109060,332556,6587.02089000,186528703.43088140,0
2023-05-03 16:00:00,28311.52000000,28800.00000000,28211.08000000,28322.98000000,19116.31620000,2023-05-03 19:59:59.999,544492096.66508020,447245,9667.90567000,275390816.83395010,0
2023-05-03 20:00:00,28322.97000000,29266.66000000,28285.19000000,29026.16000000,14351.34164000,2023-05-03 23:59:59.999,414935445.56180850,313154,7395.95176000,213736930.58595360,0
2023-05-04 00:00:00,29026.16000000,29195.94000000,28950.98000000,29096.86000000,6023.39211000,2023-05-04 03:59:59.999,175001358.06836250,133569,3057.32734000,88830078.79658090,0
2023-05-04 04:00:00,29096.85000000,29237.73000000,29038.31000000,29058.19000000,5854.55975000,2023-05-04 07:59:59.999,170506455.93554030,132885,2965.62212000,86376264.32546850,0
2023-05-04 08:00:00,29058.20000000,29379.83000000,28982.58000000,29154.66000000,6802.18312000,2023-05-04 11:59:59.999,198448626.28453190,160680,3253.44126000,94930898.44722600,0
2023-05-04 12:00:00,29154.65000000,29232.87000000,28663.64000000,28866.19000000,13921.52127000,2023-05-04 15:59:59.999,402264352.00831600,260505,6578.42071000,190061477.28649970,0
2023-05-04 16:00:00,28866.20000000,28972.92000000,28673.59000000,28895.12000000,6804.94862000,2023-05-04 19:59:59.999,196243083.61264580,172246,3196.23629000,92172562.66280580,0
2023-05-04 20:00:00,28895.31000000,28920.00000000,28748.00000000,28838.16000000,3168.87014000,2023-05-04 23:59:59.999,91352260.25126120,101657,1419.16468000,40910157.41955670,0
2023-05-05 00:00:00,28838.16000000,29531.00000000,28819.77000000,29198.23000000,11947.31875000,2023-05-05 03:59:59.999,349034280.58133980,241877,6006.68101000,175488888.75809930,0
2023-05-05 04:00:00,29198.22000000,29275.00000000,29029.87000000,29062.29000000,7022.92515000,2023-05-05 07:59:59.999,204884441.02930520,151778,3465.60452000,101103976.51124430,0
2023-05-05 08:00:00,29062.29000000,29195.97000000,29022.27000000,29149.36000000,5306.30763000,2023-05-05 11:59:59.999,154411836.37579370,131110,2456.78233000,71496646.25709800,0
2023-05-05 12:00:00,29149.36000000,29439.99000000,28800.00000000,29356.45000000,16673.08266000,2023-05-05 15:59:59.999,485840654.78497460,347113,8443.92190000,246085658.75650290,0
2023-05-05 16:00:00,29356.44000000,29677.00000000,29315.78000000,29561.66000000,13062.47594000,2023-05-05 19:59:59.999,385596726.31222250,286197,6604.90758000,194965549.78205530,0
2023-05-05 20:00:00,29561.66000000,29650.00000000,29450.69000000,29505.61000000,4403.72035000,2023-05-05 23:59:59.999,130018875.81749820,129952,2094.08872000,61834622.57743050,0
2023-05-06 00:00:00,29505.60000000,29820.00000000,29337.83000000,29353.61000000,8317.65484000,2023-05-06 03:59:59.999,245700013.32232590,219880,3899.53664000,115243481.94885150,0
2023-05-06 04:00:00,29353.62000000,29437.01000000,29250.65000000,29363.35000000,4244.22179000,2023-05-06 07:59:59.999,124601535.48532030,144336,1968.24078000,57791085.45333930,0
2023-05-06 08:00:00,29363.34000000,29367.20000000,29132.14000000,29266.15000000,7223.00274000,2023-05-06 11:59:59.999,211359464.10545320,182798,3343.15702000,97835746.81867160,0
2023-05-06 12:00:00,29266.16000000,29267.24000000,28300.00000000,28576.61000000,17920.04251000,2023-05-06 15:59:59.999,515536496.84797090,367275,8269.00603000,237874911.92395000,0
2023-05-06 16:00:00,28576.62000000,28964.68000000,28535.26000000,28842.82000000,7823.22553000,2023-05-06 19:59:59.999,225133910.23729920,191924,4037.44421000,116172530.56617800,0
2023-05-06 20:00:00,28842.82000000,28880.49000000,28642.00000000,28848.20000000,3721.13718000,2023-05-06 23:59:59.999,107186472.78213270,114808,1798.56605000,51799510.30073200,0
2023-05-07 00:00:00,28848.19000000,29138.29000000,28744.08000000,28798.56000000,6222.87665000,2023-05-07 03:59:59.999,179844247.25220140,160043,3223.46954000,93161639.79264840,0
2023-05-07 04:00:00,28798.57000000,28952.56000000,28787.02000000,28910.41000000,3568.17865000,2023-05-07 07:59:59.999,103041270.13148650,115279,1878.52660000,54248818.61240070,0
2023-05-07 08:00:00,28910.42000000,28960.03000000,28705.12000000,28840.06000000,4273.23723000,2023-05-07 11:59:59.999,123237944.22757630,121291,2090.84288000,60299396.34848890,0
2023-05-07 12:00:00,28840.07000000,29095.88000000,28840.00000000,28942.67000000,5289.32095000,2023-05-07 15:59:59.999,153189054.11035710,159361,2735.16792000,79214202.17122580,0
2023-05-07 16:00:00,28942.66000000,29029.11000000,28770.69000000,28907.73000000,4257.69952000,2023-05-07 19:59:59.999,123038074.93584000,131571,2077.86406000,60048233.45177540,0
2023-05-07 20:00:00,28907.73000000,28952.87000000,28395.23000000,28430.10000000,6392.09728000,2023-05-07 23:59:59.999,183487944.66892080,167880,2898.14002000,83190068.25288600,0
2023-05-08 00:00:00,28430.09000000,28631.01000000,28004.23000000,28199.71000000,14859.11960000,2023-05-08 03:59:59.999,420303880.28185020,302075,6907.52493000,195390394.07751120,0
2023-05-08 04:00:00,28199.72000000,28262.19000000,27830.85000000,27975.48000000,8390.05014000,2023-05-08 07:59:59.999,235927731.33931750,197843,3834.99885000,107864166.76363420,0
2023-05-08 08:00:00,27975.47000000,27989.11000000,27577.01000000,27934.09000000,12536.98963000,2023-05-08 11:59:59.999,349177804.28668240,275493,6194.78851000,172544544.09838290,0
2023-05-08 12:00:00,27934.09000000,28082.14000000,27669.50000000,27887.58000000,11265.19598000,2023-05-08 15:59:59.999,313985045.75994200,272825,5422.32704000,151134382.55766240,0
2023-05-08 16:00:00,27887.58000000,27930.21000000,27289.39000000,27340.72000000,15387.57351000,2023-05-08 19:59:59.999,423887943.40183320,366746,7133.66697000,196501624.73594720,0
2023-05-08 20:00:00,27340.72000000,27699.80000000,27262.00000000,27668.79000000,5805.43293000,2023-05-08 23:59:59.999,159770289.59878740,185655,2854.26305000,78552991.87722210,0
2023-05-09 00:00:00,27668.80000000,27749.34000000,27534.55000000,27629.34000000,6065.10248000,2023-05-09 03:59:59.999,167567580.50900710,156214,3147.40527000,86960482.25898450,0
2023-05-09 04:00:00,27629.35000000,27673.72000000,27437.32000000,27666.64000000,6284.15386000,2023-05-09 07:59:59.999,173197414.21051030,158825,3205.98792000,88367506.77002100,0
2023-05-09 08:00:00,27666.63000000,27728.99000000,27517.70000000,27678.31000000,6095.98208000,2023-05-09 11:59:59.999,168244986.75545900,143554,3075.21173000,84883632.79103030,0
2023-05-09 12:00:00,27678.31000000,27818.00000000,27370.01000000,27400.39000000,10521.56892000,2023-05-09 15:59:59.999,290355168.97258380,234874,4997.83407000,137952977.91531350,0
2023-05-09 16:00:00,27400.39000000,27750.00000000,27353.00000000,27716.32000000,7606.46136000,2023-05-09 19:59:59.999,209737712.68511160,195112,3837.71326000,105830490.60467470,0
2023-05-09 20:00:00,27716.32000000,27775.18000000,27521.49000000,27628.27000000,3540.04199000,2023-05-09 23:59:59.999,97821045.17317510,115119,1829.94512000,50566832.46534730,0
2023-05-10 00:00:00,27628.28000000,27849.94000000,27620.19000000,27685.29000000,5494.08267000,2023-05-10 03:59:59.999,152242682.48570060,135329,2495.22327000,69152509.95794420,0
2023-05-10 04:00:00,27685.29000000,27720.97000000,27529.88000000,27542.26000000,4166.55679000,2023-05-10 07:59:59.999,115114439.93182940,115768,1812.68900000,50078424.18856700,0
2023-05-10 08:00:00,27542.26000000,27679.10000000,27474.91000000,27677.09000000,4341.29032000,2023-05-10 11:59:59.999,119731617.37951080,133150,2100.23131000,57933554.76719060,0
2023-05-10 12:00:00,27677.08000000,28331.42000000,27635.81000000,28153.20000000,20173.02813000,2023-05-10 15:59:59.999,566369150.93986390,398624,10268.71154000,288263301.77627060,0
2023-05-10 16:00:00,28153.21000000,28299.15000000,26777.00000000,27692.26000000,27681.52219000,2023-05-10 19:59:59.999,760531515.04717520,521518,13184.19483000,362206782.67942360,0
2023-05-10 20:00:00,27692.27000000,27982.23000000,27219.00000000,27598.75000000,9298.63345000,2023-05-10 23:59:59.999,257184006.65142210,230190,4537.78681000,125518443.14022290,0
2023-05-11 00:00:00,27598.74000000,27622.68000000,27367.76000000,27446.90000000,5751.34688000,2023-05-11 03:59:59.999,158120538.52929640,152976,2607.22632000,71683889.21188040,0
2023-05-11 04:00:00,27446.90000000,27553.21000000,27395.88000000,27450.07000000,4068.24392000,2023-05-11 07:59:59.999,111792000.93393820,121616,1978.77130000,54381053.74235690,0
2023-05-11 08:00:00,27450.07000000,27490.29000000,27257.98000000,27405.61000000,5364.94429000,2023-05-11 11:59:59.999,147028932.25383990,160087,2505.72902000,68672820.41290630,0
2023-05-11 12:00:00,27405.62000000,27630.14000000,26952.00000000,27179.42000000,14153.77268000,2023-05-11 15:59:59.999,385870839.44675150,355374,7089.26931000,193259863.00984030,0
2023-05-11 16:00:00,27179.43000000,27219.52000000,26702.05000000,26843.05000000,13568.21685000,2023-05-11 19:59:59.999,365535510.49082600,316975,6719.01628000,181045655.49032200,0
2023-05-11 20:00:00,26843.06000000,27060.47000000,26807.22000000,26968.62000000,4728.78903000,2023-05-11 23:59:59.999,127451287.35635200,149972,2370.10500000,63882525.62527150,0
2023-05-12 00:00:00,26968.61000000,27091.12000000,26528.01000000,26584.32000000,9615.45856000,2023-05-12 03:59:59.999,257297626.77618250,221767,4573.25876000,122370407.91123430,0
2023-05-12 04:00:00,26584.33000000,26710.00000000,26120.74000000,26311.52000000,15964.27071000,2023-05-12 07:59:59.999,421152796.85453950,296612,8100.79692000,213694141.88479900,0
2023-05-12 08:00:00,26311.51000000,26437.00000000,26234.79000000,26348.01000000,6428.01795000,2023-05-12 11:59:59.999,169362316.25322090,152927,3278.63067000,86384650.37627820,0
2023-05-12 12:00:00,26348.02000000,26614.67000000,26271.65000000,26320.84000000,10467.89536000,2023-05-12 15:59:59.999,276563296.38620180,212123,4982.10214000,131631059.35490750,0
2023-05-12 16:00:00,26320.83000000,26500.00000000,25811.46000000,26459.62000000,13923.67108000,2023-05-12 19:59:59.999,364815590.63886980,267374,6656.68121000,174460816.01790750,0
2023-05-12 20:00:00,26459.63000000,26894.90000000,26360.85000000,26795.01000000,10808.62128000,2023-05-12 23:59:59.999,287860500.82207850,200830,5555.80281000,147946148.70991580,0
2023-05-13 00:00:00,26795.01000000,26983.98000000,26692.03000000,26808.27000000,5326.73837000,2023-05-13 03:59:59.999,142942393.80091550,113860,2595.04891000,69649268.70601110,0
2023-05-13 04:00:00,26808.27000000,26870.19000000,26695.41000000,26771.88000000,3324.74278000,2023-05-13 07:59:59.999,88995135.89862940,92474,1556.01238000,41654631.57491230,0
2023-05-13 08:00:00,26771.87000000,26877.00000000,26746.53000000,26823.94000000,2880.66763000,2023-05-13 11:59:59.999,77224790.12702860,85472,1380.49462000,37005990.53817950,0
2023-05-13 12:00:00,26823.93000000,26904.98000000,26736.00000000,26816.25000000,3969.69792000,2023-05-13 15:59:59.999,106440116.78395950,111991,1932.32131000,51813923.23339930,0
2023-05-13 16:00:00,26816.25000000,27045.45000000,26757.32000000,26837.94000000,4607.21560000,2023-05-13 19:59:59.999,123763840.99727510,121225,2269.48214000,60973493.18149920,0
2023-05-13 20:00:00,26837.93000000,26939.40000000,26750.00000000,26775.28000000,2705.84191000,2023-05-13 23:59:59.999,72696574.47888010,80027,1225.94011000,32941607.79862490,0
2023-05-14 00:00:00,26775.27000000,26874.42000000,26560.53000000,26865.03000000,4054.69409000,2023-05-14 03:59:59.999,108437548.74358510,106349,2062.48335000,55161431.17420100,0
2023-05-14 04:00:00,26865.04000000,26898.87000000,26793.53000000,26855.21000000,1996.19316000,2023-05-14 07:59:59.999,53588669.41100210,71536,970.89978000,26064411.85463830,0
2023-05-14 08:00:00,26855.22000000,26886.73000000,26790.02000000,26805.98000000,2360.00891000,2023-05-14 11:59:59.999,63324885.22102480,73860,1046.01133000,28068914.91458200,0
2023-05-14 12:00:00,26805.97000000,27200.00000000,26744.70000000,27082.02000000,6476.41220000,2023-05-14 15:59:59.999,174787940.61438800,167163,3426.56934000,92477465.07129050,0
2023-05-14 16:00:00,27082.01000000,27135.04000000,26827.23000000,26878.97000000,4269.87056000,2023-05-14 19:59:59.999,115079851.76723130,133010,1991.85615000,53693822.15481530,0
2023-05-14 20:00:00,26878.96000000,26961.55000000,26842.57000000,26917.62000000,2437.62468000,2023-05-14 23:59:59.999,65582802.24303800,77619,1174.32988000,31594050.16200050,0
2023-05-15 00:00:00,26917.61000000,27290.93000000,26726.00000000,27232.80000000,8804.15424000,2023-05-15 03:59:59.999,238271027.29131280,201748,4611.35513000,124821520.28010070,0
2023-05-15 04:00:00,27232.80000000,27550.03000000,27180.01000000,27407.48000000,9336.32700000,2023-05-15 07:59:59.999,255514235.24199730,188725,4585.44521000,125473150.14006140,0
2023-05-15 08:00:00,27407.47000000,27485.50000000,27315.55000000,27336.12000000,4994.35313000,2023-05-15 11:59:59.999,136838623.69717260,112900,2247.17067000,61578468.84121780,0
2023-05-15 12:00:00,27336.12000000,27534.00000000,27221.20000000,27396.80000000,6016.97493000,2023-05-15 15:59:59.999,164717293.22877980,158084,2679.14126000,73344750.35579880,0
2023-05-15 16:00:00,27396.81000000,27663.59000000,27317.90000000,27418.24000000,7697.17284000,2023-05-15 19:59:59.999,211545278.21734910,177700,3485.92114000,95815973.13851170,0
2023-05-15 20:00:00,27418.24000000,27418.24000000,27126.73000000,27162.14000000,3581.10119000,2023-05-15 23:59:59.999,97746806.45496230,96757,1692.21290000,46203774.57532300,0
2023-05-16 00:00:00,27162.15000000,27296.89000000,26852.11000000,27130.00000000,7412.18425000,2023-05-16 03:59:59.999,200535315.29634690,158102,3554.40297000,96186016.66894220,0
2023-05-16 04:00:00,27130.02000000,27252.59000000,26993.71000000,27252.58000000,4084.89688000,2023-05-16 07:59:59.999,110806518.10016240,104497,1910.60953000,51840691.86447520,0
2023-05-16 08:00:00,27252.58000000,27286.08000000,26987.02000000,27059.03000000,6519.02741000,2023-05-16 11:59:59.999,176757094.74382000,137560,2929.67829000,79456924.16862400,0
2023-05-16 12:00:00,27059.03000000,27137.69000000,26900.00000000,27038.02000000,7185.69731000,2023-05-16 15:59:59.999,194201503.38718100,175564,3656.20584000,98824033.32396800,0
2023-05-16 16:00:00,27038.01000000,27151.51000000,26880.00000000,26933.05000000,5291.70789000,2023-05-16 19:59:59.999,143020049.01150960,147272,2611.30997000,70583414.81199010,0
2023-05-16 20:00:00,26933.06000000,27049.74000000,26897.34000000,27033.84000000,2776.94077000,2023-05-16 23:59:59.999,74952924.06201320,92647,1308.79272000,35323274.21813490,0
2023-05-17 00:00:00,27033.85000000,27238.55000000,26982.93000000,27060.04000000,4465.66046000,2023-05-17 03:59:59.999,121092748.95987130,128692,2423.42839000,65712933.76429100,0
2023-05-17 04:00:00,27060.05000000,27100.00000000,26760.00000000,26845.14000000,5043.29563000,2023-05-17 07:59:59.999,135922842.09234800,146009,2298.33709000,61950170.91224190,0
2023-05-17 08:00:00,26845.14000000,26914.30000000,26573.62000000,26637.62000000,7683.56934000,2023-05-17 11:59:59.999,205688476.93336220,182064,3632.01402000,97239918.04380260,0
2023-05-17 12:00:00,26637.61000000,26836.06000000,26544.71000000,26796.93000000,8211.97472000,2023-05-17 15:59:59.999,219318709.49122620,184409,4085.62501000,109112301.26028810,0
2023-05-17 16:00:00,26796.93000000,27447.29000000,26741.36000000,27385.09000000,11344.69624000,2023-05-17 19:59:59.999,307700812.94795000,221993,6028.20785000,163482824.05012230,0
2023-05-17 20:00:00,27385.09000000,27500.00000000,27274.45000000,27405.61000000,6209.78146000,2023-05-17 23:59:59.999,169990937.21050580,153656,3166.40976000,86687405.76056080,0
2023-05-18 00:00:00,27405.62000000,27485.33000000,27286.58000000,27365.69000000,4794.02065000,2023-05-18 03:59:59.999,131198763.94049060,115147,2404.13901000,65795989.58970880,0
2023-05-18 04:00:00,27365.69000000,27454.14000000,27152.29000000,27391.61000000,5687.90418000,2023-05-18 07:59:59.999,155197643.91721180,156706,2823.13999000,77032117.59579380,0
2023-05-18 08:00:00,27391.61000000,27440.01000000,27334.02000000,27398.97000000,4932.72046000,2023-05-18 11:59:59.999,135084618.29732610,123919,2413.10857000,66083260.33675550,0
2023-05-18 12:00:00,27398.97000000,27472.14000000,27021.95000000,27086.77000000,11379.91575000,2023-05-18 15:59:59.999,309907696.21999890,242741,5434.35780000,148020122.16217110,0
2023-05-18 16:00:00,27086.78000000,27118.36000000,26361.20000000,26734.01000000,17649.21430000,2023-05-18 19:59:59.999,471666610.49657360,300832,8226.88287000,219859284.38338290,0
2023-05-18 20:00:00,26734.01000000,27065.27000000,26691.20000000,26821.28000000,4754.87609000,2023-05-18 23:59:59.999,127690239.82303620,117973,2358.26550000,63337281.83903160,0
2023-05-19 00:00:00,26821.28000000,26929.04000000,26749.33000000,26834.73000000,3284.92163000,2023-05-19 03:59:59.999,88130537.13566150,96424,1400.92554000,37586774.55802230,0
2023-05-19 04:00:00,26834.73000000,26960.24000000,26812.03000000,26851.38000000,3895.84769000,2023-05-19 07:59:59.999,104744145.87318970,121623,1626.35295000,43726486.16000200,0
2023-05-19 08:00:00,26851.39000000,26926.61000000,26790.72000000,26855.89000000,3835.92219000,2023-05-19 11:59:59.999,102998701.69570470,114041,1747.63691000,46925977.97755800,0
2023-05-19 12:00:00,26855.90000000,27183.60000000,26630.00000000,26883.65000000,10729.53517000,2023-05-19 15:59:59.999,288622664.49416920,226374,5378.79924000,144695483.87437310,0
2023-05-19 16:00:00,26883.65000000,26973.56000000,26780.73000000,26834.46000000,5009.72566000,2023-05-19 19:59:59.999,134685467.29595780,129863,2473.43036000,66501934.90433050,0
2023-05-19 20:00:00,26834.47000000,26921.21000000,26807.73000000,26880.26000000,1998.18310000,2023-05-19 23:59:59.999,53683240.66862190,67970,995.10312000,26733039.91279480,0
2023-05-20 00:00:00,26880.26000000,26908.42000000,26825.11000000,26865.58000000,1482.13696000,2023-05-20 03:59:59.999,39808086.60644000,67025,704.02067000,18908768.80952040,0
2023-05-20 04:00:00,26865.59000000,26873.63000000,26835.10000000,26854.98000000,1564.32919000,2023-05-20 07:59:59.999,42012830.14459330,74223,665.65517000,17877384.88100660,0
2023-05-20 08:00:00,26854.98000000,26917.38000000,26854.97000000,26880.06000000,1835.86678000,2023-05-20 11:59:59.999,49360222.32512630,70697,825.32766000,22188843.40324370,0
2023-05-20 12:00:00,26880.05000000,26976.00000000,26875.51000000,26945.66000000,2592.17838000,2023-05-20 15:59:59.999,69762362.23035200,81258,1266.03575000,34073591.74038860,0
2023-05-20 16:00:00,26945.67000000,27150.00000000,26913.25000000,27063.03000000,4920.81580000,2023-05-20 19:59:59.999,133129231.55865490,119378,2404.74607000,65061522.08019570,0
2023-05-20 20:00:00,27063.04000000,27129.36000000,26967.18000000,27102.43000000,2039.22007000,2023-05-20 23:59:59.999,55152920.88000040,68801,904.15836000,24452813.71980840,0
2023-05-21 00:00:00,27102.42000000,27277.55000000,27063.09000000,27176.22000000,3192.89918000,2023-05-21 03:59:59.999,86805667.42469410,88310,1519.12146000,41302031.86124350,0
2023-05-21 04:00:00,27176.22000000,27176.22000000,27047.88000000,27054.99000000,2189.06207000,2023-05-21 07:59:59.999,59331855.79473700,63744,886.71027000,24033313.16971890,0
2023-05-21 08:00:00,27055.00000000,27085.81000000,26776.23000000,26829.94000000,5097.44885000,2023-05-21 11:59:59.999,137295553.97173120,111204,2168.77368000,58416546.04573940,0
2023-05-21 12:00:00,26829.93000000,26977.00000000,26803.58000000,26898.97000000,4298.78890000,2023-05-21 15:59:59.999,115593997.08804910,114626,2100.19846000,56472271.24217360,0
2023-05-21 16:00:00,26898.97000000,26933.33000000,26832.98000000,26902.12000000,2779.63268000,2023-05-21 19:59:59.999,74717033.74107480,95207,1389.94395000,37360340.53958140,0
2023-05-21 20:00:00,26902.13000000,26926.29000000,26666.03000000,26747.78000000,3790.04111000,2023-05-21 23:59:59.999,101469462.25915600,95846,1790.69177000,47942344.47361070,0
2023-05-22 00:00:00,26747.78000000,26779.54000000,26538.21000000,26644.80000000,5217.78929000,2023-05-22 03:59:59.999,138955449.51434640,126860,2497.11243000,66492586.97876360,0
2023-05-22 04:00:00,26644.80000000,26913.14000000,26643.12000000,26843.13000000,4019.96121000,2023-05-22 07:59:59.999,107698365.86998760,108835,1926.66004000,51613168.80247350,0
2023-05-22 08:00:00,26843.12000000,26900.00000000,26767.34000000,26826.78000000,2625.25670000,2023-05-22 11:59:59.999,70457256.80444270,90483,1218.23753000,32694368.31157000,0
2023-05-22 12:00:00,26826.79000000,27099.89000000,26702.91000000,26877.18000000,8413.07143000,2023-05-22 15:59:59.999,226374045.44907360,211561,4163.94494000,112049073.34990730,0
2023-05-22 16:00:00,26877.17000000,26930.00000000,26781.99000000,26862.43000000,4148.42459000,2023-05-22 19:59:59.999,111418367.10283950,112628,1867.80908000,50165919.98924930,0
2023-05-22 20:00:00,26862.43000000,26959.52000000,26833.21000000,26849.27000000,2034.33506000,2023-05-22 23:59:59.999,54691511.98358460,66744,965.91523000,25967659.02771820,0
2023-05-23 00:00:00,26849.28000000,27442.03000000,26798.11000000,27366.67000000,11734.74573000,2023-05-23 03:59:59.999,318549147.32722260,207884,6436.51362000,174736965.94350860,0
2023-05-23 04:00:00,27366.67000000,27495.83000000,27205.01000000,27304.40000000,9379.21247000,2023-05-23 07:59:59.999,256642424.81870200,185170,4541.71535000,124278260.60904270,0
2023-05-23 08:00:00,27304.40000000,27349.00000000,27250.32000000,27337.36000000,4034.79813000,2023-05-23 11:59:59.999,110153221.40038190,96529,1852.59639000,50577394.13339710,0
2023-05-23 12:00:00,27337.36000000,27386.26000000,27175.19000000,27320.05000000,5982.18313000,2023-05-23 15:59:59.999,163295298.28096910,137714,2694.07413000,73539875.30297660,0
2023-05-23 16:00:00,27320.04000000,27328.48000000,27100.79000000,27181.22000000,4947.99802000,2023-05-23 19:59:59.999,134609647.03968140,118298,2162.91758000,58835471.04275480,0
2023-05-23 20:00:00,27181.23000000,27249.38000000,27151.38000000,27219.61000000,2621.90110000,2023-05-23 23:59:59.999,71316042.73541820,70804,1278.38410000,34769810.23356970,0
2023-05-24 00:00:00,27219.61000000,27219.61000000,26649.88000000,26786.00000000,8310.29731000,2023-05-24 03:59:59.999,223783512.62664820,164875,3727.52021000,100336603.88214300,0
2023-05-24 04:00:00,26786.01000000,26830.42000000,26613.00000000,26678.67000000,7316.11741000,2023-05-24 07:59:59.999,195677684.34024130,155055,3563.06188000,95304208.30535050,0
2023-05-24 08:00:00,26678.67000000,26839.02000000,26670.00000000,26742.24000000,5232.44209000,2023-05-24 11:59:59.999,139931512.91184280,116577,2751.97782000,73597250.48470900,0
2023-05-24 12:00:00,26742.25000000,26742.25000000,26080.50000000,26314.69000000,19023.65640000,2023-05-24 15:59:59.999,501493518.30243870,309297,9209.70552000,242726091.19318740,0
2023-05-24 16:00:00,26314.69000000,26397.64000000,26159.97000000,26252.33000000,8949.56603000,2023-05-24 19:59:59.999,235065315.42632580,156016,4561.60668000,119810625.00032090,0
2023-05-24 20:00:00,26252.34000000,26486.46000000,26242.62000000,26329.01000000,5560.98646000,2023-05-24 23:59:59.999,146684691.84685840,110947,2885.03980000,76095402.95063300,0
2023-05-25 00:00:00,26329.00000000,26394.37000000,25871.89000000,26183.72000000,8738.55300000,2023-05-25 03:59:59.999,228239771.71584460,164422,4102.23914000,107158284.70352260,0
2023-05-25 04:00:00,26183.73000000,26300.00000000,26126.76000000,26131.27000000,4175.09584000,2023-05-25 07:59:59.999,109487132.56784370,102413,1862.96940000,48854056.56821510,0
2023-05-25 08:00:00,26131.27000000,26335.16000000,26128.37000000,26296.62000000,4349.74729000,2023-05-25 11:59:59.999,114137730.94560850,99377,2042.16894000,53588282.02070080,0
2023-05-25 12:00:00,26296.61000000,26499.99000000,26168.60000000,26226.12000000,9538.70156000,2023-05-25 15:59:59.999,251368560.76546470,174168,4568.37397000,120403891.29980300,0
2023-05-25 16:00:00,26226.12000000,26631.98000000,26207.47000000,26468.68000000,7740.72317000,2023-05-25 19:59:59.999,204299132.33294040,141230,3809.78071000,100545639.20124600,0
2023-05-25 20:00:00,26468.67000000,26551.02000000,26432.46000000,26473.79000000,2892.62809000,2023-05-25 23:59:59.999,76585461.37405930,71515,1387.55666000,36737786.14610430,0
2023-05-26 00:00:00,26473.80000000,26539.34000000,26350.00000000,26435.14000000,4447.14298000,2023-05-26 03:59:59.999,117603446.77773070,92153,2139.28361000,56574843.20605410,0
2023-05-26 04:00:00,26435.14000000,26534.05000000,26327.24000000,26501.33000000,3969.78034000,2023-05-26 07:59:59.999,104884444.35987720,96770,1912.08378000,50529756.27530430,0
2023-05-26 08:00:00,26501.34000000,26549.00000000,26423.62000000,26463.29000000,5035.26395000,2023-05-26 11:59:59.999,133280990.94251960,89393,2303.10266000,60957447.72046210,0
2023-05-26 12:00:00,26463.29000000,26932.16000000,26355.81000000,26750.21000000,12837.29542000,2023-05-26 15:59:59.999,342443471.18178550,199544,6324.57682000,168749191.89973000,0
2023-05-26 16:00:00,26750.22000000,26837.34000000,26610.49000000,26767.21000000,6306.29004000,2023-05-26 19:59:59.999,168666878.55477770,116027,2784.74562000,74485428.86685850,0
2023-05-26 20:00:00,26767.22000000,26807.50000000,26686.00000000,26705.92000000,2465.41440000,2023-05-26 23:59:59.999,65938492.77731930,61868,1043.58212000,27912438.77626290,0
2023-05-27 00:00:00,26705.93000000,26782.73000000,26633.00000000,26752.00000000,2670.95052000,2023-05-27 03:59:59.999,71302873.02020240,65504,1204.35177000,32150945.02675500,0
2023-05-27 04:00:00,26752.00000000,26786.51000000,26710.00000000,26722.80000000,2156.59940000,2023-05-27 07:59:59.999,57670172.80442520,60220,1043.55303000,27907126.50728340,0
2023-05-27 08:00:00,26722.80000000,26732.66000000,26666.37000000,26699.02000000,2242.83881000,2023-05-27 11:59:59.999,59875813.38167950,64112,1000.09238000,26697836.07624180,0
2023-05-27 12:00:00,26699.02000000,26777.77000000,26551.00000000,26690.05000000,3174.31189000,2023-05-27 15:59:59.999,84696503.01868550,85521,1527.47763000,40756536.92553930,0
2023-05-27 16:00:00,26690.06000000,26846.00000000,26620.35000000,26729.60000000,2781.72370000,2023-05-27 19:59:59.999,74352401.66934720,79333,1309.03216000,34994776.89477940,0
2023-05-27 20:00:00,26729.60000000,26895.00000000,26726.01000000,26854.27000000,2069.26238000,2023-05-27 23:59:59.999,55439499.14015100,61004,1067.79379000,28609375.34207340,0
2023-05-28 00:00:00,26854.28000000,27247.10000000,26764.36000000,27187.23000000,8004.20461000,2023-05-28 03:59:59.999,216740572.24342210,145918,4319.13030000,116951136.23113370,0
2023-05-28 04:00:00,27187.24000000,27285.52000000,27128.41000000,27226.37000000,5618.39448000,2023-05-28 07:59:59.999,152812365.06135930,96494,3228.98370000,87823164.91193130,0
2023-05-28 08:00:00,27226.38000000,27344.23000000,27136.01000000,27153.76000000,4114.67614000,2023-05-28 11:59:59.999,111964732.22554250,100130,2066.72337000,56241644.64641960,0
2023-05-28 12:00:00,27153.76000000,27280.00000000,27100.02000000,27272.17000000,4058.94240000,2023-05-28 15:59:59.999,110363741.87499290,95397,2058.24554000,55965061.91971520,0
2023-05-28 16:00:00,27272.17000000,27746.33000000,27212.91000000,27525.99000000,10140.27075000,2023-05-28 19:59:59.999,278747531.75464140,190109,5378.46189000,147804223.71017490,0
2023-05-28 20:00:00,27525.99000000,28261.32000000,27525.99000000,28065.00000000,11979.52017000,2023-05-28 23:59:59.999,335133398.81053700,215813,6295.01386000,176084242.18106960,0
2023-05-29 00:00:00,28065.01000000,28447.14000000,27914.28000000,27954.99000000,12178.46709000,2023-05-29 03:59:59.999,343303229.04193320,196370,5972.05581000,168397043.30486370,0
2023-05-29 04:00:00,27954.99000000,28047.01000000,27841.00000000,27907.87000000,6651.36470000,2023-05-29 07:59:59.999,185868707.10288960,132198,3092.91813000,86430897.42895170,0
2023-05-29 08:00:00,27907.86000000,27971.01000000,27745.78000000,27913.87000000,5028.06200000,2023-05-29 11:59:59.999,140231358.17577820,102191,2353.39769000,65627980.72136730,0
2023-05-29 12:00:00,27913.87000000,27949.70000000,27588.00000000,27630.51000000,7542.99192000,2023-05-29 15:59:59.999,209581350.71788310,149537,3399.02615000,94437688.17737120,0
2023-05-29 16:00:00,27630.50000000,27737.99000000,27524.60000000,27637.94000000,7602.66189000,2023-05-29 19:59:59.999,210066988.05940250,137408,3598.89454000,99455258.83359020,0
2023-05-29 20:00:00,27637.94000000,27818.00000000,27554.57000000,27736.40000000,3381.87185000,2023-05-29 23:59:59.999,93626948.53678250,87875,1783.56099000,49373215.19305000,0
2023-05-30 00:00:00,27736.39000000,27940.55000000,27584.45000000,27829.23000000,4057.20611000,2023-05-30 03:59:59.999,112664001.28196050,100717,1921.93029000,53373356.53659250,0
2023-05-30 04:00:00,27829.23000000,27848.28000000,27672.93000000,27733.22000000,3551.68079000,2023-05-30 07:59:59.999,98635164.98796150,89600,1515.23767000,42079778.76726810,0
2023-05-30 08:00:00,27733.22000000,28038.59000000,27712.19000000,28021.40000000,6468.51740000,2023-05-30 11:59:59.999,180557973.46735370,133282,3227.53584000,90090057.19741200,0
2023-05-30 12:00:00,28021.39000000,28027.78000000,27615.00000000,27673.08000000,9424.08758000,2023-05-30 15:59:59.999,262116213.84655840,193563,4179.02807000,116212853.80463950,0
2023-05-30 16:00:00,27673.08000000,27862.84000000,27554.00000000,27850.20000000,5809.72829000,2023-05-30 19:59:59.999,161022380.94811960,141320,2785.35002000,77200950.11692730,0
2023-05-30 20:00:00,27850.21000000,27855.13000000,27651.17000000,27694.40000000,3375.53354000,2023-05-30 23:59:59.999,93658171.47532050,87151,1567.44249000,43481618.42973310,0
2023-05-31 00:00:00,27694.39000000,27835.51000000,27571.04000000,27657.30000000,4589.66625000,2023-05-31 03:59:59.999,127092458.74215710,98844,2016.68650000,55849318.96630160,0
2023-05-31 04:00:00,27657.29000000,27677.67000000,26968.49000000,27167.90000000,14852.80264000,2023-05-31 07:59:59.999,404435268.54800030,248072,6816.67012000,185450001.42614910,0
2023-05-31 08:00:00,27167.91000000,27203.73000000,26994.33000000,27097.18000000,7051.71041000,2023-05-31 11:59:59.999,191131624.04557930,126725,3258.15185000,88303796.01925440,0
2023-05-31 12:00:00,27097.18000000,27231.34000000,26851.00000000,26911.54000000,10524.42883000,2023-05-31 15:59:59.999,284335025.07733770,200888,5169.32782000,139673930.65995960,0
2023-05-31 16:00:00,26911.55000000,27123.43000000,26839.01000000,27010.57000000,5607.89699000,2023-05-31 19:59:59.999,151393453.91708890,133211,2801.50437000,75629296.55791500,0
2023-05-31 20:00:00,27010.57000000,27299.99000000,27005.16000000,27210.35000000,3962.30061000,2023-05-31 23:59:59.999,107564348.44970510,100797,1900.32758000,51587379.80968430,0
2023-06-01 00:00:00,27210.36000000,27350.00000000,26605.05000000,26779.94000000,11213.18795000,2023-06-01 03:59:59.999,302132089.95588270,207615,4961.81012000,133678813.68092750,0
2023-06-01 04:00:00,26779.93000000,26883.60000000,26746.00000000,26802.67000000,4613.77433000,2023-06-01 07:59:59.999,123718045.44882640,99152,2345.57250000,62892322.77693400,0
2023-06-01 08:00:00,26802.66000000,26951.07000000,26790.96000000,26892.96000000,4275.56782000,2023-06-01 11:59:59.999,114925818.23159470,96367,2145.79521000,57676156.06240710,0
2023-06-01 12:00:00,26892.95000000,26981.34000000,26782.53000000,26894.48000000,6481.67546000,2023-06-01 15:59:59.999,174336026.05288920,130112,3230.05191000,86884308.86816460,0
2023-06-01 16:00:00,26894.47000000,27175.00000000,26656.00000000,26862.68000000,8974.24713000,2023-06-01 19:59:59.999,241731066.25258190,191145,4330.18051000,116661541.91093360,0
2023-06-01 20:00:00,26862.68000000,26942.98000000,26713.34000000,26817.93000000,3659.35611000,2023-06-01 23:59:59.999,98289463.92405930,89998,1607.28136000,43167414.62341610,0
2023-06-02 00:00:00,26817.93000000,27017.00000000,26505.00000000,27000.00000000,7016.04160000,2023-06-02 03:59:59.999,187926679.53492600,149364,3468.36251000,92918690.80207920,0
2023-06-02 04:00:00,27000.01000000,27213.00000000,26949.40000000,27049.65000000,6856.64454000,2023-06-02 07:59:59.999,185836275.10759460,135077,3407.85715000,92363572.56975870,0
2023-06-02 08:00:00,27049.65000000,27183.07000000,27049.38000000,27130.75000000,3577.11000000,2023-06-02 11:59:59.999,96985693.29405460,92217,1699.67470000,46080671.87994790,0
2023-06-02 12:00:00,27130.75000000,27240.00000000,26860.71000000,27095.92000000,9100.69076000,2023-06-02 15:59:59.999,246058382.16522270,199518,4446.76104000,120235365.23122480,0
2023-06-02 16:00:00,27095.93000000,27287.64000000,27006.22000000,27239.02000000,6294.35686000,2023-06-02 19:59:59.999,170776703.76875740,143320,3242.07300000,87971978.97085720,0
2023-06-02 20:00:00,27239.03000000,27300.00000000,27143.37000000,27242.59000000,3536.05893000,2023-06-02 23:59:59.999,96273327.77028660,91591,1869.94898000,50914912.33419980,0
2023-06-03 00:00:00,27242.59000000,27242.60000000,27092.00000000,27143.20000000,2715.88602000,2023-06-03 03:59:59.999,73760635.66175710,68403,1289.87975000,35032544.67621170,0
2023-06-03 04:00:00,27143.20000000,27212.78000000,27105.73000000,27174.42000000,1822.46448000,2023-06-03 07:59:59.999,49510249.38930580,65931,832.30103000,22611394.19700090,0
2023-06-03 08:00:00,27174.42000000,27181.00000000,27112.73000000,27129.79000000,2020.98723000,2023-06-03 11:59:59.999,54870064.55776660,63218,851.67866000,23122205.23563820,0
2023-06-03 12:00:00,27129.78000000,27333.29000000,27126.85000000,27305.26000000,3088.32066000,2023-06-03 15:59:59.999,84007209.66659430,87475,1665.38220000,45305214.43054320,0
2023-06-03 16:00:00,27305.27000000,27318.63000000,27025.59000000,27096.36000000,4087.75798000,2023-06-03 19:59:59.999,111118736.15983880,101856,1820.44882000,49486623.73759950,0
2023-06-03 20:00:00,27096.37000000,27124.68000000,26914.93000000,27069.22000000,2859.92480000,2023-06-03 23:59:59.999,77321777.03514550,79637,1286.09634000,34769657.28408900,0
2023-06-04 00:00:00,27069.22000000,27100.43000000,26951.00000000,27061.38000000,2017.63875000,2023-06-04 03:59:59.999,54575417.37542800,62937,896.69133000,24253081.70781090,0
2023-06-04 04:00:00,27061.37000000,27163.94000000,27027.00000000,27150.45000000,2458.23876000,2023-06-04 07:59:59.999,66629622.42502110,64211,1220.28240000,33070644.55757440,0
2023-06-04 08:00:00,27150.46000000,27249.86000000,27123.81000000,27198.55000000,2737.05084000,2023-06-04 11:59:59.999,74438017.86964210,76134,1321.97703000,35952357.16174900,0
2023-06-04 12:00:00,27198.54000000,27298.00000000,27160.11000000,27179.00000000,3447.67191000,2023-06-04 15:59:59.999,93848354.58869280,91632,1801.05808000,49025698.39153250,0
2023-06-04 16:00:00,27179.00000000,27222.00000000,27155.00000000,27213.11000000,1986.61888000,2023-06-04 19:59:59.999,54016610.43586190,65588,991.14215000,26948605.57530660,0
2023-06-04 20:00:00,27213.11000000,27455.02000000,27043.65000000,27115.21000000,6611.19135000,2023-06-04 23:59:59.999,180239214.74432370,143972,3280.57333000,89449459.08190690,0
2023-06-05 00:00:00,27115.20000000,27129.33000000,26791.04000000,26843.58000000,6449.76559000,2023-06-05 03:59:59.999,173920780.22256710,157035,2953.72324000,79652150.84773900,0
2023-06-05 04:00:00,26843.57000000,26870.54000000,26740.38000000,26829.99000000,5422.13247000,2023-06-05 07:59:59.999,145328446.77984490,131624,2157.12855000,57822809.38505430,0
2023-06-05 08:00:00,26830.00000000,26840.77000000,26668.00000000,26773.39000000,4723.46593000,2023-06-05 11:59:59.999,126458452.93314670,113428,2129.88697000,57023598.33792330,0
2023-06-05 12:00:00,26773.39000000,26817.61000000,26000.00000000,26007.53000000,14719.70660000,2023-06-05 15:59:59.999,390550386.90775490,312639,6484.23574000,172078227.22042200,0
2023-06-05 16:00:00,26007.53000000,26074.51000000,25388.00000000,25629.99000000,27456.05814000,2023-06-05 19:59:59.999,705784308.31736040,530035,13389.45079000,344218764.14213310,0
2023-06-05 20:00:00,25630.00000000,25858.42000000,25509.98000000,25728.20000000,7034.47432000,2023-06-05 23:59:59.999,180623422.93135620,176068,3468.92609000,89071924.27931810,0
2023-06-06 00:00:00,25728.20000000,25801.09000000,25601.00000000,25730.83000000,5737.28976000,2023-06-06 03:59:59.999,147452745.38058480,129037,2920.93791000,75057509.45739180,0
2023-06-06 04:00:00,25730.83000000,25821.41000000,25706.18000000,25722.33000000,4562.45045000,2023-06-06 07:59:59.999,117580455.44293070,117835,2240.83013000,57749943.63838740,0
2023-06-06 08:00:00,25722.34000000,25797.00000000,25640.33000000,25686.64000000,4705.41680000,2023-06-06 11:59:59.999,121012140.44374930,125452,2145.60080000,55178531.05488830,0
2023-06-06 12:00:00,25686.64000000,26143.69000000,25351.02000000,26066.11000000,18580.62970000,2023-06-06 15:59:59.999,478621763.38830920,365250,9268.77181000,238800305.55504300,0
2023-06-06 16:00:00,26066.12000000,27216.89000000,26066.11000000,27080.13000000,21954.76955000,2023-06-06 19:59:59.999,584775260.20124500,366555,11962.43819000,318535355.73217880,0
2023-06-06 20:00:00,27080.12000000,27355.33000000,26857.92000000,27230.08000000,12852.04812000,2023-06-06 23:59:59.999,348193659.22439360,241596,6545.20906000,177394588.77212210,0
2023-06-07 00:00:00,27230.07000000,27391.77000000,26720.47000000,26909.01000000,11374.06381000,2023-06-07 03:59:59.999,307664407.73866430,232917,5468.46876000,147934006.71898320,0
2023-06-07 04:00:00,26909.01000000,26980.04000000,26753.01000000,26795.87000000,5395.14109000,2023-06-07 07:59:59.999,145008981.46984010,136732,2549.88332000,68532898.03758490,0
2023-06-07 08:00:00,26795.87000000,26968.00000000,26352.00000000,26896.14000000,12299.41041000,2023-06-07 11:59:59.999,327725852.64225900,240429,5672.60228000,151221168.19322590,0
2023-06-07 12:00:00,26896.14000000,26932.10000000,26236.00000000,26349.52000000,16129.11750000,2023-06-07 15:59:59.999,428575705.86989310,324184,7640.73481000,203012622.74879980,0
2023-06-07 16:00:00,26349.52000000,26553.78000000,26240.47000000,26482.42000000,7669.83392000,2023-06-07 19:59:59.999,202585140.96340570,207719,3683.14308000,97291308.60838190,0
2023-06-07 20:00:00,26482.43000000,26493.30000000,26125.01000000,26339.34000000,6751.87691000,2023-06-07 23:59:59.999,177731378.85317070,169947,3080.67699000,81091395.81341350,0
2023-06-08 00:00:00,26339.34000000,26470.00000000,26210.00000000,26344.17000000,5218.61987000,2023-06-08 03:59:59.999,137580863.62384940,128392,2433.21684000,64150674.26971610,0
2023-06-08 04:00:00,26344.16000000,26523.93000000,26290.19000000,26444.69000000,3725.37329000,2023-06-08 07:59:59.999,98387168.68476080,128426,1798.57610000,47500061.05680310,0
2023-06-08 08:00:00,26444.68000000,26504.94000000,26368.04000000,26432.00000000,3204.53640000,2023-06-08 11:59:59.999,84684080.75655810,113055,1380.43758000,36479710.06208230,0
2023-06-08 12:00:00,26432.01000000,26810.00000000,26300.00000000,26721.68000000,10657.94023000,2023-06-08 15:59:59.999,282815806.31260860,253087,5094.37553000,135233183.65679860,0
2023-06-08 16:00:00,26721.69000000,26732.24000000,26414.02000000,26539.90000000,5458.16496000,2023-06-08 19:59:59.999,144852476.17332320,142449,2565.63446000,68066178.69766850,0
2023-06-08 20:00:00,26539.86000000,26649.97000000,26488.01000000,26498.61000000,2810.87608000,2023-06-08 23:59:59.999,74703242.68577490,82843,1342.36690000,35676125.69691130,0
2023-06-09 00:00:00,26498.62000000,26596.58000000,26269.91000000,26483.70000000,5322.52752000,2023-06-09 03:59:59.999,140774921.95240830,136815,2494.17262000,65968071.42401050,0
2023-06-09 04:00:00,26483.69000000,26576.55000000,26424.35000000,26493.43000000,3615.92481000,2023-06-09 07:59:59.999,95782443.40933290,94637,1646.95831000,43627157.18781410,0
2023-06-09 08:00:00,26493.44000000,26685.43000000,26491.66000000,26610.19000000,4887.18214000,2023-06-09 11:59:59.999,130038493.85713280,123486,2164.37065000,57589239.63950720,0
2023-06-09 12:00:00,26610.18000000,26783.33000000,26452.86000000,26477.37000000,7205.62060000,2023-06-09 15:59:59.999,191889939.07460190,182679,3316.03841000,88306679.34912150,0
2023-06-09 16:00:00,26477.36000000,26529.54000000,26383.05000000,26407.15000000,4445.40191000,2023-06-09 19:59:59.999,117628184.75366710,130508,2072.61196000,54839422.56920760,0
2023-06-09 20:00:00,26407.15000000,26500.00000000,26397.11000000,26477.81000000,2458.05272000,2023-06-09 23:59:59.999,65044232.00675930,78786,1062.92166000,28124074.72595340,0
2023-06-10 00:00:00,26477.80000000,26533.87000000,26266.00000000,26323.07000000,5021.65979000,2023-06-10 03:59:59.999,132534735.41406570,165004,2267.75810000,59851446.43619160,0
2023-06-10 04:00:00,26323.07000000,26349.17000000,25456.41000000,25651.09000000,28094.05597000,2023-06-10 07:59:59.999,722611868.15968800,634770,13512.38067000,347476814.99129760,0
2023-06-10 08:00:00,25651.08000000,25750.25000000,25561.25000000,25731.40000000,7165.46892000,2023-06-10 11:59:59.999,183872889.39389420,197698,3618.52992000,92860777.62321740,0
2023-06-10 12:00:00,25731.41000000,25731.41000000,25572.94000000,25628.80000000,5268.77063000,2023-06-10 15:59:59.999,135143643.52729260,181491,2589.88079000,66428445.70343220,0
2023-06-10 16:00:00,25628.81000000,26154.00000000,25358.00000000,25750.00000000,14974.92299000,2023-06-10 19:59:59.999,385629939.67615230,383466,7468.77985000,192384182.32043510,0
2023-06-10 20:00:00,25750.01000000,25932.02000000,25679.59000000,25841.21000000,4419.72278000,2023-06-10 23:59:59.999,114002159.22979950,151442,2100.80165000,54188721.17398690,0
2023-06-11 00:00:00,25841.22000000,25864.32000000,25695.00000000,25727.51000000,4218.10619000,2023-06-11 03:59:59.999,108729339.61805160,126336,1860.22159000,47952778.45616080,0
2023-06-11 04:00:00,25727.51000000,25834.59000000,25634.70000000,25741.33000000,3668.97441000,2023-06-11 07:59:59.999,94480622.29006360,120730,1878.26386000,48371191.78203530,0
2023-06-11 08:00:00,25741.32000000,25842.44000000,25695.00000000,25796.06000000,3776.68664000,2023-06-11 11:59:59.999,97282800.76667670,112073,1775.28545000,45728519.24666170,0
2023-06-11 12:00:00,25796.05000000,25806.11000000,25672.68000000,25751.36000000,4082.10621000,2023-06-11 15:59:59.999,105115837.44418970,119067,1782.04747000,45888235.70839760,0
2023-06-11 16:00:00,25751.36000000,26106.66000000,25738.07000000,26030.89000000,8314.30254000,2023-06-11 19:59:59.999,215746386.92213660,204538,4085.16557000,106007719.15821180,0
2023-06-11 20:00:00,26030.89000000,26206.88000000,25745.03000000,25925.55000000,5954.11996000,2023-06-11 23:59:59.999,154756484.82587890,151158,2885.12365000,75005566.45597700,0
2023-06-12 00:00:00,25925.54000000,26028.50000000,25602.11000000,25791.29000000,6665.93933000,2023-06-12 03:59:59.999,172184948.11620960,174999,2961.71723000,76497198.30552210,0
2023-06-12 04:00:00,25791.29000000,25905.63000000,25744.06000000,25802.98000000,3896.06919000,2023-06-12 07:59:59.999,100574144.24103630,110491,1982.87783000,51190241.81727500,0
2023-06-12 08:00:00,25802.97000000,26106.48000000,25780.00000000,25988.83000000,5833.76222000,2023-06-12 11:59:59.999,151489533.61181460,156476,2927.61030000,76013520.03589500,0
2023-06-12 12:00:00,25988.82000000,25993.60000000,25734.47000000,25824.63000000,5467.66761000,2023-06-12 15:59:59.999,141317801.41775410,155689,2467.44828000,63765970.84866740,0
2023-06-12 16:00:00,25824.63000000,25966.18000000,25652.04000000,25824.23000000,5214.59630000,2023-06-12 19:59:59.999,134638421.48676130,158149,2533.16818000,65415693.09409290,0
2023-06-12 20:00:00,25824.23000000,25970.05000000,25804.30000000,25905.19000000,2822.47428000,2023-06-12 23:59:59.999,73098849.98974620,102233,1347.14932000,34888118.55858760,0
2023-06-13 00:00:00,25905.20000000,26157.99000000,25818.07000000,26063.85000000,6646.96440000,2023-06-13 03:59:59.999,172898180.74536080,172164,3227.20098000,83943810.76285650,0
2023-06-13 04:00:00,26063.85000000,26133.03000000,25973.70000000,26073.92000000,3654.18194000,2023-06-13 07:59:59.999,95269811.37924400,115216,1770.69759000,46163002.65424710,0
2023-06-13 08:00:00,26073.91000000,26272.25000000,26060.77000000,26191.81000000,7274.19395000,2023-06-13 11:59:59.999,190233842.95755640,171607,3568.09092000,93321160.83066070,0
2023-06-13 12:00:00,26191.81000000,26433.21000000,25712.57000000,25759.54000000,15947.44516000,2023-06-13 15:59:59.999,415518201.78218270,335061,7818.43457000,203739289.09607990,0
2023-06-13 16:00:00,25759.54000000,25978.37000000,25739.38000000,25902.84000000,4582.14533000,2023-06-13 19:59:59.999,118478441.33528310,126041,2340.76445000,60520048.91314070,0
2023-06-13 20:00:00,25902.83000000,25959.26000000,25808.10000000,25934.25000000,2960.67775000,2023-06-13 23:59:59.999,76586758.31302840,87049,1395.13838000,36089391.98450610,0
2023-06-14 00:00:00,25934.24000000,26055.99000000,25911.60000000,25985.07000000,3250.77130000,2023-06-14 03:59:59.999,84490325.00011470,91878,1666.03445000,43305874.95243070,0
2023-06-14 04:00:00,25985.06000000,26005.36000000,25837.13000000,25897.72000000,3115.61030000,2023-06-14 07:59:59.999,80743017.53364400,98602,1284.62868000,33291843.10531630,0
2023-06-14 08:00:00,25897.71000000,26028.58000000,25885.35000000,25975.71000000,3129.69928000,2023-06-14 11:59:59.999,81234408.66045570,85868,1515.61227000,39344051.53953110,0
2023-06-14 12:00:00,25975.71000000,26085.33000000,25927.22000000,25986.75000000,4693.52887000,2023-06-14 15:59:59.999,122010146.99952300,111266,2314.75536000,60175379.93750370,0
2023-06-14 16:00:00,25986.74000000,26098.00000000,25753.38000000,25874.59000000,8531.61707000,2023-06-14 19:59:59.999,221170925.10015270,183307,3854.52553000,99937372.14189120,0
2023-06-14 20:00:00,25874.58000000,25879.69000000,24820.56000000,25128.60000000,22356.08926000,2023-06-14 23:59:59.999,563159593.62590280,386497,10090.58132000,254067814.70218020,0
2023-06-15 00:00:00,25128.60000000,25206.52000000,25030.01000000,25065.35000000,4255.38633000,2023-06-15 03:59:59.999,106853603.35226280,104903,1999.70084000,50220505.65994570,0
2023-06-15 04:00:00,25065.35000000,25072.35000000,24872.35000000,24983.80000000,7733.13657000,2023-06-15 07:59:59.999,193250279.55732300,159109,3464.08797000,86549850.32020350,0
2023-06-15 08:00:00,24983.81000000,25050.00000000,24800.00000000,25014.97000000,8784.77975000,2023-06-15 11:59:59.999,219266406.21317460,143128,4433.46323000,110663730.08929570,0
2023-06-15 12:00:00,25014.97000000,25108.54000000,24921.11000000,24959.95000000,8435.03230000,2023-06-15 15:59:59.999,211032208.22512660,142279,4332.86021000,108407250.19581940,0
2023-06-15 16:00:00,24959.96000000,25518.49000000,24929.00000000,25455.49000000,9617.56919000,2023-06-15 19:59:59.999,242665176.57654540,200602,4893.93928000,123549013.12633950,0
2023-06-15 20:00:00,25455.49000000,25759.01000000,25220.25000000,25598.49000000,9838.95649000,2023-06-15 23:59:59.999,251369300.92585490,193247,4911.76470000,125493975.85465300,0
2023-06-16 00:00:00,25598.49000000,25606.59000000,25440.39000000,25561.74000000,3915.20068000,2023-06-16 03:59:59.999,99911012.13726180,90579,1798.35005000,45892950.74913650,0
2023-06-16 04:00:00,25561.75000000,25629.73000000,25475.84000000,25537.01000000,4070.48779000,2023-06-16 07:59:59.999,104022874.34672790,94333,1806.43474000,46172246.54367070,0
2023-06-16 08:00:00,25537.00000000,25624.38000000,25462.03000000,25474.51000000,5108.24521000,2023-06-16 11:59:59.999,130550569.50738150,113686,2320.50842000,59310359.88567980,0
2023-06-16 12:00:00,25474.51000000,25896.78000000,25175.56000000,25840.01000000,12940.05194000,2023-06-16 15:59:59.999,330733719.61054890,232000,6215.68085000,158901977.61791750,0
2023-06-16 12:00:00,25474.51000000,25896.78000000,25175.56000000,25840.01000000,12940.05194000,2023-06-16 15:59:59.999,330733719.61054890,232000,6215.68085000,158901977.61791750,0
2023-06-16 16:00:00,25840.00000000,26518.00000000,25774.02000000,26382.43000000,20866.29228000,2023-06-16 19:59:59.999,546126170.52862360,294425,10022.49502000,262364124.95893010,0
2023-06-16 20:00:00,26382.43000000,26464.58000000,26287.97000000,26345.00000000,4696.63872000,2023-06-16 23:59:59.999,123813812.50907030,101171,1892.19035000,49884047.84966350,0
2023-06-17 00:00:00,26345.01000000,26372.40000000,26181.00000000,26262.16000000,3497.08278000,2023-06-17 03:59:59.999,91902466.59968750,80899,1668.74846000,43846953.10351100,0
2023-06-17 04:00:00,26262.17000000,26839.99000000,26246.00000000,26593.57000000,9565.95016000,2023-06-17 07:59:59.999,254683266.14603170,201900,5207.62207000,138637741.82838860,0
2023-06-17 08:00:00,26593.58000000,26657.09000000,26473.50000000,26507.76000000,4665.11979000,2023-06-17 11:59:59.999,124028507.01187450,111284,2225.23361000,59162953.21482760,0
2023-06-17 12:00:00,26507.75000000,26585.48000000,26311.00000000,26410.82000000,5426.02563000,2023-06-17 15:59:59.999,143670239.95575550,131551,2636.21507000,69802830.83131610,0
2023-06-17 16:00:00,26410.82000000,26538.37000000,26378.95000000,26475.30000000,2713.13332000,2023-06-17 19:59:59.999,71816357.99901970,79760,1191.75164000,31546014.09356540,0
2023-06-17 20:00:00,26475.31000000,26595.13000000,26465.42000000,26516.99000000,1974.90782000,2023-06-17 23:59:59.999,52390972.16879360,61573,914.08073000,24252211.93379860,0
2023-06-18 00:00:00,26516.99000000,26548.63000000,26378.98000000,26548.45000000,2397.66907000,2023-06-18 03:59:59.999,63469296.12785420,74990,1125.78132000,29801862.68062280,0
2023-06-18 04:00:00,26548.46000000,26680.00000000,26472.03000000,26584.98000000,4069.09898000,2023-06-18 07:59:59.999,108162396.20758420,104946,2038.80026000,54191928.26364900,0
2023-06-18 08:00:00,26584.99000000,26596.00000000,26456.83000000,26500.00000000,2525.69386000,2023-06-18 11:59:59.999,66957548.35287920,78722,1154.15179000,30595266.76269610,0
2023-06-18 12:00:00,26500.00000000,26573.35000000,26444.00000000,26562.09000000,3559.38335000,2023-06-18 15:59:59.999,94425567.36154650,86886,1747.51760000,46360647.37902330,0
2023-06-18 16:00:00,26562.09000000,26657.99000000,26525.99000000,26650.00000000,2834.31150000,2023-06-18 19:59:59.999,75410384.69010310,77550,1454.30715000,38693476.59185200,0
2023-06-18 20:00:00,26650.01000000,26700.00000000,26255.85000000,26339.97000000,6152.15346000,2023-06-18 23:59:59.999,162587821.11536900,132862,2846.51721000,75221001.76644370,0
2023-06-19 00:00:00,26339.98000000,26469.58000000,26256.61000000,26403.36000000,2818.66359000,2023-06-19 03:59:59.999,74390901.12607400,78917,1276.46351000,33688191.75136340,0
2023-06-19 04:00:00,26403.36000000,26478.87000000,26369.00000000,26428.01000000,2925.34742000,2023-06-19 07:59:59.999,77299412.96914330,74952,1424.41449000,37638119.91197500,0
2023-06-19 08:00:00,26428.00000000,26459.18000000,26364.40000000,26447.73000000,2824.90303000,2023-06-19 11:59:59.999,74609147.13838580,67672,1248.88057000,32982956.82559250,0
2023-06-19 12:00:00,26447.73000000,26576.87000000,26348.01000000,26444.00000000,5446.90953000,2023-06-19 15:59:59.999,144204460.52793070,115212,2432.82224000,64407570.15248620,0
2023-06-19 16:00:00,26443.99000000,27068.09000000,26308.45000000,26682.28000000,16596.08384000,2023-06-19 19:59:59.999,442899579.24895880,286311,8520.97095000,227430613.29229570,0
2023-06-19 20:00:00,26682.29000000,26859.36000000,26652.19000000,26844.35000000,5260.75233000,2023-06-19 23:59:59.999,140790486.28431870,109671,2689.64801000,71980746.12081820,0
2023-06-20 00:00:00,26844.35000000,27179.03000000,26798.68000000,26896.52000000,7510.40809000,2023-06-20 03:59:59.999,202476840.34482860,155438,3817.19585000,102914842.18141920,0
2023-06-20 04:00:00,26896.53000000,27033.24000000,26755.00000000,26832.44000000,5125.51154000,2023-06-20 07:59:59.999,137720469.86603850,112208,2396.80249000,64410114.00265930,0
2023-06-20 08:00:00,26832.45000000,26912.00000000,26702.47000000,26907.99000000,4550.36223000,2023-06-20 11:59:59.999,121902329.14281780,91888,2155.98187000,57766083.70466440,0
2023-06-20 12:00:00,26907.99000000,27134.73000000,26652.00000000,27071.93000000,8935.82439000,2023-06-20 15:59:59.999,240165967.93325030,164184,4517.33061000,121420032.53697270,0
2023-06-20 16:00:00,27071.94000000,28140.00000000,27001.73000000,27982.77000000,30469.11578000,2023-06-20 19:59:59.999,842316108.95258830,443602,15412.44153000,426065510.27725470,0
2023-06-20 20:00:00,27982.77000000,28402.74000000,27872.00000000,28307.99000000,13075.73322000,2023-06-20 23:59:59.999,368216267.29148190,221704,6752.82227000,190206352.98695960,0
2023-06-21 00:00:00,28308.00000000,29088.09000000,28257.99000000,28711.15000000,17152.45801000,2023-06-21 03:59:59.999,491839076.89918640,291150,8805.86822000,252558120.57060090,0
2023-06-21 04:00:00,28711.15000000,29005.00000000,28680.00000000,28872.28000000,11260.27734000,2023-06-21 07:59:59.999,324672968.35175950,187076,6089.57848000,175592118.19136600,0
2023-06-21 08:00:00,28872.28000000,29221.99000000,28787.70000000,28930.00000000,11143.04259000,2023-06-21 11:59:59.999,322306414.61029680,191405,5478.12841000,158492635.52975780,0
2023-06-21 12:00:00,28930.00000000,30000.00000000,28875.81000000,29851.58000000,27907.23239000,2023-06-21 15:59:59.999,820789496.69589310,430843,14388.01249000,423448434.66417340,0
2023-06-21 16:00:00,29851.58000000,30800.00000000,29763.37000000,30112.03000000,32165.45866000,2023-06-21 19:59:59.999,971659556.84894420,581727,16576.13669000,500757880.27234590,0
2023-06-21 20:00:00,30112.02000000,30195.77000000,29800.00000000,29993.89000000,9297.93513000,2023-06-21 23:59:59.999,279033615.96021090,190672,4509.24523000,135316276.01669430,0
2023-06-22 00:00:00,29993.89000000,30500.00000000,29891.15000000,30296.01000000,10104.59967000,2023-06-22 03:59:59.999,305398706.06408750,198629,5230.41386000,158093791.40981050,0
2023-06-22 04:00:00,30296.00000000,30350.00000000,30010.00000000,30100.75000000,7689.18523000,2023-06-22 07:59:59.999,232039775.79880680,162731,3703.13149000,111769865.72926550,0
2023-06-22 08:00:00,30100.75000000,30244.00000000,29840.09000000,29928.00000000,10681.90715000,2023-06-22 11:59:59.999,321082017.83101240,194937,4838.26731000,145454592.24527610,0
2023-06-22 12:00:00,29928.01000000,30351.14000000,29525.61000000,29850.65000000,16896.20667000,2023-06-22 15:59:59.999,506271677.25514430,299186,7771.77416000,232906760.91001630,0
2023-06-22 16:00:00,29850.65000000,30234.83000000,29821.50000000,30213.11000000,8943.57285000,2023-06-22 19:59:59.999,268646401.72627130,175310,4347.03797000,130597363.84270320,0
2023-06-22 20:00:00,30213.11000000,30256.76000000,29880.00000000,29884.92000000,4739.09303000,2023-06-22 23:59:59.999,142383525.08793320,115299,2012.30833000,60461886.04275380,0
2023-06-23 00:00:00,29884.92000000,30054.00000000,29800.00000000,30007.96000000,4581.18928000,2023-06-23 03:59:59.999,137291743.51406190,112435,2189.92330000,65627055.92214180,0
2023-06-23 04:00:00,30007.97000000,30082.25000000,29904.29000000,29931.99000000,4355.16293000,2023-06-23 07:59:59.999,130645889.82619990,104082,1782.31841000,53480788.64602350,0
2023-06-23 08:00:00,29932.00000000,30195.00000000,29906.71000000,30140.87000000,6057.11746000,2023-06-23 11:59:59.999,182072132.01559450,131925,2737.07404000,82277574.00356960,0
2023-06-23 12:00:00,30140.86000000,31400.00000000,29911.07000000,31238.00000000,26083.48619000,2023-06-23 15:59:59.999,797639775.72016510,444364,14027.58775000,429326453.34441250,0
2023-06-23 16:00:00,31238.01000000,31431.94000000,30615.33000000,30880.87000000,25886.97674000,2023-06-23 19:59:59.999,803522910.34863980,391532,12267.79679000,380885315.13278510,0
2023-06-23 20:00:00,30880.88000000,30950.00000000,30453.10000000,30688.50000000,6967.96375000,2023-06-23 23:59:59.999,213905044.77080760,154195,3284.61711000,100841997.90172310,0
2023-06-24 00:00:00,30688.51000000,30794.11000000,30410.00000000,30730.01000000,6049.00866000,2023-06-24 03:59:59.999,185187352.40040800,142708,2923.61144000,89545701.32010360,0
2023-06-24 04:00:00,30730.00000000,30788.00000000,30552.01000000,30567.58000000,3587.21749000,2023-06-24 07:59:59.999,110071275.82504340,100412,1656.98121000,50853910.62128720,0
2023-06-24 08:00:00,30567.58000000,30742.73000000,30552.78000000,30684.38000000,3478.09199000,2023-06-24 11:59:59.999,106576937.76152600,98200,1760.42877000,53945056.34472910,0
2023-06-24 12:00:00,30684.37000000,30800.00000000,30282.07000000,30398.71000000,7419.33976000,2023-06-24 15:59:59.999,226776680.09967600,185746,3412.86412000,104340099.03585910,0
2023-06-24 16:00:00,30398.72000000,30709.36000000,30250.00000000,30627.84000000,6143.31292000,2023-06-24 19:59:59.999,187544956.17809130,152027,2969.32090000,90666103.32243630,0
2023-06-24 20:00:00,30627.84000000,30627.85000000,30408.95000000,30527.43000000,3836.33053000,2023-06-24 23:59:59.999,117087195.43925740,97250,1774.35803000,54149777.27766690,0
2023-06-25 00:00:00,30527.44000000,30783.68000000,30465.41000000,30748.46000000,3538.22628000,2023-06-25 03:59:59.999,108349879.31284580,109050,1875.22586000,57428493.31495770,0
2023-06-25 04:00:00,30748.46000000,31046.01000000,30666.87000000,30723.78000000,8518.57452000,2023-06-25 07:59:59.999,262909513.34069170,188639,4260.56609000,131501300.42601080,0
2023-06-25 08:00:00,30723.78000000,30761.70000000,30584.51000000,30716.03000000,3922.90014000,2023-06-25 11:59:59.999,120322193.39329230,118620,1950.12762000,59813103.07763490,0
2023-06-25 12:00:00,30716.03000000,30739.80000000,30462.00000000,30585.16000000,5838.88060000,2023-06-25 15:59:59.999,178762112.69841180,149716,2668.67454000,81699406.94802320,0
2023-06-25 16:00:00,30585.16000000,30655.11000000,30328.00000000,30429.78000000,4871.42995000,2023-06-25 19:59:59.999,148385559.41077060,127618,2254.01277000,68662205.77625170,0
2023-06-25 20:00:00,30429.78000000,30571.89000000,30277.49000000,30462.66000000,3533.43652000,2023-06-25 23:59:59.999,107587386.26075430,96267,1619.36785000,49310085.01590920,0
2023-06-26 00:00:00,30462.67000000,30550.00000000,29963.60000000,30296.36000000,9207.88051000,2023-06-26 03:59:59.999,278392437.34911050,187675,4681.75383000,141540489.87654150,0
2023-06-26 04:00:00,30296.35000000,30580.00000000,30164.79000000,30404.29000000,6806.54660000,2023-06-26 07:59:59.999,206597946.25057230,143747,3510.65433000,106592401.10057470,0
2023-06-26 08:00:00,30404.28000000,30428.36000000,30130.00000000,30322.89000000,5433.69289000,2023-06-26 11:59:59.999,164672679.98192070,123862,2558.87810000,77548061.72352330,0
2023-06-26 12:00:00,30322.89000000,30666.00000000,30257.02000000,30419.62000000,9096.84715000,2023-06-26 15:59:59.999,276935855.68473660,185214,4480.37510000,136418359.97889380,0
2023-06-26 16:00:00,30419.63000000,30432.00000000,29930.00000000,30243.97000000,11221.92192000,2023-06-26 19:59:59.999,338140155.25285460,217540,5331.44001000,160659118.64503250,0
2023-06-26 20:00:00,30243.97000000,30290.00000000,30099.00000000,30267.99000000,3413.52582000,2023-06-26 23:59:59.999,103098583.02598780,96745,1714.48147000,51782237.24809460,0
2023-06-27 00:00:00,30267.99000000,30496.88000000,30226.17000000,30371.57000000,4890.13774000,2023-06-27 03:59:59.999,148569107.78379070,109451,2497.32649000,75885075.47550690,0
2023-06-27 04:00:00,30371.56000000,30470.80000000,30233.58000000,30411.22000000,4152.72217000,2023-06-27 07:59:59.999,125987999.00874200,95105,1748.42815000,53050262.33260700,0
2023-06-27 08:00:00,30411.23000000,30786.99000000,30336.00000000,30729.10000000,8932.93349000,2023-06-27 11:59:59.999,273056960.12578520,156947,4459.42348000,136344740.64865010,0
2023-06-27 12:00:00,30729.09000000,30994.97000000,30383.00000000,30498.74000000,13404.27576000,2023-06-27 15:59:59.999,411575923.53965260,231207,6389.43680000,196227927.24547390,0
2023-06-27 16:00:00,30498.74000000,30769.96000000,30455.50000000,30648.03000000,7509.05985000,2023-06-27 19:59:59.999,230236135.67994990,135102,4253.52745000,130437005.62463770,0
2023-06-27 20:00:00,30648.03000000,30736.24000000,30554.09000000,30692.44000000,3810.51256000,2023-06-27 23:59:59.999,116780130.88143670,96561,1803.15280000,55258895.43876550,0
2023-06-28 00:00:00,30692.44000000,30709.74000000,30336.36000000,30452.75000000,5422.85000000,2023-06-28 03:59:59.999,165431783.19942170,124950,2702.17416000,82427004.22558310,0
2023-06-28 04:00:00,30452.74000000,30488.83000000,30155.75000000,30186.13000000,6169.86931000,2023-06-28 07:59:59.999,187135171.63160660,153266,2757.40278000,83633293.51653890,0
2023-06-28 08:00:00,30186.14000000,30388.00000000,30150.98000000,30310.73000000,4469.60145000,2023-06-28 11:59:59.999,135325879.58215880,133938,2124.60767000,64326815.77339560,0
2023-06-28 12:00:00,30310.73000000,30490.86000000,30009.00000000,30411.06000000,10958.22627000,2023-06-28 15:59:59.999,331403815.62017490,206709,5514.64728000,166805360.01787340,0
2023-06-28 16:00:00,30411.07000000,30466.36000000,29858.80000000,30100.00000000,9490.07497000,2023-06-28 19:59:59.999,285841413.01861540,176145,4175.27463000,125773571.35649050,0
2023-06-28 20:00:00,30099.99000000,30218.55000000,29948.82000000,30077.41000000,3952.89737000,2023-06-28 23:59:59.999,118965574.56127880,100462,1902.64776000,57260680.94350720,0
2023-06-29 00:00:00,30077.40000000,30245.90000000,30049.98000000,30176.00000000,2950.73551000,2023-06-29 03:59:59.999,88948928.70155320,88193,1465.63962000,44182641.84843950,0
2023-06-29 04:00:00,30176.00000000,30421.48000000,30141.05000000,30340.29000000,3650.28435000,2023-06-29 07:59:59.999,110485503.44467400,88506,1806.04428000,54664921.88166970,0
2023-06-29 08:00:00,30340.29000000,30750.00000000,30337.23000000,30670.94000000,9512.82089000,2023-06-29 11:59:59.999,290839846.97979110,171289,4847.01412000,148177756.96127680,0
2023-06-29 12:00:00,30670.95000000,30843.98000000,30400.00000000,30478.80000000,10056.97009000,2023-06-29 15:59:59.999,307927637.94251400,181639,4760.96993000,145787338.60065590,0
2023-06-29 16:00:00,30478.79000000,30663.37000000,30416.63000000,30584.99000000,5567.68530000,2023-06-29 19:59:59.999,170049016.23468600,121125,2776.25195000,84786098.40077060,0
2023-06-29 20:00:00,30584.99000000,30639.90000000,30250.00000000,30447.31000000,4592.13289000,2023-06-29 23:59:59.999,139689456.62102230,107676,2178.46867000,66273972.56891440,0
2023-06-30 00:00:00,30447.31000000,30883.68000000,30347.17000000,30745.05000000,7913.86236000,2023-06-30 03:59:59.999,242327604.19943970,162750,4358.00074000,133457817.42416460,0
2023-06-30 04:00:00,30745.06000000,31282.00000000,30610.01000000,30765.09000000,15308.46395000,2023-06-30 07:59:59.999,473034067.46988210,261924,7775.88855000,240291279.08599260,0
2023-06-30 08:00:00,30765.10000000,30963.20000000,30717.50000000,30910.01000000,6842.23429000,2023-06-30 11:59:59.999,210839522.21859010,157713,3125.65825000,96328451.54554760,0
2023-06-30 12:00:00,30910.01000000,31137.36000000,29500.00000000,30067.72000000,36336.67800000,2023-06-30 15:59:59.999,1100109964.61889700,567543,17267.15507000,523000429.04815390,0
2023-06-30 16:00:00,30067.72000000,30748.08000000,29925.50000000,30372.36000000,18843.02962000,2023-06-30 19:59:59.999,572902866.60802010,304061,9752.95681000,296525971.40549020,0
2023-06-30 20:00:00,30372.37000000,30544.44000000,30340.46000000,30472.00000000,4174.80796000,2023-06-30 23:59:59.999,127141480.39152130,105375,2040.15312000,62131384.34922800,0
2023-07-01 00:00:00,30471.99000000,30534.74000000,30375.85000000,30398.01000000,4008.04076000,2023-07-01 03:59:59.999,122055782.46283880,114207,1820.19797000,55432630.16330640,0
2023-07-01 04:00:00,30398.02000000,30472.69000000,30320.57000000,30459.88000000,3285.51834000,2023-07-01 07:59:59.999,99894990.67629580,87948,1465.95931000,44572533.65694570,0
2023-07-01 08:00:00,30459.87000000,30600.00000000,30420.77000000,30523.02000000,2775.74430000,2023-07-01 11:59:59.999,84598469.23602470,94354,1182.16975000,36035743.38638990,0
2023-07-01 12:00:00,30523.02000000,30661.60000000,30503.94000000,30572.58000000,3801.28671000,2023-07-01 15:59:59.999,116246540.58596700,120265,1890.79064000,57821986.79419190,0
2023-07-01 16:00:00,30572.59000000,30633.92000000,30543.99000000,30609.51000000,2240.42090000,2023-07-01 19:59:59.999,68526267.41138490,90541,1151.39644000,35217313.43678010,0
2023-07-01 20:00:00,30609.51000000,30612.68000000,30548.88000000,30585.90000000,1390.73974000,2023-07-01 23:59:59.999,42537287.76002710,60660,591.62465000,18094941.51315200,0
2023-07-02 00:00:00,30585.90000000,30649.99000000,30463.16000000,30509.31000000,3211.40133000,2023-07-02 03:59:59.999,98135540.12979790,99850,1435.15752000,43854544.37832060,0
2023-07-02 04:00:00,30509.30000000,30553.17000000,30470.01000000,30513.01000000,2300.42674000,2023-07-02 07:59:59.999,70177581.85885310,74833,903.59483000,27564924.35300540,0
2023-07-02 08:00:00,30513.01000000,30552.00000000,30484.00000000,30544.74000000,1915.72134000,2023-07-02 11:59:59.999,58469943.25292610,66654,831.13167000,25366999.22351740,0
2023-07-02 12:00:00,30544.74000000,30628.00000000,30155.00000000,30498.01000000,5741.64801000,2023-07-02 15:59:59.999,174848043.38007980,139198,2563.48837000,78054432.14265910,0
2023-07-02 16:00:00,30498.00000000,30693.14000000,30366.65000000,30557.74000000,4005.03205000,2023-07-02 19:59:59.999,122272127.80922550,96309,1763.87549000,53851224.22042800,0
2023-07-02 20:00:00,30557.74000000,30791.00000000,30425.47000000,30617.03000000,6112.18072000,2023-07-02 23:59:59.999,187128187.00256010,114689,3132.99952000,95923907.64023790,0
2023-07-03 00:00:00,30617.02000000,30800.01000000,30587.77000000,30756.65000000,3617.65215000,2023-07-03 03:59:59.999,111099619.57241400,89584,1868.90451000,57398941.02117810,0
2023-07-03 04:00:00,30756.65000000,30795.80000000,30606.00000000,30667.19000000,4529.14702000,2023-07-03 07:59:59.999,139007044.82758970,92908,1892.89673000,58107620.03651210,0
2023-07-03 08:00:00,30667.19000000,30700.92000000,30583.01000000,30625.22000000,5651.32270000,2023-07-03 11:59:59.999,173168055.93044270,99072,2411.52026000,73893978.40381290,0
2023-07-03 12:00:00,30625.22000000,31170.00000000,30570.27000000,31068.64000000,11506.76313000,2023-07-03 15:59:59.999,355143646.46387410,188742,5948.65707000,183618309.13543640,0
2023-07-03 16:00:00,31068.64000000,31380.00000000,30800.80000000,31255.84000000,12496.68998000,2023-07-03 19:59:59.999,388754449.19254120,199682,6025.92579000,187492369.29050580,0
2023-07-03 20:00:00,31255.83000000,31299.16000000,30900.00000000,31156.20000000,5960.06813000,2023-07-03 23:59:59.999,185462523.51753180,111867,2738.03895000,85187517.48990410,0
2023-07-04 00:00:00,31156.20000000,31350.69000000,31096.48000000,31195.69000000,5915.60031000,2023-07-04 03:59:59.999,184719353.90640510,118441,2726.19062000,85123370.30463090,0
2023-07-04 04:00:00,31195.68000000,31212.26000000,30879.29000000,30911.41000000,6224.06500000,2023-07-04 07:59:59.999,192985741.14579530,139767,2435.82828000,75542148.28809170,0
2023-07-04 08:00:00,30911.40000000,31080.00000000,30867.68000000,31067.99000000,4279.90524000,2023-07-04 11:59:59.999,132625641.73040890,110193,2002.79893000,62058170.95985130,0
2023-07-04 12:00:00,31067.99000000,31080.00000000,30886.00000000,30964.37000000,5117.54936000,2023-07-04 15:59:59.999,158599915.23077780,122761,1942.29933000,60197753.07515280,0
2023-07-04 16:00:00,30964.38000000,31130.00000000,30620.00000000,30696.84000000,8695.01225000,2023-07-04 19:59:59.999,268343879.96515090,206719,3697.57448000,114116670.60640200,0
2023-07-04 20:00:00,30696.84000000,30843.73000000,30668.50000000,30766.51000000,2973.98727000,2023-07-04 23:59:59.999,91519476.54598320,81591,1302.67402000,40088040.84999380,0
2023-07-05 00:00:00,30766.52000000,30878.07000000,30752.00000000,30868.71000000,2838.19206000,2023-07-05 03:59:59.999,87477435.34430770,71626,1153.75510000,35561194.47313120,0
2023-07-05 04:00:00,30868.71000000,30869.57000000,30762.00000000,30774.25000000,2778.41767000,2023-07-05 07:59:59.999,85621475.46691320,76886,1137.04510000,35043826.47386530,0
2023-07-05 08:00:00,30774.24000000,30810.34000000,30350.00000000,30404.30000000,9136.14566000,2023-07-05 11:59:59.999,279343468.58117630,217569,4005.64116000,122470786.75504460,0
2023-07-05 12:00:00,30404.31000000,30452.00000000,30200.00000000,30356.11000000,10424.67966000,2023-07-05 15:59:59.999,316320797.24021910,239982,5386.10840000,163462452.80810010,0
2023-07-05 16:00:00,30356.11000000,30591.57000000,30333.70000000,30431.95000000,4635.72484000,2023-07-05 19:59:59.999,141307164.38282570,128036,2222.54596000,67740497.00691530,0
2023-07-05 20:00:00,30431.95000000,30539.13000000,30383.83000000,30504.81000000,3402.51133000,2023-07-05 23:59:59.999,103624449.30160810,93827,1714.02144000,52199497.42635680,0
2023-07-06 00:00:00,30504.80000000,30560.51000000,30327.00000000,30490.85000000,2865.18104000,2023-07-06 03:59:59.999,87287150.19490300,97624,1391.44920000,42389720.56521320,0
2023-07-06 04:00:00,30490.85000000,30857.89000000,30438.26000000,30803.19000000,6076.76347000,2023-07-06 07:59:59.999,186342829.26010820,142566,3192.59533000,97910890.30088330,0
2023-07-06 08:00:00,30803.20000000,31500.00000000,30701.00000000,30846.55000000,20483.84413000,2023-07-06 11:59:59.999,638682209.28245840,364632,10202.06349000,318107162.98108050,0
2023-07-06 12:00:00,30846.55000000,30887.10000000,29888.00000000,30407.01000000,27112.31388000,2023-07-06 15:59:59.999,822916186.87340910,444571,12285.31968000,372798709.17590050,0
2023-07-06 16:00:00,30407.00000000,30464.13000000,30157.41000000,30309.88000000,7633.47953000,2023-07-06 19:59:59.999,231378756.80273900,169404,3712.01431000,112513141.48688060,0
2023-07-06 20:00:00,30309.88000000,30345.18000000,29850.45000000,29895.43000000,7148.04405000,2023-07-06 23:59:59.999,215156516.58165190,178245,3169.19036000,95417510.78359290,0
2023-07-07 00:00:00,29895.42000000,30165.64000000,29701.02000000,30135.40000000,8889.61673000,2023-07-07 03:59:59.999,266572319.58419950,209031,3736.00900000,112025344.28072590,0
2023-07-07 04:00:00,30135.41000000,30300.00000000,29930.53000000,30007.40000000,5605.28806000,2023-07-07 07:59:59.999,168902427.31938930,164443,2216.78877000,66790095.50415500,0
2023-07-07 08:00:00,30007.41000000,30199.00000000,29970.00000000,30118.70000000,4267.97548000,2023-07-07 11:59:59.999,128524368.57937910,120688,1996.03222000,60103456.76621260,0
2023-07-07 12:00:00,30118.70000000,30443.75000000,30041.05000000,30390.83000000,8978.21955000,2023-07-07 15:59:59.999,271811763.13017390,226739,4210.80201000,127479002.91800150,0
2023-07-07 16:00:00,30390.83000000,30449.00000000,30116.00000000,30246.20000000,4029.29082000,2023-07-07 19:59:59.999,121970833.85765390,119072,1751.23024000,53006700.47343740,0
2023-07-07 20:00:00,30246.21000000,30346.06000000,30214.16000000,30344.70000000,2300.14831000,2023-07-07 23:59:59.999,69680082.76241340,72975,965.00085000,29234161.44135930,0
2023-07-08 00:00:00,30344.70000000,30386.81000000,30257.07000000,30274.83000000,2033.13323000,2023-07-08 03:59:59.999,61622840.82007530,72324,1003.08743000,30405379.48765420,0
2023-07-08 04:00:00,30274.82000000,30279.19000000,30145.21000000,30193.36000000,2329.32411000,2023-07-08 07:59:59.999,70383745.26437570,79576,914.03615000,27617627.56766210,0
2023-07-08 08:00:00,30193.36000000,30313.98000000,30156.23000000,30201.71000000,2090.67845000,2023-07-08 11:59:59.999,63216941.35010720,83889,1056.14603000,31939156.80150790,0
2023-07-08 12:00:00,30201.72000000,30239.37000000,30152.19000000,30208.00000000,1628.14246000,2023-07-08 15:59:59.999,49173721.17444240,80468,606.69918000,18323598.92439850,0
2023-07-08 16:00:00,30208.01000000,30318.25000000,30044.47000000,30112.00000000,2961.09304000,2023-07-08 19:59:59.999,89424869.82434910,91642,1309.23076000,39541624.61889070,0
2023-07-08 20:00:00,30112.00000000,30289.99000000,30054.06000000,30284.63000000,2052.21913000,2023-07-08 23:59:59.999,61937599.13907810,72315,1101.71513000,33256043.79981720,0
2023-07-09 00:00:00,30284.63000000,30402.98000000,30246.47000000,30287.99000000,2693.84185000,2023-07-09 03:59:59.999,81673533.28471290,84502,1307.42387000,39637460.62685190,0
2023-07-09 04:00:00,30287.99000000,30299.89000000,30233.33000000,30265.00000000,1865.45368000,2023-07-09 07:59:59.999,56462672.90229450,64543,833.08828000,25213895.49600270,0
2023-07-09 08:00:00,30265.00000000,30310.00000000,30240.00000000,30266.69000000,1557.55664000,2023-07-09 11:59:59.999,47158726.46357170,58828,726.51301000,21996852.37766200,0
2023-07-09 12:00:00,30266.70000000,30445.52000000,30190.00000000,30349.47000000,4204.63044000,2023-07-09 15:59:59.999,127458896.58053340,113562,2121.03432000,64297301.93045520,0
2023-07-09 16:00:00,30349.47000000,30349.74000000,30204.00000000,30242.42000000,1814.15215000,2023-07-09 19:59:59.999,54923187.99075040,62874,787.55497000,23842089.41286040,0
2023-07-09 20:00:00,30242.43000000,30249.99000000,30061.12000000,30160.71000000,3252.86720000,2023-07-09 23:59:59.999,98104497.03708470,88859,1241.73648000,37445922.04589670,0
2023-07-10 00:00:00,30160.71000000,30240.00000000,29950.00000000,30156.17000000,5431.19593000,2023-07-10 03:59:59.999,163451028.49616540,132406,2441.70356000,73493522.02381850,0
2023-07-10 04:00:00,30156.17000000,30160.00000000,30050.29000000,30112.10000000,2853.31032000,2023-07-10 07:59:59.999,85915421.15658580,92146,1153.94903000,34745513.08142970,0
2023-07-10 08:00:00,30112.11000000,30245.90000000,30000.02000000,30240.00000000,4702.37808000,2023-07-10 11:59:59.999,141747357.64495380,107060,2293.47774000,69154403.79242630,0
2023-07-10 12:00:00,30240.00000000,30362.00000000,30143.21000000,30312.81000000,5908.11612000,2023-07-10 15:59:59.999,178766169.55012830,138833,2862.79423000,86623137.08582040,0
2023-07-10 16:00:00,30312.82000000,30840.00000000,30241.00000000,30837.40000000,7615.41653000,2023-07-10 19:59:59.999,232396180.09789070,163762,3881.62085000,118554072.14466160,0
2023-07-10 20:00:00,30837.40000000,31045.78000000,30190.00000000,30411.57000000,14752.45954000,2023-07-10 23:59:59.999,452012880.79634880,262646,6940.68929000,212820245.01685200,0
2023-07-11 00:00:00,30411.57000000,30600.00000000,30363.29000000,30476.00000000,4533.99483000,2023-07-11 03:59:59.999,138166274.18285860,105050,2121.74765000,64663953.00262410,0
2023-07-11 04:00:00,30475.99000000,30658.00000000,30430.88000000,30535.38000000,4563.71355000,2023-07-11 07:59:59.999,139357813.73631770,93717,2321.44494000,70898238.72748410,0
2023-07-11 08:00:00,30535.38000000,30567.32000000,30344.28000000,30404.31000000,4397.68536000,2023-07-11 11:59:59.999,133862964.59165040,101151,2004.49213000,61016719.91500180,0
2023-07-11 12:00:00,30404.31000000,30813.63000000,30300.00000000,30596.45000000,7750.28791000,2023-07-11 15:59:59.999,236570369.71035830,174409,3947.13783000,120510341.94765470,0
2023-07-11 16:00:00,30596.44000000,30693.87000000,30405.00000000,30581.99000000,4536.83905000,2023-07-11 19:59:59.999,138621669.69514810,133558,1999.66759000,61102883.74581030,0
2023-07-11 20:00:00,30582.00000000,30650.00000000,30501.56000000,30622.10000000,2694.31241000,2023-07-11 23:59:59.999,82387152.32493610,83328,1275.67065000,39012663.82438710,0
2023-07-12 00:00:00,30622.10000000,30671.38000000,30497.95000000,30588.32000000,3576.28600000,2023-07-12 03:59:59.999,109325237.52006030,84302,1430.47200000,43731775.89276500,0
2023-07-12 04:00:00,30588.32000000,30849.01000000,30565.53000000,30740.00000000,4266.19442000,2023-07-12 07:59:59.999,131030534.26175750,100227,2203.09228000,67669264.24774390,0
2023-07-12 08:00:00,30740.00000000,30809.13000000,30656.00000000,30776.25000000,3490.22801000,2023-07-12 11:59:59.999,107199665.36789190,86253,1691.71930000,51965999.40726330,0
2023-07-12 12:00:00,30776.25000000,30983.25000000,30461.59000000,30524.63000000,15884.13856000,2023-07-12 15:59:59.999,487974974.63772350,284654,7592.83844000,233309652.99154210,0
2023-07-12 16:00:00,30524.63000000,30538.44000000,30210.00000000,30287.47000000,7668.51251000,2023-07-12 19:59:59.999,233190904.90321890,152835,3652.16205000,111078678.23023620,0
2023-07-12 20:00:00,30287.48000000,30419.99000000,30238.28000000,30380.00000000,3223.63719000,2023-07-12 23:59:59.999,97776155.74252080,75924,1680.99558000,50987154.16167820,0
2023-07-13 00:00:00,30380.00000000,30433.25000000,30274.00000000,30298.01000000,3210.23446000,2023-07-13 03:59:59.999,97428309.03459190,68803,1391.97731000,42243420.24622410,0
2023-07-13 04:00:00,30298.01000000,30426.91000000,30251.00000000,30366.02000000,3711.05195000,2023-07-13 07:59:59.999,112578709.94970910,71353,1912.11874000,58013454.24375000,0
2023-07-13 08:00:00,30366.01000000,30637.06000000,30345.05000000,30543.99000000,4724.52462000,2023-07-13 11:59:59.999,144205973.71317200,101896,2220.25168000,67758760.83606580,0
2023-07-13 12:00:00,30543.99000000,31170.00000000,30459.91000000,30917.48000000,15742.34992000,2023-07-13 15:59:59.999,484877825.96733780,252709,8343.87004000,257153148.14501730,0
2023-07-13 16:00:00,30917.48000000,31804.20000000,30718.27000000,31606.01000000,33413.97579000,2023-07-13 19:59:59.999,1043140871.56926750,554723,17596.57578000,549467402.52394740,0
2023-07-13 20:00:00,31606.00000000,31691.46000000,31000.00000000,31454.23000000,9970.38162000,2023-07-13 23:59:59.999,312695519.99033750,252148,4620.04823000,144906669.15631250,0
2023-07-14 00:00:00,31454.23000000,31630.00000000,31333.00000000,31460.00000000,8667.09146000,2023-07-14 03:59:59.999,272509533.48420040,204751,4207.93798000,132305283.90518830,0
2023-07-14 04:00:00,31459.99000000,31469.00000000,31075.25000000,31098.74000000,5686.39884000,2023-07-14 07:59:59.999,177999798.88264760,133604,2424.42615000,75889013.58904780,0
2023-07-14 08:00:00,31098.75000000,31287.85000000,31083.95000000,31209.59000000,4545.37951000,2023-07-14 11:59:59.999,141733733.76806640,119817,2332.39691000,72733289.15588770,0
2023-07-14 12:00:00,31209.58000000,31360.11000000,31050.00000000,31240.48000000,5568.76486000,2023-07-14 15:59:59.999,173862808.97009730,155587,2833.88551000,88486275.64826920,0
2023-07-14 16:00:00,31240.49000000,31275.50000000,29900.00000000,30115.17000000,29179.61822000,2023-07-14 19:59:59.999,888975302.93748440,502773,13265.76276000,404110134.04079470,0
2023-07-14 20:00:00,30115.18000000,30319.03000000,29985.31000000,30312.01000000,7102.23135000,2023-07-14 23:59:59.999,214362095.70512820,157855,3449.37065000,104118041.48325380,0
2023-07-15 00:00:00,30312.00000000,30390.90000000,30200.00000000,30292.91000000,3765.02048000,2023-07-15 03:59:59.999,114088061.30287740,103059,1604.50532000,48622559.78465690,0
2023-07-15 04:00:00,30292.90000000,30366.83000000,30257.45000000,30338.00000000,2509.41585000,2023-07-15 07:59:59.999,76064156.15136110,83413,1226.60467000,37183305.99820330,0
2023-07-15 08:00:00,30338.00000000,30371.67000000,30263.25000000,30311.99000000,2699.92345000,2023-07-15 11:59:59.999,81872043.54907460,92693,1243.04005000,37696052.20620880,0
2023-07-15 12:00:00,30311.99000000,30365.04000000,30250.99000000,30303.41000000,2114.38171000,2023-07-15 15:59:59.999,64092056.67969850,83527,881.24278000,26713220.47315910,0
2023-07-15 16:00:00,30303.40000000,30358.18000000,30256.89000000,30326.47000000,1864.07980000,2023-07-15 19:59:59.999,56490527.76200110,74513,935.00520000,28334810.16312490,0
2023-07-15 20:00:00,30326.47000000,30326.47000000,30269.96000000,30289.52000000,1165.73200000,2023-07-15 23:59:59.999,35314248.85716560,51149,540.15179000,16362725.28656870,0
2023-07-16 00:00:00,30289.52000000,30335.00000000,30064.29000000,30188.00000000,4106.79294000,2023-07-16 03:59:59.999,124121847.92638500,103188,1814.67821000,54853821.87543410,0
2023-07-16 04:00:00,30188.00000000,30311.99000000,30134.59000000,30265.22000000,1941.43927000,2023-07-16 07:59:59.999,58671562.07271670,64243,1048.86793000,31696181.03544630,0
2023-07-16 08:00:00,30265.23000000,30350.00000000,30265.22000000,30306.01000000,2061.54158000,2023-07-16 11:59:59.999,62464931.89956630,69264,932.34013000,28250291.49670600,0
2023-07-16 12:00:00,30306.01000000,30441.46000000,30273.08000000,30379.95000000,3061.26246000,2023-07-16 15:59:59.999,92940634.63445150,92209,1435.61677000,43586702.61737990,0
2023-07-16 16:00:00,30379.96000000,30403.13000000,30200.43000000,30252.93000000,2207.15898000,2023-07-16 19:59:59.999,66909551.88004820,80792,976.17045000,29592456.79815950,0
2023-07-16 20:00:00,30252.94000000,30361.00000000,30122.95000000,30231.99000000,2381.93287000,2023-07-16 23:59:59.999,72080799.59412600,84529,1114.77023000,33734256.40011720,0
2023-07-17 00:00:00,30232.00000000,30336.96000000,30176.03000000,30312.66000000,2046.85414000,2023-07-17 03:59:59.999,61945573.54590930,78761,1039.91911000,31471852.95210640,0
2023-07-17 04:00:00,30312.66000000,30323.05000000,30232.06000000,30281.00000000,2300.08203000,2023-07-17 07:59:59.999,69647390.05379300,69963,1087.76761000,32936885.03750030,0
2023-07-17 08:00:00,30281.01000000,30328.00000000,29965.39000000,30161.70000000,6972.32410000,2023-07-17 11:59:59.999,210338135.68985450,162025,3251.78040000,98139784.69592880,0
2023-07-17 12:00:00,30161.70000000,30308.00000000,30032.00000000,30174.83000000,5199.39113000,2023-07-17 15:59:59.999,156972806.90212980,141128,2302.95834000,69518993.75987620,0
2023-07-17 16:00:00,30174.84000000,30241.03000000,29659.20000000,29884.39000000,10264.88813000,2023-07-17 19:59:59.999,307400781.73114230,245748,4704.41649000,140911768.95805160,0
2023-07-17 20:00:00,29884.40000000,30285.71000000,29881.41000000,30138.00000000,4099.22886000,2023-07-17 23:59:59.999,123342956.32051410,118841,1965.37698000,59126670.05130700,0
2023-07-18 00:00:00,30138.01000000,30239.78000000,30073.96000000,30073.96000000,2946.84335000,2023-07-18 03:59:59.999,88856773.85619180,75733,1229.60782000,37083070.98195370,0
2023-07-18 04:00:00,30073.97000000,30118.19000000,29921.54000000,29968.13000000,4074.27718000,2023-07-18 07:59:59.999,122353118.80351230,103661,1814.91527000,54501285.83891670,0
2023-07-18 08:00:00,29968.13000000,30111.68000000,29810.00000000,29884.01000000,5367.53981000,2023-07-18 11:59:59.999,160869899.91857960,127538,2433.10118000,72923837.94329720,0
2023-07-18 12:00:00,29884.00000000,30034.15000000,29675.00000000,29912.00000000,7997.98214000,2023-07-18 15:59:59.999,238730703.62457510,197769,3802.62937000,113512490.57791620,0
2023-07-18 16:00:00,29912.01000000,29964.99000000,29512.00000000,29715.99000000,7221.04629000,2023-07-18 19:59:59.999,214971207.77480530,174781,3288.12335000,97902119.36654300,0
2023-07-18 20:00:00,29715.98000000,29865.00000000,29690.65000000,29859.13000000,2396.17133000,2023-07-18 23:59:59.999,71375391.49974700,75293,1202.81922000,35826063.35428590,0
2023-07-19 00:00:00,29859.14000000,30076.71000000,29839.50000000,30059.11000000,3876.95657000,2023-07-19 03:59:59.999,116313256.48515390,97450,2073.25420000,62192370.70016780,0
2023-07-19 04:00:00,30059.10000000,30189.09000000,29966.48000000,30000.68000000,4281.65902000,2023-07-19 07:59:59.999,128800704.59390560,93239,1882.99334000,56654325.26178570,0
2023-07-19 08:00:00,30000.68000000,30046.00000000,29867.17000000,30012.63000000,3539.89276000,2023-07-19 11:59:59.999,106115245.82933940,79638,1555.09769000,46614431.62680490,0
2023-07-19 12:00:00,30012.62000000,30128.00000000,29761.96000000,29956.46000000,6395.65260000,2023-07-19 15:59:59.999,191371551.05975150,149446,3117.59102000,93301219.79216900,0
2023-07-19 16:00:00,29956.46000000,30100.00000000,29870.00000000,30044.31000000,4369.91637000,2023-07-19 19:59:59.999,131086255.66675030,114679,2220.18553000,66609161.26242120,0
2023-07-19 20:00:00,30044.31000000,30054.00000000,29830.36000000,29909.21000000,3193.28405000,2023-07-19 23:59:59.999,95567851.65021440,82963,1411.86143000,42252709.27408690,0
2023-07-20 00:00:00,29909.21000000,30047.95000000,29881.29000000,29948.01000000,2444.85301000,2023-07-20 03:59:59.999,73291068.68840420,65168,1061.16509000,31810120.96469540,0
2023-07-20 04:00:00,29948.00000000,30246.98000000,29926.88000000,30202.77000000,5123.20299000,2023-07-20 07:59:59.999,154301990.89914140,102282,2609.67299000,78610369.69227800,0
2023-07-20 08:00:00,30202.78000000,30417.46000000,30166.67000000,30284.90000000,7608.78698000,2023-07-20 11:59:59.999,230581385.15204360,148398,3840.04232000,116371950.29938070,0
2023-07-20 12:00:00,30284.90000000,30316.00000000,29627.04000000,29810.18000000,11993.35064000,2023-07-20 15:59:59.999,359262590.48040540,230609,5478.99171000,164052855.16581760,0
2023-07-20 16:00:00,29810.17000000,29872.71000000,29570.96000000,29756.00000000,6738.85700000,2023-07-20 19:59:59.999,200322765.79533620,130282,3256.86339000,96835085.39679790,0
2023-07-20 20:00:00,29756.00000000,29888.00000000,29669.56000000,29800.00000000,3631.63131000,2023-07-20 23:59:59.999,108190842.69631870,72984,1814.59943000,54062024.00152820,0
2023-07-21 00:00:00,29800.00000000,29953.01000000,29726.34000000,29897.62000000,4221.94752000,2023-07-21 03:59:59.999,126022968.42517180,81706,2124.42148000,63413602.82843390,0
2023-07-21 04:00:00,29897.62000000,29904.00000000,29751.90000000,29766.81000000,3343.90966000,2023-07-21 07:59:59.999,99745855.95739240,72013,1418.02869000,42283906.74330810,0
2023-07-21 08:00:00,29766.81000000,29851.37000000,29729.76000000,29778.51000000,3237.11897000,2023-07-21 11:59:59.999,96429566.00572750,88562,1410.33865000,42012885.14424280,0
2023-07-21 12:00:00,29778.51000000,29913.94000000,29778.50000000,29866.00000000,4668.94740000,2023-07-21 15:59:59.999,139381531.70252830,117292,2452.53741000,73219230.90885600,0
2023-07-21 16:00:00,29866.00000000,30061.70000000,29770.00000000,29875.99000000,5597.68776000,2023-07-21 19:59:59.999,167458653.34068010,127817,2830.12648000,84674647.97843980,0
2023-07-21 20:00:00,29875.99000000,29955.00000000,29833.93000000,29901.72000000,2811.79734000,2023-07-21 23:59:59.999,84084842.32971380,68221,1330.93569000,39799819.04262770,0
2023-07-22 00:00:00,29901.72000000,29999.00000000,29896.00000000,29903.41000000,2730.91284000,2023-07-22 03:59:59.999,81736540.86532380,68051,1349.25963000,40381950.71201860,0
2023-07-22 04:00:00,29903.40000000,29990.00000000,29848.00000000,29944.77000000,2257.82522000,2023-07-22 07:59:59.999,67512236.53304500,64524,992.62366000,29682251.09731240,0
2023-07-22 08:00:00,29944.78000000,29979.92000000,29864.48000000,29886.94000000,2527.32910000,2023-07-22 11:59:59.999,75624339.25388390,70365,1161.22024000,34746847.89382950,0
2023-07-22 12:00:00,29886.93000000,29907.35000000,29828.77000000,29900.24000000,1964.17495000,2023-07-22 15:59:59.999,58662748.17354110,65978,924.19118000,27603515.32279180,0
2023-07-22 16:00:00,29900.23000000,29908.71000000,29801.66000000,29836.00000000,1801.40881000,2023-07-22 19:59:59.999,53771869.95303050,61979,819.18993000,24453357.53821020,0
2023-07-22 20:00:00,29836.00000000,29839.75000000,29625.10000000,29794.00000000,3378.75375000,2023-07-22 23:59:59.999,100477965.56078590,93091,1479.02061000,43980452.88440700,0
2023-07-23 00:00:00,29793.99000000,29893.77000000,29730.00000000,29845.72000000,2210.12963000,2023-07-23 03:59:59.999,65914778.33253790,72598,1039.80711000,31007156.05990750,0
2023-07-23 04:00:00,29845.71000000,29980.88000000,29845.71000000,29916.00000000,2924.91327000,2023-07-23 07:59:59.999,87501922.96419940,78308,1493.53207000,44681419.83669450,0
2023-07-23 08:00:00,29916.00000000,29959.00000000,29884.00000000,29888.58000000,2006.54126000,2023-07-23 11:59:59.999,60023847.06286370,56486,911.41114000,27265158.41516430,0
2023-07-23 12:00:00,29888.59000000,29931.51000000,29852.29000000,29897.64000000,1417.20165000,2023-07-23 15:59:59.999,42369947.48537740,60339,671.40719000,20072170.95796280,0
2023-07-23 16:00:00,29897.64000000,30350.00000000,29897.63000000,30093.12000000,6979.01521000,2023-07-23 19:59:59.999,210342972.35172010,167689,3531.87572000,106438477.32801090,0
2023-07-23 20:00:00,30093.12000000,30143.50000000,29920.37000000,30083.75000000,2754.98535000,2023-07-23 23:59:59.999,82786852.89488810,84014,1241.32372000,37296760.81395810,0
2023-07-24 00:00:00,30083.75000000,30099.58000000,29669.83000000,29716.01000000,4955.72652000,2023-07-24 03:59:59.999,147923062.34221210,119470,2182.12128000,65133580.61507190,0
2023-07-24 04:00:00,29716.00000000,29870.00000000,29660.00000000,29828.00000000,3839.73703000,2023-07-24 07:59:59.999,114347039.12119980,87612,1846.45152000,54991370.76825440,0
2023-07-24 08:00:00,29828.00000000,29832.54000000,29000.00000000,29269.99000000,12633.36871000,2023-07-24 11:59:59.999,370572598.90252930,251929,5562.93916000,163110683.85026630,0
2023-07-24 12:00:00,29269.99000000,29270.00000000,28861.90000000,29093.78000000,11841.66927000,2023-07-24 15:59:59.999,344605963.86609550,228742,5276.98778000,153599267.94559940,0
2023-07-24 16:00:00,29093.78000000,29157.15000000,29000.00000000,29117.99000000,4363.62637000,2023-07-24 19:59:59.999,126949732.29336200,114513,2269.76787000,66037510.95071470,0
2023-07-24 20:00:00,29117.99000000,29210.00000000,29090.36000000,29176.50000000,1994.86901000,2023-07-24 23:59:59.999,58164017.29361670,66841,909.40025000,26516343.36167470,0
2023-07-25 00:00:00,29176.50000000,29183.34000000,29047.65000000,29111.00000000,3185.67346000,2023-07-25 03:59:59.999,92747105.91396930,76657,1415.77194000,41217562.78683920,0
2023-07-25 04:00:00,29111.00000000,29165.30000000,29074.55000000,29142.46000000,2754.17235000,2023-07-25 07:59:59.999,80217578.31693640,65058,1190.79812000,34681243.23110830,0
2023-07-25 08:00:00,29142.46000000,29282.00000000,29120.00000000,29128.29000000,3420.58834000,2023-07-25 11:59:59.999,99802718.93891730,86786,1572.77875000,45891214.13850200,0
2023-07-25 12:00:00,29128.29000000,29340.57000000,29082.84000000,29181.51000000,6818.58052000,2023-07-25 15:59:59.999,199230931.92844580,144022,3448.64738000,100780231.64555350,0
2023-07-25 16:00:00,29181.50000000,29376.00000000,29181.50000000,29198.83000000,3475.16328000,2023-07-25 19:59:59.999,101670969.47916990,97680,1761.41977000,51535172.34386680,0
2023-07-25 20:00:00,29198.82000000,29255.99000000,29183.93000000,29228.91000000,1911.56985000,2023-07-25 23:59:59.999,55862046.53712770,63594,867.87859000,25361298.05173870,0
2023-07-26 00:00:00,29228.91000000,29412.88000000,29096.94000000,29242.81000000,4301.44969000,2023-07-26 03:59:59.999,125725555.31487380,104516,1951.51950000,57046719.07015860,0
2023-07-26 04:00:00,29242.80000000,29320.84000000,29180.00000000,29216.61000000,3303.70822000,2023-07-26 07:59:59.999,96587519.05319270,79438,1403.51205000,41030159.41895710,0
2023-07-26 08:00:00,29216.61000000,29240.54000000,29160.33000000,29175.39000000,2818.48677000,2023-07-26 11:59:59.999,82305151.41740320,76328,1124.36368000,32833689.91811000,0
2023-07-26 12:00:00,29175.39000000,29354.00000000,29166.36000000,29324.00000000,5180.25464000,2023-07-26 15:59:59.999,151650532.93688660,117803,2499.90646000,73183575.35450230,0
2023-07-26 16:00:00,29324.01000000,29499.00000000,29195.00000000,29401.93000000,9364.62077000,2023-07-26 19:59:59.999,274706885.20596260,198258,4597.56322000,134871383.23269100,0
2023-07-26 20:00:00,29401.93000000,29690.00000000,29280.01000000,29351.96000000,8963.11357000,2023-07-26 23:59:59.999,264593528.21136470,174058,4411.07775000,130190416.83974100,0
2023-07-27 00:00:00,29351.95000000,29450.44000000,29302.01000000,29405.78000000,2433.06591000,2023-07-27 03:59:59.999,71482249.39913250,73763,1195.20287000,35113169.34133700,0
2023-07-27 04:00:00,29405.78000000,29499.41000000,29378.60000000,29412.17000000,3487.82360000,2023-07-27 07:59:59.999,102699135.51240600,81500,1427.84733000,42041687.72339340,0
2023-07-27 08:00:00,29412.18000000,29567.49000000,29396.00000000,29507.03000000,3279.97998000,2023-07-27 11:59:59.999,96734485.64717480,95699,1498.03630000,44178480.60861790,0
2023-07-27 12:00:00,29507.02000000,29507.03000000,29236.78000000,29292.01000000,5407.73510000,2023-07-27 15:59:59.999,158929026.25053290,129520,2583.30071000,75924843.86927710,0
2023-07-27 16:00:00,29292.00000000,29333.22000000,29083.85000000,29163.83000000,5538.09551000,2023-07-27 19:59:59.999,161746720.91064120,134260,2572.68761000,75132413.74440540,0
2023-07-27 20:00:00,29163.83000000,29238.00000000,29133.50000000,29222.78000000,2329.77616000,2023-07-27 23:59:59.999,68002539.62447020,68303,1107.88267000,32338280.44420540,0
2023-07-28 00:00:00,29222.78000000,29305.30000000,29188.15000000,29253.85000000,3009.31278000,2023-07-28 03:59:59.999,88010242.20887760,68528,1428.83878000,41790136.05675560,0
2023-07-28 04:00:00,29253.84000000,29266.00000000,29135.15000000,29140.80000000,3783.45723000,2023-07-28 07:59:59.999,110471935.31124790,76263,1651.88632000,48231859.53048620,0
2023-07-28 08:00:00,29140.79000000,29246.08000000,29123.12000000,29206.59000000,3823.62755000,2023-07-28 11:59:59.999,111573428.12602520,84509,1766.90089000,51553659.60402420,0
2023-07-28 12:00:00,29206.58000000,29542.22000000,29206.58000000,29387.99000000,7235.33030000,2023-07-28 15:59:59.999,212677227.01446450,159441,3935.84505000,115689235.44465740,0
2023-07-28 16:00:00,29387.99000000,29399.98000000,29194.05000000,29316.00000000,4641.51658000,2023-07-28 19:59:59.999,135992505.90204260,99595,2054.58833000,60195600.04633070,0
2023-07-28 20:00:00,29316.00000000,29364.46000000,29284.68000000,29314.14000000,1500.37183000,2023-07-28 23:59:59.999,43979738.27520820,54841,584.30204000,17128426.40607500,0
2023-07-29 00:00:00,29314.14000000,29396.15000000,29296.00000000,29371.89000000,2528.35734000,2023-07-29 03:59:59.999,74244617.97620740,58003,1508.26422000,44291539.15662010,0
2023-07-29 04:00:00,29371.90000000,29406.92000000,29295.00000000,29295.01000000,2178.51640000,2023-07-29 07:59:59.999,63944305.40012920,54604,956.76971000,28086828.71130870,0
2023-07-29 08:00:00,29295.00000000,29330.55000000,29256.18000000,29267.16000000,1989.92338000,2023-07-29 11:59:59.999,58280291.84594590,58188,980.28839000,28710385.76542620,0
2023-07-29 12:00:00,29267.16000000,29335.25000000,29261.87000000,29292.34000000,1933.64564000,2023-07-29 15:59:59.999,56656208.18406890,67818,983.12508000,28805847.91354920,0
2023-07-29 16:00:00,29292.34000000,29349.62000000,29290.60000000,29338.02000000,1140.45592000,2023-07-29 19:59:59.999,33430683.54294640,54017,523.36611000,15341718.86234710,0
2023-07-29 20:00:00,29338.03000000,29380.92000000,29338.02000000,29352.90000000,1080.46976000,2023-07-29 23:59:59.999,31720626.92734530,47120,491.27871000,14422767.75542510,0
2023-07-30 00:00:00,29352.90000000,29352.92000000,29306.03000000,29314.92000000,971.65780000,2023-07-30 03:59:59.999,28494580.39896900,43295,403.22433000,11824343.20770450,0
2023-07-30 04:00:00,29314.93000000,29331.98000000,29268.65000000,29294.31000000,1373.60195000,2023-07-30 07:59:59.999,40247132.92008380,51077,648.79750000,19008937.87026160,0
2023-07-30 08:00:00,29294.30000000,29326.47000000,29232.22000000,29314.00000000,2125.52520000,2023-07-30 11:59:59.999,62254148.88111950,62661,1078.67970000,31594348.07535640,0
2023-07-30 12:00:00,29314.00000000,29449.00000000,29278.38000000,29349.37000000,3896.85270000,2023-07-30 15:59:59.999,114397428.83318290,95917,2082.81579000,61138355.11411830,0
2023-07-30 16:00:00,29349.36000000,29405.66000000,29113.51000000,29202.28000000,3341.76402000,2023-07-30 19:59:59.999,97818097.99405740,89802,1464.57972000,42864520.10859280,0
2023-07-30 20:00:00,29202.28000000,29284.00000000,29033.24000000,29281.09000000,3997.57274000,2023-07-30 23:59:59.999,116618990.62356980,112094,2042.31950000,59582216.99450150,0
2023-07-31 00:00:00,29281.09000000,29530.00000000,29264.00000000,29421.99000000,4109.65797000,2023-07-31 03:59:59.999,120973113.34494830,100544,2182.85195000,64252336.05822840,0
2023-07-31 04:00:00,29422.00000000,29443.68000000,29360.66000000,29373.61000000,2975.90381000,2023-07-31 07:59:59.999,87491356.75009880,66692,1290.04245000,37925673.16137850,0
2023-07-31 08:00:00,29373.62000000,29420.06000000,29332.32000000,29405.99000000,3067.69901000,2023-07-31 11:59:59.999,90133193.76509480,70782,1526.47290000,44848405.30742550,0
2023-07-31 12:00:00,29405.99000000,29473.97000000,29225.97000000,29247.98000000,4845.77930000,2023-07-31 15:59:59.999,142263673.29865430,121861,2249.16903000,66033455.28127230,0
2023-07-31 16:00:00,29247.99000000,29274.99000000,29101.80000000,29157.48000000,4521.86978000,2023-07-31 19:59:59.999,132068516.62808490,112878,2168.32365000,63330604.89265420,0
2023-07-31 20:00:00,29157.49000000,29295.24000000,29115.64000000,29232.25000000,3084.57977000,2023-07-31 23:59:59.999,90095350.42035350,90358,1612.36582000,47091687.59112750,0
2023-08-01 00:00:00,29232.26000000,29347.16000000,28720.00000000,28835.00000000,8673.02328000,2023-08-01 03:59:59.999,251519496.97246510,170121,3748.38528000,108711258.76023030,0
2023-08-01 04:00:00,28835.01000000,28970.81000000,28803.50000000,28937.30000000,4964.85360000,2023-08-01 07:59:59.999,143479371.67313950,101954,2448.56002000,70761341.17390280,0
2023-08-01 08:00:00,28937.31000000,28995.59000000,28862.18000000,28862.19000000,3644.73244000,2023-08-01 11:59:59.999,105429267.92720750,81986,1481.97600000,42872439.08778470,0
2023-08-01 12:00:00,28862.19000000,28980.00000000,28585.70000000,28954.00000000,9581.32861000,2023-08-01 15:59:59.999,276282327.54465310,197831,4588.33444000,132324491.92191380,0
2023-08-01 16:00:00,28953.99000000,29335.00000000,28864.01000000,29274.41000000,8846.63298000,2023-08-01 19:59:59.999,257474749.72295170,182656,4586.30216000,133493154.06515080,0
2023-08-01 20:00:00,29274.42000000,29739.25000000,29180.00000000,29705.99000000,9009.08071000,2023-08-01 23:59:59.999,264975001.23750720,165593,4978.19266000,146432963.93454850,0
2023-08-02 00:00:00,29705.99000000,30047.50000000,29622.50000000,29632.96000000,12892.26158000,2023-08-02 03:59:59.999,384373830.01150680,229621,6045.02141000,180252037.95634710,0
2023-08-02 04:00:00,29632.96000000,29719.77000000,29564.00000000,29577.26000000,5196.11558000,2023-08-02 07:59:59.999,153965133.22004900,98554,2343.24807000,69433952.40002710,0
2023-08-02 08:00:00,29577.25000000,29577.26000000,29378.62000000,29562.49000000,6827.56627000,2023-08-02 11:59:59.999,201283014.82999710,137852,3146.74890000,92764528.77952350,0
2023-08-02 12:00:00,29562.49000000,29603.80000000,29169.04000000,29321.40000000,9531.26540000,2023-08-02 15:59:59.999,279916587.78946100,196220,4658.81161000,136831268.79159840,0
2023-08-02 16:00:00,29321.39000000,29364.00000000,28927.50000000,29151.56000000,11051.05572000,2023-08-02 19:59:59.999,321938749.35723590,213718,5418.42563000,157854953.55379340,0
2023-08-02 20:00:00,29151.57000000,29233.06000000,29066.35000000,29186.01000000,2683.38686000,2023-08-02 23:59:59.999,78252429.44150210,69193,1341.55878000,39120098.79376980,0
2023-08-03 00:00:00,29186.00000000,29275.80000000,29126.34000000,29182.14000000,3369.62096000,2023-08-03 03:59:59.999,98369911.99041240,75913,1509.07298000,44053958.01959450,0
2023-08-03 04:00:00,29182.13000000,29192.00000000,29013.04000000,29044.17000000,3838.38639000,2023-08-03 07:59:59.999,111704015.16851940,90644,1704.22558000,49594726.44042160,0
2023-08-03 08:00:00,29044.16000000,29197.78000000,28968.00000000,29146.01000000,3557.08908000,2023-08-03 11:59:59.999,103539448.14142440,106604,1734.91958000,50506152.52348000,0
2023-08-03 12:00:00,29146.01000000,29433.33000000,29078.43000000,29259.07000000,7234.91983000,2023-08-03 15:59:59.999,211616435.36560280,176685,3894.72727000,113935526.12657780,0
2023-08-03 16:00:00,29259.07000000,29368.86000000,29137.55000000,29281.32000000,5040.57791000,2023-08-03 19:59:59.999,147507531.98453820,113698,2422.91041000,70905193.83791340,0
2023-08-03 20:00:00,29281.32000000,29361.14000000,29165.46000000,29193.64000000,3436.32577000,2023-08-03 23:59:59.999,100565362.84426570,88426,1635.23646000,47861183.54040640,0
2023-08-04 00:00:00,29193.65000000,29251.68000000,29100.00000000,29161.29000000,2758.43275000,2023-08-04 03:59:59.999,80496392.60742740,66156,1136.26195000,33158699.54714030,0
2023-08-04 04:00:00,29161.28000000,29253.02000000,29134.70000000,29212.92000000,2786.72183000,2023-08-04 07:59:59.999,81375644.43930540,61483,1236.46545000,36104570.87057550,0
2023-08-04 08:00:00,29212.91000000,29263.52000000,29137.00000000,29167.51000000,3233.96545000,2023-08-04 11:59:59.999,94420003.88528040,65601,1352.36805000,39486736.32314360,0
2023-08-04 12:00:00,29167.51000000,29333.08000000,29130.00000000,29274.28000000,5261.81968000,2023-08-04 15:59:59.999,153818325.99450520,123393,2643.63871000,77286266.14366060,0
2023-08-04 16:00:00,29274.28000000,29286.70000000,28950.00000000,29032.06000000,5475.27303000,2023-08-04 19:59:59.999,159456512.08602930,125532,2268.15588000,66044633.81442390,0
2023-08-04 20:00:00,29032.05000000,29130.35000000,28807.54000000,29113.99000000,4035.73943000,2023-08-04 23:59:59.999,117076574.38054270,102685,1902.73899000,55203752.62248410,0
2023-08-05 00:00:00,29114.00000000,29152.23000000,29065.11000000,29094.53000000,2238.91853000,2023-08-05 03:59:59.999,65149411.13971000,54042,1080.82024000,31452722.96261500,0
2023-08-05 04:00:00,29094.52000000,29097.72000000,29035.00000000,29052.81000000,2237.92793000,2023-08-05 07:59:59.999,65046935.80226290,49816,1053.27574000,30613533.92243600,0
2023-08-05 08:00:00,29052.81000000,29090.39000000,29044.37000000,29048.00000000,2385.23650000,2023-08-05 11:59:59.999,69330116.10314070,52626,1059.68208000,30800165.24207910,0
2023-08-05 12:00:00,29048.01000000,29082.13000000,28978.64000000,29041.49000000,2527.96804000,2023-08-05 15:59:59.999,73399962.90549770,78366,1213.89044000,35245197.07796670,0
2023-08-05 16:00:00,29041.49000000,29099.00000000,29009.37000000,29067.35000000,1293.61863000,2023-08-05 19:59:59.999,37590070.81066290,53854,628.96353000,18276911.73265490,0
2023-08-05 20:00:00,29067.36000000,29092.38000000,29052.50000000,29072.13000000,961.85055000,2023-08-05 23:59:59.999,27962063.36055050,43220,454.86417000,13223094.22812610,0
2023-08-06 00:00:00,29072.13000000,29078.95000000,29036.00000000,29063.99000000,1730.38101000,2023-08-06 03:59:59.999,50283921.49433900,45656,845.73289000,24576443.66246420,0
2023-08-06 04:00:00,29064.00000000,29107.48000000,29045.96000000,29092.68000000,2554.57467000,2023-08-06 07:59:59.999,74279462.11422890,48528,1330.36591000,38682473.32975420,0
2023-08-06 08:00:00,29092.68000000,29142.00000000,29047.82000000,29078.01000000,2173.81719000,2023-08-06 11:59:59.999,63230097.50656830,53361,1014.04066000,29496247.59455540,0
2023-08-06 12:00:00,29078.01000000,29078.01000000,28991.88000000,29012.93000000,2574.91787000,2023-08-06 15:59:59.999,74759996.89043090,68580,1076.74140000,31259957.89590050,0
2023-08-06 16:00:00,29012.92000000,29102.91000000,29000.52000000,29088.00000000,1393.09127000,2023-08-06 19:59:59.999,40497578.92998770,51992,722.23701000,20994830.75505310,0
2023-08-06 20:00:00,29088.00000000,29205.09000000,29038.13000000,29088.42000000,2751.41519000,2023-08-06 23:59:59.999,80158441.94219570,70537,1482.12700000,43182990.45848960,0
2023-08-07 00:00:00,29088.43000000,29229.62000000,29018.25000000,29162.67000000,3469.11550000,2023-08-07 03:59:59.999,101094724.38826040,78820,1915.45191000,55812835.21132860,0
2023-08-07 04:00:00,29162.66000000,29197.82000000,29050.77000000,29094.09000000,3151.67245000,2023-08-07 07:59:59.999,91799906.35015880,67554,1543.14891000,44954944.03751070,0
2023-08-07 08:00:00,29094.09000000,29153.86000000,29045.14000000,29091.44000000,2870.95625000,2023-08-07 11:59:59.999,83516255.22045460,66898,1326.54697000,38587921.65184230,0
2023-08-07 12:00:00,29091.44000000,29150.00000000,28788.73000000,28858.44000000,8042.90902000,2023-08-07 15:59:59.999,233105379.78790010,182844,3601.67958000,104400691.52618000,0
2023-08-07 16:00:00,28858.45000000,29186.74000000,28701.03000000,29154.91000000,10217.00216000,2023-08-07 19:59:59.999,296130159.03555410,198151,5255.69805000,152365807.22226080,0
2023-08-07 20:00:00,29154.91000000,29276.78000000,29121.12000000,29211.06000000,3215.22208000,2023-08-07 23:59:59.999,93846170.89894370,77171,1732.96776000,50580409.91545280,0
2023-08-08 00:00:00,29211.06000000,29260.10000000,29146.45000000,29195.08000000,2613.81378000,2023-08-08 03:59:59.999,76311512.15672920,58583,1238.16001000,36145512.96926640,0
2023-08-08 04:00:00,29195.09000000,29331.24000000,29181.81000000,29187.62000000,3984.65386000,2023-08-08 07:59:59.999,116520479.38422890,77338,2119.82078000,61992588.37713950,0
2023-08-08 08:00:00,29187.62000000,29441.96000000,29171.47000000,29438.63000000,4673.91210000,2023-08-08 11:59:59.999,136919715.07395570,99319,2468.68594000,72317038.23978980,0
2023-08-08 12:00:00,29438.63000000,29674.70000000,29354.00000000,29535.39000000,12230.25712000,2023-08-08 15:59:59.999,360706774.83587610,225655,6647.53646000,196063911.35177750,0
2023-08-08 16:00:00,29535.38000000,29950.00000000,29535.38000000,29884.24000000,13510.46737000,2023-08-08 19:59:59.999,402449124.83202050,237011,7285.48625000,216989202.54292240,0
2023-08-08 20:00:00,29884.23000000,30244.00000000,29685.76000000,29770.42000000,8687.42969000,2023-08-08 23:59:59.999,260026925.38315690,179262,4429.93189000,132653248.09214080,0
2023-08-09 00:00:00,29770.41000000,29883.10000000,29613.00000000,29716.01000000,5699.99510000,2023-08-09 03:59:59.999,169669976.72557600,96417,2514.34169000,74845981.85300540,0
2023-08-09 04:00:00,29716.00000000,29821.29000000,29673.34000000,29818.00000000,4621.81004000,2023-08-09 07:59:59.999,137481088.17898810,79000,2328.93794000,69276953.94890270,0
2023-08-09 08:00:00,29818.01000000,29914.19000000,29740.01000000,29888.32000000,4765.65488000,2023-08-09 11:59:59.999,142089819.85843500,98533,2485.08492000,74094655.47788540,0
2023-08-09 12:00:00,29888.32000000,30160.00000000,29676.86000000,29761.70000000,11490.49149000,2023-08-09 15:59:59.999,343629828.03207060,228912,6165.32618000,184435865.99392910,0
2023-08-09 16:00:00,29761.70000000,29774.00000000,29396.95000000,29416.22000000,8420.25502000,2023-08-09 19:59:59.999,248822962.98393390,168061,3664.16239000,108262789.80858460,0
2023-08-09 20:00:00,29416.21000000,29626.00000000,29376.67000000,29581.99000000,3005.68072000,2023-08-09 23:59:59.999,88703174.31840790,79329,1543.00466000,45530129.16947780,0
2023-08-10 00:00:00,29581.99000000,29660.06000000,29566.66000000,29582.63000000,3086.43915000,2023-08-10 03:59:59.999,91372258.58368160,62935,1537.00543000,45500515.80132960,0
2023-08-10 04:00:00,29582.63000000,29616.98000000,29491.11000000,29512.00000000,3524.95587000,2023-08-10 07:59:59.999,104145119.00944700,63185,1818.88512000,53738097.23272720,0
2023-08-10 08:00:00,29511.99000000,29559.98000000,29476.00000000,29504.01000000,3463.97279000,2023-08-10 11:59:59.999,102256895.37991950,67860,1634.17024000,48240098.08424370,0
2023-08-10 12:00:00,29504.01000000,29738.00000000,29400.00000000,29466.00000000,8102.29021000,2023-08-10 15:59:59.999,239499969.44353920,176700,3815.06979000,112792694.06677350,0
2023-08-10 16:00:00,29465.99000000,29478.07000000,29320.20000000,29444.52000000,3677.42824000,2023-08-10 19:59:59.999,108205324.34073870,95007,1665.41604000,49005204.22561310,0
2023-08-10 20:00:00,29444.52000000,29488.29000000,29422.71000000,29455.75000000,1608.36747000,2023-08-10 23:59:59.999,47383905.33039890,48004,733.51891000,21610040.78969470,0
2023-08-11 00:00:00,29455.76000000,29498.17000000,29352.47000000,29412.00000000,2899.21477000,2023-08-11 03:59:59.999,85317193.45373750,56011,1250.92836000,36807072.90116720,0
2023-08-11 04:00:00,29412.00000000,29490.00000000,29380.04000000,29417.28000000,3351.66422000,2023-08-11 07:59:59.999,98659028.43107820,56234,1669.70643000,49149172.63913760,0
2023-08-11 08:00:00,29417.28000000,29452.33000000,29350.00000000,29445.96000000,3809.67776000,2023-08-11 11:59:59.999,112046641.12722550,66277,1703.18461000,50093646.46818160,0
2023-08-11 12:00:00,29445.96000000,29564.52000000,29354.00000000,29395.89000000,5863.24280000,2023-08-11 15:59:59.999,172719607.11863230,125288,2908.91338000,85694536.51511650,0
2023-08-11 16:00:00,29395.90000000,29431.03000000,29252.45000000,29396.76000000,3515.35274000,2023-08-11 19:59:59.999,103192147.40662450,88897,1704.45152000,50033676.91247260,0
2023-08-11 20:00:00,29396.76000000,29444.73000000,29396.76000000,29426.03000000,1197.89201000,2023-08-11 23:59:59.999,35241433.76423870,45121,566.75574000,16673606.66413300,0
2023-08-12 00:00:00,29426.02000000,29460.73000000,29381.56000000,29402.07000000,1581.29420000,2023-08-12 03:59:59.999,46510005.16243530,47900,679.26230000,19979040.52131170,0
2023-08-12 04:00:00,29402.06000000,29426.68000000,29384.82000000,29421.49000000,1711.51601000,2023-08-12 07:59:59.999,50333562.00663990,47173,794.31352000,23360345.70561040,0
2023-08-12 08:00:00,29421.48000000,29434.35000000,29390.57000000,29429.85000000,2189.80574000,2023-08-12 11:59:59.999,64416267.38612770,65045,1111.34645000,32692272.55836880,0
2023-08-12 12:00:00,29429.85000000,29458.10000000,29408.28000000,29438.81000000,1390.34294000,2023-08-12 15:59:59.999,40919589.63962870,55882,647.39234000,19053719.84904830,0
2023-08-12 16:00:00,29438.81000000,29481.35000000,29411.58000000,29416.16000000,1263.44937000,2023-08-12 19:59:59.999,37200210.84435980,53400,584.13047000,17198802.43653820,0
2023-08-12 20:00:00,29416.17000000,29433.16000000,29400.00000000,29430.17000000,835.07242000,2023-08-12 23:59:59.999,24569770.50421150,41452,365.54619000,10755001.08791250,0
2023-08-13 00:00:00,29430.18000000,29455.21000000,29400.00000000,29418.56000000,1168.69051000,2023-08-13 03:59:59.999,34398391.30520070,40087,535.78805000,15769110.05331030,0
2023-08-13 04:00:00,29418.56000000,29418.57000000,29363.00000000,29396.36000000,1836.11114000,2023-08-13 07:59:59.999,53971102.66640910,49322,836.51367000,24588453.10172930,0
2023-08-13 08:00:00,29396.37000000,29416.53000000,29375.49000000,29383.38000000,1855.11829000,2023-08-13 11:59:59.999,54548998.42405170,51700,962.42830000,28299743.90836360,0
2023-08-13 12:00:00,29383.39000000,29393.76000000,29362.00000000,29374.20000000,1507.97478000,2023-08-13 15:59:59.999,44302679.04232320,59647,672.80896000,19766390.81935560,0
2023-08-13 16:00:00,29374.19000000,29474.65000000,29328.21000000,29442.91000000,2401.64590000,2023-08-13 19:59:59.999,70595529.01841460,69122,1299.36693000,38196288.08623770,0
2023-08-13 20:00:00,29442.91000000,29446.00000000,29272.32000000,29303.84000000,2332.16885000,2023-08-13 23:59:59.999,68447924.77328310,71848,950.16417000,27881743.27835260,0
2023-08-14 00:00:00,29303.85000000,29429.95000000,29102.45000000,29399.91000000,9359.80818000,2023-08-14 03:59:59.999,273941694.36482440,152585,4199.45462000,122924389.99464560,0
2023-08-14 04:00:00,29399.91000000,29469.63000000,29392.60000000,29422.01000000,2986.60563000,2023-08-14 07:59:59.999,87883582.22408100,75256,1461.02835000,42991878.01349060,0
2023-08-14 08:00:00,29422.01000000,29495.76000000,29383.63000000,29409.99000000,3167.54657000,2023-08-14 11:59:59.999,93211177.05104500,84275,1697.37128000,49948163.07320600,0
2023-08-14 12:00:00,29410.00000000,29672.00000000,29332.61000000,29599.99000000,7136.81271000,2023-08-14 15:59:59.999,210585646.31500540,156142,3762.89079000,111030618.19385820,0
2023-08-14 16:00:00,29600.00000000,29695.32000000,29257.00000000,29360.54000000,6860.28114000,2023-08-14 19:59:59.999,202168769.90506660,144457,3095.63923000,91244224.18040340,0
2023-08-14 20:00:00,29360.54000000,29471.31000000,29338.12000000,29430.93000000,1932.06109000,2023-08-14 23:59:59.999,56822606.82177660,58877,819.72621000,24108232.71178060,0
2023-08-15 00:00:00,29430.92000000,29454.23000000,29371.99000000,29402.01000000,2988.63804000,2023-08-15 03:59:59.999,87878320.66474110,60362,1502.07743000,44166551.62354740,0
2023-08-15 04:00:00,29402.00000000,29435.02000000,29351.33000000,29408.84000000,3759.31138000,2023-08-15 07:59:59.999,110460453.23868650,71983,1878.17499000,55188521.55966820,0
2023-08-15 08:00:00,29408.83000000,29457.44000000,29358.00000000,29366.00000000,4590.74949000,2023-08-15 11:59:59.999,135027189.09067360,83153,2141.12936000,62976399.36391050,0
2023-08-15 12:00:00,29365.99000000,29499.26000000,29315.00000000,29332.66000000,5517.77561000,2023-08-15 15:59:59.999,162175058.33788100,121259,2523.55998000,74179391.18774780,0
2023-08-15 16:00:00,29332.67000000,29369.23000000,29059.60000000,29181.73000000,7775.93801000,2023-08-15 19:59:59.999,227279189.96029840,169052,3354.15829000,98035262.39927330,0
2023-08-15 20:00:00,29181.73000000,29243.08000000,29135.81000000,29200.00000000,2871.46438000,2023-08-15 23:59:59.999,83863746.01773500,85353,1352.53946000,39500079.12490640,0
2023-08-16 00:00:00,29200.01000000,29259.85000000,29184.96000000,29228.51000000,3589.09589000,2023-08-16 03:59:59.999,104912654.08283240,76240,1712.29459000,50052256.09925570,0
2023-08-16 04:00:00,29228.51000000,29235.54000000,29111.00000000,29197.67000000,4292.06725000,2023-08-16 07:59:59.999,125280706.22582280,85235,1994.64799000,58220699.80463820,0
2023-08-16 08:00:00,29197.67000000,29216.46000000,29100.00000000,29164.67000000,4256.97828000,2023-08-16 11:59:59.999,124181107.90019670,90224,1772.20109000,51699342.54616630,0
2023-08-16 12:00:00,29164.67000000,29211.34000000,29047.09000000,29106.55000000,5632.45835000,2023-08-16 15:59:59.999,164084962.47809790,151644,2620.57827000,76341630.84413760,0
2023-08-16 16:00:00,29106.55000000,29235.00000000,28956.00000000,29111.70000000,6779.88052000,2023-08-16 19:59:59.999,197189705.69332910,161991,3133.57917000,91163355.98112640,0
2023-08-16 20:00:00,29111.69000000,29139.99000000,28723.08000000,28730.51000000,8446.21825000,2023-08-16 23:59:59.999,244221610.62603530,202694,3528.55942000,102033111.15449950,0
2023-08-17 00:00:00,28730.51000000,28783.48000000,28342.00000000,28657.31000000,10139.13995000,2023-08-17 03:59:59.999,289770909.27653730,212234,4599.43531000,131480105.00529030,0
2023-08-17 04:00:00,28657.30000000,28706.31000000,28601.87000000,28621.99000000,3829.77192000,2023-08-17 07:59:59.999,109721061.08601100,93529,1747.80885000,50077775.64190220,0
2023-08-17 08:00:00,28622.00000000,28635.30000000,28483.89000000,28545.11000000,5762.14855000,2023-08-17 11:59:59.999,164591576.82251710,125556,2448.49626000,69943208.83731000,0
2023-08-17 12:00:00,28545.10000000,28573.55000000,27888.00000000,27934.02000000,19119.98745000,2023-08-17 15:59:59.999,540583025.94143650,358457,8563.77878000,242155490.65890840,0
2023-08-17 16:00:00,27934.02000000,28089.78000000,27700.00000000,27894.01000000,14489.29500000,2023-08-17 19:59:59.999,404372083.73756490,255876,6708.14807000,187216785.85393490,0
2023-08-17 20:00:00,27894.00000000,27920.23000000,25166.00000000,26623.41000000,46931.19746000,2023-08-17 23:59:59.999,1246782617.47653810,930925,23428.32744000,621680597.31327700,0
2023-08-18 00:00:00,26623.41000000,26832.60000000,26321.18000000,26398.00000000,11747.28054000,2023-08-18 03:59:59.999,312556210.74053680,247444,6012.56499000,159999500.55615630,0
2023-08-18 04:00:00,26397.99000000,26610.00000000,26157.71000000,26429.99000000,13379.28911000,2023-08-18 07:59:59.999,353339712.39381760,265276,6714.75272000,177317387.62866230,0
2023-08-18 08:00:00,26430.00000000,26609.65000000,26381.60000000,26494.00000000,8403.77999000,2023-08-18 11:59:59.999,222588626.70937020,177118,3688.08805000,97677700.77554140,0
2023-08-18 12:00:00,26494.00000000,26500.00000000,25931.95000000,26002.00000000,14426.63632000,2023-08-18 15:59:59.999,377955308.51669010,232941,6611.72753000,173199608.39438840,0
2023-08-18 16:00:00,26001.99000000,26313.33000000,25619.00000000,26065.01000000,16489.27194000,2023-08-18 19:59:59.999,428253410.67626070,254739,8025.85710000,208433424.12464580,0
2023-08-18 20:00:00,26065.01000000,26243.80000000,26006.01000000,26054.00000000,5344.39921000,2023-08-18 23:59:59.999,139526254.66272860,115604,2469.25534000,64468234.71500930,0
2023-08-19 00:00:00,26054.00000000,26154.57000000,25924.00000000,25967.51000000,3998.46404000,2023-08-19 03:59:59.999,104092746.85241180,100063,1790.47656000,46610998.88558000,0
2023-08-19 04:00:00,25967.51000000,26009.18000000,25801.09000000,25917.99000000,4454.75935000,2023-08-19 07:59:59.999,115373228.10015580,109165,2069.78946000,53601766.10273770,0
2023-08-19 08:00:00,25918.00000000,25999.01000000,25884.00000000,25900.08000000,4023.95610000,2023-08-19 11:59:59.999,104342587.36230430,100431,1947.92641000,50515699.43530970,0
2023-08-19 12:00:00,25900.07000000,26226.04000000,25872.06000000,26216.01000000,6106.37301000,2023-08-19 15:59:59.999,158884102.96318170,121988,3384.01120000,88054588.47986960,0
2023-08-19 16:00:00,26216.01000000,26281.00000000,26026.96000000,26125.62000000,5104.24597000,2023-08-19 19:59:59.999,133419785.26377240,113960,2602.47327000,68030108.38025080,0
2023-08-19 20:00:00,26125.61000000,26156.00000000,26033.16000000,26100.01000000,2472.95496000,2023-08-19 23:59:59.999,64511430.28292940,70157,1157.61908000,30196998.52777040,0
2023-08-20 00:00:00,26100.01000000,26207.88000000,26046.40000000,26105.24000000,2661.66837000,2023-08-20 03:59:59.999,69487428.72277960,71082,1452.00948000,37909861.11833890,0
2023-08-20 04:00:00,26105.23000000,26160.16000000,26047.41000000,26088.44000000,2915.30720000,2023-08-20 07:59:59.999,76091628.41022950,62699,1682.82103000,43924698.88465120,0
2023-08-20 08:00:00,26088.44000000,26198.72000000,26058.98000000,26176.70000000,3036.61074000,2023-08-20 11:59:59.999,79348676.02445750,77527,1567.11006000,40948837.38863400,0
2023-08-20 12:00:00,26176.69000000,26217.52000000,25971.05000000,26106.83000000,4427.24407000,2023-08-20 15:59:59.999,115581449.10216880,96966,2069.75357000,54037522.65675950,0
2023-08-20 16:00:00,26106.83000000,26162.34000000,26002.51000000,26137.25000000,2456.00338000,2023-08-20 19:59:59.999,64105428.57572410,68973,1309.66243000,34185871.52065230,0
2023-08-20 20:00:00,26137.25000000,26299.00000000,26137.25000000,26189.99000000,3560.07833000,2023-08-20 23:59:59.999,93266141.39475630,74296,1827.77273000,47883237.51347040,0
2023-08-21 00:00:00,26190.00000000,26195.12000000,26070.00000000,26090.66000000,3015.05087000,2023-08-21 03:59:59.999,78754069.19830160,68234,1320.05791000,34480398.64708530,0
2023-08-21 04:00:00,26090.66000000,26189.04000000,26000.00000000,26023.34000000,4091.24604000,2023-08-21 07:59:59.999,106662504.13645680,81928,1806.92238000,47112060.53172720,0
2023-08-21 08:00:00,26023.33000000,26088.32000000,25880.20000000,26031.60000000,5803.82500000,2023-08-21 11:59:59.999,150844129.43586040,103262,2594.60353000,67435542.53778110,0
2023-08-21 12:00:00,26031.61000000,26198.89000000,25812.00000000,25939.59000000,9288.78777000,2023-08-21 15:59:59.999,241493524.31100480,149397,4537.57261000,117982229.98599000,0
2023-08-21 16:00:00,25939.59000000,26164.00000000,25937.60000000,26097.74000000,4995.45618000,2023-08-21 19:59:59.999,130097488.52598070,95286,2324.67305000,60536864.82617460,0
2023-08-21 20:00:00,26097.73000000,26258.42000000,26082.25000000,26126.92000000,3072.87647000,2023-08-21 23:59:59.999,80353440.71398810,67880,1468.24316000,38395010.81188640,0
2023-08-22 00:00:00,26126.92000000,26139.42000000,26025.54000000,26055.99000000,2759.82980000,2023-08-22 03:59:59.999,71950659.19825000,57479,1349.31961000,35175179.88559550,0
2023-08-22 04:00:00,26056.00000000,26117.28000000,26000.00000000,26106.69000000,2705.67740000,2023-08-22 07:59:59.999,70479380.12472820,61267,1199.53416000,31244584.96197080,0
2023-08-22 08:00:00,26106.69000000,26112.44000000,26027.22000000,26049.64000000,2844.91271000,2023-08-22 11:59:59.999,74146091.90682110,61702,1356.39886000,35353858.64814350,0
2023-08-22 12:00:00,26049.63000000,26100.23000000,25914.03000000,25936.61000000,5083.53852000,2023-08-22 15:59:59.999,132226073.37245700,97186,2420.81768000,62969230.68470350,0
2023-08-22 16:00:00,25936.62000000,26054.73000000,25726.29000000,25779.99000000,10251.20292000,2023-08-22 19:59:59.999,265341134.19277750,161361,4782.70584000,123805156.58771560,0
2023-08-22 20:00:00,25780.00000000,26070.04000000,25300.00000000,26056.00000000,10601.90553000,2023-08-22 23:59:59.999,272639005.36525910,164629,5328.15273000,137113897.84684490,0
2023-08-23 00:00:00,26055.99000000,26187.99000000,25990.15000000,26006.32000000,4736.45838000,2023-08-23 03:59:59.999,123499418.41351880,81021,2387.13950000,62248227.66950260,0
2023-08-23 04:00:00,26006.32000000,26183.91000000,25976.72000000,26057.13000000,5066.45045000,2023-08-23 07:59:59.999,132063384.71542250,80820,2522.12852000,65745911.66084520,0
2023-08-23 08:00:00,26057.12000000,26096.00000000,25902.62000000,25939.49000000,3695.73713000,2023-08-23 11:59:59.999,96071966.31076590,75654,1580.42867000,41083650.64263050,0
2023-08-23 12:00:00,25939.49000000,26185.00000000,25812.82000000,26144.00000000,8219.23356000,2023-08-23 15:59:59.999,213858004.16446350,128883,4312.11381000,112221847.14607610,0
2023-08-23 16:00:00,26143.99000000,26819.27000000,26127.24000000,26632.00000000,15370.84219000,2023-08-23 19:59:59.999,407097919.37709060,194780,7895.31669000,209093741.65878560,0
2023-08-23 20:00:00,26632.01000000,26723.99000000,26222.43000000,26432.72000000,6934.97807000,2023-08-23 23:59:59.999,183735558.94114970,112553,3258.53805000,86341059.51756010,0
2023-08-24 00:00:00,26432.71000000,26547.89000000,26345.76000000,26442.01000000,4085.62274000,2023-08-24 03:59:59.999,107982794.67683880,70491,1828.77915000,48343063.50723270,0
2023-08-24 04:00:00,26442.01000000,26516.00000000,26384.00000000,26477.38000000,3595.17305000,2023-08-24 07:59:59.999,95107757.97286850,66027,1624.06224000,42967011.40162280,0
2023-08-24 08:00:00,26477.39000000,26577.87000000,26409.40000000,26444.02000000,3940.98697000,2023-08-24 11:59:59.999,104375296.98942020,80232,1919.38059000,50833239.47338340,0
2023-08-24 12:00:00,26444.02000000,26444.02000000,25990.72000000,25996.34000000,8755.58585000,2023-08-24 15:59:59.999,229476181.83785320,154636,3907.23421000,102425132.87083140,0
2023-08-24 16:00:00,25996.35000000,26163.00000000,25864.00000000,26039.44000000,6438.38839000,2023-08-24 19:59:59.999,167639732.88835080,122875,3075.01256000,80067059.90946170,0
2023-08-24 20:00:00,26039.44000000,26207.15000000,25936.01000000,26180.05000000,3389.46416000,2023-08-24 23:59:59.999,88385201.53293430,81358,1633.46618000,42597868.25431140,0
2023-08-25 00:00:00,26180.05000000,26187.34000000,26011.41000000,26106.00000000,2777.07270000,2023-08-25 03:59:59.999,72536005.47772150,67817,1196.48377000,31249337.33660650,0
2023-08-25 04:00:00,26106.00000000,26111.11000000,25974.22000000,25980.50000000,3435.96694000,2023-08-25 07:59:59.999,89448354.45567780,75893,1565.22060000,40745398.82543220,0
2023-08-25 08:00:00,25980.50000000,26128.75000000,25980.49000000,26096.40000000,2924.78322000,2023-08-25 11:59:59.999,76303534.68815110,76166,1405.03711000,36650968.74704650,0
2023-08-25 12:00:00,26096.41000000,26314.05000000,25777.15000000,25932.01000000,11380.01633000,2023-08-25 15:59:59.999,296324096.41462220,200552,5412.96328000,140973826.93752730,0
2023-08-25 16:00:00,25932.01000000,26066.62000000,25832.25000000,25972.36000000,4923.47202000,2023-08-25 19:59:59.999,127787794.31198270,118937,2465.85171000,64002095.90160370,0
2023-08-25 20:00:00,25972.37000000,26085.20000000,25957.40000000,26060.01000000,2312.02651000,2023-08-25 23:59:59.999,60211293.84165210,72073,1213.10247000,31592599.17003780,0
2023-08-26 00:00:00,26060.00000000,26125.77000000,26027.20000000,26087.15000000,1584.31997000,2023-08-26 03:59:59.999,41305598.63273910,56567,814.70477000,21240895.01435260,0
2023-08-26 04:00:00,26087.16000000,26088.00000000,26048.00000000,26050.81000000,2188.92461000,2023-08-26 07:59:59.999,57055047.05247880,51573,1062.10171000,27683980.58148540,0
2023-08-26 08:00:00,26050.82000000,26060.00000000,26001.83000000,26045.87000000,1545.41373000,2023-08-26 11:59:59.999,40231665.76791310,55052,660.89865000,17205313.64481590,0
2023-08-26 12:00:00,26045.86000000,26078.00000000,25985.92000000,26054.00000000,1689.85745000,2023-08-26 15:59:59.999,44009025.10215380,60575,776.63952000,20228356.77056990,0
2023-08-26 16:00:00,26054.00000000,26060.00000000,26004.77000000,26034.21000000,1625.43664000,2023-08-26 19:59:59.999,42306169.43070010,56751,759.23763000,19761325.65710240,0
2023-08-26 20:00:00,26034.22000000,26047.62000000,25988.20000000,26017.37000000,1388.27082000,2023-08-26 23:59:59.999,36134024.48981890,48894,608.32400000,15832755.92934870,0
2023-08-27 00:00:00,26017.38000000,26030.55000000,25966.11000000,26021.96000000,1957.15103000,2023-08-27 03:59:59.999,50890464.71176240,46775,940.62444000,24458232.05990090,0
2023-08-27 04:00:00,26021.96000000,26055.54000000,26021.96000000,26043.61000000,1536.05749000,2023-08-27 07:59:59.999,39998187.35985420,46592,852.64383000,22202905.83390620,0
2023-08-27 08:00:00,26043.61000000,26095.60000000,26033.78000000,26060.44000000,2365.95212000,2023-08-27 11:59:59.999,61674436.39707480,63261,1277.17389000,33292184.58143070,0
2023-08-27 12:00:00,26060.44000000,26182.23000000,26052.80000000,26122.15000000,2577.47772000,2023-08-27 15:59:59.999,67337458.21795160,75351,1237.87772000,32339277.46295570,0
2023-08-27 16:00:00,26122.14000000,26179.00000000,26037.27000000,26125.49000000,2530.06704000,2023-08-27 19:59:59.999,66091282.93812380,70650,1318.72484000,34447978.04089180,0
2023-08-27 20:00:00,26125.48000000,26133.71000000,26040.17000000,26101.77000000,1132.93676000,2023-08-27 23:59:59.999,29556533.39461080,46461,543.44192000,14177622.41452440,0
2023-08-28 00:00:00,26101.78000000,26105.00000000,25986.41000000,26012.98000000,3309.22820000,2023-08-28 03:59:59.999,86156649.43058610,80753,1380.10888000,35931056.24281950,0
2023-08-28 04:00:00,26012.98000000,26038.83000000,25872.05000000,25934.12000000,3765.35956000,2023-08-28 07:59:59.999,97721076.23037970,81238,1701.92490000,44167553.68962570,0
2023-08-28 08:00:00,25934.13000000,26004.00000000,25864.50000000,26000.99000000,3075.66108000,2023-08-28 11:59:59.999,79789239.44608060,74358,1692.00953000,43900114.77886590,0
2023-08-28 12:00:00,26000.99000000,26253.99000000,25991.44000000,26104.17000000,6287.02969000,2023-08-28 15:59:59.999,164297339.66070910,125028,3273.51133000,85547259.61342110,0
2023-08-28 16:00:00,26104.16000000,26191.79000000,25918.00000000,25996.26000000,3676.97567000,2023-08-28 19:59:59.999,95890738.86042070,90901,1600.30196000,41734501.88578480,0
2023-08-28 20:00:00,25996.27000000,26178.83000000,25946.18000000,26120.00000000,2578.37235000,2023-08-28 23:59:59.999,67153895.54839380,70779,1264.54889000,32945687.58292250,0
2023-08-29 00:00:00,26120.00000000,26206.24000000,26066.36000000,26083.19000000,2640.28117000,2023-08-29 03:59:59.999,68968364.33893080,65864,1359.63875000,35521052.21890080,0
2023-08-29 04:00:00,26083.18000000,26095.08000000,25990.58000000,26004.20000000,4150.99280000,2023-08-29 07:59:59.999,108141015.56642200,69302,1992.02415000,51904192.38372600,0
2023-08-29 08:00:00,26004.20000000,26046.00000000,25922.00000000,25975.55000000,3858.26938000,2023-08-29 11:59:59.999,100243306.03046150,83089,1725.49947000,44828333.83774690,0
2023-08-29 12:00:00,25975.54000000,27692.00000000,25964.79000000,27423.44000000,33126.08640000,2023-08-29 15:59:59.999,898363670.59780510,463272,17350.76320000,470373439.61182770,0
2023-08-29 16:00:00,27423.44000000,28142.85000000,27350.01000000,27831.33000000,23108.38949000,2023-08-29 19:59:59.999,643636540.10332940,320441,11947.98251000,332785606.21606980,0
2023-08-29 20:00:00,27831.33000000,27883.61000000,27532.79000000,27716.34000000,7367.97564000,2023-08-29 23:59:59.999,203973154.12153030,135115,3569.64263000,98831408.11319510,0
2023-08-30 00:00:00,27716.34000000,27768.57000000,27280.99000000,27391.13000000,7647.48850000,2023-08-30 03:59:59.999,210366673.59441550,122930,3398.42087000,93469058.61028390,0
2023-08-30 04:00:00,27391.14000000,27476.03000000,27371.94000000,27436.25000000,3198.93935000,2023-08-30 07:59:59.999,87759287.03737430,68927,1603.80549000,43997724.93268720,0
2023-08-30 08:00:00,27436.25000000,27499.00000000,27310.05000000,27338.51000000,4292.32340000,2023-08-30 11:59:59.999,117650962.60124570,93503,2124.94949000,58242381.66376590,0
2023-08-30 12:00:00,27338.52000000,27464.45000000,27017.24000000,27201.63000000,12439.12326000,2023-08-30 15:59:59.999,339113432.96937350,214922,6089.79670000,166010537.27908400,0
2023-08-30 16:00:00,27201.63000000,27286.88000000,27067.90000000,27178.28000000,5043.37898000,2023-08-30 19:59:59.999,137100635.31754160,117099,2231.17793000,60643014.81260580,0
2023-08-30 20:00:00,27178.27000000,27337.78000000,27178.27000000,27299.99000000,2827.00499000,2023-08-30 23:59:59.999,77095459.64257510,72911,1267.42664000,34563692.43130520,0
2023-08-31 00:00:00,27299.99000000,27303.36000000,27178.88000000,27217.27000000,2159.40313000,2023-08-31 03:59:59.999,58766366.68779840,62445,958.88468000,26094888.01980040,0
2023-08-31 04:00:00,27217.28000000,27294.97000000,27215.00000000,27261.03000000,2206.16181000,2023-08-31 07:59:59.999,60126992.77404870,76636,1063.50708000,28985635.36333120,0
2023-08-31 08:00:00,27261.03000000,27587.51000000,27184.99000000,27303.96000000,6087.65912000,2023-08-31 11:59:59.999,166315124.11676010,121148,2880.20566000,78700994.45273420,0
2023-08-31 12:00:00,27303.95000000,27315.47000000,26803.73000000,26922.01000000,11366.93936000,2023-08-31 15:59:59.999,307965877.99768620,208461,5655.18747000,153244004.18796210,0
2023-08-31 16:00:00,26922.01000000,26924.87000000,25928.00000000,26162.79000000,20012.11138000,2023-08-31 19:59:59.999,528298196.11869930,301840,9610.33860000,253648526.12639850,0
2023-08-31 20:00:00,26162.79000000,26194.86000000,25655.01000000,25940.78000000,9200.52921000,2023-08-31 23:59:59.999,238900628.31667820,174160,4429.99048000,115033185.73467440,0
2023-09-01 00:00:00,25940.77000000,26100.00000000,25931.11000000,26081.01000000,3653.53305000,2023-09-01 03:59:59.999,95069299.72554100,79622,2039.45296000,53063406.05491130,0
2023-09-01 04:00:00,26081.00000000,26095.00000000,25978.00000000,25990.92000000,2839.42565000,2023-09-01 07:59:59.999,73890287.14271110,71614,1274.53009000,33163247.74860340,0
2023-09-01 08:00:00,25990.92000000,26072.34000000,25957.37000000,26047.49000000,3334.17072000,2023-09-01 11:59:59.999,86736920.57949090,88055,1534.87337000,39927796.68132110,0
2023-09-01 12:00:00,26047.50000000,26156.00000000,25566.53000000,25811.00000000,12389.59500000,2023-09-01 15:59:59.999,320861400.91992460,241831,6031.74232000,156221994.78251560,0
2023-09-01 16:00:00,25811.00000000,25964.17000000,25333.75000000,25645.66000000,13943.51802000,2023-09-01 19:59:59.999,357285087.08556680,272323,6639.92950000,170138549.65456570,0
2023-09-01 20:00:00,25645.65000000,25937.42000000,25565.55000000,25805.05000000,4871.90812000,2023-09-01 23:59:59.999,125601596.25651500,127734,2440.46206000,62914951.26125530,0
2023-09-02 00:00:00,25805.04000000,25840.00000000,25752.47000000,25798.08000000,2127.00305000,2023-09-02 03:59:59.999,54855538.26236120,77813,1049.78759000,27073691.75276740,0
2023-09-02 04:00:00,25798.07000000,25853.03000000,25766.75000000,25795.47000000,2209.29066000,2023-09-02 07:59:59.999,57003620.41493910,78667,1106.97170000,28562524.64777690,0
2023-09-02 08:00:00,25795.46000000,25860.00000000,25774.81000000,25813.54000000,2779.60231000,2023-09-02 11:59:59.999,71754701.09773740,100775,1250.98142000,32292567.34226850,0
2023-09-02 12:00:00,25813.55000000,25987.50000000,25785.64000000,25894.76000000,4217.26208000,2023-09-02 15:59:59.999,109108594.06202860,132395,1999.46970000,51731829.19110730,0
2023-09-02 16:00:00,25894.77000000,25937.91000000,25763.20000000,25833.39000000,3407.85698000,2023-09-02 19:59:59.999,88053340.26606510,115063,1510.20416000,39021430.71122910,0
2023-09-02 20:00:00,25833.40000000,25907.09000000,25817.84000000,25869.51000000,1509.76190000,2023-09-02 23:59:59.999,39037175.84372840,63015,717.49959000,18552393.37689920,0
2023-09-03 00:00:00,25869.52000000,25907.53000000,25826.29000000,25863.91000000,1838.85883000,2023-09-03 03:59:59.999,47563805.58846930,56210,1021.76811000,26429124.30352380,0
2023-09-03 04:00:00,25863.91000000,25956.24000000,25863.90000000,25956.22000000,2043.30026000,2023-09-03 07:59:59.999,52953574.95749790,63538,1199.49247000,31089458.31947650,0
2023-09-03 08:00:00,25956.23000000,25956.30000000,25877.30000000,25943.38000000,2252.14569000,2023-09-03 11:59:59.999,58363101.39090040,66123,1178.21516000,30532821.21547440,0
2023-09-03 12:00:00,25943.39000000,26085.01000000,25807.32000000,25873.50000000,3971.46407000,2023-09-03 15:59:59.999,103003745.12384910,113346,1716.12986000,44521505.03064760,0
2023-09-03 16:00:00,25873.50000000,26039.99000000,25800.00000000,26011.16000000,4105.96819000,2023-09-03 19:59:59.999,106357336.71162170,111592,1934.17215000,50120600.45801880,0
2023-09-03 20:00:00,26011.16000000,26135.00000000,25927.94000000,25971.21000000,3262.73963000,2023-09-03 23:59:59.999,84859126.32976930,85603,1533.38723000,39888026.69970560,0
2023-09-04 00:00:00,25971.21000000,26108.02000000,25877.66000000,25987.56000000,2742.29835000,2023-09-04 03:59:59.999,71208258.88331030,87764,1406.78922000,36534953.85739930,0
2023-09-04 04:00:00,25987.56000000,26018.12000000,25912.21000000,25964.96000000,2506.15902000,2023-09-04 07:59:59.999,65103507.63906150,70148,1125.70548000,29244123.21889910,0
2023-09-04 08:00:00,25964.97000000,26011.24000000,25865.57000000,25892.49000000,3211.69182000,2023-09-04 11:59:59.999,83289228.79450180,87441,1447.61189000,37544224.33717220,0
2023-09-04 12:00:00,25892.49000000,25966.80000000,25717.04000000,25814.23000000,5847.53927000,2023-09-04 15:59:59.999,151106725.55021900,143596,2603.23348000,67266051.42689490,0
2023-09-04 16:00:00,25814.24000000,25948.15000000,25810.00000000,25893.18000000,2750.22985000,2023-09-04 19:59:59.999,71177883.48779560,98627,1320.33108000,34171081.98319270,0
2023-09-04 20:00:00,25893.19000000,25920.00000000,25631.21000000,25826.02000000,4719.67778000,2023-09-04 23:59:59.999,121647286.21511110,109254,2273.69745000,58605448.60599740,0
2023-09-05 00:00:00,25826.03000000,25844.48000000,25562.62000000,25692.45000000,3386.10818000,2023-09-05 03:59:59.999,87053913.30183540,90823,1471.11689000,37812714.10960660,0
2023-09-05 04:00:00,25692.45000000,25756.72000000,25678.06000000,25735.56000000,2479.94260000,2023-09-05 07:59:59.999,63764276.99844370,75130,1168.30970000,30039883.54515950,0
2023-09-05 08:00:00,25735.57000000,25812.09000000,25654.00000000,25783.68000000,3542.48738000,2023-09-05 11:59:59.999,91200422.89053620,90070,1841.52544000,47414260.26481360,0
2023-09-05 12:00:00,25783.69000000,25915.49000000,25625.03000000,25759.37000000,6381.87118000,2023-09-05 15:59:59.999,164400256.71098790,139028,3158.65710000,81376176.46723170,0
2023-09-05 16:00:00,25759.38000000,25845.00000000,25683.93000000,25683.93000000,3526.88435000,2023-09-05 19:59:59.999,90844385.18803660,106987,1347.03599000,34700507.78550380,0
2023-09-05 20:00:00,25683.93000000,25802.73000000,25675.00000000,25792.10000000,2006.09968000,2023-09-05 23:59:59.999,51630452.51036070,64698,940.01326000,24193496.29378050,0
2023-09-06 00:00:00,25792.11000000,25870.51000000,25773.12000000,25782.86000000,2108.79250000,2023-09-06 03:59:59.999,54425405.35567180,66874,995.59010000,25695097.71068890,0
2023-09-06 04:00:00,25782.87000000,25792.25000000,25723.65000000,25728.93000000,2565.45965000,2023-09-06 07:59:59.999,66100617.31490880,67910,787.48766000,20290665.60053990,0
2023-09-06 08:00:00,25728.93000000,25777.20000000,25715.16000000,25733.29000000,2008.48748000,2023-09-06 11:59:59.999,51706339.82305880,76746,931.73643000,23986344.63868640,0
2023-09-06 12:00:00,25733.28000000,25778.00000000,25540.00000000,25588.02000000,5745.79519000,2023-09-06 15:59:59.999,147406605.73774830,135523,2584.76275000,66315602.60708060,0
2023-09-06 16:00:00,25588.01000000,26040.00000000,25372.51000000,25689.54000000,11670.04827000,2023-09-06 19:59:59.999,299702117.58735920,215477,5882.08524000,151112666.71003670,0
2023-09-06 20:00:00,25689.54000000,25786.51000000,25655.02000000,25759.95000000,3163.94077000,2023-09-06 23:59:59.999,81422094.98242080,73772,1555.04346000,40016067.51706340,0
2023-09-07 00:00:00,25759.95000000,25839.50000000,25724.78000000,25837.88000000,1892.99921000,2023-09-07 03:59:59.999,48776599.56332100,65610,927.84231000,23909531.63130430,0
2023-09-07 04:00:00,25837.88000000,25850.00000000,25745.94000000,25762.89000000,1972.57261000,2023-09-07 07:59:59.999,50860474.86466410,65491,743.64049000,19173397.52639670,0
2023-09-07 08:00:00,25762.89000000,25762.90000000,25691.07000000,25708.60000000,2016.54017000,2023-09-07 11:59:59.999,51898840.20466140,70445,852.04086000,21927941.67390660,0
2023-09-07 12:00:00,25708.60000000,25834.52000000,25615.38000000,25779.35000000,4992.81316000,2023-09-07 15:59:59.999,128420603.71306140,124166,2521.72115000,64866055.44741080,0
2023-09-07 16:00:00,25779.35000000,25977.75000000,25773.52000000,25880.01000000,5075.15246000,2023-09-07 19:59:59.999,131321094.47950480,117344,2564.86717000,66364583.77096200,0
2023-09-07 20:00:00,25880.01000000,26443.14000000,25858.21000000,26255.00000000,11737.41806000,2023-09-07 23:59:59.999,307645396.08190560,188873,5896.07958000,154499814.24205690,0
2023-09-08 00:00:00,26255.00000000,26445.50000000,26198.91000000,26252.80000000,4810.99373000,2023-09-08 03:59:59.999,126433967.91727620,100089,2420.87707000,63617841.05268180,0
2023-09-08 04:00:00,26252.81000000,26385.00000000,26190.00000000,26256.22000000,3987.88762000,2023-09-08 07:59:59.999,104830014.90649050,92083,1942.06886000,51060335.20278330,0
2023-09-08 08:00:00,26256.21000000,26266.93000000,25647.26000000,25839.51000000,8537.78801000,2023-09-08 11:59:59.999,221345370.52162450,167443,3829.04872000,99201993.37073830,0
2023-09-08 12:00:00,25839.52000000,25955.00000000,25795.45000000,25844.64000000,4962.39556000,2023-09-08 15:59:59.999,128407314.88172420,106681,2654.18495000,68678902.56833600,0
2023-09-08 16:00:00,25844.64000000,25895.63000000,25719.80000000,25895.62000000,4267.45166000,2023-09-08 19:59:59.999,110159524.70970070,110959,2199.68101000,56786212.69221820,0
2023-09-08 20:00:00,25895.63000000,25934.36000000,25850.13000000,25910.50000000,2433.24813000,2023-09-08 23:59:59.999,63008344.17287620,69597,1193.03884000,30891559.54465000,0
2023-09-09 00:00:00,25910.50000000,25910.50000000,25850.82000000,25875.00000000,1941.95487000,2023-09-09 03:59:59.999,50251205.80768010,58262,785.50341000,20324790.77580920,0
2023-09-09 04:00:00,25874.99000000,25894.21000000,25836.49000000,25886.15000000,1429.45386000,2023-09-09 07:59:59.999,36983513.82677860,55782,646.04735000,16713894.32844210,0
2023-09-09 08:00:00,25886.14000000,25907.75000000,25849.05000000,25863.03000000,1850.25980000,2023-09-09 11:59:59.999,47877117.54304870,59636,822.55245000,21283743.45259160,0
2023-09-09 12:00:00,25863.03000000,25928.66000000,25796.64000000,25894.09000000,2845.92701000,2023-09-09 15:59:59.999,73601831.19702420,79239,1447.57296000,37439691.58734290,0
2023-09-09 16:00:00,25894.10000000,25945.09000000,25845.70000000,25868.43000000,1669.62981000,2023-09-09 19:59:59.999,43211513.87287140,60972,876.33367000,22680558.76225810,0
2023-09-09 20:00:00,25868.42000000,25919.50000000,25857.74000000,25901.61000000,1243.39742000,2023-09-09 23:59:59.999,32184291.56017530,45147,634.43365000,16420709.85644200,0
2023-09-10 00:00:00,25901.60000000,25902.68000000,25825.80000000,25861.39000000,1632.63627000,2023-09-10 03:59:59.999,42210690.21693000,54531,652.15887000,16861436.42465840,0
2023-09-10 04:00:00,25861.39000000,25873.96000000,25750.35000000,25852.25000000,2547.77243000,2023-09-10 07:59:59.999,65796910.60313030,89940,1142.54651000,29506057.47988180,0
2023-09-10 08:00:00,25852.25000000,25872.11000000,25795.33000000,25795.33000000,1981.33529000,2023-09-10 11:59:59.999,51188636.18714320,60923,908.56547000,23474457.30021260,0
2023-09-10 12:00:00,25795.33000000,25834.82000000,25712.60000000,25775.01000000,2761.76743000,2023-09-10 15:59:59.999,71210789.68903180,79601,1169.93025000,30164045.74557760,0
2023-09-10 16:00:00,25775.02000000,25860.00000000,25570.57000000,25800.00000000,4870.21069000,2023-09-10 19:59:59.999,125244965.66671220,108291,2306.29018000,59311838.30748900,0
2023-09-10 20:00:00,25799.99000000,26033.66000000,25771.30000000,25841.61000000,4944.54703000,2023-09-10 23:59:59.999,127925466.84258700,96487,2568.01944000,66435065.78253070,0
2023-09-11 00:00:00,25841.60000000,25876.73000000,25652.78000000,25740.39000000,2981.12590000,2023-09-11 03:59:59.999,76744268.19091420,82957,1401.13033000,36064901.58527370,0
2023-09-11 04:00:00,25740.38000000,25900.69000000,25720.82000000,25813.65000000,2792.04715000,2023-09-11 07:59:59.999,72089170.02362360,68447,1327.74890000,34279358.11871860,0
2023-09-11 08:00:00,25813.65000000,25830.95000000,25577.30000000,25601.27000000,6042.88827000,2023-09-11 11:59:59.999,155299739.62885560,136417,2765.93913000,71086251.74039890,0
2023-09-11 12:00:00,25601.27000000,25755.09000000,24951.00000000,25115.97000000,18581.63736000,2023-09-11 15:59:59.999,469757884.15646870,326269,8625.27839000,218080948.86114300,0
2023-09-11 16:00:00,25115.98000000,25250.49000000,24990.38000000,25020.66000000,7066.27583000,2023-09-11 19:59:59.999,177600119.79640840,150871,3501.57207000,88026229.85497570,0
2023-09-11 20:00:00,25020.66000000,25217.00000000,24901.00000000,25162.52000000,4218.34549000,2023-09-11 23:59:59.999,105880702.87343610,99177,2043.23361000,51283955.22471230,0
2023-09-12 00:00:00,25162.53000000,25950.00000000,25131.48000000,25797.97000000,9471.33420000,2023-09-12 03:59:59.999,241941483.47554010,179829,5084.94157000,129826674.97523340,0
2023-09-12 04:00:00,25797.98000000,25990.00000000,25612.70000000,25822.71000000,10644.05116000,2023-09-12 07:59:59.999,274508537.26077350,168377,5130.09580000,132325716.95410200,0
2023-09-12 08:00:00,25822.71000000,26331.38000000,25735.29000000,26098.99000000,12127.23937000,2023-09-12 11:59:59.999,315787837.84276110,199268,5933.36568000,154533807.21791610,0
2023-09-12 12:00:00,26098.98000000,26392.00000000,26033.73000000,26205.97000000,9779.83697000,2023-09-12 15:59:59.999,255884819.26700490,185668,4781.91306000,125125953.52143960,0
2023-09-12 16:00:00,26205.98000000,26567.00000000,25882.43000000,26066.33000000,10617.06419000,2023-09-12 19:59:59.999,277709832.46023580,217933,5204.59006000,136142419.51554560,0
2023-09-12 20:00:00,26066.34000000,26159.11000000,25790.00000000,25840.10000000,3794.85948000,2023-09-12 23:59:59.999,98560526.65534690,95981,1585.61213000,41192747.79446970,0
2023-09-13 00:00:00,25840.10000000,25985.91000000,25764.17000000,25879.24000000,4479.57494000,2023-09-13 03:59:59.999,116043434.76643760,87802,2256.07509000,58443929.69171370,0
2023-09-13 04:00:00,25879.24000000,26109.94000000,25850.91000000,25879.91000000,4004.23224000,2023-09-13 07:59:59.999,103898370.57672780,110019,2096.62415000,54403186.77355130,0
2023-09-13 08:00:00,25879.91000000,26247.79000000,25866.17000000,26198.41000000,5303.36042000,2023-09-13 11:59:59.999,138410809.67724940,124264,2779.87034000,72546489.25317700,0
2023-09-13 12:00:00,26198.41000000,26387.76000000,26016.22000000,26241.31000000,8919.40709000,2023-09-13 15:59:59.999,233620361.76368040,185960,4173.91777000,109333142.26989370,0
2023-09-13 16:00:00,26241.31000000,26405.22000000,26055.00000000,26140.01000000,6947.90282000,2023-09-13 19:59:59.999,182145194.39101330,141904,3159.79967000,82846474.17199270,0
2023-09-13 20:00:00,26140.00000000,26305.46000000,26140.00000000,26222.00000000,1956.35002000,2023-09-13 23:59:59.999,51319710.29365060,64931,820.71336000,21526559.46043640,0
2023-09-14 00:00:00,26222.00000000,26541.77000000,26126.77000000,26265.68000000,7110.56563000,2023-09-14 03:59:59.999,187035807.27918650,147456,3660.29380000,96291375.38099440,0
2023-09-14 04:00:00,26265.69000000,26390.10000000,26163.96000000,26344.45000000,3606.44973000,2023-09-14 07:59:59.999,94692070.59529180,88116,1942.61433000,51004701.96278980,0
2023-09-14 08:00:00,26344.44000000,26489.50000000,26270.00000000,26446.15000000,4402.22373000,2023-09-14 11:59:59.999,115978142.12693590,92584,2206.42728000,58132300.12342590,0
2023-09-14 12:00:00,26446.15000000,26798.50000000,26342.08000000,26693.97000000,14426.13224000,2023-09-14 15:59:59.999,383576886.94600910,252786,7416.54524000,197200856.11444460,0
2023-09-14 16:00:00,26693.97000000,26860.49000000,26546.60000000,26678.14000000,5794.82245000,2023-09-14 19:59:59.999,154431113.42238000,134352,2884.69376000,76883786.99314840,0
2023-09-14 20:00:00,26678.13000000,26723.64000000,26473.00000000,26522.73000000,2992.97872000,2023-09-14 23:59:59.999,79553299.40321930,83984,1329.88026000,35350773.80358630,0
2023-09-15 00:00:00,26522.73000000,26624.52000000,26448.19000000,26615.39000000,2958.71535000,2023-09-15 03:59:59.999,78526813.32515990,86476,1503.57384000,39911896.35602270,0
2023-09-15 04:00:00,26615.40000000,26655.84000000,26550.99000000,26565.69000000,2763.44322000,2023-09-15 07:59:59.999,73503722.98852760,75604,1310.36459000,34852785.44965960,0
2023-09-15 08:00:00,26565.69000000,26690.00000000,26375.01000000,26425.16000000,4924.84493000,2023-09-15 11:59:59.999,130832295.69885420,111124,2183.24940000,58011527.19089050,0
2023-09-15 12:00:00,26425.17000000,26526.99000000,26224.00000000,26321.21000000,6805.88938000,2023-09-15 15:59:59.999,179410890.95870260,150630,3168.84264000,83536924.97738360,0
2023-09-15 16:00:00,26321.20000000,26444.45000000,26315.02000000,26397.38000000,2849.35983000,2023-09-15 19:59:59.999,75131312.87807430,88471,1374.97275000,36256038.42194380,0
2023-09-15 20:00:00,26397.38000000,26888.00000000,26373.21000000,26600.00000000,5925.04098000,2023-09-15 23:59:59.999,157798222.15112590,141789,3059.38793000,81476758.37082100,0
2023-09-16 00:00:00,26599.99000000,26777.00000000,26571.42000000,26616.43000000,3344.48979000,2023-09-16 03:59:59.999,89166709.95516640,107575,1584.09538000,42238117.80967560,0
2023-09-16 04:00:00,26616.44000000,26621.36000000,26467.45000000,26494.50000000,2906.09112000,2023-09-16 07:59:59.999,77130467.77730350,93755,1360.94917000,36120037.85218010,0
2023-09-16 08:00:00,26494.50000000,26581.98000000,26445.00000000,26524.09000000,2406.56030000,2023-09-16 11:59:59.999,63813018.65094360,93575,1102.94287000,29247680.95203690,0
2023-09-16 12:00:00,26524.08000000,26576.38000000,26481.87000000,26507.12000000,2133.43562000,2023-09-16 15:59:59.999,56604652.54188710,94225,902.84869000,23953373.25114490,0
2023-09-16 16:00:00,26507.12000000,26622.22000000,26496.14000000,26532.80000000,2049.68196000,2023-09-16 19:59:59.999,54418745.64238840,79834,1037.02499000,27533468.06929440,0
2023-09-16 20:00:00,26532.79000000,26579.99000000,26507.00000000,26559.67000000,1120.67472000,2023-09-16 23:59:59.999,29756271.89158450,57452,521.05242000,13834103.45451040,0
2023-09-17 00:00:00,26559.67000000,26559.68000000,26416.16000000,26529.25000000,2710.33559000,2023-09-17 03:59:59.999,71804221.27296230,88191,1323.71597000,35070331.05045750,0
2023-09-17 04:00:00,26529.25000000,26570.00000000,26490.88000000,26495.93000000,1526.00497000,2023-09-17 07:59:59.999,40490029.26851200,66606,677.10673000,17966223.87651770,0
2023-09-17 08:00:00,26495.94000000,26623.25000000,26493.13000000,26566.67000000,2353.14044000,2023-09-17 11:59:59.999,62514738.99217970,78085,1298.75877000,34501393.69356140,0
2023-09-17 12:00:00,26566.68000000,26600.00000000,26525.28000000,26549.98000000,2199.71373000,2023-09-17 15:59:59.999,58419176.37769620,84109,1176.76075000,31250350.07698270,0
2023-09-17 16:00:00,26549.98000000,26551.00000000,26464.64000000,26505.15000000,1859.40393000,2023-09-17 19:59:59.999,49286460.97457320,79990,850.03679000,22530738.23689810,0
2023-09-17 20:00:00,26505.14000000,26534.09000000,26399.00000000,26527.51000000,2349.50411000,2023-09-17 23:59:59.999,62189100.67418370,79794,1033.51558000,27356543.08204560,0
2023-09-18 00:00:00,26527.50000000,26750.00000000,26377.35000000,26658.66000000,5170.61491000,2023-09-18 03:59:59.999,137393804.08305480,127784,2566.13983000,68197641.59437110,0
2023-09-18 04:00:00,26658.66000000,26800.00000000,26567.09000000,26710.67000000,2963.99415000,2023-09-18 07:59:59.999,79037923.88082460,99245,1498.20243000,39952892.35935400,0
2023-09-18 08:00:00,26710.67000000,27240.00000000,26684.02000000,27196.98000000,10966.96512000,2023-09-18 11:59:59.999,295919432.60886460,212860,5803.14847000,156613490.68351800,0
2023-09-18 12:00:00,27196.98000000,27409.00000000,27130.00000000,27269.42000000,10343.13705000,2023-09-18 15:59:59.999,282220695.86034410,203199,5365.03048000,146407421.10465320,0
2023-09-18 16:00:00,27269.43000000,27310.00000000,26631.00000000,26814.79000000,10706.60074000,2023-09-18 19:59:59.999,287868276.97993440,207390,4999.98282000,134393326.95301780,0
2023-09-18 20:00:00,26814.78000000,26881.45000000,26728.00000000,26762.51000000,2849.12059000,2023-09-18 23:59:59.999,76340214.21228240,88227,1319.21202000,35347716.06451680,0
2023-09-19 00:00:00,26762.50000000,26840.67000000,26667.79000000,26818.42000000,3113.83028000,2023-09-19 03:59:59.999,83270534.12492930,95374,1594.01376000,42626086.91464240,0
2023-09-19 04:00:00,26818.41000000,26874.73000000,26750.88000000,26847.21000000,2439.90451000,2023-09-19 07:59:59.999,65467881.76250160,78988,1298.95384000,34852271.51661950,0
2023-09-19 08:00:00,26847.21000000,27466.00000000,26847.21000000,27237.56000000,9626.79138000,2023-09-19 11:59:59.999,261468787.98292340,200851,5100.23069000,138474042.87590510,0
2023-09-19 12:00:00,27237.57000000,27480.00000000,26881.37000000,27422.24000000,11536.82998000,2023-09-19 15:59:59.999,313717766.25295600,251696,5786.90006000,157375145.23585150,0
2023-09-19 16:00:00,27422.24000000,27483.57000000,27069.90000000,27185.44000000,6638.06144000,2023-09-19 19:59:59.999,180675479.78075250,172883,2793.49770000,76056066.70337190,0
2023-09-19 20:00:00,27185.43000000,27222.81000000,26990.01000000,27210.26000000,2835.10428000,2023-09-19 23:59:59.999,76938805.65555720,98284,1277.55953000,34677694.87854260,0
2023-09-20 00:00:00,27210.25000000,27388.63000000,27085.00000000,27119.48000000,4518.58217000,2023-09-20 03:59:59.999,122970402.44175290,124608,2214.38359000,60283349.48893110,0
2023-09-20 04:00:00,27119.48000000,27159.91000000,26936.79000000,27105.62000000,4997.15729000,2023-09-20 07:59:59.999,135221020.35688920,117272,2655.59280000,71863777.63123530,0
2023-09-20 08:00:00,27105.61000000,27197.66000000,26950.00000000,27098.08000000,5250.00781000,2023-09-20 11:59:59.999,142131140.48042070,135137,2642.17951000,71539578.07857010,0
2023-09-20 12:00:00,27098.07000000,27237.87000000,26997.94000000,27180.63000000,6236.27587000,2023-09-20 15:59:59.999,169176414.52738010,157958,3048.74780000,82707167.88738580,0
2023-09-20 16:00:00,27180.62000000,27300.00000000,26800.00000000,26930.61000000,8978.61260000,2023-09-20 19:59:59.999,243166975.35314570,210208,4204.39502000,113904808.47830740,0
2023-09-20 20:00:00,26930.62000000,27241.31000000,26921.70000000,27125.00000000,4226.58293000,2023-09-20 23:59:59.999,114540122.80303870,122105,2218.13214000,60103664.60635370,0
2023-09-21 00:00:00,27125.01000000,27159.60000000,26936.66000000,27035.00000000,3714.08467000,2023-09-21 03:59:59.999,100380410.25921260,108910,1708.93374000,46184156.18262330,0
2023-09-21 04:00:00,27034.99000000,27103.17000000,26979.92000000,26990.11000000,2893.95429000,2023-09-21 07:59:59.999,78244518.07815210,98270,1470.48308000,39759641.71848220,0
2023-09-21 08:00:00,26990.11000000,27017.00000000,26618.90000000,26730.78000000,8251.18162000,2023-09-21 11:59:59.999,221016519.71412290,201067,4042.75796000,108284650.63598870,0
2023-09-21 12:00:00,26730.77000000,26776.98000000,26377.70000000,26584.02000000,13026.53324000,2023-09-21 15:59:59.999,345818474.03660570,231641,6649.43473000,176525942.41339330,0
2023-09-21 16:00:00,26584.01000000,26696.60000000,26545.82000000,26599.95000000,4279.24653000,2023-09-21 19:59:59.999,113877401.23660930,106932,1967.44968000,52357360.37530050,0
2023-09-21 20:00:00,26599.95000000,26621.57000000,26497.94000000,26568.08000000,2311.82627000,2023-09-21 23:59:59.999,61430820.02661010,76596,1039.72283000,27626612.52491050,0
2023-09-22 00:00:00,26568.08000000,26670.13000000,26468.77000000,26627.77000000,3453.40638000,2023-09-22 03:59:59.999,91850223.57376200,109308,1563.91681000,41593977.09565790,0
2023-09-22 04:00:00,26627.77000000,26705.46000000,26573.93000000,26674.80000000,2976.05949000,2023-09-22 07:59:59.999,79281215.85200280,89123,1505.70648000,40112259.35623760,0
2023-09-22 08:00:00,26674.80000000,26743.38000000,26590.00000000,26640.26000000,3120.40678000,2023-09-22 11:59:59.999,83175697.83903310,95897,1446.06825000,38544064.21527870,0
2023-09-22 12:00:00,26640.26000000,26698.29000000,26556.60000000,26631.01000000,3906.70541000,2023-09-22 15:59:59.999,104028453.38768450,106508,1896.76666000,50507834.87452840,0
2023-09-22 16:00:00,26631.01000000,26644.98000000,26531.01000000,26540.10000000,2659.90220000,2023-09-22 19:59:59.999,70720094.99925890,91261,1127.83583000,29986247.26074920,0
2023-09-22 20:00:00,26540.10000000,26597.96000000,26488.00000000,26580.14000000,2081.74894000,2023-09-22 23:59:59.999,55275933.29679060,75052,943.80276000,25061309.92111750,0
2023-09-23 00:00:00,26580.14000000,26614.98000000,26524.59000000,26532.20000000,1739.54774000,2023-09-23 03:59:59.999,46218771.06640980,76587,762.64643000,20262586.87518420,0
2023-09-23 04:00:00,26532.21000000,26586.75000000,26509.00000000,26585.31000000,1797.98817000,2023-09-23 07:59:59.999,47758284.21541510,63708,898.49737000,23865951.79749700,0
2023-09-23 08:00:00,26585.32000000,26594.78000000,26554.49000000,26575.21000000,1236.67479000,2023-09-23 11:59:59.999,32858428.50352090,65159,484.94504000,12884295.01639540,0
2023-09-23 12:00:00,26575.21000000,26588.50000000,26546.20000000,26581.55000000,2014.77977000,2023-09-23 15:59:59.999,53530910.94945030,82154,1036.99626000,27552412.12915290,0
2023-09-23 16:00:00,26581.55000000,26632.81000000,26559.83000000,26610.09000000,1599.62309000,2023-09-23 19:59:59.999,42544778.82022950,80219,771.96613000,20530710.02478480,0
2023-09-23 20:00:00,26610.09000000,26612.61000000,26558.07000000,26575.96000000,1052.08904000,2023-09-23 23:59:59.999,27962783.83364820,53890,432.14607000,11485258.28711870,0
2023-09-24 00:00:00,26575.97000000,26590.01000000,26558.85000000,26570.93000000,877.32467000,2023-09-24 03:59:59.999,23316311.37344010,54254,390.35541000,10374012.43175600,0
2023-09-24 04:00:00,26570.93000000,26573.70000000,26549.31000000,26563.44000000,1568.51411000,2023-09-24 07:59:59.999,41662074.14083920,53717,617.83051000,16409068.08360490,0
2023-09-24 08:00:00,26563.43000000,26611.80000000,26563.43000000,26596.71000000,1426.11493000,2023-09-24 11:59:59.999,37918842.31949730,61417,846.80828000,22514430.92180490,0
2023-09-24 12:00:00,26596.71000000,26628.80000000,26563.80000000,26578.06000000,1682.81945000,2023-09-24 15:59:59.999,44744792.10702960,72633,819.12037000,21779053.71009910,0
2023-09-24 16:00:00,26578.06000000,26738.54000000,26335.81000000,26449.17000000,6185.41964000,2023-09-24 19:59:59.999,164230464.45077660,168592,2975.91346000,79023255.71778980,0
2023-09-24 20:00:00,26449.18000000,26521.67000000,26122.08000000,26248.38000000,3966.46491000,2023-09-24 23:59:59.999,104495816.98210200,134432,1897.03539000,49978631.15170300,0
2023-09-25 00:00:00,26248.39000000,26343.10000000,26000.00000000,26157.45000000,6213.18391000,2023-09-25 03:59:59.999,162679262.02412450,183123,3118.57500000,81676630.09988400,0
2023-09-25 04:00:00,26157.44000000,26195.44000000,26040.12000000,26189.21000000,3167.49454000,2023-09-25 07:59:59.999,82773737.84041490,123515,1598.78173000,41779524.06992630,0
2023-09-25 08:00:00,26189.21000000,26233.43000000,26020.01000000,26075.41000000,3525.81677000,2023-09-25 11:59:59.999,92036879.06137430,123542,1591.37858000,41542535.64801790,0
2023-09-25 12:00:00,26075.40000000,26300.00000000,25990.46000000,26243.72000000,5448.76058000,2023-09-25 15:59:59.999,142472734.10463680,179311,2569.14113000,67182776.87116730,0
2023-09-25 16:00:00,26243.73000000,26425.63000000,26222.32000000,26331.83000000,5674.61846000,2023-09-25 19:59:59.999,149402126.53841550,174372,2749.48614000,72387515.57393600,0
2023-09-25 20:00:00,26331.84000000,26446.15000000,26263.83000000,26304.81000000,2236.32964000,2023-09-25 23:59:59.999,58887856.81202840,89625,1027.21949000,27053470.88887400,0
2023-09-26 00:00:00,26304.80000000,26397.46000000,26234.37000000,26353.87000000,2622.22978000,2023-09-26 03:59:59.999,69001777.53825920,97428,1428.40882000,37589462.37815640,0
2023-09-26 04:00:00,26353.87000000,26363.84000000,26253.64000000,26272.01000000,1936.44889000,2023-09-26 07:59:59.999,50941519.66138490,82747,861.50773000,22662802.54913400,0
2023-09-26 08:00:00,26272.00000000,26334.75000000,26188.26000000,26273.83000000,3123.55310000,2023-09-26 11:59:59.999,81997551.02071960,115891,1403.09209000,36837242.97193800,0
2023-09-26 12:00:00,26273.82000000,26306.39000000,26088.34000000,26126.66000000,4953.27044000,2023-09-26 15:59:59.999,129719024.40948250,163297,2434.15969000,63752039.48473740,0
2023-09-26 16:00:00,26126.66000000,26295.99000000,26115.00000000,26247.70000000,3410.21082000,2023-09-26 19:59:59.999,89387009.13446580,127964,1574.64082000,41276077.65729320,0
2023-09-26 20:00:00,26247.70000000,26288.68000000,26100.00000000,26221.67000000,2449.63763000,2023-09-26 23:59:59.999,64171023.27779280,110400,1111.95229000,29129245.50619980,0
2023-09-27 00:00:00,26221.68000000,26289.50000000,26202.96000000,26278.04000000,1904.53237000,2023-09-27 03:59:59.999,49981939.05011630,84392,887.50255000,23290623.66944310,0
2023-09-27 04:00:00,26278.03000000,26289.00000000,26231.74000000,26246.34000000,1738.93762000,2023-09-27 07:59:59.999,45654303.89028160,79969,734.60798000,19286257.19393720,0
2023-09-27 08:00:00,26246.35000000,26848.07000000,26223.72000000,26766.70000000,10440.36160000,2023-09-27 11:59:59.999,276831696.86577930,237529,5434.63479000,144058157.87095620,0
2023-09-27 12:00:00,26766.69000000,26850.00000000,26169.38000000,26304.42000000,13541.28007000,2023-09-27 15:59:59.999,358662744.11245590,291035,6286.40168000,166444225.87561910,0
2023-09-27 16:00:00,26304.42000000,26313.79000000,26112.06000000,26267.80000000,4419.72965000,2023-09-27 19:59:59.999,115959249.69401730,144527,2151.04599000,56437711.35797490,0
2023-09-27 20:00:00,26267.81000000,26385.00000000,26226.91000000,26372.99000000,2726.73847000,2023-09-27 23:59:59.999,71707881.43583060,102238,1319.56207000,34704410.45821050,0
2023-09-28 00:00:00,26373.00000000,26557.75000000,26342.40000000,26379.15000000,4434.75860000,2023-09-28 03:59:59.999,117212767.20905590,149270,2183.95895000,57725660.19721070,0
2023-09-28 04:00:00,26379.15000000,26513.46000000,26347.17000000,26459.99000000,3685.96070000,2023-09-28 07:59:59.999,97487590.41910930,126485,1988.69006000,52601931.72482770,0
2023-09-28 08:00:00,26459.99000000,26623.84000000,26389.29000000,26476.93000000,4838.50281000,2023-09-28 11:59:59.999,128172449.39081200,154795,2429.92158000,64372195.15117600,0
2023-09-28 12:00:00,26476.93000000,27064.00000000,26460.00000000,27020.00000000,13494.26165000,2023-09-28 15:59:59.999,361033810.06110510,294919,6636.87639000,177643707.35923390,0
2023-09-28 16:00:00,27019.99000000,27308.48000000,26848.71000000,27100.00000000,14201.72571000,2023-09-28 19:59:59.999,385051940.12234370,304848,7426.52511000,201389453.98966230,0
2023-09-28 20:00:00,27100.00000000,27166.42000000,26895.00000000,27021.39000000,3862.62544000,2023-09-28 23:59:59.999,104461482.92849250,128657,1797.22033000,48607755.17939560,0
2023-09-29 00:00:00,27021.39000000,27134.16000000,26859.70000000,26957.99000000,4943.53529000,2023-09-29 03:59:59.999,133477823.15252680,138906,2671.71858000,72138912.18944190,0
2023-09-29 04:00:00,26958.00000000,27244.89000000,26895.94000000,27179.98000000,4950.61601000,2023-09-29 07:59:59.999,134001420.79005990,123141,2833.41027000,76705803.19586840,0
2023-09-29 08:00:00,27179.99000000,27179.99000000,26963.70000000,26970.78000000,3627.86592000,2023-09-29 11:59:59.999,98121031.60744770,133884,1722.14898000,46581769.67620880,0
2023-09-29 12:00:00,26970.78000000,27149.05000000,26665.16000000,26888.57000000,9460.87808000,2023-09-29 15:59:59.999,254504203.10427000,261847,4745.30988000,127667465.58060130,0
2023-09-29 16:00:00,26888.57000000,26954.09000000,26750.00000000,26926.52000000,3506.19154000,2023-09-29 19:59:59.999,94195938.01981800,131324,1582.65889000,42519944.92056270,0
2023-09-29 20:00:00,26926.53000000,26984.99000000,26866.13000000,26906.96000000,1989.67535000,2023-09-29 23:59:59.999,53526898.25778650,89508,854.10894000,22977347.69646940,0
2023-09-30 00:00:00,26906.96000000,26946.98000000,26886.31000000,26915.30000000,1275.44354000,2023-09-30 03:59:59.999,34327312.43258120,73429,603.26080000,16235528.16566000,0
2023-09-30 04:00:00,26915.30000000,26958.04000000,26911.51000000,26931.75000000,1683.47171000,2023-09-30 07:59:59.999,45342904.53864320,68501,839.67113000,22615754.21199800,0
2023-09-30 08:00:00,26931.76000000,26997.00000000,26923.18000000,26936.02000000,2013.51121000,2023-09-30 11:59:59.999,54264829.59325690,84142,938.88345000,25303094.83389470,0
2023-09-30 12:00:00,26936.02000000,27094.99000000,26903.01000000,26996.29000000,3558.71394000,2023-09-30 15:59:59.999,96031673.01829920,117762,1889.94875000,51005403.97608470,0
2023-09-30 16:00:00,26996.29000000,27043.61000000,26970.72000000,27020.70000000,2382.42914000,2023-09-30 19:59:59.999,64346002.68714700,102170,1092.01037000,29492068.08164560,0
2023-09-30 20:00:00,27020.70000000,27081.78000000,26946.73000000,26962.56000000,1891.05353000,2023-09-30 23:59:59.999,51093334.41076780,88904,857.46822000,23166733.79067450,0
2023-10-01 00:00:00,26962.57000000,27048.00000000,26954.09000000,27044.76000000,1349.47617000,2023-10-01 03:59:59.999,36451004.77932490,77656,688.08912000,18583550.07201460,0
2023-10-01 04:00:00,27044.77000000,27158.59000000,27020.90000000,27107.95000000,2655.15215000,2023-10-01 07:59:59.999,71945251.87316140,97039,1385.94437000,37554094.47809990,0
2023-10-01 08:00:00,27107.94000000,27289.08000000,27086.74000000,27187.71000000,3969.23722000,2023-10-01 11:59:59.999,107942100.51188110,153869,2031.82929000,55257146.55252170,0
2023-10-01 12:00:00,27187.71000000,27229.29000000,27083.24000000,27153.18000000,3029.81327000,2023-10-01 15:59:59.999,82275982.97010050,141642,1482.94871000,40269345.85269990,0
2023-10-01 16:00:00,27153.17000000,27155.00000000,27035.78000000,27103.02000000,2119.78834000,2023-10-01 19:59:59.999,57446970.04944610,108720,947.95699000,25689850.50525710,0
2023-10-01 20:00:00,27103.02000000,28065.51000000,27033.10000000,27992.57000000,11479.34753000,2023-10-01 23:59:59.999,318595811.81050640,304667,6279.21846000,174268974.00953420,0
2023-10-02 00:00:00,27992.58000000,28210.00000000,27826.65000000,28126.54000000,8265.67461000,2023-10-02 03:59:59.999,231270358.55602270,219125,4272.88303000,119581871.67704440,0
2023-10-02 04:00:00,28126.54000000,28430.00000000,27910.95000000,28311.91000000,8806.14392000,2023-10-02 07:59:59.999,247741553.98313400,230299,4461.08565000,125531946.78441410,0
2023-10-02 08:00:00,28311.91000000,28484.28000000,28187.69000000,28198.04000000,9240.50392000,2023-10-02 11:59:59.999,261706525.10623830,231647,4690.69607000,132859238.14597100,0
2023-10-02 12:00:00,28198.05000000,28580.00000000,27983.00000000,28026.31000000,11992.24274000,2023-10-02 15:59:59.999,339455639.38335650,308591,5970.23535000,169062263.79957350,0
2023-10-02 16:00:00,28026.30000000,28123.39000000,27631.41000000,27964.99000000,9935.03954000,2023-10-02 19:59:59.999,277265688.38101250,285344,4794.53125000,133821386.10817580,0
2023-10-02 20:00:00,27965.00000000,27965.94000000,27281.44000000,27494.51000000,8831.53768000,2023-10-02 23:59:59.999,243504718.08044240,189152,4234.17865000,116742145.96459940,0
2023-10-03 00:00:00,27494.51000000,27640.00000000,27381.48000000,27601.55000000,5450.72832000,2023-10-03 03:59:59.999,149907829.75613060,169084,2300.54436000,63313377.96056280,0
2023-10-03 04:00:00,27601.54000000,27676.52000000,27521.43000000,27540.64000000,3052.34360000,2023-10-03 07:59:59.999,84233811.18167420,141139,1450.03647000,40020318.26363090,0
2023-10-03 08:00:00,27540.65000000,27642.83000000,27475.00000000,27559.99000000,3884.99520000,2023-10-03 11:59:59.999,107124255.62505440,183220,1783.67169000,49182076.30990040,0
2023-10-03 12:00:00,27560.00000000,27579.70000000,27234.55000000,27345.00000000,8008.49633000,2023-10-03 15:59:59.999,219559089.25133900,341437,3775.04822000,103501168.29762160,0
2023-10-03 16:00:00,27345.00000000,27486.20000000,27250.00000000,27275.00000000,4195.05272000,2023-10-03 19:59:59.999,114842338.16298300,214458,2088.53470000,57178064.55303050,0
2023-10-03 20:00:00,27275.00000000,27469.65000000,27160.50000000,27426.46000000,4337.34938000,2023-10-03 23:59:59.999,118634491.44932080,153039,2164.19983000,59207095.41200490,0
2023-10-04 00:00:00,27426.45000000,27510.29000000,27202.00000000,27430.43000000,6836.89213000,2023-10-04 03:59:59.999,186988048.18753020,245744,3874.65102000,105961342.38417000,0
2023-10-04 04:00:00,27430.43000000,27454.98000000,27350.75000000,27453.78000000,2257.47331000,2023-10-04 07:59:59.999,61862663.77504830,119168,1048.72177000,28738799.73510050,0
2023-10-04 08:00:00,27453.77000000,27643.09000000,27434.10000000,27572.43000000,4588.85168000,2023-10-04 11:59:59.999,126446627.25953580,179133,2226.70722000,61354062.45900630,0
2023-10-04 12:00:00,27572.43000000,27633.42000000,27329.85000000,27404.22000000,5939.67141000,2023-10-04 15:59:59.999,163209640.63300120,255693,2871.75330000,78913300.59372940,0
2023-10-04 16:00:00,27404.21000000,27839.72000000,27400.94000000,27618.10000000,6502.51104000,2023-10-04 19:59:59.999,179592622.85847270,258175,3232.96187000,89296839.95941630,0
2023-10-04 20:00:00,27618.10000000,27831.51000000,27564.71000000,27778.57000000,3690.74243000,2023-10-04 23:59:59.999,102321782.54219710,130468,1822.90667000,50542231.21697890,0
2023-10-05 00:00:00,27778.57000000,27896.07000000,27650.01000000,27651.73000000,3136.44638000,2023-10-05 03:59:59.999,87004672.21067830,163038,1640.73324000,45518179.52590070,0
2023-10-05 04:00:00,27651.73000000,27702.20000000,27550.77000000,27607.98000000,2665.09726000,2023-10-05 07:59:59.999,73660089.94633270,125358,1380.47861000,38157051.09990860,0
2023-10-05 08:00:00,27607.98000000,27774.55000000,27593.23000000,27725.68000000,2893.52044000,2023-10-05 11:59:59.999,80113914.88268580,127780,1440.94229000,39893920.81819360,0
2023-10-05 12:00:00,27725.68000000,28120.39000000,27403.59000000,27555.00000000,13145.99675000,2023-10-05 15:59:59.999,365898490.06505580,437506,6519.94474000,181522096.90417080,0
2023-10-05 16:00:00,27555.00000000,27617.57000000,27352.00000000,27471.28000000,6407.84463000,2023-10-05 19:59:59.999,175981724.87051560,260728,2990.50517000,82137640.71866660,0
2023-10-05 20:00:00,27471.28000000,27509.45000000,27388.00000000,27410.39000000,2432.59073000,2023-10-05 23:59:59.999,66756702.07198220,95987,1013.39000000,27810817.51980730,0
2023-10-06 00:00:00,27410.39000000,27590.00000000,27389.99000000,27559.20000000,3193.26664000,2023-10-06 03:59:59.999,87825064.54858400,112922,1603.40651000,44104707.45767420,0
2023-10-06 04:00:00,27559.20000000,27651.00000000,27464.48000000,27638.52000000,3024.13516000,2023-10-06 07:59:59.999,83269949.37365570,114620,1594.76908000,43909864.73666760,0
2023-10-06 08:00:00,27638.51000000,27801.00000000,27588.53000000,27760.00000000,5204.72994000,2023-10-06 11:59:59.999,144089032.05422900,186400,2595.68695000,71855474.47120250,0
2023-10-06 12:00:00,27760.00000000,28044.86000000,27175.94000000,27941.12000000,14574.01071000,2023-10-06 15:59:59.999,402349152.77361140,472363,7271.29207000,200781757.34561580,0
2023-10-06 16:00:00,27941.12000000,28038.00000000,27789.14000000,27952.36000000,7070.26306000,2023-10-06 19:59:59.999,197431474.96751200,257069,3593.43206000,100355397.27435160,0
2023-10-06 20:00:00,27952.35000000,28295.00000000,27877.60000000,27931.09000000,4916.83726000,2023-10-06 23:59:59.999,137899720.10002140,183326,2432.65339000,68233987.27185730,0
2023-10-07 00:00:00,27931.10000000,27955.90000000,27842.08000000,27900.41000000,2783.26342000,2023-10-07 03:59:59.999,77666544.68443750,126337,1356.05298000,37841527.69032410,0
2023-10-07 04:00:00,27900.41000000,27944.84000000,27875.00000000,27890.80000000,1744.73112000,2023-10-07 07:59:59.999,48686071.09606300,84643,840.14874000,23443739.85319030,0
2023-10-07 08:00:00,27890.79000000,28029.67000000,27880.01000000,27942.12000000,2905.54923000,2023-10-07 11:59:59.999,81260363.92365520,124411,1478.62644000,41356182.43481530,0
2023-10-07 12:00:00,27942.12000000,27986.27000000,27895.28000000,27939.80000000,1884.78495000,2023-10-07 15:59:59.999,52669707.98971430,114720,870.59994000,24328416.14528230,0
2023-10-07 16:00:00,27939.80000000,27964.20000000,27850.00000000,27865.48000000,2398.58265000,2023-10-07 19:59:59.999,66961119.20820530,115574,1134.69953000,31677188.36844200,0
2023-10-07 20:00:00,27865.49000000,27959.75000000,27856.66000000,27956.67000000,1631.92688000,2023-10-07 23:59:59.999,45576472.62106770,75938,712.22326000,19887893.28672990,0
2023-10-08 00:00:00,27956.67000000,28095.14000000,27943.90000000,28064.87000000,3093.52502000,2023-10-08 03:59:59.999,86723159.14278610,114476,1867.92148000,52370129.09404120,0
2023-10-08 04:00:00,28064.87000000,28076.04000000,27878.06000000,27905.61000000,4667.47017000,2023-10-08 07:59:59.999,130477313.20954210,138320,1602.00942000,44777500.20855080,0
2023-10-08 08:00:00,27905.61000000,27937.50000000,27775.00000000,27811.63000000,3177.47074000,2023-10-08 11:59:59.999,88521311.16305440,130642,1417.86894000,39499247.40729940,0
2023-10-08 12:00:00,27811.63000000,27999.72000000,27687.50000000,27892.74000000,3957.49167000,2023-10-08 15:59:59.999,110306133.08617480,188429,1931.48234000,53834836.86101960,0
2023-10-08 16:00:00,27892.74000000,27948.68000000,27807.82000000,27894.99000000,2423.88211000,2023-10-08 19:59:59.999,67584811.07126670,126995,1236.29001000,34471356.74487090,0
2023-10-08 20:00:00,27894.99000000,27980.00000000,27800.00000000,27917.05000000,2373.72950000,2023-10-08 23:59:59.999,66227223.80725700,123868,1160.51052000,32380179.21729530,0
2023-10-09 00:00:00,27917.06000000,27987.93000000,27796.53000000,27921.73000000,2583.18056000,2023-10-09 03:59:59.999,72082203.26665150,130199,1220.76999000,34066921.54263370,0
2023-10-09 04:00:00,27921.72000000,27944.00000000,27808.40000000,27813.27000000,2493.15029000,2023-10-09 07:59:59.999,69505970.73432320,106988,1010.76809000,28178500.70461420,0
2023-10-09 08:00:00,27813.27000000,27842.03000000,27412.21000000,27468.92000000,9638.88315000,2023-10-09 11:59:59.999,265964451.54159930,301451,4612.18383000,127239333.14305310,0
2023-10-09 12:00:00,27468.91000000,27578.81000000,27374.73000000,27443.31000000,6434.22110000,2023-10-09 15:59:59.999,176789771.75349450,239064,3133.71127000,86108642.22342500,0
2023-10-09 16:00:00,27443.32000000,27750.03000000,27260.00000000,27616.66000000,8727.06250000,2023-10-09 19:59:59.999,239906751.18373620,290481,4369.04645000,120121050.90730960,0
2023-10-09 20:00:00,27616.66000000,27653.27000000,27556.20000000,27590.12000000,1658.24879000,2023-10-09 23:59:59.999,45765485.88235620,88342,730.95040000,20172792.58341440,0
2023-10-10 00:00:00,27590.12000000,27697.56000000,27492.60000000,27632.32000000,2606.13865000,2023-10-10 03:59:59.999,71949708.80018430,123311,1286.89133000,35526864.53279230,0
2023-10-10 04:00:00,27632.32000000,27706.34000000,27579.87000000,27651.45000000,2137.06344000,2023-10-10 07:59:59.999,59051824.80769950,91078,970.92331000,26829926.28365370,0
2023-10-10 08:00:00,27651.46000000,27735.00000000,27500.00000000,27508.87000000,3351.41272000,2023-10-10 11:59:59.999,92594602.62440330,142478,1524.59066000,42127848.35864640,0
2023-10-10 12:00:00,27508.86000000,27630.00000000,27338.87000000,27408.01000000,7509.23729000,2023-10-10 15:59:59.999,206162115.10414900,306503,3670.11326000,100760667.94193800,0
2023-10-10 16:00:00,27408.01000000,27511.96000000,27298.00000000,27397.30000000,5069.48339000,2023-10-10 19:59:59.999,138837740.95544850,245471,2399.62779000,65722167.48845420,0
2023-10-10 20:00:00,27397.31000000,27470.01000000,27322.69000000,27390.12000000,2103.50834000,2023-10-10 23:59:59.999,57662731.98569370,93431,999.07682000,27386910.09266530,0
2023-10-11 00:00:00,27390.12000000,27477.39000000,27011.01000000,27016.05000000,6378.12491000,2023-10-11 03:59:59.999,173463370.46405530,208930,2761.21645000,75080071.19303900,0
2023-10-11 04:00:00,27016.04000000,27143.91000000,26964.89000000,27021.95000000,4779.75697000,2023-10-11 07:59:59.999,129410200.24317790,157904,2215.56287000,59995679.56404690,0
2023-10-11 08:00:00,27021.95000000,27332.00000000,27017.00000000,27196.26000000,4863.81154000,2023-10-11 11:59:59.999,132273686.20281170,200647,2317.31303000,63005312.78199550,0
2023-10-11 12:00:00,27196.26000000,27262.45000000,26727.56000000,26779.46000000,8800.53993000,2023-10-11 15:59:59.999,237436831.46507890,347985,3720.28181000,100410403.17841440,0
2023-10-11 16:00:00,26779.45000000,26795.63000000,26538.66000000,26763.20000000,9821.60446000,2023-10-11 19:59:59.999,262074926.35417790,293828,5065.28938000,135181606.10090980,0
2023-10-11 20:00:00,26763.19000000,26885.41000000,26680.00000000,26875.52000000,2705.60925000,2023-10-11 23:59:59.999,72406571.20533890,127185,1380.41386000,36947136.96733900,0
2023-10-12 00:00:00,26875.52000000,26947.04000000,26735.83000000,26847.07000000,4058.09199000,2023-10-12 03:59:59.999,108864045.32842230,144716,2326.68424000,62413312.23717990,0
2023-10-12 04:00:00,26847.07000000,26920.81000000,26783.14000000,26810.66000000,2775.84887000,2023-10-12 07:59:59.999,74530633.98471710,125528,1272.03254000,34151922.80158300,0
2023-10-12 08:00:00,26810.66000000,26867.14000000,26655.60000000,26837.84000000,5012.39582000,2023-10-12 11:59:59.999,134146420.58094910,203240,2090.90883000,55961495.97190410,0
2023-10-12 12:00:00,26837.84000000,26862.74000000,26621.76000000,26675.00000000,4568.56033000,2023-10-12 15:59:59.999,122192249.37761790,244643,2070.21492000,55364306.77834690,0
2023-10-12 16:00:00,26674.99000000,26804.99000000,26555.00000000,26712.90000000,4951.99519000,2023-10-12 19:59:59.999,132046833.45858050,245006,2368.84362000,63160413.49575800,0
2023-10-12 20:00:00,26712.91000000,26775.00000000,26706.44000000,26759.63000000,2061.74892000,2023-10-12 23:59:59.999,55128885.65658480,102949,1000.17528000,26743532.25645980,0
2023-10-13 00:00:00,26759.63000000,26876.06000000,26750.00000000,26781.69000000,2278.52858000,2023-10-13 03:59:59.999,61090178.93613200,115447,1077.25952000,28883150.10229550,0
2023-10-13 04:00:00,26781.69000000,26943.00000000,26773.84000000,26875.00000000,2673.92674000,2023-10-13 07:59:59.999,71769359.40349520,112643,1348.90188000,36206100.89528570,0
2023-10-13 08:00:00,26874.99000000,26903.94000000,26737.40000000,26820.92000000,3719.69143000,2023-10-13 11:59:59.999,99726831.04764160,138184,1462.65126000,39211897.89592350,0
2023-10-13 12:00:00,26820.91000000,26966.85000000,26685.96000000,26706.83000000,5169.59481000,2023-10-13 15:59:59.999,138688663.01810240,258846,2305.13542000,61846874.09930470,0
2023-10-13 16:00:00,26706.83000000,26807.10000000,26685.00000000,26778.57000000,3064.36424000,2023-10-13 19:59:59.999,81998605.40766700,145485,1465.77649000,39220995.84626180,0
2023-10-13 20:00:00,26778.57000000,27130.00000000,26747.24000000,26862.00000000,7209.65919000,2023-10-13 23:59:59.999,194280158.54502800,264717,3549.92932000,95680266.90322180,0
2023-10-14 00:00:00,26862.00000000,26989.58000000,26845.00000000,26930.78000000,2165.17950000,2023-10-14 03:59:59.999,58252614.10898650,100310,1122.93933000,30212403.46029060,0
2023-10-14 04:00:00,26930.77000000,26939.35000000,26841.76000000,26868.80000000,2702.47424000,2023-10-14 07:59:59.999,72645922.09146270,91536,691.66701000,18595316.33750410,0
2023-10-14 08:00:00,26868.80000000,26900.00000000,26847.87000000,26872.35000000,1215.45022000,2023-10-14 11:59:59.999,32660739.94593710,71806,564.82898000,15177582.37259360,0
2023-10-14 12:00:00,26872.35000000,26943.39000000,26850.44000000,26942.56000000,1523.17658000,2023-10-14 15:59:59.999,40962233.72552140,91670,716.20005000,19261070.43423880,0
2023-10-14 16:00:00,26942.56000000,26953.18000000,26850.00000000,26864.29000000,1640.26284000,2023-10-14 19:59:59.999,44115098.55910650,85992,772.59083000,20778128.05561460,0
2023-10-14 20:00:00,26864.29000000,26883.57000000,26789.00000000,26852.48000000,1170.71238000,2023-10-14 23:59:59.999,31422410.62238710,76523,510.62599000,13705824.15843120,0
2023-10-15 00:00:00,26852.48000000,26916.77000000,26815.76000000,26880.46000000,1322.56140000,2023-10-15 03:59:59.999,35548597.41481260,76843,671.32575000,18045790.90872930,0
2023-10-15 04:00:00,26880.46000000,26889.22000000,26871.86000000,26882.52000000,757.14626000,2023-10-15 07:59:59.999,20351720.82979470,55030,329.77317000,8863975.85274000,0
2023-10-15 08:00:00,26882.51000000,26919.00000000,26843.79000000,26852.47000000,1287.85693000,2023-10-15 11:59:59.999,34629608.00012220,69844,522.72998000,14055744.54830410,0
2023-10-15 12:00:00,26852.48000000,26965.28000000,26808.25000000,26898.87000000,2674.18648000,2023-10-15 15:59:59.999,71876730.01842030,132296,1390.16766000,37363720.42366320,0
2023-10-15 16:00:00,26898.87000000,27081.00000000,26893.41000000,27043.75000000,2777.70323000,2023-10-15 19:59:59.999,74967154.91856540,127464,1437.76005000,38802437.60966190,0
2023-10-15 20:00:00,27043.75000000,27293.33000000,27015.00000000,27154.15000000,6455.23740000,2023-10-15 23:59:59.999,175300154.16221960,221465,3450.93582000,93702024.79133420,0
2023-10-16 00:00:00,27154.14000000,27285.91000000,27112.66000000,27235.92000000,4516.03559000,2023-10-16 03:59:59.999,122832452.59083970,146585,2620.19947000,71267897.25945560,0
2023-10-16 04:00:00,27235.92000000,27980.00000000,27193.98000000,27849.06000000,14546.31979000,2023-10-16 07:59:59.999,403851880.20183220,349360,7913.97681000,219653548.30834170,0
2023-10-16 08:00:00,27849.05000000,27902.99000000,27641.72000000,27749.60000000,5907.32864000,2023-10-16 11:59:59.999,164029127.54443310,208623,2770.13009000,76911365.31334280,0
2023-10-16 12:00:00,27749.61000000,30000.00000000,27709.04000000,28064.16000000,36786.47368000,2023-10-16 15:59:59.999,1047249260.17630050,1098132,18966.15675000,540266583.99582410,0
2023-10-16 16:00:00,28064.16000000,28808.51000000,28064.16000000,28468.85000000,11103.90409000,2023-10-16 19:59:59.999,315216261.16574840,333515,5772.83958000,163913231.58954330,0
2023-10-16 20:00:00,28468.86000000,28643.00000000,28230.37000000,28500.78000000,5539.16266000,2023-10-16 23:59:59.999,157606566.55694230,153124,2694.73903000,76687962.21282700,0
2023-10-17 00:00:00,28500.77000000,28549.34000000,28231.01000000,28269.99000000,6029.14123000,2023-10-17 03:59:59.999,170962040.09240780,165755,2462.11845000,69815482.33719640,0
2023-10-17 04:00:00,28270.00000000,28475.82000000,28069.32000000,28430.63000000,7626.94163000,2023-10-17 07:59:59.999,215600302.02291470,221742,4347.78218000,122992618.70481220,0
2023-10-17 08:00:00,28430.62000000,28609.38000000,28350.11000000,28422.63000000,5901.16695000,2023-10-17 11:59:59.999,167935963.71468950,229220,2923.05535000,83190333.25754560,0
2023-10-17 12:00:00,28422.63000000,28580.34000000,28135.35000000,28461.72000000,9714.28566000,2023-10-17 15:59:59.999,275590748.37066990,384879,4682.96048000,132885914.70947520,0
2023-10-17 16:00:00,28461.72000000,28613.65000000,28306.42000000,28516.47000000,5911.15044000,2023-10-17 19:59:59.999,168228468.26548000,232659,2956.72743000,84154593.13966760,0
2023-10-17 20:00:00,28516.47000000,28556.56000000,28373.33000000,28395.91000000,3245.75941000,2023-10-17 23:59:59.999,92424224.01692550,111555,1621.42410000,46179546.19288890,0
2023-10-18 00:00:00,28395.91000000,28514.66000000,28320.29000000,28514.42000000,2906.41295000,2023-10-18 03:59:59.999,82586425.63615730,138681,1386.79543000,39414613.47755530,0
2023-10-18 04:00:00,28514.43000000,28982.36000000,28441.71000000,28494.55000000,9157.86875000,2023-10-18 07:59:59.999,262702082.82609680,307295,4632.13049000,132885402.20334690,0
2023-10-18 08:00:00,28494.55000000,28599.00000000,28236.41000000,28340.64000000,5054.62129000,2023-10-18 11:59:59.999,143679120.92672040,206309,2444.77999000,69502162.75065780,0
2023-10-18 12:00:00,28340.65000000,28405.29000000,28142.87000000,28247.45000000,6975.16584000,2023-10-18 15:59:59.999,197285428.25275420,264822,3120.69096000,88256132.31673470,0
2023-10-18 16:00:00,28247.46000000,28437.41000000,28230.20000000,28245.62000000,5434.84346000,2023-10-18 19:59:59.999,154037524.51542020,181830,2744.75023000,77793277.09197110,0
2023-10-18 20:00:00,28245.63000000,28374.27000000,28190.81000000,28320.00000000,2633.56362000,2023-10-18 23:59:59.999,74482942.99560920,116298,1260.99732000,35664165.97681140,0
2023-10-19 00:00:00,28320.00000000,28418.00000000,28100.66000000,28260.00000000,5118.84460000,2023-10-19 03:59:59.999,144675270.75753090,165845,2597.05166000,73412973.77630100,0
2023-10-19 04:00:00,28260.00000000,28349.39000000,28230.00000000,28330.82000000,3083.94309000,2023-10-19 07:59:59.999,87257770.73703390,119868,1446.48502000,40928531.46037780,0
2023-10-19 08:00:00,28330.82000000,28514.21000000,28280.96000000,28450.69000000,5223.26623000,2023-10-19 11:59:59.999,148392329.91832470,197855,2893.69927000,82211715.72108660,0
2023-10-19 12:00:00,28450.70000000,28814.14000000,28420.00000000,28680.09000000,10201.17617000,2023-10-19 15:59:59.999,291629254.58603780,372489,5370.09551000,153515136.26026160,0
2023-10-19 16:00:00,28680.09000000,28916.89000000,28457.56000000,28750.75000000,8031.46796000,2023-10-19 19:59:59.999,230409310.32920480,316168,4124.82359000,118356249.56735950,0
2023-10-19 20:00:00,28750.75000000,28882.07000000,28598.60000000,28713.71000000,4236.80374000,2023-10-19 23:59:59.999,121620080.70414670,158031,1995.08238000,57271245.77786360,0
2023-10-20 00:00:00,28713.71000000,29400.00000000,28578.29000000,29235.38000000,9163.61780000,2023-10-20 03:59:59.999,265799272.09952160,337354,5087.54111000,147571715.02618510,0
2023-10-20 04:00:00,29235.37000000,29400.00000000,29111.28000000,29240.51000000,9839.47459000,2023-10-20 07:59:59.999,287664002.05592680,296470,4305.32513000,125925922.24519120,0
2023-10-20 08:00:00,29240.52000000,30207.55000000,29227.75000000,29839.99000000,19249.91571000,2023-10-20 11:59:59.999,573996149.00625880,592616,10226.37699000,304962324.22725420,0
2023-10-20 12:00:00,29839.99000000,29910.00000000,29380.00000000,29550.98000000,12314.89184000,2023-10-20 15:59:59.999,364314240.34231550,394329,5632.04372000,166597770.93990850,0
2023-10-20 16:00:00,29550.98000000,29592.71000000,29321.00000000,29561.41000000,5075.99041000,2023-10-20 19:59:59.999,149677280.96829550,163589,2375.26334000,70043441.86966150,0
2023-10-20 20:00:00,29561.40000000,29790.59000000,29513.50000000,29669.04000000,3778.20885000,2023-10-20 23:59:59.999,111960248.07877270,131390,1840.20898000,54533667.01992160,0
2023-10-21 00:00:00,29669.05000000,29699.68000000,29464.77000000,29604.43000000,2997.17987000,2023-10-21 03:59:59.999,88630468.18152810,134582,1637.14973000,48422072.33590990,0
2023-10-21 04:00:00,29604.42000000,29730.88000000,29541.86000000,29695.80000000,2576.21292000,2023-10-21 07:59:59.999,76354207.45242180,120401,1276.30615000,37827659.40213780,0
2023-10-21 08:00:00,29695.80000000,29878.83000000,29634.56000000,29804.99000000,4484.08264000,2023-10-21 11:59:59.999,133496994.10199700,170803,2199.91913000,65498021.38267270,0
2023-10-21 12:00:00,29804.99000000,29980.00000000,29678.69000000,29937.36000000,5565.77149000,2023-10-21 15:59:59.999,166020047.33983830,220379,2592.99137000,77342480.18955700,0
2023-10-21 16:00:00,29937.37000000,30379.99000000,29846.00000000,30145.04000000,8767.01436000,2023-10-21 19:59:59.999,263675909.98540840,342331,4686.92067000,140962911.04130220,0
2023-10-21 20:00:00,30145.03000000,30158.20000000,29850.00000000,29909.80000000,3127.25769000,2023-10-21 23:59:59.999,93786881.37416930,163641,1442.83739000,43270385.99060000,0
2023-10-22 00:00:00,29909.80000000,30075.00000000,29843.20000000,29907.38000000,3204.67567000,2023-10-22 03:59:59.999,95893089.58149170,144677,1591.23675000,47613883.27252190,0
2023-10-22 04:00:00,29907.38000000,30248.00000000,29640.00000000,29816.26000000,7070.12608000,2023-10-22 07:59:59.999,211961009.21713420,255898,3405.18069000,102086304.27116040,0
2023-10-22 08:00:00,29816.27000000,29991.05000000,29780.11000000,29909.67000000,3326.38573000,2023-10-22 11:59:59.999,99403095.70664140,174982,1577.49170000,47138014.26108770,0
2023-10-22 12:00:00,29909.66000000,29974.46000000,29781.00000000,29825.60000000,3134.79556000,2023-10-22 15:59:59.999,93678815.19753030,146009,1422.62846000,42512938.11924940,0
2023-10-22 16:00:00,29825.61000000,29946.77000000,29805.13000000,29842.75000000,2320.10659000,2023-10-22 19:59:59.999,69341107.99034510,115029,1160.38582000,34678142.25671670,0
2023-10-22 20:00:00,29842.75000000,30051.79000000,29714.28000000,29992.46000000,3796.45600000,2023-10-22 23:59:59.999,113577710.20378960,171704,2004.54502000,59981847.05076000,0
2023-10-23 00:00:00,29992.46000000,30799.00000000,29883.60000000,30736.69000000,12607.00915000,2023-10-23 03:59:59.999,382808226.97013790,441843,6783.79675000,206014506.14033550,0
2023-10-23 04:00:00,30736.68000000,30985.12000000,30426.82000000,30518.02000000,11075.97196000,2023-10-23 07:59:59.999,340451135.52816010,403038,5307.74492000,163184772.86341890,0
2023-10-23 08:00:00,30518.02000000,30784.54000000,30355.06000000,30657.04000000,7640.53796000,2023-10-23 11:59:59.999,233428901.15057240,270012,3634.88439000,111064847.07097860,0
2023-10-23 12:00:00,30657.04000000,30970.00000000,30395.01000000,30883.33000000,8833.86153000,2023-10-23 15:59:59.999,271295663.57056170,317888,4265.20456000,131017258.82227030,0
2023-10-23 16:00:00,30883.33000000,31440.06000000,30777.00000000,31354.42000000,19477.08264000,2023-10-23 19:59:59.999,605064656.16346280,494559,9901.31868000,307720746.13306670,0
2023-10-23 20:00:00,31354.42000000,34741.91000000,31318.88000000,33069.99000000,33879.17922000,2023-10-23 23:59:59.999,1108571439.48229280,912598,17946.28157000,586813112.53762950,0
2023-10-24 00:00:00,33069.99000000,35280.00000000,32832.34000000,34061.60000000,34138.22019000,2023-10-24 03:59:59.999,1167797716.27711240,911786,17694.72276000,605386796.39377130,0
2023-10-24 04:00:00,34061.59000000,34594.56000000,33706.32000000,33999.98000000,18126.45664000,2023-10-24 07:59:59.999,618576250.66349790,501232,8540.75250000,291529549.77589040,0
2023-10-24 08:00:00,33999.98000000,34876.40000000,33948.97000000,34542.91000000,16414.89876000,2023-10-24 11:59:59.999,564262365.85756940,364232,8941.83613000,307280800.83668950,0
2023-10-24 12:00:00,34542.90000000,34835.74000000,33200.00000000,33668.90000000,23998.26959000,2023-10-24 15:59:59.999,817342848.44983870,530838,11126.96379000,378981224.51559690,0
2023-10-24 16:00:00,33668.89000000,34386.12000000,33380.01000000,33796.50000000,13340.86259000,2023-10-24 19:59:59.999,451499581.86749110,303772,6626.18404000,224277255.51638430,0
2023-10-24 20:00:00,33796.50000000,34250.00000000,33485.10000000,33922.73000000,9246.31641000,2023-10-24 23:59:59.999,313716105.04568690,238300,4478.86059000,151993842.42746080,0
2023-10-25 00:00:00,33922.73000000,34399.82000000,33773.74000000,33999.39000000,7966.44126000,2023-10-25 03:59:59.999,271411609.72087360,222311,3625.62749000,123582205.36664410,0
2023-10-25 04:00:00,33999.39000000,34204.78000000,33679.05000000,33857.53000000,6800.41790000,2023-10-25 07:59:59.999,231299641.34394310,239351,2876.47060000,97848798.17604250,0
2023-10-25 08:00:00,33857.53000000,34446.42000000,33783.00000000,34199.20000000,7981.44620000,2023-10-25 11:59:59.999,272438557.57515440,254524,3607.65726000,123145537.88021150,0
2023-10-25 12:00:00,34199.20000000,35000.00000000,34199.19000000,34839.80000000,14860.99739000,2023-10-25 15:59:59.999,514171751.74860100,408049,7684.81254000,265953291.56849360,0
2023-10-25 16:00:00,34839.80000000,35132.85000000,34380.85000000,34738.54000000,10912.04662000,2023-10-25 19:59:59.999,378626931.33015410,328482,5384.86573000,186902676.77054690,0
2023-10-25 20:00:00,34738.54000000,34850.23000000,34250.00000000,34496.05000000,6365.67592000,2023-10-25 23:59:59.999,220262333.88765660,191259,2971.07015000,102803885.61068780,0
2023-10-26 00:00:00,34496.05000000,34824.13000000,34421.98000000,34793.29000000,4707.32825000,2023-10-26 03:59:59.999,163263211.05216480,173283,2382.12499000,82614755.41149340,0
2023-10-26 04:00:00,34793.29000000,34810.00000000,34410.02000000,34647.34000000,6314.66045000,2023-10-26 07:59:59.999,218652427.22220350,205974,2825.01327000,97839344.10566920,0
2023-10-26 08:00:00,34647.35000000,34745.86000000,33960.39000000,34102.66000000,9246.86530000,2023-10-26 11:59:59.999,317523550.23716660,298857,4268.66517000,146617838.60945970,0
2023-10-26 12:00:00,34102.66000000,34370.00000000,33862.00000000,34044.43000000,10140.67337000,2023-10-26 15:59:59.999,346068310.21126750,368001,4657.31843000,158944159.28728470,0
2023-10-26 16:00:00,34044.44000000,34123.60000000,33751.00000000,34044.02000000,6049.72060000,2023-10-26 19:59:59.999,205348742.92957530,212202,2849.02726000,96713961.82432310,0
2023-10-26 20:00:00,34044.02000000,34278.00000000,34023.74000000,34151.66000000,3285.41458000,2023-10-26 23:59:59.999,112221665.45674220,124468,1546.28149000,52817799.25458810,0
2023-10-27 00:00:00,34151.66000000,34171.28000000,33780.00000000,34117.08000000,4153.96403000,2023-10-27 03:59:59.999,141285753.29858880,177400,1901.58952000,64686067.37482930,0
2023-10-27 04:00:00,34117.09000000,34245.00000000,33921.84000000,33942.00000000,4632.17928000,2023-10-27 07:59:59.999,157840123.79113790,156912,1780.14061000,60663907.73618530,0
2023-10-27 08:00:00,33941.99000000,34177.00000000,33935.59000000,34047.01000000,4103.34074000,2023-10-27 11:59:59.999,139797209.87351000,141031,1651.39725000,56255370.82848080,0
2023-10-27 12:00:00,34047.00000000,34195.21000000,33820.48000000,33999.48000000,8705.71000000,2023-10-27 15:59:59.999,296235269.60216280,295446,3898.96079000,132672564.26081350,0
2023-10-27 16:00:00,33999.48000000,34033.48000000,33390.95000000,33698.54000000,7648.42293000,2023-10-27 19:59:59.999,257347135.64437110,240562,3626.73356000,122048778.91449220,0
2023-10-27 20:00:00,33698.54000000,33941.11000000,33679.44000000,33892.02000000,3086.78408000,2023-10-27 23:59:59.999,104383931.21007140,100889,1451.50256000,49079008.80960030,0
2023-10-28 00:00:00,33892.01000000,34146.00000000,33860.00000000,34060.00000000,2335.65739000,2023-10-28 03:59:59.999,79367839.05672780,95447,1244.14021000,42278215.73076980,0
2023-10-28 04:00:00,34059.99000000,34185.00000000,34019.33000000,34044.99000000,2291.45877000,2023-10-28 07:59:59.999,78124669.61140010,90342,1032.54893000,35204997.79330090,0
2023-10-28 08:00:00,34045.00000000,34493.33000000,34031.26000000,34175.84000000,4892.05545000,2023-10-28 11:59:59.999,167380493.14052300,140120,2453.94285000,83980439.25292790,0
2023-10-28 12:00:00,34175.85000000,34239.70000000,33907.79000000,34192.98000000,3899.83910000,2023-10-28 15:59:59.999,132941734.79273160,140070,1898.61909000,64720455.97649460,0
2023-10-28 16:00:00,34192.97000000,34219.58000000,34077.00000000,34112.07000000,2130.66221000,2023-10-28 19:59:59.999,72724772.75125540,79117,1051.35909000,35884093.08414990,0
2023-10-28 20:00:00,34112.07000000,34190.00000000,34060.78000000,34081.00000000,1330.45852000,2023-10-28 23:59:59.999,45397013.99471510,62342,632.69742000,21588417.74871880,0
2023-10-29 00:00:00,34081.01000000,34099.62000000,33952.00000000,33970.87000000,2004.83179000,2023-10-29 03:59:59.999,68202703.02343000,88653,860.24560000,29264857.17982310,0
2023-10-29 04:00:00,33970.87000000,34136.28000000,33930.00000000,34076.61000000,1406.72939000,2023-10-29 07:59:59.999,47894163.11709870,65657,636.13196000,21658629.74988300,0
2023-10-29 08:00:00,34076.60000000,34321.89000000,34074.44000000,34253.81000000,2878.54864000,2023-10-29 11:59:59.999,98493180.56847240,114626,1451.54604000,49660577.58247760,0
2023-10-29 12:00:00,34253.81000000,34559.22000000,34253.80000000,34449.99000000,5341.38473000,2023-10-29 15:59:59.999,183886956.39220240,166329,2751.69623000,94748846.57143070,0
2023-10-29 16:00:00,34449.99000000,34750.11000000,34372.00000000,34561.97000000,5585.25816000,2023-10-29 19:59:59.999,193212083.27756550,163050,2715.20914000,93918858.73712420,0
2023-10-29 20:00:00,34561.97000000,34720.00000000,34400.61000000,34525.89000000,3468.76905000,2023-10-29 23:59:59.999,119963898.80032740,119165,1639.13199000,56681911.97610810,0
2023-10-30 00:00:00,34525.88000000,34570.51000000,34181.47000000,34270.42000000,4239.81737000,2023-10-30 03:59:59.999,145669054.03834920,143991,2019.66081000,69374604.63401840,0
2023-10-30 04:00:00,34270.42000000,34348.55000000,34114.74000000,34193.46000000,3937.49440000,2023-10-30 07:59:59.999,134892358.13969190,133031,1589.27706000,54451340.81300350,0
2023-10-30 08:00:00,34193.46000000,34679.81000000,34161.10000000,34608.51000000,6064.00017000,2023-10-30 11:59:59.999,209091386.27289190,205815,3071.58155000,105921126.65745380,0
2023-10-30 12:00:00,34608.51000000,34856.00000000,34470.00000000,34656.32000000,8870.13568000,2023-10-30 15:59:59.999,307628426.48510540,281276,4301.14554000,149173657.27303730,0
2023-10-30 16:00:00,34656.33000000,34656.33000000,34062.84000000,34432.11000000,7331.80509000,2023-10-30 19:59:59.999,251736551.61596780,228732,3003.32847000,103086495.46149330,0
2023-10-30 20:00:00,34432.12000000,34569.68000000,34320.00000000,34474.73000000,3214.70705000,2023-10-30 23:59:59.999,110754131.09009920,124882,1252.57438000,43154965.69811310,0
2023-10-31 00:00:00,34474.74000000,34600.00000000,34202.33000000,34209.33000000,5051.31409000,2023-10-31 03:59:59.999,173812396.10855010,167682,2064.78875000,71059684.62035430,0
2023-10-31 04:00:00,34209.32000000,34352.25000000,34082.89000000,34145.21000000,5057.82579000,2023-10-31 07:59:59.999,173144196.60574680,176650,2490.33343000,85250337.69155940,0
2023-10-31 08:00:00,34145.22000000,34535.75000000,34025.00000000,34488.27000000,5689.43440000,2023-10-31 11:59:59.999,195447206.78261420,211196,2938.16008000,100932622.05290290,0
2023-10-31 12:00:00,34488.26000000,34514.00000000,34130.00000000,34272.19000000,6831.14765000,2023-10-31 15:59:59.999,234210512.12323210,262001,3084.01092000,105724249.24754380,0
2023-10-31 16:00:00,34272.19000000,34588.00000000,34223.26000000,34540.30000000,4824.38383000,2023-10-31 19:59:59.999,166084783.65120560,184970,2539.44020000,87430295.78092220,0
2023-10-31 20:00:00,34540.30000000,34720.49000000,34430.00000000,34639.77000000,5283.79246000,2023-10-31 23:59:59.999,182743349.21713940,176554,2727.06162000,94325714.10356550,0
2023-11-01 00:00:00,34639.78000000,34668.05000000,34400.00000000,34418.40000000,3748.08595000,2023-11-01 03:59:59.999,129364968.47331200,140548,1645.50057000,56792789.10650440,0
2023-11-01 04:00:00,34418.39000000,34498.57000000,34316.00000000,34451.28000000,3216.51258000,2023-11-01 07:59:59.999,110687955.66105380,124265,1493.83099000,51406565.88711380,0
2023-11-01 08:00:00,34451.28000000,34493.48000000,34345.00000000,34424.07000000,3350.79713000,2023-11-01 11:59:59.999,115337806.71591430,125521,1325.79162000,45631846.25613850,0
2023-11-01 12:00:00,34424.07000000,35200.00000000,34097.39000000,34291.94000000,18986.89718000,2023-11-01 15:59:59.999,656416623.43275720,497686,9020.50014000,312063008.50462640,0
2023-11-01 16:00:00,34291.94000000,34738.07000000,34280.02000000,34557.67000000,9620.10712000,2023-11-01 19:59:59.999,332054741.50346950,317858,4857.54209000,167675338.24317450,0
2023-11-01 20:00:00,34557.67000000,35582.00000000,34540.00000000,35421.43000000,14550.88169000,2023-11-01 23:59:59.999,512486724.69294680,418757,7435.83749000,261818343.47010890,0
2023-11-02 00:00:00,35421.43000000,35984.99000000,35362.00000000,35571.68000000,9449.66438000,2023-11-02 03:59:59.999,336647156.71809210,281738,4730.90116000,168557580.07136860,0
2023-11-02 04:00:00,35571.68000000,35600.00000000,35063.25000000,35279.85000000,6885.55379000,2023-11-02 07:59:59.999,243027671.65954310,210480,3136.41426000,110700482.67496690,0
2023-11-02 08:00:00,35279.86000000,35478.02000000,35095.00000000,35373.56000000,5508.48405000,2023-11-02 11:59:59.999,194593765.67393860,175768,2714.26250000,95873120.63354280,0
2023-11-02 12:00:00,35373.56000000,35457.96000000,34537.99000000,34640.01000000,12490.69697000,2023-11-02 15:59:59.999,436366506.49743380,359134,5998.30935000,209567040.30565280,0
2023-11-02 16:00:00,34640.01000000,35017.42000000,34300.00000000,35000.01000000,8717.23406000,2023-11-02 19:59:59.999,302252232.22602980,260776,4494.37166000,155868299.26938620,0
2023-11-02 20:00:00,35000.00000000,35097.19000000,34706.51000000,34941.59000000,4963.94407000,2023-11-02 23:59:59.999,173254365.31713360,162941,2229.09457000,77799196.00001380,0
2023-11-03 00:00:00,34941.58000000,34946.50000000,34366.70000000,34681.92000000,6231.00684000,2023-11-03 03:59:59.999,215639385.73202440,204071,2972.02509000,102825020.03259380,0
2023-11-03 04:00:00,34681.91000000,34696.40000000,34310.00000000,34464.97000000,5176.71251000,2023-11-03 07:59:59.999,178403315.99737600,169499,2456.51347000,84649970.04600440,0
2023-11-03 08:00:00,34464.98000000,34626.12000000,34120.00000000,34252.40000000,9096.58315000,2023-11-03 11:59:59.999,312080581.61739890,255913,4758.50525000,163236311.17981880,0
2023-11-03 12:00:00,34252.39000000,34848.79000000,34150.68000000,34763.71000000,8827.89146000,2023-11-03 15:59:59.999,305138784.85436710,270139,4535.15438000,156727215.20531620,0
2023-11-03 16:00:00,34763.71000000,34822.15000000,34323.37000000,34530.71000000,6448.30059000,2023-11-03 19:59:59.999,222739159.06407320,216669,2945.21197000,101741535.92062890,0
2023-11-03 20:00:00,34530.71000000,34740.00000000,34485.65000000,34716.78000000,3290.71189000,2023-11-03 23:59:59.999,113961604.30062270,121082,1501.44653000,51996115.39057250,0
2023-11-04 00:00:00,34716.78000000,34786.68000000,34632.47000000,34708.90000000,2289.85455000,2023-11-04 03:59:59.999,79470552.40219430,114897,1069.23306000,37110003.16504150,0
2023-11-04 04:00:00,34708.91000000,35000.00000000,34585.18000000,34767.99000000,4121.79956000,2023-11-04 07:59:59.999,143368228.24161690,173829,2207.38133000,76796126.40133550,0
2023-11-04 08:00:00,34767.99000000,34884.93000000,34680.13000000,34712.37000000,2852.30152000,2023-11-04 11:59:59.999,99211287.64154230,125793,1263.43467000,43944182.52958320,0
2023-11-04 12:00:00,34712.37000000,34803.97000000,34644.00000000,34709.91000000,2652.63136000,2023-11-04 15:59:59.999,92095117.02629990,128067,1265.31531000,43927716.96486000,0
2023-11-04 16:00:00,34709.91000000,34795.46000000,34692.52000000,34730.73000000,1532.96881000,2023-11-04 19:59:59.999,53256607.89660200,87747,763.50821000,26524754.35845250,0
2023-11-04 20:00:00,34730.74000000,35255.00000000,34708.54000000,35062.07000000,4927.99965000,2023-11-04 23:59:59.999,172556805.21157990,164454,2660.29391000,93176971.49802070,0
2023-11-05 00:00:00,35062.06000000,35300.00000000,34935.00000000,35277.01000000,3702.56606000,2023-11-05 03:59:59.999,129813848.82555230,157365,1905.01725000,66808983.50894050,0
2023-11-05 04:00:00,35277.02000000,35305.75000000,35043.92000000,35162.46000000,3529.75253000,2023-11-05 07:59:59.999,124109134.87732500,143611,1766.90288000,62126119.26368650,0
2023-11-05 08:00:00,35162.46000000,35188.68000000,35000.20000000,35085.98000000,3592.01797000,2023-11-05 11:59:59.999,126072434.31350580,137543,1468.29549000,51531893.11520650,0
2023-11-05 12:00:00,35085.97000000,35172.20000000,34757.47000000,34882.92000000,4242.30621000,2023-11-05 15:59:59.999,148298901.01392230,202014,2022.08885000,70685192.13455760,0
2023-11-05 16:00:00,34882.92000000,35278.54000000,34867.14000000,34988.21000000,3621.09621000,2023-11-05 19:59:59.999,126988354.18854130,166551,1830.50592000,64193836.82646120,0
2023-11-05 20:00:00,34988.20000000,35380.00000000,34448.00000000,35011.88000000,5840.99478000,2023-11-05 23:59:59.999,204068300.78264260,231384,2877.52154000,100566051.05115040,0
2023-11-06 00:00:00,35011.89000000,35118.71000000,34830.00000000,34978.38000000,3649.84040000,2023-11-06 03:59:59.999,127601392.90102870,157283,1742.13471000,60898042.50867090,0
2023-11-06 04:00:00,34978.38000000,35024.99000000,34725.90000000,34904.72000000,3041.02859000,2023-11-06 07:59:59.999,105959220.60238730,136055,1411.07641000,49170993.02867500,0
2023-11-06 08:00:00,34904.72000000,35276.33000000,34827.01000000,35232.45000000,4297.55628000,2023-11-06 11:59:59.999,150825239.08748310,180883,2183.73427000,76651493.02475600,0
2023-11-06 12:00:00,35232.45000000,35250.00000000,34902.06000000,35080.95000000,5415.59252000,2023-11-06 15:59:59.999,190113079.92050190,224977,2593.59349000,91045582.91749850,0
2023-11-06 16:00:00,35080.95000000,35111.10000000,34810.64000000,35054.68000000,3397.16247000,2023-11-06 19:59:59.999,118805811.20796070,164604,1687.65784000,59019374.89870290,0
2023-11-06 20:00:00,35054.67000000,35150.00000000,34892.03000000,35046.09000000,2545.29060000,2023-11-06 23:59:59.999,89122958.54595880,124444,1152.08055000,40340794.77478730,0
2023-11-07 00:00:00,35046.09000000,35053.41000000,34790.64000000,34919.01000000,3383.15291000,2023-11-07 03:59:59.999,118073185.44434820,166620,1603.26703000,55952770.36411270,0
2023-11-07 04:00:00,34919.01000000,34971.77000000,34822.36000000,34937.71000000,2463.23402000,2023-11-07 07:59:59.999,85949598.79079010,114820,1138.77586000,39737873.63129470,0
2023-11-07 08:00:00,34937.71000000,34975.90000000,34551.00000000,34627.83000000,5977.50833000,2023-11-07 11:59:59.999,207703491.18430770,230004,2654.72762000,92239039.23194340,0
2023-11-07 12:00:00,34627.83000000,34840.88000000,34523.06000000,34721.23000000,5012.74142000,2023-11-07 15:59:59.999,174004649.51871290,203969,2505.24364000,86967608.18202910,0
2023-11-07 16:00:00,34721.23000000,35579.70000000,34560.00000000,35453.98000000,12011.04393000,2023-11-07 19:59:59.999,422720072.82159110,350563,6481.93499000,228129210.05418990,0
2023-11-07 20:00:00,35453.98000000,35888.00000000,35200.18000000,35399.12000000,9841.05631000,2023-11-07 23:59:59.999,349580363.43810270,286820,4991.31954000,177355508.19637180,0
2023-11-08 00:00:00,35399.13000000,35419.29000000,35231.08000000,35269.68000000,2888.44478000,2023-11-08 03:59:59.999,102057360.44994240,111955,1326.63014000,46876578.25995410,0
2023-11-08 04:00:00,35269.69000000,35361.70000000,35167.78000000,35226.40000000,2664.83548000,2023-11-08 07:59:59.999,93980893.85506760,111786,1208.60163000,42626898.81701980,0
2023-11-08 08:00:00,35226.39000000,35437.09000000,35185.95000000,35330.79000000,4576.58915000,2023-11-08 11:59:59.999,161647180.37711400,144142,2549.41023000,90045053.82659190,0
2023-11-08 12:00:00,35330.80000000,35469.29000000,35100.00000000,35225.68000000,4799.53965000,2023-11-08 15:59:59.999,169440476.15613670,177355,2489.57404000,87898619.59870590,0
2023-11-08 16:00:00,35225.67000000,35768.84000000,35185.00000000,35621.99000000,6363.85633000,2023-11-08 19:59:59.999,225692191.78377880,220374,3384.47232000,120015343.83083830,0
2023-11-08 20:00:00,35622.00000000,36106.00000000,35390.00000000,35624.72000000,12108.07598000,2023-11-08 23:59:59.999,432674057.87068830,366956,6234.13614000,222852141.04677970,0
2023-11-09 00:00:00,35624.72000000,36550.00000000,35534.05000000,36438.37000000,11800.31687000,2023-11-09 03:59:59.999,426690073.09818800,360993,6022.56002000,217789396.00703920,0
2023-11-09 04:00:00,36438.38000000,36863.91000000,36415.01000000,36533.04000000,9881.69266000,2023-11-09 07:59:59.999,362067290.54701780,252309,4734.30167000,173460233.99380380,0
2023-11-09 08:00:00,36533.05000000,36990.00000000,36530.00000000,36805.71000000,7641.34765000,2023-11-09 11:59:59.999,280730123.20692320,192791,4004.14347000,147121839.69893730,0
2023-11-09 12:00:00,36805.71000000,37972.24000000,36759.00000000,37084.02000000,25282.63532000,2023-11-09 15:59:59.999,945725379.30820270,515538,13878.18878000,519085715.09072320,0
2023-11-09 16:00:00,37084.03000000,37211.10000000,35600.00000000,36382.20000000,20436.92683000,2023-11-09 19:59:59.999,744332291.61039590,576637,9520.39053000,346732469.51446880,0
2023-11-09 20:00:00,36382.21000000,36784.57000000,36139.57000000,36701.09000000,7494.96952000,2023-11-09 23:59:59.999,273872765.01195410,240497,3997.22789000,146065326.74021540,0
2023-11-10 00:00:00,36701.10000000,36919.06000000,36446.20000000,36733.27000000,5576.15963000,2023-11-10 03:59:59.999,204587309.82695990,205398,2988.80727000,109666739.99721430,0
2023-11-10 04:00:00,36733.27000000,36807.69000000,36427.61000000,36439.98000000,6598.97934000,2023-11-10 07:59:59.999,241830026.45844610,177478,2896.09109000,106187307.66458330,0
2023-11-10 08:00:00,36439.98000000,37147.20000000,36324.71000000,37071.09000000,7391.32020000,2023-11-10 11:59:59.999,271365381.16372210,230996,4100.33416000,150564544.62985650,0
2023-11-10 12:00:00,37071.10000000,37260.19000000,36822.00000000,37082.14000000,9124.64217000,2023-11-10 15:59:59.999,338123895.02353380,280857,4581.99113000,169807133.41499920,0
2023-11-10 16:00:00,37082.13000000,37455.00000000,37080.00000000,37225.96000000,9459.37419000,2023-11-10 19:59:59.999,352812998.93087750,236947,4272.34825000,159353000.31582860,0
2023-11-10 20:00:00,37225.96000000,37526.00000000,37070.19000000,37301.63000000,5263.57345000,2023-11-10 23:59:59.999,196349563.12056380,166053,2548.99689000,95093092.74588510,0
2023-11-11 00:00:00,37301.63000000,37408.26000000,36900.10000000,37039.97000000,5167.05914000,2023-11-11 03:59:59.999,191919406.71710850,181857,2273.27273000,84447621.08695060,0
2023-11-11 04:00:00,37039.97000000,37134.85000000,36920.73000000,37006.40000000,3675.17773000,2023-11-11 07:59:59.999,136142286.16623700,140712,1659.86533000,61491537.83864670,0
2023-11-11 08:00:00,37006.40000000,37056.25000000,36910.00000000,36988.52000000,2618.77630000,2023-11-11 11:59:59.999,96864206.67048750,115670,1307.93545000,48377882.56440940,0
2023-11-11 12:00:00,36988.51000000,37274.30000000,36951.10000000,37050.77000000,4126.50062000,2023-11-11 15:59:59.999,153226953.22140160,163754,1984.04803000,73671343.59623620,0
2023-11-11 16:00:00,37050.78000000,37175.00000000,37030.20000000,37148.79000000,3185.90598000,2023-11-11 19:59:59.999,118253225.65126470,148505,1600.85995000,59419501.14875330,0
2023-11-11 20:00:00,37148.79000000,37155.00000000,36666.93000000,37130.00000000,4211.55258000,2023-11-11 23:59:59.999,155518534.30744340,172802,1902.67643000,70265293.43292350,0
2023-11-12 00:00:00,37129.99000000,37180.00000000,36731.10000000,36988.77000000,3440.45414000,2023-11-12 03:59:59.999,127124416.01586970,161705,1580.93962000,58404800.15356190,0
2023-11-12 04:00:00,36988.76000000,37171.10000000,36913.28000000,37127.95000000,2922.37844000,2023-11-12 07:59:59.999,108352259.03422250,127904,1453.10885000,53866230.34444150,0
2023-11-12 08:00:00,37127.95000000,37132.36000000,37026.69000000,37055.50000000,2825.04469000,2023-11-12 11:59:59.999,104761874.65950650,130125,1330.45145000,49336522.58984870,0
2023-11-12 12:00:00,37055.49000000,37222.22000000,36931.10000000,37152.11000000,3875.65107000,2023-11-12 15:59:59.999,143755725.62413750,165806,1958.96271000,72669812.72295470,0
2023-11-12 16:00:00,37152.10000000,37200.00000000,37051.95000000,37105.01000000,2221.61782000,2023-11-12 19:59:59.999,82476413.12836060,113792,1055.87678000,39199202.48996120,0
2023-11-12 20:00:00,37105.00000000,37202.09000000,36938.23000000,37064.13000000,2402.04258000,2023-11-12 23:59:59.999,89100124.67617430,111553,1127.12110000,41808799.24398000,0
2023-11-13 00:00:00,37064.13000000,37417.99000000,36852.11000000,36914.01000000,5822.70718000,2023-11-13 03:59:59.999,216188885.30806540,205110,2846.63304000,105707416.99011840,0
2023-11-13 04:00:00,36914.01000000,37044.88000000,36755.00000000,36960.29000000,3900.97629000,2023-11-13 07:59:59.999,143978015.56845380,152655,1913.94108000,70655693.66548960,0
2023-11-13 08:00:00,36960.28000000,37050.00000000,36692.58000000,36810.02000000,4369.74620000,2023-11-13 11:59:59.999,161299358.64148460,160682,1997.93992000,73748448.99939290,0
2023-11-13 12:00:00,36810.02000000,36945.89000000,36534.04000000,36841.91000000,7276.03185000,2023-11-13 15:59:59.999,267610725.41883080,266833,3477.82884000,127928640.77170730,0
2023-11-13 16:00:00,36841.90000000,37031.45000000,36601.00000000,36844.98000000,4846.32949000,2023-11-13 19:59:59.999,178304485.98917460,192332,2246.71805000,82672928.61831500,0
2023-11-13 20:00:00,36844.98000000,36875.00000000,36333.00000000,36462.93000000,6582.39151000,2023-11-13 23:59:59.999,240655991.37813520,239579,2959.38419000,108203465.86629420,0
2023-11-14 00:00:00,36462.93000000,36490.22000000,36190.17000000,36448.07000000,4651.02522000,2023-11-14 03:59:59.999,169111020.24680390,167642,2102.04092000,76441359.21768190,0
2023-11-14 04:00:00,36448.08000000,36714.11000000,36381.10000000,36683.86000000,2922.79831000,2023-11-14 07:59:59.999,106965966.66073780,114041,1457.88254000,53350957.00229160,0
2023-11-14 08:00:00,36683.86000000,36744.00000000,36236.36000000,36259.18000000,5833.01448000,2023-11-14 11:59:59.999,212896962.10438830,193584,2490.86907000,90889074.54376020,0
2023-11-14 12:00:00,36259.17000000,36693.01000000,35889.00000000,36147.09000000,10629.71435000,2023-11-14 15:59:59.999,386425586.07040090,328031,5098.48717000,185398575.69370020,0
2023-11-14 16:00:00,36147.09000000,36417.23000000,34800.00000000,35293.99000000,15656.19522000,2023-11-14 19:59:59.999,557656174.05894750,436479,7075.37829000,252071467.76816170,0
2023-11-14 20:00:00,35294.00000000,35673.14000000,35214.39000000,35551.19000000,5810.93658000,2023-11-14 23:59:59.999,206075075.94553170,164651,2980.52816000,105690208.65528240,0
2023-11-15 00:00:00,35551.20000000,35665.45000000,35360.00000000,35381.99000000,5203.09563000,2023-11-15 03:59:59.999,184552360.20691030,134339,2536.19739000,89955015.96584940,0
2023-11-15 04:00:00,35382.00000000,35661.04000000,35375.38000000,35576.88000000,3200.65003000,2023-11-15 07:59:59.999,113845967.68260980,110905,1557.91867000,55410976.85696170,0
2023-11-15 08:00:00,35576.88000000,36278.62000000,35576.88000000,36240.94000000,7279.36097000,2023-11-15 11:59:59.999,261390895.71580630,200174,3930.68751000,141138737.83963450,0
2023-11-15 12:00:00,36240.95000000,36416.51000000,36002.35000000,36402.42000000,7663.06886000,2023-11-15 15:59:59.999,277287796.69531550,225417,4103.61425000,148512640.37944440,0
2023-11-15 16:00:00,36402.43000000,37774.14000000,36254.00000000,37499.99000000,19742.85560000,2023-11-15 19:59:59.999,731654181.32785380,557131,10553.76277000,391106167.32445430,0
2023-11-15 20:00:00,37499.99000000,37980.00000000,37306.49000000,37858.20000000,10480.10276000,2023-11-15 23:59:59.999,394518454.88097800,317461,5459.96181000,205545963.62707650,0
2023-11-16 00:00:00,37858.20000000,37929.54000000,37337.57000000,37454.98000000,5899.68672000,2023-11-16 03:59:59.999,222023615.11666820,214851,2567.19748000,96602186.66030300,0
2023-11-16 04:00:00,37454.99000000,37621.10000000,37307.55000000,37437.25000000,3745.59295000,2023-11-16 07:59:59.999,140280403.73072730,142329,1863.02773000,69783550.03973860,0
2023-11-16 08:00:00,37437.25000000,37544.00000000,37121.09000000,37247.48000000,5941.88084000,2023-11-16 11:59:59.999,221902287.33875770,230557,2809.26781000,104928232.35273680,0
2023-11-16 12:00:00,37247.49000000,37319.99000000,36256.15000000,36406.00000000,12973.96687000,2023-11-16 15:59:59.999,477378112.08252370,390582,6066.58224000,223256919.55940490,0
2023-11-16 16:00:00,36406.00000000,36642.31000000,35500.00000000,35921.01000000,11093.12179000,2023-11-16 19:59:59.999,400627250.68988200,332459,5005.29345000,180783292.79646620,0
2023-11-16 20:00:00,35921.01000000,36273.32000000,35666.00000000,36163.51000000,7836.14649000,2023-11-16 23:59:59.999,282291670.05661370,231668,3902.68057000,140578373.72447730,0
2023-11-17 00:00:00,36163.51000000,36673.69000000,36101.44000000,36483.99000000,5583.82188000,2023-11-17 03:59:59.999,203221555.47598640,175244,2793.50317000,101660629.08318050,0
2023-11-17 04:00:00,36484.00000000,36521.44000000,36145.55000000,36239.76000000,5666.70131000,2023-11-17 07:59:59.999,205937232.23947450,158452,2464.50656000,89562281.71305030,0
2023-11-17 08:00:00,36239.76000000,36464.00000000,36121.00000000,36372.83000000,4890.88110000,2023-11-17 11:59:59.999,177655985.23771950,191879,2329.58013000,84621757.22999360,0
2023-11-17 12:00:00,36372.82000000,36620.00000000,35861.10000000,36044.80000000,8673.98523000,2023-11-17 15:59:59.999,314205900.52754770,331325,4083.39580000,147980899.78525050,0
2023-11-17 16:00:00,36044.79000000,36800.00000000,35909.17000000,36322.40000000,9576.63530000,2023-11-17 19:59:59.999,348222215.61766690,340534,4786.69256000,174053862.83886570,0
2023-11-17 20:00:00,36322.40000000,36723.59000000,36308.00000000,36613.92000000,3891.58630000,2023-11-17 23:59:59.999,141982162.09393220,151888,1945.68589000,70986452.49140590,0
2023-11-18 00:00:00,36613.91000000,36613.92000000,36360.22000000,36371.81000000,2299.53542000,2023-11-18 03:59:59.999,83816905.12096130,106293,1049.09583000,38234077.19413660,0
2023-11-18 04:00:00,36371.80000000,36428.00000000,36178.58000000,36417.16000000,2814.36769000,2023-11-18 07:59:59.999,102254182.99790470,126469,1334.88679000,48503193.63432070,0
2023-11-18 08:00:00,36417.15000000,36538.61000000,36375.28000000,36402.80000000,2149.96659000,2023-11-18 11:59:59.999,78353583.67842510,106007,1064.30468000,38788831.83390960,0
2023-11-18 12:00:00,36402.79000000,36682.20000000,36347.69000000,36664.16000000,3645.00442000,2023-11-18 15:59:59.999,133078622.17479960,155719,1838.29880000,67122741.59537510,0
2023-11-18 16:00:00,36664.17000000,36845.49000000,36600.10000000,36679.10000000,3784.84081000,2023-11-18 19:59:59.999,138878419.25480070,161038,1792.36819000,65768002.04860390,0
2023-11-18 20:00:00,36679.09000000,36707.16000000,36443.10000000,36568.10000000,2408.52693000,2023-11-18 23:59:59.999,88052356.29877200,128972,1022.59327000,37378259.12368640,0
2023-11-19 00:00:00,36568.11000000,36573.44000000,36388.27000000,36521.11000000,2116.93728000,2023-11-19 03:59:59.999,77214377.29478200,107540,990.06297000,36106432.91630220,0
2023-11-19 04:00:00,36521.11000000,36669.00000000,36489.02000000,36611.50000000,2050.36405000,2023-11-19 07:59:59.999,75001824.60088950,99332,1060.36729000,38787205.29133150,0
2023-11-19 08:00:00,36611.49000000,36716.00000000,36384.02000000,36453.62000000,2580.92549000,2023-11-19 11:59:59.999,94304860.53158940,132851,1245.33218000,45505509.90822640,0
2023-11-19 12:00:00,36453.63000000,36570.00000000,36385.70000000,36568.27000000,2681.83136000,2023-11-19 15:59:59.999,97816840.41249070,132681,1257.28802000,45856930.45097640,0
2023-11-19 16:00:00,36568.27000000,36986.44000000,36511.11000000,36948.97000000,4671.72416000,2023-11-19 19:59:59.999,171724998.96611360,158667,2345.73624000,86226218.10263420,0
2023-11-19 20:00:00,36948.97000000,37500.00000000,36800.00000000,37359.86000000,7144.56414000,2023-11-19 23:59:59.999,265468937.63129400,231329,3676.46623000,136607572.13687130,0
2023-11-20 00:00:00,37359.85000000,37382.68000000,37038.30000000,37114.34000000,4380.59501000,2023-11-20 03:59:59.999,163115742.76114680,168733,1940.52632000,72256375.06749070,0
2023-11-20 04:00:00,37114.34000000,37257.08000000,37040.17000000,37244.47000000,2513.17118000,2023-11-20 07:59:59.999,93359371.54388230,120526,1140.59501000,42372476.14550300,0
2023-11-20 08:00:00,37244.47000000,37420.00000000,37061.10000000,37147.50000000,5201.70628000,2023-11-20 11:59:59.999,193530187.59756310,201986,2614.65992000,97281302.98890730,0
2023-11-20 12:00:00,37147.51000000,37493.20000000,36677.00000000,37461.61000000,8457.57894000,2023-11-20 15:59:59.999,314534546.57374590,320640,4349.30802000,161798455.40484850,0
2023-11-20 16:00:00,37461.62000000,37750.00000000,36812.13000000,37569.23000000,11506.10421000,2023-11-20 19:59:59.999,430697471.72248380,460223,5711.90784000,213821344.40920260,0
2023-11-20 20:00:00,37569.23000000,37605.76000000,37271.10000000,37448.78000000,3963.54729000,2023-11-20 23:59:59.999,148485322.18765320,212942,1834.22941000,68716029.72376620,0
2023-11-21 00:00:00,37448.79000000,37649.44000000,37304.72000000,37464.86000000,3770.22936000,2023-11-21 03:59:59.999,141324544.26785350,188377,1783.55029000,66860749.66053950,0
2023-11-21 04:00:00,37464.86000000,37480.17000000,37241.25000000,37279.91000000,2518.10147000,2023-11-21 07:59:59.999,94059327.59719810,128223,1101.56576000,41149665.91939800,0
2023-11-21 08:00:00,37279.91000000,37418.00000000,37150.00000000,37174.97000000,2879.73137000,2023-11-21 11:59:59.999,107444845.27383720,134504,1286.81885000,48012411.53616210,0
2023-11-21 12:00:00,37174.97000000,37229.97000000,36250.00000000,36975.04000000,15562.92218000,2023-11-21 15:59:59.999,571976048.27493330,500954,7310.74607000,268606795.91700340,0
2023-11-21 16:00:00,36975.03000000,37500.00000000,36580.00000000,36980.00000000,11546.84780000,2023-11-21 19:59:59.999,427329907.95478670,529623,5663.48720000,209630281.02994820,0
2023-11-21 20:00:00,36979.99000000,37170.00000000,35735.00000000,35741.65000000,11368.71586000,2023-11-21 23:59:59.999,414612822.61324580,455214,5225.25251000,190660105.49480880,0
2023-11-22 00:00:00,35741.65000000,36380.00000000,35632.01000000,36380.00000000,8021.60838000,2023-11-22 03:59:59.999,289522605.45134760,254733,4719.37208000,170405897.77532050,0
2023-11-22 04:00:00,36379.99000000,36558.87000000,36325.44000000,36439.81000000,4670.23906000,2023-11-22 07:59:59.999,170190229.23372220,176658,2470.19417000,90013897.19094760,0
2023-11-22 08:00:00,36439.80000000,36773.53000000,36391.03000000,36463.93000000,4677.77640000,2023-11-22 11:59:59.999,171097624.56785760,210077,2324.26608000,85023789.50151610,0
2023-11-22 12:00:00,36463.94000000,36650.00000000,36239.20000000,36481.14000000,6621.28988000,2023-11-22 15:59:59.999,241570656.80744210,278280,3127.57910000,114112655.23455700,0
2023-11-22 16:00:00,36481.15000000,37431.21000000,36372.58000000,37289.98000000,10097.37881000,2023-11-22 19:59:59.999,373258536.95785120,382300,5389.76995000,199234006.68342330,0
2023-11-22 20:00:00,37289.98000000,37861.10000000,37214.81000000,37408.34000000,10963.01444000,2023-11-22 23:59:59.999,411501369.40912730,346326,5015.53036000,188355221.94018910,0
2023-11-23 00:00:00,37408.35000000,37535.10000000,37240.00000000,37299.69000000,4156.03807000,2023-11-23 03:59:59.999,155328951.62777820,166641,1927.02698000,72030667.24772770,0
2023-11-23 04:00:00,37299.70000000,37411.59000000,37267.07000000,37369.21000000,2658.47303000,2023-11-23 07:59:59.999,99246597.94345440,115149,1133.36292000,42312155.20967310,0
2023-11-23 08:00:00,37369.22000000,37653.44000000,37159.95000000,37370.00000000,5573.62407000,2023-11-23 11:59:59.999,208537426.86717970,188897,2493.27619000,93305150.03531010,0
2023-11-23 12:00:00,37370.00000000,37530.00000000,36870.00000000,36951.34000000,5765.71549000,2023-11-23 15:59:59.999,214469111.65750160,227310,2773.05999000,103169727.80700950,0
2023-11-23 16:00:00,36951.34000000,37350.00000000,36917.00000000,37281.42000000,3452.87271000,2023-11-23 19:59:59.999,128373304.52114180,177009,1760.13288000,65431062.20838960,0
2023-11-23 20:00:00,37281.42000000,37385.00000000,37203.65000000,37294.28000000,2221.20545000,2023-11-23 23:59:59.999,82871256.23709160,117278,999.49236000,37290581.43671050,0
2023-11-24 00:00:00,37294.27000000,37494.57000000,37251.51000000,37315.65000000,2460.68333000,2023-11-24 03:59:59.999,92002831.76045470,126720,1223.15347000,45738398.92543670,0
2023-11-24 04:00:00,37315.64000000,37567.99000000,37300.39000000,37522.99000000,2717.47733000,2023-11-24 07:59:59.999,101638165.51151770,105570,1272.01405000,47580446.95385850,0
2023-11-24 08:00:00,37522.99000000,38035.46000000,37423.90000000,37741.99000000,11102.76664000,2023-11-24 11:59:59.999,418898357.43717450,325961,5923.37851000,223556682.03933790,0
2023-11-24 12:00:00,37741.99000000,38414.00000000,37600.00000000,38221.11000000,13063.06947000,2023-11-24 15:59:59.999,495994983.16151750,359326,6582.86839000,250014210.81014560,0
2023-11-24 16:00:00,38221.10000000,38349.00000000,37550.32000000,37766.11000000,11475.45047000,2023-11-24 19:59:59.999,434352357.72118660,314828,5619.84067000,212657365.52702860,0
2023-11-24 20:00:00,37766.11000000,37943.60000000,37580.00000000,37713.57000000,3861.35922000,2023-11-24 23:59:59.999,145829032.48729710,147009,1727.91727000,65255977.37637510,0
2023-11-25 00:00:00,37713.57000000,37839.44000000,37676.03000000,37798.00000000,2373.98986000,2023-11-25 03:59:59.999,89652075.02633770,106405,1113.37994000,42039715.00750640,0
2023-11-25 04:00:00,37797.99000000,37826.99000000,37720.00000000,37802.40000000,1474.49322000,2023-11-25 07:59:59.999,55705971.20686250,88175,697.39882000,26346110.49972980,0
2023-11-25 08:00:00,37802.40000000,37828.93000000,37591.10000000,37652.51000000,2311.89117000,2023-11-25 11:59:59.999,87155544.69161610,110951,1013.38307000,38202305.35105340,0
2023-11-25 12:00:00,37652.51000000,37734.99000000,37620.00000000,37704.38000000,1782.53780000,2023-11-25 15:59:59.999,67173203.36973450,97726,789.16696000,29737290.58208250,0
2023-11-25 16:00:00,37704.38000000,37835.39000000,37699.99000000,37819.43000000,1622.06417000,2023-11-25 19:59:59.999,61278267.91651080,81386,753.82625000,28479470.16685660,0
2023-11-25 20:00:00,37819.43000000,37888.00000000,37711.76000000,37780.67000000,1831.16842000,2023-11-25 23:59:59.999,69200189.54991330,84805,786.75612000,29731329.67786540,0
2023-11-26 00:00:00,37780.67000000,37784.63000000,37662.18000000,37730.38000000,1377.55520000,2023-11-26 03:59:59.999,51969756.12252690,80526,627.58214000,23675291.53704390,0
2023-11-26 04:00:00,37730.39000000,37793.67000000,37694.48000000,37789.78000000,1297.87233000,2023-11-26 07:59:59.999,49001972.07269520,69686,603.46455000,22784086.79029890,0
2023-11-26 08:00:00,37789.77000000,37814.63000000,37666.80000000,37679.31000000,1757.13236000,2023-11-26 11:59:59.999,66306790.16896550,95569,803.93444000,30337794.19056480,0
2023-11-26 12:00:00,37679.30000000,37679.31000000,37287.00000000,37437.11000000,7053.17203000,2023-11-26 15:59:59.999,264302812.86416970,244430,3252.52961000,121865255.19048880,0
2023-11-26 16:00:00,37437.11000000,37500.20000000,37150.00000000,37380.07000000,5225.61270000,2023-11-26 19:59:59.999,194810953.42486940,184277,2566.10247000,95664297.67028980,0
2023-11-26 20:00:00,37380.07000000,37748.00000000,37320.30000000,37447.43000000,4553.19261000,2023-11-26 23:59:59.999,170928908.93617240,173532,2350.90320000,88244548.66739200,0
2023-11-27 00:00:00,37447.42000000,37569.23000000,37200.00000000,37309.25000000,3126.25061000,2023-11-27 03:59:59.999,116873446.58403630,145238,1395.53698000,52166423.10724140,0
2023-11-27 04:00:00,37309.26000000,37419.56000000,37051.00000000,37283.19000000,3100.46613000,2023-11-27 07:59:59.999,115582237.73109660,160570,1365.92185000,50928766.17060800,0
2023-11-27 08:00:00,37283.20000000,37466.00000000,36900.00000000,37035.95000000,6528.86513000,2023-11-27 11:59:59.999,242793196.46926640,235793,3120.51836000,116065569.54911210,0
2023-11-27 12:00:00,37035.95000000,37100.00000000,36715.00000000,36751.02000000,8123.63363000,2023-11-27 15:59:59.999,299870892.72911240,288243,4038.67481000,149081424.56733990,0
2023-11-27 16:00:00,36751.01000000,37143.43000000,36707.00000000,36877.00000000,5701.39398000,2023-11-27 19:59:59.999,210773304.56666450,240082,2843.51094000,105125435.19909140,0
2023-11-27 20:00:00,36877.00000000,37284.00000000,36792.51000000,37242.70000000,3420.46428000,2023-11-27 23:59:59.999,126664357.19661600,168091,1694.47528000,62761476.97345140,0
2023-11-28 00:00:00,37242.70000000,37343.57000000,37102.47000000,37129.56000000,2560.73388000,2023-11-28 03:59:59.999,95290493.59100610,123171,1134.10422000,42203105.58722790,0
2023-11-28 04:00:00,37129.55000000,37152.31000000,36868.41000000,37105.11000000,3974.88240000,2023-11-28 07:59:59.999,147104121.74761350,169847,1907.01199000,70585394.01059340,0
2023-11-28 08:00:00,37105.11000000,37262.02000000,36931.10000000,37251.42000000,3375.56303000,2023-11-28 11:59:59.999,125159346.21048130,154514,1558.08616000,57783827.34010050,0
2023-11-28 12:00:00,37251.43000000,37568.28000000,37142.81000000,37513.19000000,5331.32867000,2023-11-28 15:59:59.999,199177519.06005880,232919,2740.71017000,102389607.27598240,0
2023-11-28 16:00:00,37513.20000000,38377.00000000,37513.19000000,38114.26000000,15744.36369000,2023-11-28 19:59:59.999,598475772.22197940,406689,7961.72684000,302631166.85405000,0
2023-11-28 20:00:00,38114.26000000,38284.66000000,37670.97000000,37818.87000000,6557.59500000,2023-11-28 23:59:59.999,249152998.85120650,185639,2866.92260000,108921169.87091750,0
2023-11-29 00:00:00,37818.88000000,38093.72000000,37677.96000000,37940.49000000,4909.94962000,2023-11-29 03:59:59.999,186168828.45975590,146074,2242.09846000,85010438.97569800,0
2023-11-29 04:00:00,37940.49000000,38235.36000000,37871.10000000,38096.69000000,3802.01892000,2023-11-29 07:59:59.999,144660996.04476620,121256,1819.13342000,69223653.42853900,0
2023-11-29 08:00:00,38096.70000000,38450.00000000,37878.17000000,38104.65000000,8172.68572000,2023-11-29 11:59:59.999,311917547.51555760,257727,4020.43515000,153490933.45816340,0
2023-11-29 12:00:00,38104.65000000,38280.00000000,37570.00000000,37830.75000000,8504.66640000,2023-11-29 15:59:59.999,322648634.17867350,280074,3865.41275000,146663021.02173880,0
2023-11-29 16:00:00,37830.74000000,37932.77000000,37650.00000000,37874.20000000,4122.44625000,2023-11-29 19:59:59.999,155737743.67149450,185688,1946.43288000,73532748.46625820,0
2023-11-29 20:00:00,37874.19000000,37884.72000000,37580.85000000,37854.64000000,3482.42416000,2023-11-29 23:59:59.999,131452755.79234240,140534,1695.45207000,63997160.12399940,0
2023-11-30 00:00:00,37854.65000000,38051.84000000,37686.84000000,38051.84000000,3089.37694000,2023-11-30 03:59:59.999,116922542.82698800,137717,1619.10636000,61285725.41696140,0
2023-11-30 00:00:00,37854.65000000,38051.84000000,37686.84000000,38051.84000000,3089.37694000,2023-11-30 03:59:59.999,116922542.82698800,137717,1619.10636000,61285725.41696140,0
2023-11-30 04:00:00,38051.84000000,38145.85000000,37767.11000000,37792.98000000,4973.86237000,2023-11-30 07:59:59.999,188618430.30718780,172066,1874.60872000,71108800.90487760,0
2023-11-30 08:00:00,37792.98000000,37905.26000000,37553.60000000,37885.15000000,4251.25810000,2023-11-30 11:59:59.999,160319371.03082040,176586,2053.40091000,77450371.24950770,0
2023-11-30 12:00:00,37885.15000000,37966.94000000,37500.00000000,37619.84000000,7175.66836000,2023-11-30 15:59:59.999,270662243.32545700,265529,3419.05548000,128976461.45892650,0
2023-11-30 16:00:00,37619.85000000,37807.37000000,37535.00000000,37749.34000000,3031.87293000,2023-11-30 19:59:59.999,114302750.08178350,148258,1458.31290000,54975331.05993870,0
2023-11-30 20:00:00,37749.34000000,37809.99000000,37604.00000000,37723.96000000,2218.25277000,2023-11-30 23:59:59.999,83665721.38857740,107635,1059.96987000,39976032.41435150,0
2023-12-01 00:00:00,37723.97000000,38082.42000000,37615.86000000,38043.05000000,4933.88554000,2023-12-01 03:59:59.999,186943766.72871030,185371,2515.36574000,95309811.56947500,0
2023-12-01 04:00:00,38043.04000000,38348.00000000,38022.67000000,38244.08000000,7011.86412000,2023-12-01 07:59:59.999,267826912.18755820,227518,3365.18442000,128523339.30651790,0
2023-12-01 08:00:00,38244.08000000,38833.00000000,38215.00000000,38580.17000000,11354.68130000,2023-12-01 11:59:59.999,437817253.87514100,328186,6343.64326000,244609398.63209550,0
2023-12-01 12:00:00,38580.17000000,38629.65000000,38219.00000000,38413.50000000,6597.90033000,2023-12-01 15:59:59.999,253272265.30098100,254287,3132.85649000,120249806.29877800,0
2023-12-01 16:00:00,38413.51000000,38999.00000000,38395.00000000,38762.40000000,9900.23568000,2023-12-01 19:59:59.999,383651888.24293850,362557,5175.59617000,200562037.65281710,0
2023-12-01 20:00:00,38762.40000000,38900.00000000,38645.00000000,38682.52000000,3617.09627000,2023-12-01 23:59:59.999,140238691.28865240,165498,1875.62693000,72723026.70351170,0
2023-12-02 00:00:00,38682.51000000,38795.05000000,38641.61000000,38782.27000000,2236.42755000,2023-12-02 03:59:59.999,86597636.93577790,117796,1066.86334000,41308818.14490010,0
2023-12-02 04:00:00,38782.27000000,38826.94000000,38702.47000000,38702.48000000,2038.73396000,2023-12-02 07:59:59.999,79042845.93703060,123698,915.40662000,35489629.10338020,0
2023-12-02 08:00:00,38702.48000000,38789.52000000,38651.10000000,38740.16000000,2142.02023000,2023-12-02 11:59:59.999,82973465.51978750,121493,901.04653000,34900270.29944010,0
2023-12-02 12:00:00,38740.17000000,38869.36000000,38708.64000000,38811.75000000,3232.54427000,2023-12-02 15:59:59.999,125371484.98593010,150224,1609.96346000,62444316.08074240,0
2023-12-02 16:00:00,38811.76000000,39705.00000000,38703.44000000,39420.00000000,10333.55099000,2023-12-02 19:59:59.999,404509648.44313660,330808,5494.55759000,215167800.29613770,0
2023-12-02 20:00:00,39419.99000000,39717.14000000,39286.54000000,39450.35000000,6713.64461000,2023-12-02 23:59:59.999,264926894.94440250,190671,3178.81632000,125452853.65000040,0
2023-12-03 00:00:00,39450.35000000,39555.53000000,39274.86000000,39381.11000000,3283.21647000,2023-12-03 03:59:59.999,129490760.16669380,126459,1453.49340000,57321394.59187460,0
2023-12-03 04:00:00,39381.12000000,39490.00000000,39315.39000000,39478.72000000,2130.05497000,2023-12-03 07:59:59.999,83944056.81846260,108270,985.10505000,38825383.75529390,0
2023-12-03 08:00:00,39478.71000000,39544.00000000,39400.00000000,39479.70000000,2096.23661000,2023-12-03 11:59:59.999,82734390.02987580,129132,1006.90800000,39739948.92132440,0
2023-12-03 12:00:00,39479.69000000,39805.93000000,39381.34000000,39760.42000000,5648.42960000,2023-12-03 15:59:59.999,223729337.05810590,292937,2896.16153000,114714696.56287360,0
2023-12-03 16:00:00,39760.42000000,39841.10000000,39430.01000000,39565.99000000,4098.19535000,2023-12-03 19:59:59.999,162367230.23601640,198487,1938.89613000,76823437.07497950,0
2023-12-03 20:00:00,39565.99000000,40250.00000000,39552.98000000,39972.26000000,9454.52035000,2023-12-03 23:59:59.999,377594866.74028990,296239,5052.73221000,201834366.26116320,0
2023-12-04 00:00:00,39972.26000000,40884.98000000,39972.26000000,40709.77000000,11807.31888000,2023-12-04 03:59:59.999,478179047.93627570,365603,6048.21804000,244953992.61480900,0
2023-12-04 04:00:00,40709.77000000,41750.00000000,40700.00000000,41441.10000000,14673.24426000,2023-12-04 07:59:59.999,605628020.55694160,371212,7601.34239000,313643980.94936000,0
2023-12-04 08:00:00,41441.10000000,42154.83000000,41349.43000000,41596.01000000,19218.60165000,2023-12-04 11:59:59.999,801225789.55623770,454972,8592.79548000,358492940.72690560,0
2023-12-04 12:00:00,41596.01000000,41914.16000000,41144.87000000,41270.33000000,14452.61587000,2023-12-04 15:59:59.999,600923524.14264700,374525,6275.82816000,261049418.07654850,0
2023-12-04 16:00:00,41270.32000000,42049.97000000,41179.55000000,41987.28000000,8928.03794000,2023-12-04 19:59:59.999,371895530.03181230,278098,4731.65561000,197110599.35281650,0
2023-12-04 20:00:00,41987.29000000,42420.00000000,41717.64000000,41991.10000000,10192.51199000,2023-12-04 23:59:59.999,427884931.91696650,267809,5345.77937000,224459930.36673710,0
2023-12-05 00:00:00,41991.10000000,41991.10000000,41622.21000000,41829.99000000,5569.22291000,2023-12-05 03:59:59.999,232671145.30479170,258142,2708.02655000,113129609.88078240,0
2023-12-05 04:00:00,41829.98000000,41919.08000000,41414.00000000,41528.00000000,6502.11306000,2023-12-05 07:59:59.999,270825002.54232430,257190,2798.64775000,116639308.50295550,0
2023-12-05 08:00:00,41528.00000000,41758.77000000,41420.00000000,41726.09000000,5282.22923000,2023-12-05 11:59:59.999,219932287.73927240,223295,2557.54374000,106491410.23591890,0
2023-12-05 12:00:00,41726.09000000,42497.00000000,41694.00000000,42268.29000000,11103.57913000,2023-12-05 15:59:59.999,467139089.23199100,322689,6051.02806000,254561597.87365950,0
2023-12-05 16:00:00,42268.28000000,44100.00000000,42133.66000000,43814.36000000,25610.50340000,2023-12-05 19:59:59.999,1109235091.55316670,672453,13898.10828000,601780766.68992820,0
2023-12-05 20:00:00,43814.37000000,44488.00000000,43395.99000000,44073.32000000,13423.09871000,2023-12-05 23:59:59.999,590402773.11858050,338931,6802.45375000,299211154.05572360,0
2023-12-06 00:00:00,44073.82000000,44146.08000000,43565.62000000,43736.06000000,8344.08213000,2023-12-06 03:59:59.999,366287589.68593330,279202,4015.82148000,176292801.90315830,0
2023-12-06 04:00:00,43736.06000000,43857.13000000,43444.00000000,43688.87000000,6907.08616000,2023-12-06 07:59:59.999,301475680.45106370,313156,3324.81969000,145119701.02613570,0
2023-12-06 08:00:00,43688.87000000,44297.21000000,43335.28000000,43839.21000000,12015.24809000,2023-12-06 11:59:59.999,527012851.53110930,424199,6115.69508000,268306690.98191540,0
2023-12-06 12:00:00,43839.22000000,44279.98000000,43721.73000000,43785.20000000,11241.11260000,2023-12-06 15:59:59.999,494945714.14795350,417392,5591.28405000,246199411.77752970,0
2023-12-06 16:00:00,43785.20000000,44146.71000000,43730.47000000,43984.71000000,7167.73459000,2023-12-06 19:59:59.999,315034046.94231940,245021,3471.35161000,152558724.85743460,0
2023-12-06 20:00:00,43984.71000000,44071.00000000,43600.78000000,43762.69000000,5755.84135000,2023-12-06 23:59:59.999,252223622.83642550,197312,2573.65301000,112796032.54025590,0
2023-12-07 00:00:00,43762.69000000,43999.84000000,43710.00000000,43926.84000000,2845.29665000,2023-12-07 03:59:59.999,124890084.74869350,126944,1326.57338000,58230013.54324110,0
2023-12-07 04:00:00,43926.85000000,44047.33000000,43838.19000000,43884.01000000,4086.82628000,2023-12-07 07:59:59.999,179640017.57931770,150647,1918.03279000,84312476.84648380,0
2023-12-07 08:00:00,43884.01000000,43896.48000000,42821.10000000,43188.03000000,14235.78276000,2023-12-07 11:59:59.999,617424063.46191350,391186,6485.12037000,281173990.96506290,0
2023-12-07 12:00:00,43188.03000000,43925.00000000,42955.00000000,43659.99000000,9633.99747000,2023-12-07 15:59:59.999,418260089.54108290,294875,5006.80949000,217458634.60751830,0
2023-12-07 16:00:00,43659.99000000,43755.26000000,43058.42000000,43203.58000000,10159.41241000,2023-12-07 19:59:59.999,440983646.66555830,282085,4732.72238000,205445347.55831310,0
2023-12-07 20:00:00,43203.57000000,43456.06000000,43079.98000000,43273.14000000,6141.95288000,2023-12-07 23:59:59.999,265747949.88707870,169022,3166.41831000,137009312.97324220,0
2023-12-08 00:00:00,43273.15000000,43524.99000000,43261.10000000,43366.01000000,4504.95753000,2023-12-08 03:59:59.999,195522056.27186390,134275,2226.47366000,96629360.39282040,0
2023-12-08 04:00:00,43366.00000000,43550.00000000,43117.38000000,43166.01000000,6833.16986000,2023-12-08 07:59:59.999,296277958.85661020,173419,3142.19218000,136272289.27964310,0
2023-12-08 08:00:00,43166.01000000,43729.73000000,43081.10000000,43653.82000000,6857.83835000,2023-12-08 11:59:59.999,297009886.77647730,195089,3428.12567000,148499756.01502790,0
2023-12-08 12:00:00,43653.82000000,44030.16000000,43453.02000000,43760.94000000,9677.14869000,2023-12-08 15:59:59.999,423390538.19505710,333979,4831.10634000,211364999.31321430,0
2023-12-08 16:00:00,43760.94000000,43970.00000000,43638.68000000,43945.11000000,5870.37306000,2023-12-08 19:59:59.999,257302676.32125390,207093,2567.73612000,112537363.74600340,0
2023-12-08 20:00:00,43945.12000000,44700.00000000,43945.11000000,44170.99000000,9156.88807000,2023-12-08 23:59:59.999,406078639.02564810,267413,4623.04464000,205053494.14736390,0
2023-12-09 00:00:00,44171.00000000,44281.23000000,44043.61000000,44139.38000000,3650.70918000,2023-12-09 03:59:59.999,161199384.64272840,134043,1685.17187000,74406480.80384030,0
2023-12-09 04:00:00,44139.38000000,44358.02000000,44093.82000000,44180.22000000,3600.84041000,2023-12-09 07:59:59.999,159282497.18718090,138568,1781.47399000,78806635.50699750,0
2023-12-09 08:00:00,44180.21000000,44191.58000000,43720.00000000,43817.35000000,5794.84719000,2023-12-09 11:59:59.999,254430596.72327630,221258,2719.42888000,119394528.79551390,0
2023-12-09 12:00:00,43817.35000000,44136.52000000,43741.52000000,44045.10000000,5032.72519000,2023-12-09 15:59:59.999,221107034.25250950,198363,2445.37280000,107431856.37433090,0
2023-12-09 16:00:00,44045.09000000,44082.19000000,43877.34000000,43924.39000000,2936.10136000,2023-12-09 19:59:59.999,129113783.74265570,140566,1335.73609000,58741336.30270460,0
2023-12-09 20:00:00,43924.40000000,44084.55000000,43584.51000000,43713.60000000,3910.74675000,2023-12-09 23:59:59.999,171353810.01648300,154554,1630.82411000,71475156.08469870,0
2023-12-10 00:00:00,43713.59000000,43864.04000000,43672.00000000,43845.32000000,2450.32524000,2023-12-10 03:59:59.999,107245471.66639050,103182,1201.60513000,52589430.03387700,0
2023-12-10 04:00:00,43845.32000000,44016.00000000,43824.31000000,43966.44000000,2178.97643000,2023-12-10 07:59:59.999,95672357.88892390,118496,963.29416000,42302356.33544820,0
2023-12-10 08:00:00,43966.44000000,44049.00000000,43603.88000000,43738.02000000,3795.09728000,2023-12-10 11:59:59.999,166012599.81009470,167590,1775.73552000,77685270.08522950,0
2023-12-10 12:00:00,43738.03000000,43973.76000000,43731.84000000,43903.73000000,3286.21496000,2023-12-10 15:59:59.999,144080757.15873140,172438,1492.48468000,65437566.83735020,0
2023-12-10 16:00:00,43903.74000000,43931.13000000,43750.00000000,43797.10000000,2572.46554000,2023-12-10 19:59:59.999,112735086.56891420,115082,1098.77634000,48154829.91165180,0
2023-12-10 20:00:00,43797.10000000,44046.00000000,43563.00000000,43789.51000000,4673.53813000,2023-12-10 23:59:59.999,204738889.46389880,153879,2310.01060000,101206622.17892760,0
2023-12-11 00:00:00,43789.50000000,43804.50000000,40400.00000000,42309.58000000,18908.66880000,2023-12-11 03:59:59.999,802183005.63678050,521761,8514.34193000,360828545.47125060,0
2023-12-11 04:00:00,42309.57000000,42321.03000000,41620.00000000,42132.51000000,12083.46157000,2023-12-11 07:59:59.999,508424308.84782680,342098,6276.55666000,264153802.89393290,0
2023-12-11 08:00:00,42132.52000000,42481.10000000,41975.44000000,42344.01000000,7859.82672000,2023-12-11 11:59:59.999,332254106.75100930,248749,3678.19901000,155528859.39388080,0
2023-12-11 12:00:00,42344.01000000,42390.32000000,41655.18000000,41803.44000000,9756.07667000,2023-12-11 15:59:59.999,409969105.75477230,285110,4564.09335000,191757549.10625770,0
2023-12-11 16:00:00,41803.43000000,41857.08000000,40222.00000000,40779.99000000,20686.60455000,2023-12-11 19:59:59.999,850516380.80471570,471333,9570.88486000,393657687.76336830,0
2023-12-11 20:00:00,40779.99000000,41349.97000000,40554.00000000,41253.40000000,7369.25973000,2023-12-11 23:59:59.999,302193927.71632930,218091,3895.16688000,159716433.52341310,0
2023-12-12 00:00:00,41253.41000000,41938.80000000,41178.28000000,41735.29000000,6744.62632000,2023-12-12 03:59:59.999,281151182.57404850,241213,3569.98296000,148825883.49754380,0
2023-12-12 04:00:00,41735.29000000,42068.91000000,41376.19000000,41916.27000000,6751.42919000,2023-12-12 07:59:59.999,281437465.38870340,233697,3329.36501000,138800070.46493840,0
2023-12-12 08:00:00,41916.26000000,42104.12000000,41545.54000000,41584.57000000,5780.94254000,2023-12-12 11:59:59.999,241876056.01062230,216074,2761.25425000,115546127.40875590,0
2023-12-12 12:00:00,41584.58000000,42070.23000000,41161.10000000,41348.00000000,9008.43060000,2023-12-12 15:59:59.999,374991442.13769250,343668,4276.29183000,178082609.60532540,0
2023-12-12 16:00:00,41347.99000000,41457.35000000,40680.00000000,41137.99000000,9334.53079000,2023-12-12 19:59:59.999,383846465.09055940,314266,4744.09701000,195126175.61562870,0
2023-12-12 20:00:00,41137.99000000,41555.00000000,41042.08000000,41492.39000000,5102.73829000,2023-12-12 23:59:59.999,210658673.13593750,177493,2713.92052000,112057462.29934240,0
2023-12-13 00:00:00,41492.38000000,41506.00000000,40555.00000000,40829.36000000,7310.16225000,2023-12-13 03:59:59.999,300129485.32145500,229917,3416.82542000,140247844.39843210,0
2023-12-13 04:00:00,40829.35000000,41242.00000000,40628.64000000,41115.27000000,4861.68197000,2023-12-13 07:59:59.999,199168117.41723600,208776,2338.21332000,95792755.14961510,0
2023-12-13 08:00:00,41115.28000000,41280.00000000,40953.17000000,41004.69000000,4029.02932000,2023-12-13 11:59:59.999,165841721.79386050,180757,1819.32221000,74895554.26943940,0
2023-12-13 12:00:00,41004.69000000,41955.22000000,40984.00000000,41939.18000000,8389.85470000,2023-12-13 15:59:59.999,348425302.91133640,401576,4416.93065000,183449047.47043980,0
2023-12-13 16:00:00,41939.17000000,42886.00000000,41715.70000000,42734.01000000,10933.26953000,2023-12-13 19:59:59.999,461774169.48184950,401635,5339.49653000,225544038.36640610,0
2023-12-13 20:00:00,42734.01000000,43475.20000000,42571.57000000,42869.03000000,10341.99996000,2023-12-13 23:59:59.999,444364592.55914300,301998,5024.18573000,215856226.36825320,0
2023-12-14 00:00:00,42869.03000000,42948.55000000,42648.95000000,42713.86000000,5203.10028000,2023-12-14 03:59:59.999,222570936.76123280,170989,2321.08183000,99300550.93134760,0
2023-12-14 04:00:00,42713.86000000,43110.00000000,42682.78000000,42898.98000000,4264.22686000,2023-12-14 07:59:59.999,182692364.02482240,204762,2092.42160000,89643643.20007130,0
2023-12-14 08:00:00,42898.98000000,43311.10000000,42685.20000000,43267.06000000,5533.82890000,2023-12-14 11:59:59.999,237876667.03390820,244958,2722.03055000,117019424.62822700,0
2023-12-14 12:00:00,43267.07000000,43367.83000000,41400.00000000,42448.28000000,13819.31926000,2023-12-14 15:59:59.999,587265500.04758990,497976,6988.08944000,296999734.27841390,0
2023-12-14 16:00:00,42448.28000000,43420.00000000,42448.28000000,43094.13000000,8986.88383000,2023-12-14 19:59:59.999,385999969.52483800,321129,4499.34271000,193244174.49265680,0
2023-12-14 20:00:00,43094.13000000,43179.70000000,42851.48000000,43022.26000000,4239.69796000,2023-12-14 23:59:59.999,182335187.90926870,159722,1956.82730000,84148814.85079520,0
2023-12-15 00:00:00,43022.26000000,43080.81000000,42479.14000000,42795.94000000,4425.94195000,2023-12-15 03:59:59.999,189759352.88764810,183719,1917.02693000,82185176.95592500,0
2023-12-15 04:00:00,42795.94000000,42868.59000000,42515.94000000,42699.99000000,4209.02021000,2023-12-15 07:59:59.999,179636059.28270840,183939,1985.78302000,84762483.25206810,0
2023-12-15 08:00:00,42699.99000000,43026.33000000,42630.43000000,42776.03000000,4825.88804000,2023-12-15 11:59:59.999,206645965.86854140,216301,2511.64832000,107559572.35720170,0
2023-12-15 12:00:00,42776.04000000,42787.24000000,41666.00000000,41909.56000000,10127.57380000,2023-12-15 15:59:59.999,427642983.87746960,354676,4867.24575000,205475260.28031490,0
2023-12-15 16:00:00,41909.56000000,42192.48000000,41696.09000000,42096.08000000,5828.02612000,2023-12-15 19:59:59.999,244589506.05902460,222371,3274.30195000,137422876.53203040,0
2023-12-15 20:00:00,42096.08000000,42264.03000000,41896.92000000,41940.30000000,4005.34308000,2023-12-15 23:59:59.999,168625070.53458680,162622,1765.13057000,74307935.37104870,0
2023-12-16 00:00:00,41940.29000000,42410.99000000,41605.00000000,42333.79000000,4472.49888000,2023-12-16 03:59:59.999,188111187.92781700,166593,2283.88259000,96082637.52571600,0
2023-12-16 04:00:00,42333.79000000,42357.24000000,42141.82000000,42222.67000000,2598.70745000,2023-12-16 07:59:59.999,109782154.47666630,131844,1299.47533000,54892997.21052670,0
2023-12-16 08:00:00,42222.67000000,42339.55000000,42097.18000000,42331.99000000,3132.85327000,2023-12-16 11:59:59.999,132302387.69296170,178421,1704.43342000,71982855.63025980,0
2023-12-16 12:00:00,42332.00000000,42611.08000000,42243.00000000,42604.00000000,4555.98897000,2023-12-16 15:59:59.999,193215343.83579980,250469,2233.55514000,94722586.24262380,0
2023-12-16 16:00:00,42603.99000000,42724.43000000,42331.10000000,42351.73000000,6242.54279000,2023-12-16 19:59:59.999,265258675.78351620,292471,3169.72620000,134687475.57270820,0
2023-12-16 20:00:00,42351.74000000,42412.37000000,42118.45000000,42278.03000000,3116.26611000,2023-12-16 23:59:59.999,131799878.16897210,161088,1502.43243000,63540888.72825840,0
2023-12-17 00:00:00,42278.02000000,42298.82000000,41860.21000000,41925.55000000,3253.92773000,2023-12-17 03:59:59.999,136836089.14113310,183553,1497.28415000,62966074.08908640,0
2023-12-17 04:00:00,41925.55000000,42061.10000000,41771.62000000,41886.75000000,3545.91185000,2023-12-17 07:59:59.999,148706295.52498650,169215,1649.78136000,69190353.20593750,0
2023-12-17 08:00:00,41886.75000000,42016.83000000,41661.36000000,41960.07000000,3895.17552000,2023-12-17 11:59:59.999,163143887.57921400,199610,1883.29687000,78886066.95071780,0
2023-12-17 12:00:00,41960.07000000,42020.17000000,41510.00000000,41811.37000000,4860.00923000,2023-12-17 15:59:59.999,203113184.90907720,222503,2283.52213000,95426351.78567410,0
2023-12-17 16:00:00,41811.37000000,42424.07000000,41683.99000000,42105.91000000,7138.15215000,2023-12-17 19:59:59.999,300623264.03232070,282726,3709.22016000,156215409.64350840,0
2023-12-17 20:00:00,42105.91000000,42190.87000000,41252.00000000,41374.65000000,5028.93804000,2023-12-17 23:59:59.999,209540921.77606490,170027,2222.75937000,92625004.45301680,0
2023-12-18 00:00:00,41374.64000000,41470.10000000,40801.00000000,41090.92000000,8056.53410000,2023-12-18 03:59:59.999,331301849.51881700,270719,3790.42552000,155886210.02655440,0
2023-12-18 04:00:00,41090.92000000,41312.39000000,40999.00000000,41126.02000000,5008.69759000,2023-12-18 07:59:59.999,206104093.47133050,213582,2332.23895000,95987861.58113010,0
2023-12-18 08:00:00,41126.01000000,41270.27000000,40542.93000000,41105.12000000,10032.74176000,2023-12-18 11:59:59.999,410948646.64465220,349741,5030.86669000,206197499.91961830,0
2023-12-18 12:00:00,41105.12000000,41750.00000000,40888.00000000,41265.96000000,9380.24237000,2023-12-18 15:59:59.999,387686999.48884120,347435,4878.52903000,201661489.29854070,0
2023-12-18 16:00:00,41265.95000000,41735.50000000,41146.83000000,41701.10000000,4760.51462000,2023-12-18 19:59:59.999,197520628.46955990,214454,2304.45685000,95599391.36312940,0
2023-12-18 20:00:00,41701.11000000,42757.81000000,41576.52000000,42657.80000000,9495.36206000,2023-12-18 23:59:59.999,402441088.48937180,345716,4919.28167000,208442967.38417690,0
2023-12-19 00:00:00,42657.80000000,43497.00000000,42567.69000000,43082.20000000,9415.10546000,2023-12-19 03:59:59.999,404549512.71875500,303079,5020.60354000,215745562.84153790,0
2023-12-19 04:00:00,43082.21000000,43131.20000000,42815.27000000,43036.16000000,4686.08353000,2023-12-19 07:59:59.999,201368525.65979530,184985,2135.20882000,91759893.50186310,0
2023-12-19 08:00:00,43036.17000000,43268.74000000,42942.00000000,42976.11000000,6507.20412000,2023-12-19 11:59:59.999,280419967.30717870,266050,2978.12752000,128347597.69695410,0
2023-12-19 12:00:00,42976.10000000,43041.10000000,42232.00000000,42486.86000000,8326.36673000,2023-12-19 15:59:59.999,355227087.00218130,333826,4052.14788000,172876961.55192710,0
2023-12-19 16:00:00,42486.85000000,42646.66000000,41811.10000000,42341.96000000,8193.50655000,2023-12-19 19:59:59.999,345473027.47189880,335670,4108.41549000,173250322.54413980,0
2023-12-19 20:00:00,42341.96000000,42528.67000000,42121.12000000,42275.99000000,3799.59805000,2023-12-19 23:59:59.999,160792122.30178460,185578,1869.15621000,79102545.17459380,0
2023-12-20 00:00:00,42275.99000000,42493.20000000,42206.00000000,42419.75000000,3428.07755000,2023-12-20 03:59:59.999,145278031.47855770,177058,1542.55752000,65370203.93572730,0
2023-12-20 04:00:00,42419.75000000,43041.00000000,42376.15000000,42924.23000000,6003.27560000,2023-12-20 07:59:59.999,256753293.85581180,278932,3113.47037000,133181858.79521530,0
2023-12-20 08:00:00,42924.23000000,42998.08000000,42675.00000000,42864.44000000,4763.28129000,2023-12-20 11:59:59.999,204063290.51458190,229915,2176.06621000,93222332.42379650,0
2023-12-20 12:00:00,42864.43000000,44283.00000000,42757.32000000,44027.20000000,17908.79006000,2023-12-20 15:59:59.999,782721625.33494380,611293,9160.61118000,400253500.77801570,0
2023-12-20 16:00:00,44027.20000000,44250.00000000,43486.00000000,43738.01000000,9819.94341000,2023-12-20 19:59:59.999,431347003.52147170,362406,4607.24523000,202366458.90647920,0
2023-12-20 20:00:00,43738.01000000,43812.23000000,43230.17000000,43668.93000000,6786.92679000,2023-12-20 23:59:59.999,295650625.07425210,274984,3312.18631000,144299650.93690590,0
2023-12-21 00:00:00,43668.92000000,43731.08000000,43286.72000000,43649.37000000,4790.55223000,2023-12-21 03:59:59.999,208501911.06030460,187534,2166.52714000,94289036.37506710,0
2023-12-21 04:00:00,43649.36000000,43877.75000000,43451.44000000,43764.50000000,3938.84606000,2023-12-21 07:59:59.999,172071144.82556520,176752,2084.04259000,91048486.21448840,0
2023-12-21 08:00:00,43764.49000000,44100.00000000,43579.22000000,43931.60000000,6686.08927000,2023-12-21 11:59:59.999,293099917.07286530,270130,3509.25408000,153842973.20191560,0
2023-12-21 12:00:00,43931.60000000,44242.35000000,43380.00000000,43823.99000000,8691.42689000,2023-12-21 15:59:59.999,381227293.39510120,381858,4189.78973000,183795316.54304400,0
2023-12-21 16:00:00,43824.00000000,43927.70000000,43370.40000000,43588.80000000,6170.95540000,2023-12-21 19:59:59.999,269023538.86948160,286622,2982.16728000,130014943.11547930,0
2023-12-21 20:00:00,43588.79000000,44119.20000000,43554.01000000,43861.80000000,4346.42399000,2023-12-21 23:59:59.999,190606113.96446170,197806,2127.11463000,93275625.31924600,0
2023-12-22 00:00:00,43861.79000000,44251.00000000,43722.46000000,44008.00000000,5039.97364000,2023-12-22 03:59:59.999,221837327.89694720,193666,2707.71628000,119186074.43158220,0
2023-12-22 04:00:00,44008.00000000,44398.26000000,43534.47000000,43584.37000000,7209.42647000,2023-12-22 07:59:59.999,317039313.89176460,317074,3489.92563000,153531009.38822250,0
2023-12-22 08:00:00,43584.37000000,43839.22000000,43463.00000000,43753.94000000,5847.93033000,2023-12-22 11:59:59.999,255409334.46784630,260015,2675.57308000,116869204.01724570,0
2023-12-22 12:00:00,43753.95000000,43809.40000000,43412.54000000,43671.10000000,5724.75521000,2023-12-22 15:59:59.999,249710215.42940470,255646,2755.76308000,120196756.42455380,0
2023-12-22 16:00:00,43671.10000000,43992.00000000,43481.14000000,43640.79000000,5097.02561000,2023-12-22 19:59:59.999,222897432.18597180,216868,2533.32139000,110783155.42457760,0
2023-12-22 20:00:00,43640.79000000,44048.16000000,43617.44000000,43969.04000000,3864.08512000,2023-12-22 23:59:59.999,169180873.64092520,160840,1886.92329000,82633011.35313780,0
2023-12-23 00:00:00,43969.04000000,43988.68000000,43456.00000000,43526.43000000,4037.34134000,2023-12-23 03:59:59.999,176355458.06613530,185808,1839.26847000,80333344.78461280,0
2023-12-23 04:00:00,43526.43000000,43650.10000000,43291.10000000,43562.32000000,2798.28564000,2023-12-23 07:59:59.999,121721786.93477840,130682,1350.96605000,58766424.14813730,0
2023-12-23 08:00:00,43562.31000000,43669.88000000,43490.01000000,43547.78000000,2368.14341000,2023-12-23 11:59:59.999,103212521.98606490,117729,1093.10834000,47643237.37214350,0
2023-12-23 12:00:00,43547.78000000,43856.00000000,43547.77000000,43756.24000000,2820.01582000,2023-12-23 15:59:59.999,123289331.78913150,147946,1432.78694000,62640500.72336380,0
2023-12-23 16:00:00,43756.24000000,43850.00000000,43695.03000000,43703.81000000,2133.70247000,2023-12-23 19:59:59.999,93383711.35113320,131544,993.18224000,43467836.45687290,0
2023-12-23 20:00:00,43703.82000000,43835.94000000,43632.77000000,43702.16000000,2399.64062000,2023-12-23 23:59:59.999,104981015.20597430,135949,1055.99360000,46195165.68258930,0
2023-12-24 00:00:00,43702.15000000,43907.57000000,43606.18000000,43834.48000000,2902.02733000,2023-12-24 03:59:59.999,127082830.40815440,146716,1375.30483000,60226740.21569890,0
2023-12-24 04:00:00,43834.48000000,43946.00000000,43401.00000000,43651.17000000,4698.01101000,2023-12-24 07:59:59.999,204907856.56417810,201655,2209.64139000,96375804.78083240,0
2023-12-24 08:00:00,43651.17000000,43694.72000000,43405.00000000,43634.20000000,3167.95205000,2023-12-24 11:59:59.999,138105938.82286390,171100,1526.75363000,66556665.47331550,0
2023-12-24 12:00:00,43634.19000000,43864.08000000,43560.74000000,43680.23000000,3405.69652000,2023-12-24 15:59:59.999,148928396.91286020,178433,1646.70740000,72013568.89585070,0
2023-12-24 16:00:00,43680.23000000,43713.86000000,43550.00000000,43618.07000000,2583.11278000,2023-12-24 19:59:59.999,112716409.48743630,155332,1215.76189000,53048703.77427390,0
2023-12-24 20:00:00,43618.08000000,43618.08000000,42500.00000000,42991.50000000,8387.53527000,2023-12-24 23:59:59.999,361719202.69392980,284442,3867.09700000,166740546.03836330,0
2023-12-25 00:00:00,42991.50000000,43158.59000000,42720.43000000,43152.78000000,3868.54726000,2023-12-25 03:59:59.999,166262898.91244100,170634,1963.21854000,84374376.72781280,0
2023-12-25 04:00:00,43152.78000000,43335.13000000,43101.53000000,43208.15000000,2830.76950000,2023-12-25 07:59:59.999,122308536.70299260,136435,1525.15690000,65898593.00347180,0
2023-12-25 08:00:00,43208.15000000,43291.05000000,43045.43000000,43171.11000000,3716.03265000,2023-12-25 11:59:59.999,160413151.77926920,160245,1736.59878000,74966349.56331340,0
2023-12-25 12:00:00,43171.11000000,43802.32000000,43080.01000000,43618.00000000,7057.73658000,2023-12-25 15:59:59.999,307526544.90036600,311199,3608.76175000,157263601.45926990,0
2023-12-25 16:00:00,43618.01000000,43710.01000000,43343.83000000,43474.25000000,5196.06699000,2023-12-25 19:59:59.999,226205808.83556350,227520,2562.99825000,111580051.50811880,0
2023-12-25 20:00:00,43474.25000000,43720.96000000,43328.14000000,43576.13000000,4352.08694000,2023-12-25 23:59:59.999,189336445.38034920,162395,2294.50508000,99817913.54115950,0
2023-12-26 00:00:00,43576.12000000,43592.68000000,43362.23000000,43451.46000000,3221.59168000,2023-12-26 03:59:59.999,140061589.74982510,146217,1589.78617000,69117861.23837430,0
2023-12-26 04:00:00,43451.45000000,43474.26000000,42545.00000000,42774.12000000,9020.48128000,2023-12-26 07:59:59.999,386863258.77341910,301544,4468.64132000,191556547.46069470,0
2023-12-26 08:00:00,42774.12000000,42798.00000000,42150.00000000,42685.55000000,8870.72819000,2023-12-26 11:59:59.999,377620125.98805280,274553,4677.41619000,199112599.00619920,0
2023-12-26 12:00:00,42685.56000000,42827.68000000,42250.00000000,42391.50000000,5600.42168000,2023-12-26 15:59:59.999,238797739.02243450,226150,2891.69318000,123314666.32059610,0
2023-12-26 16:00:00,42391.51000000,42434.20000000,41637.60000000,42109.11000000,10403.73943000,2023-12-26 19:59:59.999,438113088.19692290,371234,5085.60788000,214215848.92065780,0
2023-12-26 20:00:00,42109.11000000,42591.89000000,42055.00000000,42508.93000000,3893.08056000,2023-12-26 23:59:59.999,164877810.57429070,156118,2383.02160000,100949912.29146090,0
2023-12-27 00:00:00,42508.93000000,42541.10000000,42098.69000000,42234.66000000,3610.05423000,2023-12-27 03:59:59.999,152895557.07453010,162338,1625.84467000,68887548.64081570,0
2023-12-27 04:00:00,42234.65000000,42542.00000000,42200.00000000,42455.83000000,3330.54138000,2023-12-27 07:59:59.999,141260376.90782630,135641,1886.19078000,80011202.33724450,0
2023-12-27 08:00:00,42455.82000000,43220.00000000,42399.72000000,43019.11000000,7678.46442000,2023-12-27 11:59:59.999,329420694.96918230,281102,4253.83077000,182419920.28170940,0
2023-12-27 12:00:00,43019.11000000,43150.00000000,42706.00000000,42980.65000000,8156.72899000,2023-12-27 15:59:59.999,350275550.70241060,313099,4291.64121000,184315188.65522840,0
2023-12-27 16:00:00,42980.64000000,43215.00000000,42862.56000000,43154.34000000,5972.52558000,2023-12-27 19:59:59.999,257140155.55186360,268697,2923.86365000,125899558.00176920,0
2023-12-27 20:00:00,43154.34000000,43677.00000000,43121.45000000,43428.85000000,7442.89676000,2023-12-27 23:59:59.999,323090654.84646300,278893,4001.46159000,173706194.70059680,0
2023-12-28 00:00:00,43428.86000000,43787.57000000,43304.27000000,43408.41000000,6082.45863000,2023-12-28 03:59:59.999,264760223.87489260,220851,2869.21803000,124930643.99103800,0
2023-12-28 04:00:00,43408.40000000,43624.74000000,42794.11000000,43049.17000000,6215.79694000,2023-12-28 07:59:59.999,268237603.05437090,261664,3154.65986000,136142552.71393080,0
2023-12-28 08:00:00,43049.17000000,43192.17000000,42868.36000000,43059.98000000,4444.14335000,2023-12-28 11:59:59.999,191285583.70668350,199040,2316.98900000,99726538.24516730,0
2023-12-28 12:00:00,43059.98000000,43125.03000000,42401.01000000,42445.99000000,8560.56823000,2023-12-28 15:59:59.999,365450281.59064440,339568,4149.22092000,177121941.52094980,0
2023-12-28 16:00:00,42445.99000000,42725.30000000,42241.79000000,42610.64000000,5662.59381000,2023-12-28 19:59:59.999,240616764.45081030,213801,2990.62962000,127071268.64895900,0
2023-12-28 20:00:00,42610.64000000,42745.97000000,42334.99000000,42563.76000000,4184.96389000,2023-12-28 23:59:59.999,178058285.70067940,156902,1942.10167000,82638957.93535400,0
2023-12-29 00:00:00,42563.76000000,42800.00000000,42088.92000000,42697.42000000,7125.40815000,2023-12-29 03:59:59.999,302517903.15731650,274209,3644.66680000,154752026.79921710,0
2023-12-29 04:00:00,42697.42000000,42766.68000000,42222.00000000,42273.34000000,5131.05672000,2023-12-29 07:59:59.999,217996499.90493510,166375,2376.51417000,100951533.61416530,0
2023-12-29 08:00:00,42273.35000000,42934.00000000,42268.26000000,42862.01000000,5291.84387000,2023-12-29 11:59:59.999,225633798.01918590,232422,2852.04210000,121595917.17258630,0
2023-12-29 12:00:00,42862.00000000,43111.00000000,42106.64000000,42271.09000000,7861.37483000,2023-12-29 15:59:59.999,335743839.85391400,296575,3831.93490000,163706123.48285650,0
2023-12-29 16:00:00,42271.09000000,42351.10000000,41650.00000000,42116.51000000,10317.88826000,2023-12-29 19:59:59.999,433553202.75227370,360197,5074.06534000,213200367.38287270,0
2023-12-29 20:00:00,42116.51000000,42240.00000000,41300.00000000,42066.95000000,6869.61729000,2023-12-29 23:59:59.999,287641041.55895230,241359,3416.11797000,143118756.34519760,0
2023-12-30 00:00:00,42066.94000000,42209.22000000,41820.00000000,41972.81000000,3202.20282000,2023-12-30 03:59:59.999,134707165.57140430,131077,1676.80679000,70544054.81970070,0
2023-12-30 04:00:00,41972.81000000,42160.00000000,41930.43000000,41947.16000000,2351.82225000,2023-12-30 07:59:59.999,98876113.31240580,110620,1212.48689000,50975366.28846670,0
2023-12-30 08:00:00,41947.16000000,41988.62000000,41520.30000000,41893.96000000,4706.52607000,2023-12-30 11:59:59.999,196481762.24683290,174263,2219.81410000,92671977.84609730,0
2023-12-30 12:00:00,41893.96000000,42430.00000000,41882.71000000,42374.96000000,4551.60091000,2023-12-30 15:59:59.999,191718001.75980020,195238,2325.46304000,97953180.14195040,0
2023-12-30 16:00:00,42374.97000000,42612.32000000,42247.44000000,42361.13000000,5264.43841000,2023-12-30 19:59:59.999,223502668.76085740,203183,2850.63395000,121033234.78259100,0
2023-12-30 20:00:00,42361.13000000,42399.25000000,42079.97000000,42140.28000000,2829.98772000,2023-12-30 23:59:59.999,119590079.33363440,122164,1442.49171000,60956074.02837500,0
2023-12-31 00:00:00,42140.29000000,42433.49000000,41965.84000000,42176.00000000,3144.53455000,2023-12-31 03:59:59.999,132716396.36984080,143687,1640.94264000,69271741.10420920,0
2023-12-31 04:00:00,42175.99000000,42693.00000000,42156.09000000,42537.10000000,3915.10728000,2023-12-31 07:59:59.999,165988601.87729670,164663,2244.45308000,95181609.31572180,0
2023-12-31 08:00:00,42537.10000000,42899.00000000,42369.15000000,42518.36000000,4626.12098000,2023-12-31 11:59:59.999,197281887.73446610,174457,2419.12416000,103173106.94426070,0
2023-12-31 12:00:00,42518.36000000,42646.27000000,42352.76000000,42457.17000000,3403.65176000,2023-12-31 15:59:59.999,144644559.95743990,171270,1603.90524000,68158805.54979300,0
2023-12-31 16:00:00,42457.17000000,42719.80000000,42436.47000000,42619.04000000,3036.19166000,2023-12-31 19:59:59.999,129356371.43997390,153050,1494.63211000,63675285.34265180,0
2023-12-31 20:00:00,42619.04000000,42680.36000000,42056.00000000,42283.58000000,5460.30980000,2023-12-31 23:59:59.999,231531424.17688800,209357,2594.09142000,110018194.48787430,0
