Open time,Open,High,Low,Close,Volume,Close time,Base asset volume,Number of trades,Taker buy volume,Taker buy base asset volume,Ignore
2019-01-01 00:00:00,3701.23000000,3713.00000000,3675.04000000,3693.13000000,2991.92353400,2019-01-01 03:59:59.999,11050235.06866957,22720,1623.30526100,5995807.39066269,0
2019-01-01 04:00:00,3692.32000000,3726.64000000,3685.94000000,3713.83000000,3373.76039900,2019-01-01 07:59:59.999,12494556.35793086,21968,1906.76564300,7061959.78817576,0
2019-01-01 08:00:00,3714.19000000,3732.00000000,3696.14000000,3707.54000000,2977.75898300,2019-01-01 11:59:59.999,11058808.01667992,20706,1574.89161800,5849648.65411942,0
2019-01-01 12:00:00,3707.56000000,3756.94000000,3666.01000000,3682.61000000,3720.11856900,2019-01-01 15:59:59.999,13780549.03308909,24464,1967.84205700,7293410.78180695,0
2019-01-01 16:00:00,3683.00000000,3701.68000000,3642.00000000,3696.73000000,3248.11597500,2019-01-01 19:59:59.999,11937977.41445615,22941,1790.13312500,6579837.67113562,0
2019-01-01 20:00:00,3696.71000000,3810.16000000,3675.67000000,3797.14000000,7430.00957300,2019-01-01 23:59:59.999,27827123.20147902,41428,4056.21819500,15192771.58095756,0
2019-01-02 00:00:00,3796.45000000,3810.00000000,3763.75000000,3779.98000000,4496.50709600,2019-01-02 03:59:59.999,17010364.40088631,27986,2153.55099400,8149120.73200865,0
2019-01-02 04:00:00,3780.00000000,3788.31000000,3750.45000000,3771.08000000,3419.89052000,2019-01-02 07:59:59.999,12889025.34663410,27371,1572.25641800,5926295.82333984,0
2019-01-02 08:00:00,3772.64000000,3803.68000000,3770.00000000,3787.97000000,6213.28532000,2019-01-02 11:59:59.999,23500575.25463501,40142,3034.31219300,11478569.93928631,0
2019-01-02 12:00:00,3788.81000000,3839.63000000,3778.23000000,3801.28000000,7454.87000900,2019-01-02 15:59:59.999,28383490.54336059,40677,3909.51943800,14886326.93703961,0
2019-01-02 16:00:00,3802.61000000,3865.72000000,3795.00000000,3824.98000000,6987.58217200,2019-01-02 19:59:59.999,26721854.85963070,39884,3765.98471000,14403252.20315690,0
2019-01-02 20:00:00,3824.98000000,3882.14000000,3812.34000000,3858.56000000,6584.32825200,2019-01-02 23:59:59.999,25371316.84136389,42478,3485.97636100,13434332.02622657,0
2019-01-03 00:00:00,3857.57000000,3862.74000000,3821.14000000,3841.83000000,4473.69124300,2019-01-03 03:59:59.999,17186933.53337407,32305,2352.11517200,9036563.09750337,0
2019-01-03 04:00:00,3841.83000000,3850.00000000,3805.00000000,3828.88000000,3225.22703300,2019-01-03 07:59:59.999,12345121.97441957,27379,1593.45705400,6099552.48377559,0
2019-01-03 08:00:00,3828.88000000,3832.83000000,3783.00000000,3804.00000000,6171.74682400,2019-01-03 11:59:59.999,23495926.46157290,35664,2930.00367500,11154732.66409479,0
2019-01-03 12:00:00,3803.31000000,3823.00000000,3785.32000000,3806.70000000,4869.26546300,2019-01-03 15:59:59.999,18535583.00319865,32002,2513.84421400,9570218.45947003,0
2019-01-03 16:00:00,3807.37000000,3807.75000000,3730.00000000,3756.00000000,7090.39438100,2019-01-03 19:59:59.999,26610432.71230362,43585,3573.67441100,13412575.62289129,0
2019-01-03 20:00:00,3756.00000000,3782.69000000,3752.37000000,3766.78000000,3576.62341500,2019-01-03 23:59:59.999,13483375.01039587,28877,1829.98874100,6898853.09919477,0
2019-01-04 00:00:00,3767.20000000,3787.65000000,3730.00000000,3780.04000000,3608.72785400,2019-01-04 03:59:59.999,13560874.39740638,27614,1975.93370300,7426588.85503479,0
2019-01-04 04:00:00,3780.04000000,3800.00000000,3761.94000000,3783.28000000,4829.92437500,2019-01-04 07:59:59.999,18264697.98029217,32166,2564.70961600,9700316.28646853,0
2019-01-04 08:00:00,3783.28000000,3800.00000000,3752.00000000,3757.55000000,4621.51941300,2019-01-04 11:59:59.999,17439575.76793791,29825,2305.31244600,8702443.51024972,0
2019-01-04 12:00:00,3754.05000000,3765.00000000,3703.57000000,3725.28000000,7100.93271400,2019-01-04 15:59:59.999,26528060.57598017,39147,3569.49024600,13336523.45392460,0
2019-01-04 16:00:00,3725.30000000,3754.00000000,3717.30000000,3739.53000000,3825.82241800,2019-01-04 19:59:59.999,14301369.78102140,29782,2013.22144800,7527584.60177594,0
2019-01-04 20:00:00,3739.74000000,3823.64000000,3733.46000000,3792.01000000,5532.62789700,2019-01-04 23:59:59.999,20939972.13802393,33698,3150.63579900,11922747.27044289,0
2019-01-05 00:00:00,3790.09000000,3838.70000000,3783.25000000,3815.00000000,7129.55749000,2019-01-05 03:59:59.999,27161474.78184944,37088,3817.31216500,14542684.31175600,0
2019-01-05 04:00:00,3815.35000000,3840.99000000,3780.13000000,3785.15000000,5673.32128300,2019-01-05 07:59:59.999,21640807.64105392,34733,2435.76631400,9290283.64592605,0
2019-01-05 08:00:00,3784.37000000,3812.63000000,3770.00000000,3801.26000000,3088.81692400,2019-01-05 11:59:59.999,11711054.05599822,28862,1599.41763700,6065735.25090058,0
2019-01-05 12:00:00,3801.03000000,3814.00000000,3778.01000000,3785.58000000,5490.82131200,2019-01-05 15:59:59.999,20841148.91267800,37397,2740.74177600,10403669.19463355,0
2019-01-05 16:00:00,3785.58000000,3820.00000000,3775.00000000,3810.98000000,4696.21839500,2019-01-05 19:59:59.999,17852363.74505615,32929,2230.87238300,8481421.97468154,0
2019-01-05 20:00:00,3810.89000000,3812.50000000,3751.00000000,3770.96000000,4411.93234700,2019-01-05 23:59:59.999,16686652.13852305,32664,2084.80390000,7883661.00826163,0
2019-01-06 00:00:00,3771.12000000,3792.12000000,3740.00000000,3771.15000000,4235.53057500,2019-01-06 03:59:59.999,15974130.12442017,29986,2048.75020700,7728674.48610878,0
2019-01-06 04:00:00,3771.70000000,3783.55000000,3760.00000000,3767.94000000,2222.23343000,2019-01-06 07:59:59.999,8381190.92888363,21929,1181.69078500,4457742.08656904,0
2019-01-06 08:00:00,3768.11000000,3820.82000000,3761.81000000,3814.24000000,4988.50245400,2019-01-06 11:59:59.999,18920811.00915972,29604,2861.27826800,10853344.57357568,0
2019-01-06 12:00:00,3814.23000000,3824.99000000,3785.00000000,3806.82000000,4649.79168600,2019-01-06 15:59:59.999,17685284.32756307,30976,2548.02276400,9692943.56805765,0
2019-01-06 16:00:00,3806.91000000,4027.71000000,3800.31000000,4002.46000000,14209.30533900,2019-01-06 19:59:59.999,56349110.37115739,84371,7639.44470500,30257891.06440124,0
2019-01-06 20:00:00,4001.41000000,4015.00000000,3953.53000000,3987.60000000,6248.44322500,2019-01-06 23:59:59.999,24888285.42796311,43630,3493.70027900,13913110.15135880,0
2019-01-07 00:00:00,3987.62000000,4017.90000000,3970.03000000,3992.26000000,5364.75229300,2019-01-07 03:59:59.999,21411464.51971438,36834,2708.44703200,10812039.90582588,0
2019-01-07 04:00:00,3991.69000000,4001.77000000,3980.08000000,4001.00000000,3600.31034800,2019-01-07 07:59:59.999,14373449.99733593,28173,1806.22378700,7211466.14457738,0
2019-01-07 08:00:00,4001.02000000,4015.00000000,3921.53000000,3976.76000000,9056.59007900,2019-01-07 11:59:59.999,35992113.05471931,50090,4704.70469000,18696217.32962943,0
2019-01-07 12:00:00,3976.78000000,4000.00000000,3955.02000000,3969.91000000,4169.32560400,2019-01-07 15:59:59.999,16581244.60191574,35178,2027.00737000,8063209.78462979,0
2019-01-07 16:00:00,3969.91000000,3994.98000000,3941.00000000,3988.52000000,5702.31115500,2019-01-07 19:59:59.999,22679096.35255843,38156,3055.74088100,12155005.92742857,0
2019-01-07 20:00:00,3987.71000000,3988.74000000,3951.55000000,3975.45000000,3976.55678500,2019-01-07 23:59:59.999,15793011.96662860,32788,2102.22848100,8349672.55847034,0
2019-01-08 00:00:00,3976.76000000,3989.00000000,3922.00000000,3945.61000000,5226.04290000,2019-01-08 03:59:59.999,20669915.78693873,34575,2615.08214400,10343684.45776115,0
2019-01-08 04:00:00,3944.94000000,3968.42000000,3936.26000000,3953.60000000,4545.52696400,2019-01-08 07:59:59.999,17950126.52980557,29190,2304.40426000,9100462.83971117,0
2019-01-08 08:00:00,3953.14000000,4018.00000000,3948.75000000,4001.59000000,6480.85824700,2019-01-08 11:59:59.999,25767913.77317563,42738,3472.37980900,13809203.49445554,0
2019-01-08 12:00:00,4002.32000000,4069.80000000,3981.00000000,4000.48000000,11011.46396000,2019-01-08 15:59:59.999,44228668.10215801,59001,5714.82793300,22956177.93287720,0
2019-01-08 16:00:00,4002.04000000,4007.84000000,3938.82000000,3976.12000000,7059.34609500,2019-01-08 19:59:59.999,28053535.10847085,43112,3686.55038100,14651334.51703712,0
2019-01-08 20:00:00,3976.11000000,3985.80000000,3903.00000000,3955.13000000,4578.18495600,2019-01-08 23:59:59.999,18108687.24181737,34282,2254.73307400,8920241.65354447,0
2019-01-09 00:00:00,3955.45000000,3999.89000000,3930.04000000,3981.03000000,6532.62685200,2019-01-09 03:59:59.999,25963861.30144725,41863,3042.51671200,12092864.98519634,0
2019-01-09 04:00:00,3981.98000000,4002.00000000,3978.00000000,3987.88000000,3330.88392700,2019-01-09 07:59:59.999,13288023.53382025,29399,1619.72083500,6461946.47551680,0
2019-01-09 08:00:00,3987.76000000,4006.81000000,3971.11000000,3986.44000000,4600.09760700,2019-01-09 11:59:59.999,18337789.87513978,32675,2742.86528800,10934868.56447236,0
2019-01-09 12:00:00,3985.52000000,3996.30000000,3941.00000000,3958.28000000,6595.81486900,2019-01-09 15:59:59.999,26161150.94965275,39534,3205.54167500,12712894.45638776,0
2019-01-09 16:00:00,3957.59000000,3983.66000000,3952.44000000,3978.34000000,3951.91592600,2019-01-09 19:59:59.999,15676332.09867333,31311,2287.30798000,9074143.44252961,0
2019-01-09 20:00:00,3978.98000000,3990.00000000,3955.00000000,3966.65000000,3978.10033000,2019-01-09 23:59:59.999,15791792.55681536,34458,2086.38453000,8282292.82113113,0
2019-01-10 00:00:00,3966.06000000,3993.46000000,3963.70000000,3978.94000000,3908.28596500,2019-01-10 03:59:59.999,15559720.00493212,32758,1966.33925500,7828321.32495620,0
2019-01-10 04:00:00,3978.96000000,3996.01000000,3731.01000000,3777.02000000,17765.73586500,2019-01-10 07:59:59.999,68265971.04893242,91986,7798.77013700,29980058.89946412,0
2019-01-10 08:00:00,3777.54000000,3783.32000000,3715.65000000,3739.99000000,10117.84685600,2019-01-10 11:59:59.999,37915288.13055711,71465,5278.49577000,19782243.36003023,0
2019-01-10 12:00:00,3738.01000000,3750.00000000,3707.07000000,3726.39000000,7258.93369000,2019-01-10 15:59:59.999,27045918.60217130,52168,3776.23996600,14069745.86102675,0
2019-01-10 16:00:00,3726.79000000,3726.79000000,3540.00000000,3596.12000000,15136.60948200,2019-01-10 19:59:59.999,54290028.44449487,82252,7105.65159800,25476752.43292802,0
2019-01-10 20:00:00,3596.73000000,3609.21000000,3574.64000000,3585.88000000,5214.81665200,2019-01-10 23:59:59.999,18712421.80361025,44131,2362.82584800,8479130.18500311,0
2019-01-11 00:00:00,3585.88000000,3617.04000000,3557.52000000,3583.09000000,6000.03494500,2019-01-11 03:59:59.999,21533630.13315280,43494,3128.40800900,11228655.27316146,0
2019-01-11 04:00:00,3583.05000000,3597.00000000,3546.36000000,3595.47000000,5760.31883200,2019-01-11 07:59:59.999,20563100.85420844,39551,2925.97549300,10447102.63051017,0
2019-01-11 08:00:00,3595.47000000,3635.00000000,3562.00000000,3594.00000000,6741.01749900,2019-01-11 11:59:59.999,24248189.12089929,48384,3527.93953800,12690765.38539325,0
2019-01-11 12:00:00,3593.57000000,3616.13000000,3569.16000000,3585.51000000,5803.91684400,2019-01-11 15:59:59.999,20850501.64952119,43498,2991.62366700,10747110.85135950,0
2019-01-11 16:00:00,3586.49000000,3620.24000000,3582.50000000,3606.15000000,4500.47238800,2019-01-11 19:59:59.999,16222770.53232564,35649,2356.70394100,8494890.54674075,0
2019-01-11 20:00:00,3606.36000000,3658.00000000,3465.00000000,3601.31000000,9532.89422500,2019-01-11 23:59:59.999,34142551.33475246,54420,4976.69993800,17821490.95805632,0
2019-01-12 00:00:00,3601.31000000,3618.19000000,3533.00000000,3601.15000000,5242.89609100,2019-01-12 03:59:59.999,18846768.24929494,38115,2816.49473200,10127785.86259631,0
2019-01-12 04:00:00,3600.64000000,3601.14000000,3567.31000000,3582.38000000,2608.47201700,2019-01-12 07:59:59.999,9348824.53919334,26351,1374.30435800,4925188.03532938,0
2019-01-12 08:00:00,3582.09000000,3585.71000000,3559.50000000,3571.16000000,2577.73558600,2019-01-12 11:59:59.999,9216912.87866836,25428,1335.02676200,4773876.35883942,0
2019-01-12 12:00:00,3571.89000000,3605.00000000,3530.00000000,3591.11000000,4979.26681500,2019-01-12 15:59:59.999,17832353.31914329,33386,2620.25926100,9386553.12887540,0
2019-01-12 16:00:00,3591.11000000,3600.00000000,3572.19000000,3593.74000000,3162.36943700,2019-01-12 19:59:59.999,11357396.15774380,25772,1708.47183900,6135852.00991511,0
2019-01-12 20:00:00,3592.79000000,3612.39000000,3563.01000000,3583.13000000,3429.18840800,2019-01-12 23:59:59.999,12306515.53253664,26627,1791.04189400,6429580.11125416,0
2019-01-13 00:00:00,3584.10000000,3595.00000000,3564.41000000,3593.24000000,2812.55360800,2019-01-13 03:59:59.999,10064148.22682768,22795,1548.62889700,5541746.46041221,0
2019-01-13 04:00:00,3593.27000000,3598.88000000,3575.84000000,3583.68000000,1758.08191600,2019-01-13 07:59:59.999,6303800.29566280,17977,1041.38211100,3734657.34367959,0
2019-01-13 08:00:00,3583.68000000,3590.02000000,3571.70000000,3589.38000000,1759.02157400,2019-01-13 11:59:59.999,6304102.43302395,17437,966.48092600,3463836.32555940,0
2019-01-13 12:00:00,3589.28000000,3611.10000000,3560.26000000,3575.53000000,3572.38422800,2019-01-13 15:59:59.999,12799476.75271608,25490,1944.99883700,6970604.69611056,0
2019-01-13 16:00:00,3576.32000000,3576.33000000,3441.30000000,3465.82000000,12738.29285700,2019-01-13 19:59:59.999,44410982.53097068,70898,6217.61999800,21668286.44377322,0
2019-01-13 20:00:00,3465.03000000,3497.98000000,3454.00000000,3476.81000000,3745.42327100,2019-01-13 23:59:59.999,12999739.22817783,28516,1973.30987100,6850371.74579222,0
2019-01-14 00:00:00,3477.56000000,3499.90000000,3467.02000000,3489.45000000,3411.76278700,2019-01-14 03:59:59.999,11899347.04036480,27994,1778.48888500,6202006.60515549,0
2019-01-14 04:00:00,3489.43000000,3527.83000000,3487.52000000,3511.83000000,3891.67660600,2019-01-14 07:59:59.999,13658261.32041414,29163,1964.46858400,6894417.62342434,0
2019-01-14 08:00:00,3511.73000000,3540.00000000,3485.02000000,3488.28000000,4601.26033600,2019-01-14 11:59:59.999,16125696.04274869,30384,2446.47935300,8575917.62850852,0
2019-01-14 12:00:00,3488.80000000,3647.00000000,3487.00000000,3630.98000000,10357.49360900,2019-01-14 15:59:59.999,36868177.86220547,51351,5518.84831100,19648165.37061821,0
2019-01-14 16:00:00,3630.98000000,3671.87000000,3611.00000000,3638.08000000,8262.04713200,2019-01-14 19:59:59.999,29991666.63083559,53325,4390.34492300,15937489.97316248,0
2019-01-14 20:00:00,3638.74000000,3665.00000000,3590.00000000,3626.09000000,4710.97074500,2019-01-14 23:59:59.999,17088671.17048188,37235,2317.78684600,8410833.90314081,0
2019-01-15 00:00:00,3626.08000000,3648.42000000,3623.00000000,3629.38000000,3259.29669200,2019-01-15 03:59:59.999,11839530.49717242,31595,1694.81290000,6156825.57875582,0
2019-01-15 04:00:00,3629.38000000,3631.86000000,3610.12000000,3629.09000000,4103.12774400,2019-01-15 07:59:59.999,14863962.83662568,29982,2092.14309400,7579242.04083422,0
2019-01-15 08:00:00,3629.09000000,3630.43000000,3578.07000000,3611.39000000,6320.08170800,2019-01-15 11:59:59.999,22794792.48030477,37236,3096.20344600,11168529.06229066,0
2019-01-15 12:00:00,3612.10000000,3640.77000000,3580.00000000,3596.98000000,7495.89247500,2019-01-15 15:59:59.999,27049572.39197050,46810,3845.70228100,13881288.97717752,0
2019-01-15 16:00:00,3597.31000000,3610.73000000,3583.50000000,3604.14000000,4392.11849400,2019-01-15 19:59:59.999,15805914.81032289,33379,2334.18985400,8400606.80732575,0
2019-01-15 20:00:00,3604.14000000,3605.00000000,3516.62000000,3553.06000000,8567.48034600,2019-01-15 23:59:59.999,30431667.21247913,52682,4162.57085900,14785304.44618593,0
2019-01-16 00:00:00,3553.06000000,3575.37000000,3543.51000000,3572.50000000,3210.96543200,2019-01-16 03:59:59.999,11435833.94699835,27531,1712.01081400,6097528.49804466,0
2019-01-16 04:00:00,3572.55000000,3583.71000000,3552.25000000,3555.07000000,4070.57400500,2019-01-16 07:59:59.999,14541267.67546127,29802,2163.72663800,7730388.74724483,0
2019-01-16 08:00:00,3556.04000000,3603.96000000,3553.96000000,3589.02000000,4318.06019300,2019-01-16 11:59:59.999,15479755.10885746,31870,2280.85769000,8176611.73306330,0
2019-01-16 12:00:00,3589.08000000,3645.00000000,3574.93000000,3590.22000000,7027.97686900,2019-01-16 15:59:59.999,25323209.06985730,46615,3506.08511700,12634678.41352428,0
2019-01-16 16:00:00,3591.16000000,3610.00000000,3560.20000000,3576.40000000,5476.12226700,2019-01-16 19:59:59.999,19628027.34972076,39940,2662.03880100,9542497.55543491,0
2019-01-16 20:00:00,3576.60000000,3609.00000000,3561.81000000,3591.84000000,3376.48121100,2019-01-16 23:59:59.999,12096362.05577021,29401,1858.98082000,6661431.86792145,0
2019-01-17 00:00:00,3591.84000000,3600.51000000,3551.16000000,3574.59000000,4305.18274300,2019-01-17 03:59:59.999,15415544.61184405,32566,2225.87306000,7970622.44597964,0
2019-01-17 04:00:00,3574.57000000,3587.95000000,3568.16000000,3584.00000000,2850.27720900,2019-01-17 07:59:59.999,10194027.53418400,26251,1597.71884900,5714931.06779112,0
2019-01-17 08:00:00,3583.73000000,3588.90000000,3530.39000000,3579.56000000,6117.61945900,2019-01-17 11:59:59.999,21837520.39760652,40470,3286.21973700,11732841.01648499,0
2019-01-17 12:00:00,3580.30000000,3605.00000000,3558.87000000,3597.62000000,4964.02609500,2019-01-17 15:59:59.999,17760659.27181278,37742,2529.71523700,9052248.15593109,0
2019-01-17 16:00:00,3597.17000000,3633.00000000,3573.00000000,3604.95000000,7268.81170200,2019-01-17 19:59:59.999,26159723.49855768,46318,3944.27911100,14195481.74326193,0
2019-01-17 20:00:00,3604.15000000,3634.70000000,3590.00000000,3616.21000000,4249.52363000,2019-01-17 23:59:59.999,15341661.65923839,34450,2426.69740100,8761071.50822504,0
2019-01-18 00:00:00,3613.32000000,3620.00000000,3594.35000000,3600.87000000,2482.93437400,2019-01-18 03:59:59.999,8951044.86664145,24478,1491.45492300,5376662.86248326,0
2019-01-18 04:00:00,3600.87000000,3611.99000000,3585.70000000,3604.01000000,2847.02625300,2019-01-18 07:59:59.999,10247117.43982870,25750,1582.67833300,5697034.87683249,0
2019-01-18 08:00:00,3604.01000000,3619.80000000,3590.00000000,3599.01000000,5612.14453800,2019-01-18 11:59:59.999,20224293.65010685,34584,3093.89674300,11149607.44217662,0
2019-01-18 12:00:00,3599.08000000,3611.95000000,3576.68000000,3610.68000000,4770.18102000,2019-01-18 15:59:59.999,17140767.51373327,33537,2571.21449200,9239015.77085107,0
2019-01-18 16:00:00,3611.09000000,3612.07000000,3565.75000000,3587.91000000,4494.28449800,2019-01-18 19:59:59.999,16116944.29991058,32601,2578.34581600,9247027.11215231,0
2019-01-18 20:00:00,3588.00000000,3609.19000000,3585.98000000,3594.87000000,2506.87607200,2019-01-18 23:59:59.999,9019555.77457059,26617,1293.49345000,4653627.17218528,0
2019-01-19 00:00:00,3594.87000000,3614.79000000,3594.23000000,3606.13000000,2529.42342000,2019-01-19 03:59:59.999,9115128.41802301,24797,1451.99395900,5232564.56310188,0
2019-01-19 04:00:00,3605.04000000,3615.00000000,3600.72000000,3604.40000000,1663.60962300,2019-01-19 07:59:59.999,6000308.49580157,17813,919.54043900,3316843.89534187,0
2019-01-19 08:00:00,3604.42000000,3720.00000000,3604.01000000,3695.38000000,9061.34984600,2019-01-19 11:59:59.999,33380229.47617907,52116,4941.48411000,18205663.99123852,0
2019-01-19 12:00:00,3695.78000000,3697.60000000,3681.84000000,3685.74000000,3300.44360200,2019-01-19 15:59:59.999,12174462.93326331,27039,1620.63556300,5978473.87722589,0
2019-01-19 16:00:00,3685.64000000,3695.98000000,3662.20000000,3686.53000000,3722.67814000,2019-01-19 19:59:59.999,13714140.26983606,32681,1774.13902400,6536342.57846979,0
2019-01-19 20:00:00,3686.56000000,3689.23000000,3665.30000000,3665.30000000,1894.07349200,2019-01-19 23:59:59.999,6969916.31015690,20608,929.46507600,3420651.40247430,0
2019-01-20 00:00:00,3665.75000000,3686.00000000,3655.00000000,3680.72000000,2383.70763500,2019-01-20 03:59:59.999,8764381.37775396,22259,1284.91822300,4725095.92750788,0
2019-01-20 04:00:00,3681.31000000,3686.00000000,3668.30000000,3678.87000000,2090.05912100,2019-01-20 07:59:59.999,7686322.12190590,20217,1134.93878000,4174057.22237999,0
2019-01-20 08:00:00,3678.20000000,3693.73000000,3572.00000000,3580.00000000,7266.79693300,2019-01-20 11:59:59.999,26365065.98973740,44861,3470.10244000,12594604.99809498,0
2019-01-20 12:00:00,3580.00000000,3589.66000000,3475.00000000,3524.63000000,10474.49476800,2019-01-20 15:59:59.999,36876587.19861650,61297,5167.68374900,18193047.95651674,0
2019-01-20 16:00:00,3524.57000000,3537.60000000,3511.20000000,3518.00000000,2850.54633200,2019-01-20 19:59:59.999,10045531.96374753,28563,1333.46143200,4698990.95957472,0
2019-01-20 20:00:00,3517.99000000,3554.29000000,3510.28000000,3539.28000000,2836.33380900,2019-01-20 23:59:59.999,10029351.30205325,27744,1484.00675700,5247733.57400597,0
2019-01-21 00:00:00,3539.26000000,3549.07000000,3520.00000000,3530.95000000,2662.27180400,2019-01-21 03:59:59.999,9417227.40090578,22983,1411.12392200,4991929.98265873,0
2019-01-21 04:00:00,3530.85000000,3537.00000000,3501.00000000,3526.83000000,3133.44879000,2019-01-21 07:59:59.999,11039169.18613028,26543,1673.05028000,5895244.00134369,0
2019-01-21 08:00:00,3526.82000000,3550.00000000,3516.35000000,3545.05000000,3547.93301800,2019-01-21 11:59:59.999,12529074.91937399,29382,1840.44251300,6499240.30073306,0
2019-01-21 12:00:00,3545.07000000,3559.51000000,3518.32000000,3528.17000000,3756.51724400,2019-01-21 15:59:59.999,13279314.96927394,29514,2037.49505500,7202250.32133863,0
2019-01-21 16:00:00,3528.16000000,3540.81000000,3520.90000000,3528.82000000,2671.36797800,2019-01-21 19:59:59.999,9437501.47293335,23445,1442.92962900,5098199.49815065,0
2019-01-21 20:00:00,3528.78000000,3534.34000000,3475.50000000,3526.90000000,3872.89800500,2019-01-21 23:59:59.999,13614260.81823820,28958,2056.97887900,7231313.53079355,0
2019-01-22 00:00:00,3526.88000000,3550.00000000,3514.43000000,3523.00000000,3061.21991800,2019-01-22 03:59:59.999,10809805.87312686,23992,1758.10544300,6208532.85292379,0
2019-01-22 04:00:00,3523.66000000,3590.51000000,3500.04000000,3515.70000000,4164.77892600,2019-01-22 07:59:59.999,14683122.19951871,22422,2250.88636800,7945235.66634333,0
2019-01-22 08:00:00,3516.58000000,3540.00000000,3434.85000000,3535.15000000,7542.07616600,2019-01-22 11:59:59.999,26364450.15138849,40655,3708.95214300,12981982.62459881,0
2019-01-22 12:00:00,3535.15000000,3585.00000000,3520.00000000,3577.32000000,7136.30857900,2019-01-22 15:59:59.999,25352444.20972060,45557,3908.70007500,13886964.18715881,0
2019-01-22 16:00:00,3577.33000000,3608.50000000,3560.00000000,3578.46000000,4858.60228900,2019-01-22 19:59:59.999,17392692.59904493,37557,2688.72938800,9625741.37993657,0
2019-01-22 20:00:00,3578.89000000,3596.01000000,3561.94000000,3570.93000000,2573.45708900,2019-01-22 23:59:59.999,9201965.08326029,25301,1345.95958400,4812890.98301529,0
2019-01-23 00:00:00,3570.41000000,3599.76000000,3566.24000000,3581.31000000,2268.43520800,2019-01-23 03:59:59.999,8120023.68556547,23078,1300.89456300,4656853.97934125,0
2019-01-23 04:00:00,3582.07000000,3583.01000000,3556.62000000,3561.73000000,3023.78277500,2019-01-23 07:59:59.999,10800265.37855797,24449,1536.35827800,5487701.95158685,0
2019-01-23 08:00:00,3561.75000000,3582.96000000,3551.92000000,3577.80000000,3714.15128800,2019-01-23 11:59:59.999,13251419.04672834,29006,1976.36925500,7051151.24162140,0
2019-01-23 12:00:00,3577.80000000,3607.98000000,3543.99000000,3549.07000000,6063.40299700,2019-01-23 15:59:59.999,21662753.40681911,39773,3009.39845500,10755750.73277077,0
2019-01-23 16:00:00,3549.09000000,3574.21000000,3533.39000000,3533.40000000,3912.38354500,2019-01-23 19:59:59.999,13923243.59370376,30969,2159.37951800,7685298.66715286,0
2019-01-23 20:00:00,3533.40000000,3555.00000000,3514.50000000,3552.82000000,5956.68688500,2019-01-23 23:59:59.999,21058691.23446079,45617,3154.29318400,11152770.43631497,0
2019-01-24 00:00:00,3552.97000000,3555.00000000,3529.22000000,3532.57000000,3031.40068100,2019-01-24 03:59:59.999,10738051.62236249,26829,1560.49673700,5528880.49329127,0
2019-01-24 04:00:00,3532.57000000,3550.61000000,3531.76000000,3546.33000000,2729.30662300,2019-01-24 07:59:59.999,9660099.20534249,22870,1292.94094000,4576388.78108594,0
2019-01-24 08:00:00,3546.47000000,3572.59000000,3532.60000000,3563.23000000,3832.78648100,2019-01-24 11:59:59.999,13606099.19773990,27483,2089.27863200,7416803.71468350,0
2019-01-24 12:00:00,3562.15000000,3576.97000000,3547.09000000,3553.41000000,4198.46525500,2019-01-24 15:59:59.999,14949496.61827110,31761,2214.24620600,7884969.82433605,0
2019-01-24 16:00:00,3553.44000000,3589.00000000,3543.26000000,3574.93000000,4087.28315700,2019-01-24 19:59:59.999,14560032.75384135,27895,2252.20321400,8022235.68908652,0
2019-01-24 20:00:00,3574.78000000,3587.27000000,3553.88000000,3569.62000000,2947.00898300,2019-01-24 23:59:59.999,10523273.46877003,25321,1566.80884100,5594313.37904080,0
2019-01-25 00:00:00,3569.07000000,3587.15000000,3565.00000000,3568.06000000,1849.52879900,2019-01-25 03:59:59.999,6608418.36483200,18490,959.53312600,3429276.83268532,0
2019-01-25 04:00:00,3568.06000000,3571.99000000,3551.00000000,3568.48000000,2281.90834000,2019-01-25 07:59:59.999,8136994.29056529,19747,1213.46612500,4327446.87435075,0
2019-01-25 08:00:00,3568.48000000,3568.56000000,3522.51000000,3541.97000000,5317.63783700,2019-01-25 11:59:59.999,18873759.26040718,37003,2849.85290500,10117998.36493519,0
2019-01-25 12:00:00,3541.97000000,3568.79000000,3536.95000000,3566.92000000,3283.55799200,2019-01-25 15:59:59.999,11666591.76558027,35588,1890.24750200,6716734.70421435,0
2019-01-25 16:00:00,3566.44000000,3571.00000000,3540.35000000,3553.21000000,2885.29446100,2019-01-25 19:59:59.999,10255840.95666951,24885,1628.65285500,5788873.70086930,0
2019-01-25 20:00:00,3553.21000000,3574.00000000,3546.89000000,3565.29000000,1990.41924200,2019-01-25 23:59:59.999,7093321.81719103,17700,1148.64563900,4093658.90965177,0
2019-01-26 00:00:00,3566.69000000,3583.00000000,3561.17000000,3577.00000000,2365.34548500,2019-01-26 03:59:59.999,8450527.21584336,18311,1345.04809500,4805881.71200440,0
2019-01-26 04:00:00,3578.07000000,3662.94000000,3567.60000000,3620.58000000,5040.08610400,2019-01-26 07:59:59.999,18160589.24556165,28847,2819.08064100,10145436.64107097,0
2019-01-26 08:00:00,3620.37000000,3624.06000000,3587.00000000,3589.93000000,3745.22175700,2019-01-26 11:59:59.999,13496491.17972224,23961,1861.77590200,6709379.35402721,0
2019-01-26 12:00:00,3589.93000000,3595.20000000,3545.00000000,3557.72000000,4235.22911400,2019-01-26 15:59:59.999,15145878.04375933,27352,2021.05251500,7227653.11542185,0
2019-01-26 16:00:00,3558.01000000,3572.74000000,3553.79000000,3567.55000000,2638.75124700,2019-01-26 19:59:59.999,9407742.25269732,21091,1366.44469600,4871590.33604372,0
2019-01-26 20:00:00,3567.55000000,3576.76000000,3562.01000000,3565.25000000,1451.89863700,2019-01-26 23:59:59.999,5180538.70934759,15807,789.99846600,2818910.36023093,0
2019-01-27 00:00:00,3565.62000000,3579.00000000,3539.16000000,3578.46000000,2656.95615900,2019-01-27 03:59:59.999,9472324.65650176,22652,1369.62236400,4884808.85005816,0
2019-01-27 04:00:00,3578.46000000,3578.92000000,3554.18000000,3562.01000000,2154.58989500,2019-01-27 07:59:59.999,7679713.03076026,18460,1203.96552300,4291102.85490095,0
2019-01-27 08:00:00,3562.77000000,3570.86000000,3526.41000000,3546.73000000,4753.00345700,2019-01-27 11:59:59.999,16873450.09445352,31451,2517.19287800,8935898.64197313,0
2019-01-27 12:00:00,3546.17000000,3568.00000000,3486.00000000,3556.53000000,7945.54327500,2019-01-27 15:59:59.999,28106699.76684813,46705,3938.17548800,13941507.33703475,0
2019-01-27 16:00:00,3557.31000000,3574.57000000,3543.07000000,3564.29000000,3139.31492300,2019-01-27 19:59:59.999,11181251.88862687,24415,1595.35361100,5683694.98559627,0
2019-01-27 20:00:00,3563.69000000,3571.09000000,3546.03000000,3550.84000000,2086.19045300,2019-01-27 23:59:59.999,7429977.40934628,20172,944.25753500,3363298.77783705,0
2019-01-28 00:00:00,3550.05000000,3557.75000000,3477.47000000,3481.64000000,6488.34602100,2019-01-28 03:59:59.999,22816316.00330120,43952,3267.00844100,11493846.50805263,0
2019-01-28 04:00:00,3481.65000000,3499.51000000,3405.00000000,3454.40000000,10414.79411000,2019-01-28 07:59:59.999,35983671.51560725,56992,4959.25013900,17143200.66403872,0
2019-01-28 08:00:00,3453.72000000,3454.34000000,3410.02000000,3427.57000000,4864.43051600,2019-01-28 11:59:59.999,16722817.56233211,35778,2532.66350400,8709334.92145694,0
2019-01-28 12:00:00,3427.59000000,3435.70000000,3380.27000000,3420.06000000,10171.13800300,2019-01-28 15:59:59.999,34737309.36316769,54952,5169.75649600,17663432.81009472,0
2019-01-28 16:00:00,3420.50000000,3435.70000000,3408.82000000,3424.39000000,5255.13954500,2019-01-28 19:59:59.999,17975841.55071649,38757,2700.32025800,9236982.87873047,0
2019-01-28 20:00:00,3424.41000000,3445.99000000,3420.07000000,3434.15000000,3211.26320600,2019-01-28 23:59:59.999,11022752.76918405,30368,1705.27290100,5853593.03491236,0
2019-01-29 00:00:00,3434.00000000,3443.45000000,3402.83000000,3406.18000000,3633.60730400,2019-01-29 03:59:59.999,12441973.15409636,27445,1954.07010500,6691664.94763723,0
2019-01-29 04:00:00,3406.27000000,3414.68000000,3349.92000000,3366.41000000,7550.30563400,2019-01-29 07:59:59.999,25552722.89463651,39659,3851.50763600,13038072.14653347,0
2019-01-29 08:00:00,3366.63000000,3403.23000000,3364.50000000,3385.32000000,5246.12247500,2019-01-29 11:59:59.999,17769814.23257526,32538,2907.08888100,9847120.47055532,0
2019-01-29 12:00:00,3385.34000000,3428.27000000,3381.00000000,3426.62000000,5798.72549100,2019-01-29 15:59:59.999,19758551.37882146,35480,3194.68671000,10885333.76923358,0
2019-01-29 16:00:00,3426.15000000,3442.00000000,3405.61000000,3419.44000000,4364.29372200,2019-01-29 19:59:59.999,14935732.88249527,30545,2220.62757000,7599144.53858817,0
2019-01-29 20:00:00,3419.69000000,3434.94000000,3400.00000000,3411.04000000,2951.87435100,2019-01-29 23:59:59.999,10084012.92217422,23983,1498.33032900,5118959.30796958,0
2019-01-30 00:00:00,3410.04000000,3427.67000000,3387.10000000,3420.34000000,3221.58219500,2019-01-30 03:59:59.999,10970926.88558336,26183,1779.97552000,6062984.75288198,0
2019-01-30 04:00:00,3419.89000000,3447.00000000,3417.44000000,3428.83000000,3982.72011100,2019-01-30 07:59:59.999,13655787.97509569,25429,2292.38165300,7860828.33999646,0
2019-01-30 08:00:00,3429.24000000,3447.90000000,3422.50000000,3429.25000000,3493.44621500,2019-01-30 11:59:59.999,11989858.77824057,29336,1958.26299800,6720859.86117259,0
2019-01-30 12:00:00,3429.62000000,3476.36000000,3428.72000000,3464.01000000,7421.71403400,2019-01-30 15:59:59.999,25658674.47030107,52748,4102.66591200,14185847.62476046,0
2019-01-30 16:00:00,3464.03000000,3478.00000000,3454.97000000,3458.77000000,3465.27287300,2019-01-30 19:59:59.999,12006270.86440249,25379,1898.87888300,6579867.52754248,0
2019-01-30 20:00:00,3458.65000000,3469.00000000,3446.82000000,3458.18000000,2383.52481500,2019-01-30 23:59:59.999,8239603.88829436,21745,1292.17466200,4466861.95151943,0
2019-01-31 00:00:00,3457.50000000,3489.20000000,3456.75000000,3465.32000000,3166.32792700,2019-01-31 03:59:59.999,10992600.09603214,25155,1750.49839400,6078016.12722074,0
2019-01-31 04:00:00,3465.32000000,3480.00000000,3455.30000000,3476.57000000,2874.55439400,2019-01-31 07:59:59.999,9969593.98499838,20543,1425.50649400,4944425.91098760,0
2019-01-31 08:00:00,3477.08000000,3477.08000000,3418.80000000,3427.81000000,12030.01833400,2019-01-31 11:59:59.999,41351011.79590147,64121,5881.50060400,20214807.24804151,0
2019-01-31 12:00:00,3427.79000000,3444.88000000,3420.30000000,3436.56000000,4873.03139100,2019-01-31 15:59:59.999,16731809.17030474,33743,2628.69647400,9026464.98985557,0
2019-01-31 16:00:00,3435.82000000,3443.00000000,3419.33000000,3434.28000000,3559.98993100,2019-01-31 19:59:59.999,12211134.08645191,28577,1962.75563400,6733281.07035725,0
2019-01-31 20:00:00,3433.58000000,3449.58000000,3425.36000000,3434.10000000,3103.26827600,2019-01-31 23:59:59.999,10672197.84330822,25961,1676.87118300,5767628.60405597,0
2019-02-01 00:00:00,3434.10000000,3440.15000000,3401.20000000,3418.50000000,4937.49736600,2019-02-01 03:59:59.999,16889085.70857273,31729,2639.85409100,9032180.81410740,0
2019-02-01 04:00:00,3418.84000000,3428.51000000,3411.00000000,3420.03000000,3531.24450500,2019-02-01 07:59:59.999,12072092.62943082,26037,1695.09650800,5794909.43716297,0
2019-02-01 08:00:00,3419.44000000,3477.00000000,3417.81000000,3459.18000000,5768.57725700,2019-02-01 11:59:59.999,19875768.28877279,31295,3203.02824400,11038940.98253758,0
2019-02-01 12:00:00,3460.56000000,3479.99000000,3452.20000000,3463.02000000,4419.88548700,2019-02-01 15:59:59.999,15319982.89444900,29383,2295.59635900,7957482.77326915,0
2019-02-01 16:00:00,3463.02000000,3488.00000000,3450.00000000,3474.52000000,3849.31742000,2019-02-01 19:59:59.999,13346676.45140697,26146,2264.32281300,7851059.96150389,0
2019-02-01 20:00:00,3475.01000000,3486.63000000,3461.29000000,3462.07000000,2753.95412400,2019-02-01 23:59:59.999,9572308.26003599,22930,1435.44661300,4989625.98049790,0
2019-02-02 00:00:00,3462.20000000,3471.00000000,3455.36000000,3465.00000000,2316.38249500,2019-02-02 03:59:59.999,8024462.49391279,23287,1292.55469700,4477745.94739198,0
2019-02-02 04:00:00,3465.64000000,3469.00000000,3440.29000000,3453.55000000,2915.20080300,2019-02-02 07:59:59.999,10062035.44533341,29975,1493.73800000,5156574.06719563,0
2019-02-02 08:00:00,3453.09000000,3481.59000000,3443.40000000,3477.67000000,3421.81307900,2019-02-02 11:59:59.999,11852249.88909080,27704,1815.89832800,6287345.50385841,0
2019-02-02 12:00:00,3477.83000000,3479.74000000,3453.39000000,3457.56000000,2952.75613800,2019-02-02 15:59:59.999,10235457.87158289,26355,1513.32261100,5246771.28039287,0
2019-02-02 16:00:00,3457.56000000,3479.00000000,3444.01000000,3468.19000000,2390.88877200,2019-02-02 19:59:59.999,8272374.76041187,19386,1285.92026500,4448965.97639464,0
2019-02-02 20:00:00,3468.90000000,3526.40000000,3457.56000000,3504.77000000,3923.76071300,2019-02-02 23:59:59.999,13687457.51506705,26527,2235.98532900,7800560.92101201,0
2019-02-03 00:00:00,3504.06000000,3511.09000000,3470.00000000,3482.58000000,3310.80672900,2019-02-03 03:59:59.999,11554889.03799703,23215,1686.59447100,5886522.88345476,0
2019-02-03 04:00:00,3483.06000000,3486.86000000,3457.38000000,3462.54000000,2358.61293800,2019-02-03 07:59:59.999,8190419.82283561,19633,1133.83201100,3938224.14421585,0
2019-02-03 08:00:00,3462.99000000,3474.94000000,3447.44000000,3463.70000000,3361.97311100,2019-02-03 11:59:59.999,11628840.80809045,22385,1686.33727300,5833409.77115198,0
2019-02-03 12:00:00,3462.69000000,3473.44000000,3448.15000000,3463.50000000,3316.70860900,2019-02-03 15:59:59.999,11487678.82017281,22938,1679.44049000,5816785.91824198,0
2019-02-03 16:00:00,3462.80000000,3468.99000000,3431.40000000,3445.60000000,3329.42538300,2019-02-03 19:59:59.999,11517017.38228526,22561,1725.57921500,5971470.87217376,0
2019-02-03 20:00:00,3445.60000000,3466.55000000,3426.00000000,3458.11000000,4189.80962000,2019-02-03 23:59:59.999,14422774.19103490,27860,2214.93268300,7624470.87281785,0
2019-02-04 00:00:00,3458.11000000,3471.84000000,3452.27000000,3458.28000000,3191.34841200,2019-02-04 03:59:59.999,11048036.21863362,21387,1758.63442100,6088678.35180029,0
2019-02-04 04:00:00,3458.28000000,3467.78000000,3453.18000000,3463.02000000,2312.78573500,2019-02-04 07:59:59.999,8004725.19758074,18932,1156.24567300,4001900.33009869,0
2019-02-04 08:00:00,3463.02000000,3484.88000000,3434.10000000,3436.04000000,5682.21470800,2019-02-04 11:59:59.999,19640814.03076659,33485,3076.19157100,10634851.87841446,0
2019-02-04 12:00:00,3436.39000000,3461.00000000,3433.31000000,3459.65000000,3866.76393500,2019-02-04 15:59:59.999,13340529.77721698,23551,2081.67933700,7182060.05721939,0
2019-02-04 16:00:00,3459.16000000,3475.00000000,3457.51000000,3469.03000000,3893.98379800,2019-02-04 19:59:59.999,13490709.85876756,26286,2067.65551500,7164040.55257444,0
2019-02-04 20:00:00,3469.03000000,3475.79000000,3453.82000000,3463.22000000,4184.88452000,2019-02-04 23:59:59.999,14499443.14470064,32045,2246.70326400,7785020.49863346,0
2019-02-05 00:00:00,3463.22000000,3471.86000000,3448.43000000,3463.91000000,4270.55788000,2019-02-05 03:59:59.999,14781336.21232463,26899,2149.06101500,7438886.48758571,0
2019-02-05 04:00:00,3463.47000000,3471.89000000,3456.95000000,3464.42000000,4931.26606300,2019-02-05 07:59:59.999,17090530.26888851,29582,2657.12184200,9209809.25838349,0
2019-02-05 08:00:00,3464.42000000,3478.97000000,3461.21000000,3469.91000000,3768.87623700,2019-02-05 11:59:59.999,13073685.03006206,24527,2075.76570400,7201205.40725537,0
2019-02-05 12:00:00,3469.89000000,3471.68000000,3449.05000000,3460.44000000,4863.78747600,2019-02-05 15:59:59.999,16828927.02385182,28319,2833.65647100,9805178.85775616,0
2019-02-05 16:00:00,3461.18000000,3468.17000000,3449.49000000,3463.81000000,4401.56035200,2019-02-05 19:59:59.999,15226120.06931173,28300,2439.55995800,8439513.31095407,0
2019-02-05 20:00:00,3463.81000000,3472.00000000,3455.42000000,3471.59000000,3028.36702200,2019-02-05 23:59:59.999,10490748.45937611,24439,1487.65809400,5153811.92163559,0
2019-02-06 00:00:00,3471.57000000,3482.72000000,3380.00000000,3423.35000000,11709.15110800,2019-02-06 03:59:59.999,40081629.59349426,57026,5807.12842500,19879969.07069093,0
2019-02-06 04:00:00,3423.96000000,3426.83000000,3402.46000000,3424.77000000,3615.53130600,2019-02-06 07:59:59.999,12350251.56666953,26172,2172.33597700,7418587.61140948,0
2019-02-06 08:00:00,3424.79000000,3424.79000000,3396.17000000,3399.82000000,4479.75081800,2019-02-06 11:59:59.999,15270802.77489486,28474,2272.13459700,7746969.61516880,0
2019-02-06 12:00:00,3399.79000000,3422.02000000,3382.26000000,3422.02000000,5469.39747000,2019-02-06 15:59:59.999,18614798.17542949,30268,2907.42509800,9896042.98183120,0
2019-02-06 16:00:00,3421.07000000,3434.59000000,3385.26000000,3398.39000000,7014.94184000,2019-02-06 19:59:59.999,23901459.94673020,39665,3457.17488500,11775273.63681671,0
2019-02-06 20:00:00,3398.41000000,3409.26000000,3393.54000000,3405.37000000,3021.47230400,2019-02-06 23:59:59.999,10281760.94793896,25419,1437.80936500,4892831.58402580,0
2019-02-07 00:00:00,3407.00000000,3414.00000000,3398.02000000,3413.12000000,2661.23125200,2019-02-07 03:59:59.999,9063807.10982189,23370,1345.08770900,4581698.67328092,0
2019-02-07 04:00:00,3413.49000000,3420.00000000,3406.00000000,3412.15000000,2817.37627100,2019-02-07 07:59:59.999,9617617.74014309,22260,1478.75324800,5048237.78540917,0
2019-02-07 08:00:00,3412.17000000,3426.45000000,3407.05000000,3408.05000000,4508.64306200,2019-02-07 11:59:59.999,15402387.92853157,36169,2535.21693200,8660056.46540322,0
2019-02-07 12:00:00,3407.81000000,3413.16000000,3399.00000000,3407.03000000,3747.53252400,2019-02-07 15:59:59.999,12765754.71204004,25278,2001.64344000,6818372.10042263,0
2019-02-07 16:00:00,3407.03000000,3412.24000000,3390.00000000,3399.55000000,3007.25253200,2019-02-07 19:59:59.999,10226298.38571310,23638,1613.88113700,5488887.68706061,0
2019-02-07 20:00:00,3399.43000000,3403.31000000,3390.11000000,3398.40000000,1923.50299700,2019-02-07 23:59:59.999,6535639.91032254,17494,997.30849400,3388657.26870767,0
2019-02-08 00:00:00,3398.40000000,3407.78000000,3373.10000000,3404.08000000,3301.22092500,2019-02-08 03:59:59.999,11200530.79610519,22131,1738.77018900,5900592.56686477,0
2019-02-08 04:00:00,3403.77000000,3411.00000000,3392.97000000,3394.78000000,2566.06495900,2019-02-08 07:59:59.999,8735175.81336491,18391,1311.81550300,4465860.61337082,0
2019-02-08 08:00:00,3395.24000000,3450.50000000,3394.89000000,3430.00000000,7075.60064700,2019-02-08 11:59:59.999,24259890.53278774,39376,3898.34771300,13366872.74681552,0
2019-02-08 12:00:00,3430.00000000,3512.80000000,3429.00000000,3507.34000000,8585.15416700,2019-02-08 15:59:59.999,29699701.27070661,46790,4535.81709800,15697256.23632248,0
2019-02-08 16:00:00,3506.42000000,3733.58000000,3485.24000000,3668.30000000,21034.15811600,2019-02-08 19:59:59.999,76503717.05447713,107079,11068.84387100,40270523.58038213,0
2019-02-08 20:00:00,3668.28000000,3669.99000000,3612.00000000,3659.04000000,5405.85919900,2019-02-08 23:59:59.999,19719196.99453728,43475,2947.37597100,10752645.20690863,0
2019-02-09 00:00:00,3660.27000000,3667.89000000,3635.00000000,3646.45000000,3901.65950500,2019-02-09 03:59:59.999,14234098.26657282,35396,2250.13003400,8209253.33887586,0
2019-02-09 04:00:00,3647.19000000,3666.46000000,3642.19000000,3660.86000000,3267.42587500,2019-02-09 07:59:59.999,11934037.65020944,29242,1786.22981800,6524575.65627331,0
2019-02-09 08:00:00,3661.95000000,3677.32000000,3651.69000000,3662.02000000,5136.78047800,2019-02-09 11:59:59.999,18817119.06776615,36171,2928.07559000,10726481.37604865,0
2019-02-09 12:00:00,3662.32000000,3680.02000000,3640.00000000,3645.02000000,5271.45592900,2019-02-09 15:59:59.999,19280110.70075935,39222,2676.77849700,9792565.76727055,0
2019-02-09 16:00:00,3645.02000000,3655.00000000,3625.13000000,3652.19000000,3986.34915700,2019-02-09 19:59:59.999,14527755.91891678,30380,2161.11626300,7876625.22085288,0
2019-02-09 20:00:00,3653.56000000,3673.00000000,3650.00000000,3665.18000000,3196.16277500,2019-02-09 23:59:59.999,11695378.46343786,21798,1405.81254800,5144876.90485082,0
2019-02-10 00:00:00,3665.18000000,3674.00000000,3646.44000000,3654.84000000,2325.11777800,2019-02-10 03:59:59.999,8506748.48781139,22248,1187.97750600,4346465.01308921,0
2019-02-10 04:00:00,3654.80000000,3660.00000000,3609.76000000,3632.12000000,4258.33888700,2019-02-10 07:59:59.999,15490586.52380200,31321,2140.20581700,7786570.44017675,0
2019-02-10 08:00:00,3632.10000000,3647.95000000,3630.78000000,3638.34000000,3444.45865200,2019-02-10 11:59:59.999,12532952.68067471,26406,1874.94981300,6822644.34615889,0
2019-02-10 12:00:00,3639.53000000,3642.78000000,3615.53000000,3626.60000000,4438.69904700,2019-02-10 15:59:59.999,16096089.76374917,29550,2445.99974900,8869484.99117479,0
2019-02-10 16:00:00,3628.73000000,3655.00000000,3624.03000000,3645.69000000,4011.02629000,2019-02-10 19:59:59.999,14602938.54337340,30181,2249.29003800,8189570.37864681,0
2019-02-10 20:00:00,3645.47000000,3684.99000000,3636.00000000,3680.06000000,4772.96198000,2019-02-10 23:59:59.999,17467107.96292685,31393,2546.79762300,9323075.89561287,0
2019-02-11 00:00:00,3679.75000000,3684.90000000,3620.17000000,3623.11000000,5574.35041500,2019-02-11 03:59:59.999,20279407.08482309,34805,2708.47338300,9848479.68919009,0
2019-02-11 04:00:00,3623.11000000,3638.73000000,3616.66000000,3635.64000000,2694.17308700,2019-02-11 07:59:59.999,9772709.76872031,22701,1357.88861700,4925661.46588827,0
2019-02-11 08:00:00,3634.87000000,3644.16000000,3621.00000000,3626.16000000,3455.19384300,2019-02-11 11:59:59.999,12543598.79378292,25536,1988.18023800,7218422.08490552,0
2019-02-11 12:00:00,3626.16000000,3657.20000000,3624.08000000,3643.00000000,5233.89074600,2019-02-11 15:59:59.999,19053078.94062947,34195,2639.88653400,9610751.89263273,0
2019-02-11 16:00:00,3642.99000000,3648.64000000,3615.53000000,3643.95000000,4268.64594800,2019-02-11 19:59:59.999,15516075.91805247,28974,2187.95006500,7955288.85329280,0
2019-02-11 20:00:00,3644.66000000,3649.00000000,3624.88000000,3631.05000000,3728.36053200,2019-02-11 23:59:59.999,13566961.39826600,26415,1830.81282900,6662955.65730273,0
2019-02-12 00:00:00,3631.05000000,3632.82000000,3582.34000000,3624.04000000,5698.92670700,2019-02-12 03:59:59.999,20567932.41175692,35791,2784.33027600,10049144.15551781,0
2019-02-12 04:00:00,3624.07000000,3634.19000000,3612.90000000,3625.49000000,3423.98945300,2019-02-12 07:59:59.999,12413354.95312190,24928,1803.80469700,6540188.09292849,0
2019-02-12 08:00:00,3625.58000000,3627.50000000,3595.71000000,3611.00000000,4815.67275200,2019-02-12 11:59:59.999,17373181.36773030,33700,2501.54388400,9024411.16132348,0
2019-02-12 12:00:00,3610.75000000,3638.00000000,3608.75000000,3620.03000000,5608.29840100,2019-02-12 15:59:59.999,20301272.13738415,36295,2726.28210400,9869258.93802352,0
2019-02-12 16:00:00,3620.03000000,3667.60000000,3616.53000000,3640.95000000,5763.60436600,2019-02-12 19:59:59.999,20962400.06207661,35271,2993.79416100,10890829.98577038,0
2019-02-12 20:00:00,3640.18000000,3654.94000000,3609.00000000,3631.46000000,4169.10655100,2019-02-12 23:59:59.999,15148299.06229486,33011,2176.36450700,7909443.63521240,0
2019-02-13 00:00:00,3631.51000000,3642.88000000,3624.00000000,3640.52000000,3244.41938500,2019-02-13 03:59:59.999,11797530.54918017,22147,1836.32403100,6677918.83476500,0
2019-02-13 04:00:00,3640.99000000,3670.00000000,3625.76000000,3634.00000000,5543.77449200,2019-02-13 07:59:59.999,20189246.29262437,32441,3076.71262500,11206454.15763833,0
2019-02-13 08:00:00,3633.98000000,3638.20000000,3601.68000000,3613.79000000,5566.01409300,2019-02-13 11:59:59.999,20152356.96428576,33791,2899.52762600,10499916.00513203,0
2019-02-13 12:00:00,3613.79000000,3626.15000000,3591.75000000,3595.10000000,4898.75602900,2019-02-13 15:59:59.999,17687712.00011053,32570,2298.01134500,8297538.51022976,0
2019-02-13 16:00:00,3595.10000000,3615.50000000,3593.22000000,3602.95000000,4164.71899600,2019-02-13 19:59:59.999,15029390.08938678,26374,2146.77497300,7748283.73584637,0
2019-02-13 20:00:00,3602.97000000,3613.78000000,3594.81000000,3609.40000000,2356.31465300,2019-02-13 23:59:59.999,8494505.05271813,20367,1295.49582000,4670668.58466464,0
2019-02-14 00:00:00,3608.34000000,3626.40000000,3605.79000000,3612.00000000,3320.26816100,2019-02-14 03:59:59.999,12009321.64031291,23380,1785.53783100,6458302.89962786,0
2019-02-14 04:00:00,3612.45000000,3625.00000000,3597.20000000,3605.11000000,3442.17203100,2019-02-14 07:59:59.999,12436004.85660709,26568,1596.36233900,5766876.48518652,0
2019-02-14 08:00:00,3605.13000000,3615.00000000,3568.11000000,3584.94000000,6060.42719100,2019-02-14 11:59:59.999,21799954.32908058,35340,3123.73762500,11238198.56057188,0
2019-02-14 12:00:00,3584.94000000,3607.09000000,3577.67000000,3600.94000000,4096.55605700,2019-02-14 15:59:59.999,14709784.09093756,25713,2315.82952100,8315185.35232922,0
2019-02-14 16:00:00,3601.99000000,3614.24000000,3595.00000000,3605.69000000,2740.35808900,2019-02-14 19:59:59.999,9882498.36987956,23994,1349.53445800,4867156.56855784,0
2019-02-14 20:00:00,3605.98000000,3606.16000000,3588.00000000,3590.56000000,2093.71973200,2019-02-14 23:59:59.999,7529982.29264163,20220,1100.17324600,3956872.59349415,0
2019-02-15 00:00:00,3590.57000000,3620.73000000,3587.00000000,3613.77000000,2600.68762100,2019-02-15 03:59:59.999,9377998.51837826,18264,1332.52763000,4805306.21500411,0
2019-02-15 04:00:00,3613.77000000,3629.62000000,3606.65000000,3615.00000000,3498.90719400,2019-02-15 07:59:59.999,12652867.99417957,24300,1909.83025200,6907298.44756237,0
2019-02-15 08:00:00,3615.00000000,3629.60000000,3599.29000000,3608.00000000,3935.74589300,2019-02-15 11:59:59.999,14218318.36313539,29964,2085.50645100,7535335.03440737,0
2019-02-15 12:00:00,3607.95000000,3653.23000000,3573.45000000,3585.73000000,7024.26321900,2019-02-15 15:59:59.999,25311599.47792557,42086,3628.20900300,13079192.01735570,0
2019-02-15 16:00:00,3586.50000000,3604.07000000,3585.05000000,3596.07000000,2286.39434400,2019-02-15 19:59:59.999,8222931.55402896,19361,1170.28613500,4208638.65083727,0
2019-02-15 20:00:00,3596.09000000,3605.16000000,3590.00000000,3602.47000000,1431.87462800,2019-02-15 23:59:59.999,5154642.27588093,17281,714.03742400,2570726.13189895,0
2019-02-16 00:00:00,3602.49000000,3626.43000000,3597.91000000,3623.62000000,3148.64447400,2019-02-16 03:59:59.999,11369302.72765943,22865,1707.78098000,6166315.95664308,0
2019-02-16 04:00:00,3624.09000000,3634.16000000,3612.00000000,3617.09000000,2730.94647400,2019-02-16 07:59:59.999,9886290.36216958,19531,1430.35776000,5178005.20648429,0
2019-02-16 08:00:00,3617.08000000,3627.77000000,3609.95000000,3626.01000000,4244.94329200,2019-02-16 11:59:59.999,15365710.32297890,30679,2278.33404800,8247479.60939885,0
2019-02-16 12:00:00,3626.01000000,3648.20000000,3610.87000000,3634.41000000,4763.93904300,2019-02-16 15:59:59.999,17299776.35589147,33786,2504.35405000,9095303.57247544,0
2019-02-16 16:00:00,3634.48000000,3646.00000000,3621.65000000,3633.18000000,2825.98798700,2019-02-16 19:59:59.999,10259262.41094917,22675,1560.87530300,5666334.16905472,0
2019-02-16 20:00:00,3632.52000000,3638.28000000,3615.00000000,3618.41000000,1851.53148100,2019-02-16 23:59:59.999,6714579.62796678,19857,970.41758900,3519842.05738227,0
2019-02-17 00:00:00,3617.22000000,3634.22000000,3615.05000000,3629.15000000,2983.81706600,2019-02-17 03:59:59.999,10819582.63158797,23415,1462.14498800,5302172.79383898,0
2019-02-17 04:00:00,3629.68000000,3647.00000000,3627.02000000,3641.25000000,2687.04128700,2019-02-17 07:59:59.999,9772575.91807323,21825,1445.72517600,5258492.64474404,0
2019-02-17 08:00:00,3640.98000000,3700.11000000,3615.89000000,3623.73000000,7292.43113000,2019-02-17 11:59:59.999,26622115.18340739,41119,3860.57624700,14106882.56804237,0
2019-02-17 12:00:00,3623.73000000,3628.85000000,3604.40000000,3622.42000000,4692.85995400,2019-02-17 15:59:59.999,16979263.58608610,33490,2088.42080000,7557041.05785335,0
2019-02-17 16:00:00,3622.42000000,3631.99000000,3610.00000000,3622.40000000,2628.89469000,2019-02-17 19:59:59.999,9520754.97259398,24821,1223.99501600,4433414.78960028,0
2019-02-17 20:00:00,3622.48000000,3685.00000000,3615.00000000,3667.58000000,5405.18365200,2019-02-17 23:59:59.999,19712140.84051266,34841,2923.30244900,10659982.93996039,0
2019-02-18 00:00:00,3667.62000000,3773.85000000,3655.00000000,3734.66000000,13061.60783600,2019-02-18 03:59:59.999,48346316.22746839,66066,6577.05985900,24349490.95681081,0
2019-02-18 04:00:00,3734.14000000,3761.29000000,3696.65000000,3731.69000000,6369.82880100,2019-02-18 07:59:59.999,23751197.00924090,43053,3269.09026300,12192689.62628793,0
2019-02-18 08:00:00,3732.17000000,3760.22000000,3717.00000000,3745.37000000,7205.04618100,2019-02-18 11:59:59.999,26931604.78734645,43948,3810.37873500,14243451.22528576,0
2019-02-18 12:00:00,3744.02000000,3848.00000000,3727.23000000,3823.38000000,16961.74029100,2019-02-18 15:59:59.999,64458095.75117962,92155,9154.79574100,34788534.37281829,0
2019-02-18 16:00:00,3824.08000000,3925.00000000,3823.11000000,3895.00000000,15558.14600900,2019-02-18 19:59:59.999,60401595.87777940,98074,8464.01964200,32856891.63776612,0
2019-02-18 20:00:00,3894.99000000,3911.68000000,3856.97000000,3898.60000000,4886.36137400,2019-02-18 23:59:59.999,19009203.11621116,50219,2659.62893100,10347968.83516272,0
2019-02-19 00:00:00,3897.35000000,3974.98000000,3856.00000000,3885.06000000,10352.56022300,2019-02-19 03:59:59.999,40452066.25955568,66937,5520.44389400,21581627.81471706,0
2019-02-19 04:00:00,3885.02000000,3918.93000000,3876.48000000,3916.01000000,6279.94568100,2019-02-19 07:59:59.999,24480821.80079885,46071,3524.54086400,13739278.88348418,0
2019-02-19 08:00:00,3915.85000000,3922.00000000,3872.78000000,3898.84000000,8389.77331300,2019-02-19 11:59:59.999,32716021.39352593,55389,4536.82723000,17693711.68834598,0
2019-02-19 12:00:00,3898.95000000,3994.52000000,3898.90000000,3971.85000000,12282.15101700,2019-02-19 15:59:59.999,48517923.24814081,66297,6751.51128700,26672588.20541873,0
2019-02-19 16:00:00,3971.01000000,3988.21000000,3937.26000000,3967.21000000,6710.92573700,2019-02-19 19:59:59.999,26584721.09175886,48494,3553.50321900,14077191.05781444,0
2019-02-19 20:00:00,3967.14000000,3967.86000000,3893.00000000,3907.79000000,6191.81669600,2019-02-19 23:59:59.999,24340087.25361980,49093,3121.77107200,12273901.10056242,0
2019-02-20 00:00:00,3907.35000000,3927.22000000,3870.66000000,3912.15000000,6299.34257500,2019-02-20 03:59:59.999,24563480.77874642,47665,3320.10205500,12948129.46189374,0
2019-02-20 04:00:00,3912.11000000,3928.23000000,3890.00000000,3913.41000000,3964.55905000,2019-02-20 07:59:59.999,15487081.24639696,33355,2171.47758400,8482454.42052580,0
2019-02-20 08:00:00,3913.86000000,3977.00000000,3907.42000000,3959.98000000,8779.67418700,2019-02-20 11:59:59.999,34638167.46158736,52783,4763.54735900,18798742.25174736,0
2019-02-20 12:00:00,3960.00000000,3986.98000000,3924.64000000,3937.91000000,7976.92813500,2019-02-20 15:59:59.999,31553330.93791298,47653,4426.75580700,17512791.31364177,0
2019-02-20 16:00:00,3937.91000000,3966.00000000,3931.78000000,3956.00000000,4550.45223300,2019-02-20 19:59:59.999,17973040.47437488,35892,2530.50127300,9995817.20626105,0
2019-02-20 20:00:00,3956.38000000,3980.00000000,3941.32000000,3969.74000000,4634.18467000,2019-02-20 23:59:59.999,18356463.66211129,32828,2740.31690600,10855074.56309829,0
2019-02-21 00:00:00,3969.74000000,3975.13000000,3943.18000000,3968.44000000,4330.97874000,2019-02-21 03:59:59.999,17124740.73822724,31324,2353.51265000,9306451.48428091,0
2019-02-21 04:00:00,3968.05000000,4016.48000000,3941.31000000,3964.69000000,8763.76503400,2019-02-21 07:59:59.999,34790268.25560943,49381,4847.92044500,19248925.68851734,0
2019-02-21 08:00:00,3965.00000000,3967.99000000,3901.03000000,3931.11000000,7375.31025200,2019-02-21 11:59:59.999,29017638.31758161,46967,3547.40524300,13960373.07420090,0
2019-02-21 12:00:00,3931.50000000,3947.55000000,3916.00000000,3929.99000000,4739.61360300,2019-02-21 15:59:59.999,18637706.94301676,33108,2601.43331400,10229970.85270688,0
2019-02-21 16:00:00,3930.00000000,3934.11000000,3911.65000000,3925.94000000,3259.21894000,2019-02-21 19:59:59.999,12789313.03260481,26507,1788.37670600,7018130.46056043,0
2019-02-21 20:00:00,3926.04000000,3939.18000000,3917.13000000,3937.31000000,2634.99815900,2019-02-21 23:59:59.999,10354606.58713666,22284,1540.08258700,6052620.52925282,0
2019-02-22 00:00:00,3937.31000000,3963.83000000,3931.40000000,3953.03000000,4785.05875900,2019-02-22 03:59:59.999,18900042.02464729,32170,2786.76757500,11007451.99093938,0
2019-02-22 04:00:00,3953.03000000,3965.37000000,3926.65000000,3940.00000000,3870.91730800,2019-02-22 07:59:59.999,15281632.22318730,30467,2023.27344100,7988920.11591806,0
2019-02-22 08:00:00,3939.98000000,3970.15000000,3928.71000000,3958.95000000,5171.27379000,2019-02-22 11:59:59.999,20458753.79514965,35648,2893.75150900,11447958.68371939,0
2019-02-22 12:00:00,3958.95000000,3988.00000000,3942.00000000,3954.50000000,5382.78380700,2019-02-22 15:59:59.999,21345249.38564196,35947,2689.34763900,10667948.07762693,0
2019-02-22 16:00:00,3954.63000000,3972.28000000,3945.04000000,3965.35000000,2725.84442300,2019-02-22 19:59:59.999,10795795.05347340,24460,1433.98380100,5679671.54489397,0
2019-02-22 20:00:00,3965.77000000,3975.25000000,3951.75000000,3962.00000000,2007.28566300,2019-02-22 23:59:59.999,7957850.26347065,20896,1104.95452900,4381034.43774397,0
2019-02-23 00:00:00,3962.00000000,3973.67000000,3953.36000000,3969.80000000,2559.82662200,2019-02-23 03:59:59.999,10147538.05818893,23457,1466.22931300,5812593.93916746,0
2019-02-23 04:00:00,3969.80000000,3969.91000000,3936.58000000,3949.73000000,2909.15799000,2019-02-23 07:59:59.999,11492422.21559127,21359,1440.77172400,5692143.97553674,0
2019-02-23 08:00:00,3949.69000000,3965.01000000,3933.15000000,3955.23000000,3062.00099300,2019-02-23 11:59:59.999,12097170.21150282,23889,1660.03953800,6559640.20679674,0
2019-02-23 12:00:00,3954.52000000,3961.53000000,3933.45000000,3941.99000000,2430.87791300,2019-02-23 15:59:59.999,9602133.65384914,21668,1262.22369400,4986784.43734641,0
2019-02-23 16:00:00,3941.99000000,4145.41000000,3939.03000000,4100.39000000,17093.50775600,2019-02-23 19:59:59.999,69319206.64860329,95588,9211.41004400,37325201.39827531,0
2019-02-23 20:00:00,4100.24000000,4162.02000000,4099.77000000,4117.76000000,5602.57160900,2019-02-23 23:59:59.999,23124488.63053804,45602,2749.72250200,11351331.54756525,0
2019-02-24 00:00:00,4118.00000000,4198.00000000,4115.78000000,4169.70000000,6559.03562700,2019-02-24 03:59:59.999,27257090.64283235,47303,3533.62076500,14691655.95610530,0
2019-02-24 04:00:00,4170.63000000,4181.00000000,4152.80000000,4167.14000000,4445.29481000,2019-02-24 07:59:59.999,18529900.71560367,37562,2231.49542700,9301009.38122543,0
2019-02-24 08:00:00,4166.60000000,4171.59000000,4125.67000000,4144.68000000,5896.68438400,2019-02-24 11:59:59.999,24444548.69543269,41992,3226.76145800,13376329.44001217,0
2019-02-24 12:00:00,4144.69000000,4146.89000000,3731.08000000,3778.65000000,26157.87144300,2019-02-24 15:59:59.999,101686196.20128615,147841,11752.40916100,45598351.88679559,0
2019-02-24 16:00:00,3778.26000000,3804.15000000,3712.66000000,3780.57000000,13396.17685700,2019-02-24 19:59:59.999,50401607.60760436,84184,6717.04725200,25281021.61147575,0
2019-02-24 20:00:00,3781.51000000,3816.19000000,3740.11000000,3743.56000000,5769.12376900,2019-02-24 23:59:59.999,21827459.65611072,51696,2823.64690000,10690613.15462851,0
2019-02-25 00:00:00,3743.56000000,3812.75000000,3740.00000000,3798.45000000,5242.22011800,2019-02-25 03:59:59.999,19833739.84581392,37160,2750.19633100,10406470.24361898,0
2019-02-25 04:00:00,3798.43000000,3817.91000000,3776.29000000,3780.52000000,5065.64840800,2019-02-25 07:59:59.999,19255908.68985131,36008,2741.00210500,10419774.69729770,0
2019-02-25 08:00:00,3780.23000000,3809.63000000,3755.01000000,3791.31000000,6203.80009600,2019-02-25 11:59:59.999,23527504.32084531,39770,3378.95343100,12816914.09229237,0
2019-02-25 12:00:00,3791.31000000,3818.46000000,3778.65000000,3808.96000000,6533.42218600,2019-02-25 15:59:59.999,24829897.77352904,43308,3497.05257300,13291385.96538311,0
2019-02-25 16:00:00,3808.96000000,3872.66000000,3801.09000000,3855.39000000,9830.72755100,2019-02-25 19:59:59.999,37789472.44988911,64593,5355.61025800,20589693.21659334,0
2019-02-25 20:00:00,3857.00000000,3864.47000000,3805.57000000,3827.92000000,5227.14788600,2019-02-25 23:59:59.999,20049042.12324201,41877,2691.31061800,10326905.75201002,0
2019-02-26 00:00:00,3828.44000000,3841.51000000,3821.61000000,3837.25000000,3151.87255800,2019-02-26 03:59:59.999,12081936.99540886,31469,1474.60877500,5652947.94028832,0
2019-02-26 04:00:00,3838.08000000,3840.38000000,3777.00000000,3807.63000000,7423.12346200,2019-02-26 07:59:59.999,28241743.84892214,46239,3672.85889000,13970696.79069322,0
2019-02-26 08:00:00,3807.63000000,3828.94000000,3786.92000000,3808.99000000,4855.11379900,2019-02-26 11:59:59.999,18509432.87172419,37185,2537.19430600,9673752.62152771,0
2019-02-26 12:00:00,3808.62000000,3832.99000000,3787.52000000,3821.65000000,6006.18016100,2019-02-26 15:59:59.999,22891439.08286302,41473,3147.89344000,11997944.63951222,0
2019-02-26 16:00:00,3821.89000000,3823.15000000,3790.62000000,3814.49000000,4595.66290200,2019-02-26 19:59:59.999,17512167.97506931,33234,2414.98730500,9202585.17423459,0
2019-02-26 20:00:00,3814.69000000,3821.00000000,3799.00000000,3809.23000000,2806.79515400,2019-02-26 23:59:59.999,10695875.33210611,24297,1542.67059500,5879055.31604923,0
2019-02-27 00:00:00,3809.31000000,3821.58000000,3791.66000000,3820.31000000,3524.59691700,2019-02-27 03:59:59.999,13420955.29980261,28727,1692.12808000,6442105.58915080,0
2019-02-27 04:00:00,3820.69000000,3830.00000000,3813.12000000,3825.59000000,3624.27904400,2019-02-27 07:59:59.999,13851606.07717894,28157,1936.29807900,7401016.38156216,0
2019-02-27 08:00:00,3825.61000000,3833.99000000,3815.50000000,3826.00000000,4135.70173400,2019-02-27 11:59:59.999,15817592.10629422,27451,2035.88743500,7786821.34100528,0
2019-02-27 12:00:00,3826.00000000,3838.85000000,3788.00000000,3807.04000000,6179.97420200,2019-02-27 15:59:59.999,23561539.52574135,33813,3406.48034300,12988993.96041628,0
2019-02-27 16:00:00,3807.69000000,3817.00000000,3801.82000000,3813.93000000,2554.16596100,2019-02-27 19:59:59.999,9734480.73032757,23107,1413.95810600,5389235.63680778,0
2019-02-27 20:00:00,3813.24000000,3826.34000000,3677.17000000,3818.07000000,11482.27760800,2019-02-27 23:59:59.999,43177849.38069758,60371,5729.48380300,21552282.36621743,0
2019-02-28 00:00:00,3818.04000000,3833.95000000,3809.88000000,3816.94000000,3452.85281800,2019-02-28 03:59:59.999,13194116.26759344,28421,1827.27985200,6982441.77557552,0
2019-02-28 04:00:00,3818.28000000,3830.00000000,3811.01000000,3822.06000000,2827.63681400,2019-02-28 07:59:59.999,10806378.32664893,25987,1450.01203100,5541555.53363410,0
2019-02-28 08:00:00,3823.07000000,3849.44000000,3819.40000000,3833.82000000,7957.89941100,2019-02-28 11:59:59.999,30507730.82022215,49842,4075.62143600,15625739.83765621,0
2019-02-28 12:00:00,3833.46000000,3888.00000000,3763.87000000,3852.88000000,7432.27202100,2019-02-28 15:59:59.999,28512129.61031835,48101,3876.24911500,14878778.55224714,0
2019-02-28 16:00:00,3852.27000000,3873.54000000,3794.44000000,3821.11000000,8005.67652500,2019-02-28 19:59:59.999,30664981.09562902,52770,4154.10035300,15913712.75698381,0
2019-02-28 20:00:00,3821.19000000,3829.79000000,3805.00000000,3813.69000000,2885.62345500,2019-02-28 23:59:59.999,11018402.27295647,28728,1523.82951400,5819004.79351183,0
2019-03-01 00:00:00,3814.26000000,3834.93000000,3813.01000000,3825.39000000,2683.05936200,2019-03-01 03:59:59.999,10258056.44737546,25676,1422.94604500,5440810.66346138,0
2019-03-01 04:00:00,3825.39000000,3839.02000000,3822.27000000,3839.02000000,2640.68042900,2019-03-01 07:59:59.999,10107366.29816167,25621,1414.86138800,5415747.84964671,0
2019-03-01 08:00:00,3839.02000000,3852.41000000,3824.00000000,3828.59000000,4980.36756000,2019-03-01 11:59:59.999,19100585.35734805,33545,2814.42605800,10793989.28019496,0
2019-03-01 12:00:00,3828.58000000,3838.93000000,3819.70000000,3828.54000000,4820.52607200,2019-03-01 15:59:59.999,18460651.92622596,33985,2547.40733800,9756539.59221495,0
2019-03-01 16:00:00,3828.15000000,3855.00000000,3828.15000000,3845.01000000,4567.98240200,2019-03-01 19:59:59.999,17562385.24557891,32920,2747.83861700,10564934.21667619,0
2019-03-01 20:00:00,3845.00000000,3857.00000000,3817.00000000,3823.00000000,3481.95634500,2019-03-01 23:59:59.999,13362291.24642784,28113,1826.47314900,7010520.14124496,0
2019-03-02 00:00:00,3822.17000000,3841.31000000,3817.50000000,3835.85000000,2297.74013000,2019-03-02 03:59:59.999,8808011.72205482,21574,1160.33901500,4447870.54295442,0
2019-03-02 04:00:00,3834.99000000,3835.84000000,3791.95000000,3802.46000000,4502.01597600,2019-03-02 07:59:59.999,17168294.23429939,29657,2224.44733100,8483641.22918902,0
2019-03-02 08:00:00,3802.44000000,3825.92000000,3772.25000000,3816.96000000,5560.14804200,2019-03-02 11:59:59.999,21154112.59214442,34322,3095.68675600,11782202.54995620,0
2019-03-02 12:00:00,3816.74000000,3830.75000000,3810.82000000,3812.13000000,2713.84435500,2019-03-02 15:59:59.999,10368730.85381088,24309,1435.21151500,5483750.93506671,0
2019-03-02 16:00:00,3812.11000000,3824.30000000,3797.38000000,3820.67000000,2944.50626100,2019-03-02 19:59:59.999,11226648.03345783,23111,1567.13289100,5975945.16473549,0
2019-03-02 20:00:00,3820.49000000,3823.95000000,3806.65000000,3819.93000000,1427.58359100,2019-03-02 23:59:59.999,5449560.34305563,16881,766.12814700,2924651.52474697,0
2019-03-03 00:00:00,3819.97000000,3833.96000000,3815.58000000,3824.75000000,2303.42340300,2019-03-03 03:59:59.999,8811958.55828415,17751,1280.72802900,4899902.59746757,0
2019-03-03 04:00:00,3824.80000000,3833.44000000,3817.73000000,3825.14000000,2489.72044700,2019-03-03 07:59:59.999,9523261.21845053,18955,1338.11681600,5118609.14755080,0
2019-03-03 08:00:00,3825.11000000,3835.00000000,3800.00000000,3821.00000000,2882.75693700,2019-03-03 11:59:59.999,11018892.83013559,20734,1574.02063400,6017051.29662922,0
2019-03-03 12:00:00,3821.95000000,3825.69000000,3792.22000000,3795.62000000,4503.09458900,2019-03-03 15:59:59.999,17172673.01996657,28269,2269.37263300,8658079.59493386,0
2019-03-03 16:00:00,3795.62000000,3811.99000000,3781.32000000,3808.00000000,2678.30704000,2019-03-03 19:59:59.999,10184634.30616337,23069,1500.49687100,5706734.56404262,0
2019-03-03 20:00:00,3807.52000000,3816.68000000,3782.22000000,3807.75000000,1860.86299400,2019-03-03 23:59:59.999,7080479.05859680,18903,891.48389500,3392786.28543801,0
2019-03-04 00:00:00,3807.32000000,3830.00000000,3791.00000000,3799.63000000,4450.06991500,2019-03-04 03:59:59.999,16978311.54330960,28238,2230.80811300,8511260.74923672,0
2019-03-04 04:00:00,3798.67000000,3799.93000000,3699.50000000,3727.00000000,10966.57205800,2019-03-04 07:59:59.999,41031141.98157811,64253,5979.55137400,22377204.36797330,0
2019-03-04 08:00:00,3727.00000000,3733.05000000,3670.69000000,3707.60000000,7357.62261200,2019-03-04 11:59:59.999,27265167.58136624,44178,3569.62561100,13230915.51174090,0
2019-03-04 12:00:00,3707.58000000,3728.00000000,3690.16000000,3713.10000000,5303.75718500,2019-03-04 15:59:59.999,19676974.76425331,31978,2789.56850300,10347630.80936869,0
2019-03-04 16:00:00,3712.07000000,3735.14000000,3708.10000000,3718.17000000,3766.28360600,2019-03-04 19:59:59.999,14018558.16855028,27775,1934.54226000,7201105.04095179,0
2019-03-04 20:00:00,3718.17000000,3733.06000000,3696.72000000,3715.30000000,2898.53628400,2019-03-04 23:59:59.999,10769584.19910040,22193,1518.92654600,5644416.78454736,0
2019-03-05 00:00:00,3716.10000000,3725.00000000,3703.55000000,3712.98000000,3193.22527700,2019-03-05 03:59:59.999,11860634.70357659,22469,1831.84735200,6803920.07871733,0
2019-03-05 04:00:00,3713.00000000,3733.53000000,3711.46000000,3729.20000000,4280.35950200,2019-03-05 07:59:59.999,15941502.23474385,26440,2380.07362700,8864093.20915864,0
2019-03-05 08:00:00,3729.19000000,3747.00000000,3728.15000000,3739.57000000,4241.01132000,2019-03-05 11:59:59.999,15858084.15668316,27736,2351.12755000,8791451.92044799,0
2019-03-05 12:00:00,3739.58000000,3848.38000000,3738.80000000,3834.56000000,11242.34035300,2019-03-05 15:59:59.999,42759738.63375154,59120,6077.38679000,23116710.72021510,0
2019-03-05 16:00:00,3835.00000000,3877.10000000,3820.32000000,3855.71000000,6947.00884300,2019-03-05 19:59:59.999,26758719.28263395,41073,3756.31502700,14466289.40409339,0
2019-03-05 20:00:00,3855.04000000,3861.77000000,3830.82000000,3857.73000000,3058.59086700,2019-03-05 23:59:59.999,11766851.75075544,25606,1583.37736600,6092152.84943230,0
2019-03-06 00:00:00,3857.58000000,3870.00000000,3813.09000000,3826.67000000,4331.38274800,2019-03-06 03:59:59.999,16620992.86872558,28697,2116.65810200,8124904.06302471,0
2019-03-06 04:00:00,3827.58000000,3858.51000000,3821.13000000,3851.92000000,3364.68792700,2019-03-06 07:59:59.999,12925268.87390117,24086,1730.97069100,6649863.98729030,0
2019-03-06 08:00:00,3851.90000000,3907.00000000,3834.05000000,3862.55000000,6317.24445300,2019-03-06 11:59:59.999,24375034.97688770,37394,3562.14624500,13749646.66883382,0
2019-03-06 12:00:00,3862.55000000,3864.00000000,3829.39000000,3862.60000000,4616.61690900,2019-03-06 15:59:59.999,17782232.23921363,28964,2280.72514900,8786391.42768004,0
2019-03-06 16:00:00,3862.02000000,3875.12000000,3848.99000000,3855.50000000,3808.85678600,2019-03-06 19:59:59.999,14699064.00086489,25218,2157.20259300,8325662.08665855,0
2019-03-06 20:00:00,3855.50000000,3868.00000000,3846.93000000,3861.84000000,2336.33000700,2019-03-06 23:59:59.999,9015044.62939363,20742,1292.07179300,4985817.82856638,0
2019-03-07 00:00:00,3861.84000000,3902.94000000,3857.00000000,3884.02000000,4493.53139500,2019-03-07 03:59:59.999,17428412.23066970,28293,2467.49636700,9572148.38658494,0
2019-03-07 04:00:00,3883.00000000,3905.40000000,3854.70000000,3880.00000000,6293.91824000,2019-03-07 07:59:59.999,24445062.31310424,36472,2810.97208900,10910822.86976674,0
2019-03-07 08:00:00,3880.17000000,3880.20000000,3840.40000000,3866.01000000,4084.67028500,2019-03-07 11:59:59.999,15764405.72128501,27883,1996.82702000,7707724.56676717,0
2019-03-07 12:00:00,3866.01000000,3898.83000000,3857.32000000,3876.95000000,5328.52754400,2019-03-07 15:59:59.999,20660590.01353818,35368,2903.33585200,11259241.62196065,0
2019-03-07 16:00:00,3876.54000000,3899.13000000,3872.11000000,3880.01000000,4116.18819400,2019-03-07 19:59:59.999,15993468.42514815,30846,2088.50301700,8115514.08491197,0
2019-03-07 20:00:00,3880.01000000,3890.00000000,3862.32000000,3873.64000000,2138.42200300,2019-03-07 23:59:59.999,8293519.67959370,21658,1098.81186800,4261998.96332500,0
2019-03-08 00:00:00,3873.63000000,3886.11000000,3862.70000000,3873.94000000,3253.83161300,2019-03-08 03:59:59.999,12609837.70886094,25958,1737.84007700,6735298.73538888,0
2019-03-08 04:00:00,3873.94000000,3930.00000000,3873.94000000,3898.65000000,7165.46282900,2019-03-08 07:59:59.999,27950671.15506611,43725,3811.31519500,14868696.28680629,0
2019-03-08 08:00:00,3898.36000000,3911.71000000,3873.18000000,3891.33000000,4471.21806600,2019-03-08 11:59:59.999,17400516.19918493,31348,2120.56598400,8253663.16110024,0
2019-03-08 12:00:00,3891.39000000,3920.00000000,3884.10000000,3908.37000000,3567.05263700,2019-03-08 15:59:59.999,13924429.71980544,28198,1845.09260800,7202961.67480380,0
2019-03-08 16:00:00,3908.37000000,3921.00000000,3898.80000000,3920.43000000,6212.95224900,2019-03-08 19:59:59.999,24300913.09344694,29182,3420.58145400,13380337.87597936,0
2019-03-08 20:00:00,3920.44000000,3932.00000000,3800.00000000,3864.89000000,10059.84919800,2019-03-08 23:59:59.999,38814484.13399512,53123,5012.53891000,19350101.01340028,0
2019-03-09 00:00:00,3864.88000000,3890.00000000,3854.75000000,3876.80000000,4403.61138200,2019-03-09 03:59:59.999,17079687.56757512,30478,2235.40613900,8670932.40384580,0
2019-03-09 04:00:00,3876.80000000,3938.99000000,3866.80000000,3915.69000000,5184.33774600,2019-03-09 07:59:59.999,20235395.44657746,36432,2845.96159900,11110181.82807831,0
2019-03-09 08:00:00,3916.00000000,3927.09000000,3905.53000000,3913.34000000,4076.33776500,2019-03-09 11:59:59.999,15966743.95702581,28436,2150.24811100,8423230.05674929,0
2019-03-09 12:00:00,3914.76000000,3966.00000000,3910.00000000,3950.00000000,7408.57815000,2019-03-09 15:59:59.999,29166821.08938761,44735,4070.74254600,16026360.89685148,0
2019-03-09 16:00:00,3950.75000000,3971.75000000,3890.00000000,3928.58000000,7020.77360700,2019-03-09 19:59:59.999,27579270.08850510,40467,3645.01466800,14312151.67385801,0
2019-03-09 20:00:00,3928.06000000,3946.45000000,3906.36000000,3943.04000000,2886.10900300,2019-03-09 23:59:59.999,11325688.81896246,26321,1499.97349500,5886686.14040709,0
2019-03-10 00:00:00,3943.43000000,3943.43000000,3916.12000000,3925.50000000,4161.36094200,2019-03-10 03:59:59.999,16348559.06278922,30301,2208.01451600,8675102.82673944,0
2019-03-10 04:00:00,3925.50000000,3925.74000000,3881.69000000,3902.00000000,5676.22177900,2019-03-10 07:59:59.999,22176817.20953665,34255,2909.34688500,11369143.46134763,0
2019-03-10 08:00:00,3901.98000000,3918.00000000,3891.73000000,3904.99000000,3669.86747800,2019-03-10 11:59:59.999,14337289.57615308,26767,2116.68281900,8269804.24270503,0
2019-03-10 12:00:00,3904.97000000,3916.69000000,3886.45000000,3905.92000000,3435.02479200,2019-03-10 15:59:59.999,13414614.96750175,26750,1856.01644000,7249250.46139970,0
2019-03-10 16:00:00,3905.92000000,3913.94000000,3889.47000000,3904.32000000,3521.52783600,2019-03-10 19:59:59.999,13743734.11046997,26675,1972.73326500,7699889.11585068,0
2019-03-10 20:00:00,3904.10000000,3932.77000000,3901.12000000,3916.82000000,2723.55858500,2019-03-10 23:59:59.999,10672934.79505664,23172,1455.70246100,5704902.97910103,0
2019-03-11 00:00:00,3915.99000000,3936.98000000,3915.99000000,3932.73000000,4315.91424000,2019-03-11 03:59:59.999,16953606.68971807,26021,2082.16276000,8178417.80633473,0
2019-03-11 04:00:00,3932.73000000,3934.79000000,3860.00000000,3885.50000000,7659.38125200,2019-03-11 07:59:59.999,29852561.16885780,39978,3772.80496600,14703460.57024548,0
2019-03-11 08:00:00,3885.49000000,3899.01000000,3863.14000000,3873.49000000,6272.47750000,2019-03-11 11:59:59.999,24361258.76080024,30000,3207.41579200,12456439.59895103,0
2019-03-11 12:00:00,3873.48000000,3876.00000000,3830.00000000,3848.12000000,8780.56477500,2019-03-11 15:59:59.999,33868630.81975263,49618,4665.23368200,17996454.84312573,0
2019-03-11 16:00:00,3848.11000000,3885.51000000,3841.24000000,3855.66000000,6904.09991500,2019-03-11 19:59:59.999,26695008.83174428,33983,3650.93762700,14113504.33334315,0
2019-03-11 20:00:00,3855.64000000,3877.31000000,3855.64000000,3871.61000000,4134.44802300,2019-03-11 23:59:59.999,15990904.82359636,30316,2037.66618700,7881297.02651421,0
2019-03-12 00:00:00,3871.61000000,3876.00000000,3826.06000000,3834.69000000,5590.76175000,2019-03-12 01:59:59.999,21511630.56113145,26767,2797.32089800,10761987.83784631,0
2019-03-12 08:00:00,3834.69000000,3905.20000000,3831.23000000,3885.18000000,7964.47653700,2019-03-12 11:59:59.999,30939973.28785423,50586,4090.25592700,15891577.81474800,0
2019-03-12 12:00:00,3885.09000000,3902.86000000,3866.31000000,3872.59000000,5774.73451300,2019-03-12 15:59:59.999,22467984.70685984,44699,2893.90629500,11259784.73923265,0
2019-03-12 16:00:00,3872.59000000,3893.00000000,3865.00000000,3881.33000000,4734.52597000,2019-03-12 19:59:59.999,18379048.94886320,36197,2454.75999600,9530164.88580172,0
2019-03-12 20:00:00,3880.75000000,3891.00000000,3874.03000000,3882.73000000,2856.50985200,2019-03-12 23:59:59.999,11095211.94373954,24636,1591.17794900,6181005.17731482,0
2019-03-13 00:00:00,3882.69000000,3893.56000000,3870.66000000,3887.89000000,3768.85928100,2019-03-13 03:59:59.999,14624421.84565337,28048,2080.38461100,8072940.03367848,0
2019-03-13 04:00:00,3887.89000000,3891.70000000,3870.00000000,3884.64000000,3475.21002400,2019-03-13 07:59:59.999,13483413.23616076,25781,1798.75668800,6979488.56728536,0
2019-03-13 08:00:00,3884.32000000,3885.50000000,3840.00000000,3856.12000000,6181.92890300,2019-03-13 11:59:59.999,23873728.30536953,40259,3234.66110600,12493642.97378589,0
2019-03-13 12:00:00,3856.08000000,3890.24000000,3851.00000000,3872.00000000,6229.20958500,2019-03-13 15:59:59.999,24120094.68287087,46731,3070.01818900,11887679.25725886,0
2019-03-13 16:00:00,3872.10000000,3876.04000000,3860.43000000,3870.12000000,2390.29248900,2019-03-13 19:59:59.999,9244200.66282185,22271,1266.49591200,4898520.36271927,0
2019-03-13 20:00:00,3870.10000000,3873.00000000,3855.43000000,3866.00000000,2415.50847500,2019-03-13 23:59:59.999,9334190.72746116,23482,1388.82999900,5367588.63079332,0
2019-03-14 00:00:00,3866.00000000,3884.00000000,3860.00000000,3866.26000000,3244.94913500,2019-03-14 03:59:59.999,12564852.03731958,24445,1703.14287900,6595638.34511572,0
2019-03-14 04:00:00,3867.50000000,3875.57000000,3854.15000000,3859.58000000,3096.80894700,2019-03-14 07:59:59.999,11968248.12719418,23127,1589.56147300,6143462.70459268,0
2019-03-14 08:00:00,3860.73000000,3874.27000000,3856.61000000,3859.57000000,4160.97719300,2019-03-14 11:59:59.999,16077993.35368047,26666,2460.00688600,9505824.22387830,0
2019-03-14 12:00:00,3859.57000000,3920.00000000,3810.43000000,3882.10000000,11659.44152000,2019-03-14 15:59:59.999,45115443.41938046,73197,5899.29822900,22843717.38795910,0
2019-03-14 16:00:00,3883.00000000,3888.00000000,3870.00000000,3873.47000000,3010.88690000,2019-03-14 19:59:59.999,11677527.27998258,27584,1631.82876300,6329512.69601599,0
2019-03-14 20:00:00,3873.48000000,3881.00000000,3870.10000000,3877.12000000,1875.68483500,2019-03-14 23:59:59.999,7268974.55846527,21632,960.61708900,3722991.92608594,0
2019-03-15 00:00:00,3877.12000000,3893.86000000,3876.13000000,3882.90000000,2668.69066200,2019-03-15 03:59:59.999,10369359.31263185,23092,1477.25156700,5739916.62527156,0
2019-03-15 04:00:00,3882.88000000,3895.77000000,3872.20000000,3888.25000000,3429.56307000,2019-03-15 07:59:59.999,13331600.71516357,24795,1769.26539800,6877406.16903489,0
2019-03-15 08:00:00,3888.42000000,3924.40000000,3877.04000000,3914.05000000,4843.24797200,2019-03-15 11:59:59.999,18875352.79551410,33387,2744.92370500,10698338.14405113,0
2019-03-15 12:00:00,3913.52000000,3939.22000000,3903.08000000,3928.19000000,5756.45149200,2019-03-15 15:59:59.999,22557871.78393840,38281,3276.27819100,12840292.95978225,0
2019-03-15 16:00:00,3929.36000000,3934.79000000,3916.83000000,3932.37000000,2895.70416800,2019-03-15 19:59:59.999,11369138.03244547,24819,1575.13704000,6184438.02517848,0
2019-03-15 20:00:00,3932.88000000,3934.79000000,3905.92000000,3923.76000000,2146.40413400,2019-03-15 23:59:59.999,8416578.07775133,19492,1182.84963300,4638914.97541203,0
2019-03-16 00:00:00,3924.46000000,3993.54000000,3921.98000000,3982.97000000,5723.22247600,2019-03-16 03:59:59.999,22648125.23116950,42499,3217.01535200,12729653.53588973,0
2019-03-16 04:00:00,3982.70000000,4056.98000000,3975.60000000,4010.06000000,9836.84994400,2019-03-16 07:59:59.999,39548034.21050260,61950,5718.43269200,22989088.11666521,0
2019-03-16 08:00:00,4010.00000000,4025.98000000,3996.10000000,4016.08000000,3217.22525700,2019-03-16 11:59:59.999,12911988.78127086,28694,1628.25723600,6534638.17368129,0
2019-03-16 12:00:00,4016.10000000,4018.00000000,3963.20000000,3989.83000000,5267.54584800,2019-03-16 15:59:59.999,21027663.27059069,38359,2597.41247900,10370929.70179381,0
2019-03-16 16:00:00,3990.00000000,4008.18000000,3986.50000000,3993.61000000,2339.99497100,2019-03-16 19:59:59.999,9356630.86209424,24493,1255.51443800,5020387.86056734,0
2019-03-16 20:00:00,3993.61000000,4008.93000000,3985.02000000,4005.98000000,2183.53762800,2019-03-16 23:59:59.999,8735164.05118906,20203,1163.99888300,4656925.52400208,0
2019-03-17 00:00:00,4005.98000000,4012.00000000,3950.01000000,3972.23000000,5400.68542000,2019-03-17 03:59:59.999,21487017.66845861,33691,2471.46676800,9835206.29032779,0
2019-03-17 04:00:00,3971.17000000,3977.65000000,3950.13000000,3975.02000000,2568.28588900,2019-03-17 07:59:59.999,10187094.04931021,23092,1375.68080000,5457057.24704937,0
2019-03-17 08:00:00,3975.67000000,3994.10000000,3965.83000000,3987.49000000,2931.08177400,2019-03-17 11:59:59.999,11664140.48507213,23762,1621.66790900,6453651.78112129,0
2019-03-17 12:00:00,3988.26000000,4000.00000000,3972.00000000,3986.51000000,3234.75712400,2019-03-17 15:59:59.999,12894015.07436481,25927,1810.89607100,7219556.65827064,0
2019-03-17 16:00:00,3988.32000000,3995.80000000,3979.00000000,3990.94000000,1944.05732000,2019-03-17 19:59:59.999,7750155.68647584,19115,1103.04461900,4397912.25764713,0
2019-03-17 20:00:00,3991.00000000,3997.93000000,3980.03000000,3981.14000000,2735.38805000,2019-03-17 23:59:59.999,10911490.09407867,21366,1544.36039200,6160759.93697481,0
2019-03-18 00:00:00,3981.85000000,4037.00000000,3973.14000000,4008.15000000,4802.16913500,2019-03-18 03:59:59.999,19274242.86813746,32115,2673.32457800,10731213.39142926,0
2019-03-18 04:00:00,4008.56000000,4015.18000000,3959.00000000,3978.38000000,3968.42705500,2019-03-18 07:59:59.999,15798259.86303197,28233,1892.56108600,7535775.07917603,0
2019-03-18 08:00:00,3978.48000000,3992.66000000,3953.33000000,3971.00000000,5037.36058600,2019-03-18 11:59:59.999,20023199.53724168,31147,2532.85496200,10069192.02370003,0
2019-03-18 12:00:00,3971.00000000,3988.20000000,3967.42000000,3978.86000000,4167.08594000,2019-03-18 15:59:59.999,16588053.32109586,27517,2234.21604200,8893431.08446453,0
2019-03-18 16:00:00,3978.87000000,3984.80000000,3969.62000000,3979.17000000,2508.48810500,2019-03-18 19:59:59.999,9981184.32933721,20797,1465.08650100,5829879.88709246,0
2019-03-18 20:00:00,3979.89000000,3994.87000000,3979.02000000,3987.81000000,1970.94718900,2019-03-18 23:59:59.999,7861318.47026219,18067,1166.14660000,4651416.59123640,0
2019-03-19 00:00:00,3987.83000000,4002.99000000,3983.14000000,3987.45000000,2687.49173300,2019-03-19 03:59:59.999,10737107.98323470,20420,1580.73649300,6315268.25084758,0
2019-03-19 04:00:00,3987.52000000,3991.99000000,3970.00000000,3981.93000000,2718.47596200,2019-03-19 07:59:59.999,10823117.10766672,20520,1297.46492000,5166278.25743864,0
2019-03-19 08:00:00,3981.98000000,4002.98000000,3974.43000000,3986.16000000,3540.08123000,2019-03-19 11:59:59.999,14120612.42469989,23510,1963.83796200,7833251.89879062,0
2019-03-19 12:00:00,3987.37000000,4015.70000000,3980.00000000,3997.65000000,5290.39031300,2019-03-19 15:59:59.999,21131548.45427853,35342,2791.01169400,11149402.77026280,0
2019-03-19 16:00:00,3997.93000000,4031.00000000,3994.00000000,4006.62000000,4016.23469000,2019-03-19 19:59:59.999,16113312.24608816,29180,2221.60147200,8914041.10931721,0
2019-03-19 20:00:00,4008.06000000,4020.00000000,3995.40000000,4015.53000000,1641.06788700,2019-03-19 23:59:59.999,6578050.14666666,18422,890.97802400,3571618.41926771,0
2019-03-20 00:00:00,4017.48000000,4031.53000000,3980.50000000,3994.97000000,3753.85963600,2019-03-20 03:59:59.999,15007932.25985470,25732,1911.37863500,7642982.38441029,0
2019-03-20 04:00:00,3994.21000000,4019.30000000,3989.00000000,4009.01000000,3245.61854900,2019-03-20 07:59:59.999,12993044.43391483,24605,1636.10351000,6549391.14884587,0
2019-03-20 08:00:00,4009.93000000,4021.32000000,3985.50000000,4010.90000000,4801.00883700,2019-03-20 11:59:59.999,19237106.76438291,32568,2565.77950400,10282960.65194911,0
2019-03-20 12:00:00,4010.91000000,4029.55000000,4004.00000000,4015.82000000,4018.59282300,2019-03-20 15:59:59.999,16131813.72054799,32769,2134.05813700,8567344.59765673,0
2019-03-20 16:00:00,4015.58000000,4040.89000000,4004.02000000,4022.45000000,4493.28330200,2019-03-20 19:59:59.999,18067612.67818531,32761,2234.24047700,8982866.49316238,0
2019-03-20 20:00:00,4023.92000000,4050.00000000,4018.00000000,4043.04000000,3119.93710800,2019-03-20 23:59:59.999,12582224.37637852,26601,1719.65401600,6935805.84147878,0
2019-03-21 00:00:00,4043.04000000,4054.58000000,4024.33000000,4041.06000000,3417.25386600,2019-03-21 03:59:59.999,13814577.99876583,26420,1770.41063600,7157618.14139304,0
2019-03-21 04:00:00,4041.75000000,4051.75000000,4027.20000000,4046.79000000,3279.44527800,2019-03-21 07:59:59.999,13240245.10847942,28430,1822.89006100,7359870.24021588,0
2019-03-21 08:00:00,4045.75000000,4057.88000000,4033.97000000,4047.78000000,4834.79655200,2019-03-21 11:59:59.999,19550953.29978388,30391,2547.70147900,10301805.68257056,0
2019-03-21 12:00:00,4044.62000000,4069.32000000,3880.01000000,3968.66000000,17398.16011300,2019-03-21 15:59:59.999,69337865.94153122,91816,8749.31856900,34871959.44378234,0
2019-03-21 16:00:00,3968.25000000,3981.29000000,3942.23000000,3979.42000000,4605.19413400,2019-03-21 19:59:59.999,18253852.28140833,34401,2542.90600400,10079673.94218465,0
2019-03-21 20:00:00,3979.13000000,3996.00000000,3973.91000000,3980.64000000,2462.83217600,2019-03-21 23:59:59.999,9812906.87848249,24642,1270.99508800,5064466.94193639,0
2019-03-22 00:00:00,3980.85000000,3994.89000000,3971.00000000,3986.51000000,2848.90115200,2019-03-22 03:59:59.999,11358275.75487909,23997,1302.44423900,5192984.57799435,0
2019-03-22 04:00:00,3985.53000000,3988.78000000,3968.25000000,3978.59000000,3897.00977400,2019-03-22 07:59:59.999,15513988.83274500,26179,2064.57562900,8218304.54022759,0
2019-03-22 08:00:00,3979.16000000,3991.48000000,3977.33000000,3987.11000000,4023.49604700,2019-03-22 11:59:59.999,16035955.40518684,28373,2200.51637000,8770728.96446947,0
2019-03-22 12:00:00,3987.13000000,4008.00000000,3983.01000000,3993.31000000,4668.14565000,2019-03-22 15:59:59.999,18648969.13171075,32845,2595.21893100,10367363.54970181,0
2019-03-22 16:00:00,3993.29000000,4005.00000000,3980.23000000,3996.38000000,2771.54805200,2019-03-22 19:59:59.999,11069778.36549111,23195,1474.38393300,5889603.68213736,0
2019-03-22 20:00:00,3997.73000000,3997.73000000,3973.57000000,3986.93000000,1813.50564300,2019-03-22 23:59:59.999,7234976.32088691,19114,924.55547500,3688908.03612736,0
2019-03-23 00:00:00,3987.89000000,4009.00000000,3978.01000000,4004.34000000,2610.11854200,2019-03-23 03:59:59.999,10423599.16317574,22917,1597.58092200,6380170.64350542,0
2019-03-23 04:00:00,4005.98000000,4018.83000000,3989.40000000,4005.00000000,3244.29895100,2019-03-23 07:59:59.999,12999215.28409962,26727,1782.85467200,7143948.16639160,0
2019-03-23 08:00:00,4005.67000000,4015.00000000,3981.25000000,4001.36000000,3701.41219400,2019-03-23 11:59:59.999,14811613.55741892,28226,1955.03865500,7824949.53212792,0
2019-03-23 12:00:00,4002.00000000,4006.23000000,3978.01000000,4001.23000000,3806.14944500,2019-03-23 15:59:59.999,15193280.02553614,28557,2072.48788000,8273730.61882485,0
2019-03-23 16:00:00,4001.50000000,4002.78000000,3987.86000000,3990.99000000,2200.57130400,2019-03-23 19:59:59.999,8787785.84492784,19937,1022.63747900,4083826.67400044,0
2019-03-23 20:00:00,3990.97000000,4007.90000000,3987.01000000,4006.01000000,1740.05388200,2019-03-23 23:59:59.999,6954325.98770545,16791,1060.54512000,4239220.40539996,0
2019-03-24 00:00:00,4006.01000000,4006.02000000,3976.39000000,3988.00000000,2646.93777400,2019-03-24 03:59:59.999,10568827.12520494,20320,1270.05968400,5071647.33578470,0
2019-03-24 04:00:00,3988.00000000,3993.48000000,3975.00000000,3981.61000000,2092.41224800,2019-03-24 07:59:59.999,8338753.93172601,17582,1015.09476800,4045755.13056452,0
2019-03-24 08:00:00,3981.61000000,4003.97000000,3980.15000000,3992.42000000,3676.77235100,2019-03-24 11:59:59.999,14682862.44328560,26385,1902.45206800,7598088.81507156,0
2019-03-24 12:00:00,3991.86000000,3997.97000000,3983.29000000,3992.90000000,2665.42210400,2019-03-24 15:59:59.999,10640711.54728387,21314,1301.81605800,5197115.01803546,0
2019-03-24 16:00:00,3992.90000000,3995.21000000,3980.00000000,3983.45000000,2816.54402000,2019-03-24 19:59:59.999,11232201.04923004,22168,1400.98970200,5587402.40994686,0
2019-03-24 20:00:00,3983.44000000,3995.38000000,3950.00000000,3992.18000000,3281.76215100,2019-03-24 23:59:59.999,13060726.65022579,23318,1726.95364500,6875223.65969235,0
2019-03-25 00:00:00,3991.35000000,3999.30000000,3980.75000000,3996.63000000,2402.45387900,2019-03-25 03:59:59.999,9591713.91161566,19917,1231.06566600,4915072.91340917,0
2019-03-25 04:00:00,3995.93000000,3998.58000000,3982.61000000,3993.72000000,6044.69474100,2019-03-25 07:59:59.999,24120575.48995742,49318,3019.90746300,12051628.78482564,0
2019-03-25 08:00:00,3991.49000000,3999.00000000,3985.00000000,3986.39000000,3642.99729400,2019-03-25 11:59:59.999,14542980.63816325,27109,2083.59229200,8317663.09062972,0
2019-03-25 12:00:00,3987.20000000,3988.30000000,3959.16000000,3962.92000000,5567.68840200,2019-03-25 15:59:59.999,22148841.76047270,38224,2882.18287900,11466772.98697100,0
2019-03-25 16:00:00,3962.92000000,3982.24000000,3888.71000000,3922.22000000,10701.09964200,2019-03-25 19:59:59.999,42173837.17043871,59960,5401.83583800,21298110.40111311,0
2019-03-25 20:00:00,3922.22000000,3946.82000000,3891.14000000,3936.12000000,4833.95625900,2019-03-25 23:59:59.999,18929417.40448117,33211,2432.05068900,9523879.98836683,0
2019-03-26 00:00:00,3935.47000000,3958.98000000,3931.00000000,3937.26000000,2984.94055800,2019-03-26 03:59:59.999,11767469.90951459,24597,1728.94616300,6816843.45603867,0
2019-03-26 04:00:00,3936.14000000,3944.63000000,3909.11000000,3925.98000000,3922.43690100,2019-03-26 07:59:59.999,15407997.49478579,28515,2213.23058100,8694867.07153659,0
2019-03-26 08:00:00,3925.98000000,3940.62000000,3913.00000000,3918.06000000,6771.99008100,2019-03-26 11:59:59.999,26612300.37835972,35198,3581.62637500,14074321.52240090,0
2019-03-26 12:00:00,3919.35000000,3946.36000000,3894.00000000,3942.01000000,8086.75906100,2019-03-26 15:59:59.999,31687741.36679904,45576,4244.22618400,16634242.47111731,0
2019-03-26 16:00:00,3943.30000000,3947.23000000,3929.10000000,3933.02000000,4815.16328400,2019-03-26 19:59:59.999,18960082.53094415,33725,2670.11245500,10513480.35519074,0
2019-03-26 20:00:00,3933.59000000,3952.00000000,3924.95000000,3948.55000000,2768.24774200,2019-03-26 23:59:59.999,10894479.31031216,24807,1525.76344700,6004709.01561469,0
2019-03-27 00:00:00,3948.77000000,3999.00000000,3936.15000000,3991.59000000,6437.56851800,2019-03-27 03:59:59.999,25593795.03504563,40665,3711.47698900,14759691.62256580,0
2019-03-27 04:00:00,3991.59000000,4006.52000000,3985.18000000,4000.00000000,4352.74528200,2019-03-27 07:59:59.999,17398158.36386456,31372,2473.30509700,9886557.68898791,0
2019-03-27 08:00:00,4000.00000000,4040.36000000,3986.35000000,4033.22000000,7848.89826100,2019-03-27 11:59:59.999,31492120.09278817,48443,4574.79835200,18359923.42036582,0
2019-03-27 12:00:00,4033.25000000,4034.99000000,4003.97000000,4021.49000000,5904.26292400,2019-03-27 15:59:59.999,23729396.90940352,38381,3068.61355600,12333474.73003453,0
2019-03-27 16:00:00,4021.50000000,4028.00000000,4008.79000000,4020.12000000,4055.00348400,2019-03-27 19:59:59.999,16299642.83017515,33342,2155.91555800,8666606.54270039,0
2019-03-27 20:00:00,4019.99000000,4048.00000000,4015.00000000,4038.05000000,3766.07738300,2019-03-27 23:59:59.999,15168144.78493647,32106,1980.44104900,7976942.75597108,0
2019-03-28 00:00:00,4039.58000000,4039.70000000,4009.00000000,4014.83000000,4019.82247700,2019-03-28 03:59:59.999,16182194.26427250,31062,1993.68746300,8026500.15950257,0
2019-03-28 04:00:00,4015.93000000,4031.17000000,4002.00000000,4025.91000000,4246.01141500,2019-03-28 07:59:59.999,17072077.52338628,30105,2201.59296100,8851379.82235711,0
2019-03-28 08:00:00,4025.98000000,4026.48000000,4005.19000000,4017.04000000,3421.85422100,2019-03-28 11:59:59.999,13749384.14120475,25598,1656.54077600,6656545.70092662,0
2019-03-28 12:00:00,4016.57000000,4038.50000000,4012.01000000,4030.49000000,4038.47711600,2019-03-28 15:59:59.999,16252664.17946267,29886,2003.54291300,8064377.23184419,0
2019-03-28 16:00:00,4030.98000000,4032.99000000,4020.53000000,4024.89000000,2590.01999100,2019-03-28 19:59:59.999,10428962.10769316,22251,1364.10179600,5492987.06939197,0
2019-03-28 20:00:00,4024.89000000,4030.00000000,4019.93000000,4027.81000000,1773.10865500,2019-03-28 23:59:59.999,7136948.36382720,18158,892.36036700,3592196.79027871,0
2019-03-29 00:00:00,4028.22000000,4044.65000000,4025.50000000,4041.46000000,3982.74833500,2019-03-29 03:59:59.999,16070464.28603553,26558,2163.15274300,8728228.75994691,0
2019-03-29 04:00:00,4041.99000000,4067.49000000,4024.03000000,4057.63000000,5425.68868600,2019-03-29 07:59:59.999,21944117.51667972,37608,3148.09629100,12733234.87088104,0
2019-03-29 08:00:00,4056.59000000,4123.71000000,4042.00000000,4123.43000000,9197.61967900,2019-03-29 11:59:59.999,37593164.81396802,55343,5259.96753100,21500829.75719850,0
2019-03-29 12:00:00,4120.18000000,4123.44000000,4078.20000000,4087.21000000,5559.63625400,2019-03-29 15:59:59.999,22754627.50577132,37868,2935.37070700,12014098.20140852,0
2019-03-29 16:00:00,4087.14000000,4108.00000000,4068.00000000,4085.00000000,3386.94872400,2019-03-29 19:59:59.999,13863715.59785219,24891,1853.63648800,7588693.17098688,0
2019-03-29 20:00:00,4085.00000000,4108.85000000,4079.60000000,4103.25000000,2531.57576600,2019-03-29 23:59:59.999,10359732.86619802,21558,1440.28581200,5894535.51198134,0
2019-03-30 00:00:00,4104.24000000,4140.00000000,4090.70000000,4093.46000000,5166.21995700,2019-03-30 03:59:59.999,21258476.53508162,39339,2778.55201200,11434250.93468709,0
2019-03-30 04:00:00,4094.45000000,4108.58000000,4052.00000000,4097.95000000,4453.40574500,2019-03-30 07:59:59.999,18179548.17232263,34833,2295.41506600,9372235.53122551,0
2019-03-30 08:00:00,4097.94000000,4098.00000000,4074.00000000,4093.38000000,2881.84832400,2019-03-30 11:59:59.999,11780409.38072809,24518,1496.32076400,6116803.20180338,0
2019-03-30 12:00:00,4093.40000000,4096.91000000,4071.00000000,4077.88000000,2691.57269900,2019-03-30 15:59:59.999,11000174.98431194,22982,1434.13648500,5861807.67023732,0
2019-03-30 16:00:00,4076.33000000,4092.00000000,4057.07000000,4087.45000000,2805.04362000,2019-03-30 19:59:59.999,11445073.46162557,23267,1505.01439100,6140907.83126315,0
2019-03-30 20:00:00,4086.22000000,4107.74000000,4085.86000000,4106.97000000,1511.20225600,2019-03-30 23:59:59.999,6190153.04775416,17524,812.71005700,3329031.83507290,0
2019-03-31 00:00:00,4106.99000000,4116.12000000,4082.57000000,4096.41000000,2177.24398500,2019-03-31 03:59:59.999,8921364.58766470,19840,1109.95053600,4548470.22543327,0
2019-03-31 04:00:00,4096.99000000,4108.18000000,4084.61000000,4085.03000000,2115.13486300,2019-03-31 07:59:59.999,8661234.56802470,19638,884.31466200,3621327.32250104,0
2019-03-31 08:00:00,4085.38000000,4116.12000000,4085.00000000,4111.59000000,2401.90819600,2019-03-31 11:59:59.999,9850340.76934281,22913,1187.20696900,4868782.34902537,0
2019-03-31 12:00:00,4111.59000000,4113.46000000,4095.64000000,4097.00000000,3101.95968700,2019-03-31 15:59:59.999,12737046.86522884,24625,1662.13800100,6825161.61812838,0
2019-03-31 16:00:00,4097.00000000,4109.41000000,4096.00000000,4106.17000000,2192.16706000,2019-03-31 19:59:59.999,8993596.71508494,20363,1179.36596300,4838562.02178806,0
2019-03-31 20:00:00,4106.18000000,4112.00000000,4098.37000000,4103.95000000,1536.67364200,2019-03-31 23:59:59.999,6308563.62167076,16667,801.68124700,3291165.63425114,0
2019-04-01 00:00:00,4102.44000000,4140.95000000,4067.00000000,4129.90000000,7797.42044000,2019-04-01 03:59:59.999,32098868.90913172,47277,3922.27315700,16151499.34778448,0
2019-04-01 04:00:00,4129.90000000,4144.04000000,4121.00000000,4128.85000000,3547.63820200,2019-04-01 07:59:59.999,14664012.07161616,27759,1804.00913100,7457121.74261203,0
2019-04-01 08:00:00,4128.85000000,4138.16000000,4111.12000000,4128.69000000,3794.02545000,2019-04-01 11:59:59.999,15665847.06319256,27863,1839.02921500,7594237.05679957,0
2019-04-01 12:00:00,4128.68000000,4158.70000000,4126.86000000,4145.07000000,4825.21679000,2019-04-01 15:59:59.999,19989530.83307981,33713,2512.52889500,10409505.91572935,0
2019-04-01 16:00:00,4145.01000000,4156.00000000,4133.00000000,4137.45000000,3411.79382400,2019-04-01 19:59:59.999,14140547.57694790,27105,1656.62311100,6866858.23498435,0
2019-04-01 20:00:00,4138.38000000,4154.97000000,4133.80000000,4144.56000000,2130.97293500,2019-04-01 23:59:59.999,8829431.69392077,20551,1180.82581100,4892737.65536424,0
2019-04-02 00:00:00,4144.54000000,4186.00000000,4140.54000000,4179.40000000,5450.64245400,2019-04-02 03:59:59.999,22718315.66515615,37372,3251.16771300,13555289.52001863,0
2019-04-02 04:00:00,4178.98000000,4841.44000000,4174.98000000,4646.03000000,49103.05823200,2019-04-02 07:59:59.999,225411900.11492027,240744,25419.04101700,116519855.47503666,0
2019-04-02 08:00:00,4647.01000000,4775.00000000,4645.00000000,4722.27000000,15843.93579500,2019-04-02 11:59:59.999,74608116.34276160,91930,8592.68834000,40452052.75842519,0
2019-04-02 12:00:00,4722.45000000,4777.82000000,4618.00000000,4733.85000000,13603.97006300,2019-04-02 15:59:59.999,64268208.09359527,94475,7095.24521700,33529109.16185649,0
2019-04-02 16:00:00,4733.85000000,4746.81000000,4665.00000000,4729.00000000,7063.99449100,2019-04-02 19:59:59.999,33249426.78658106,59066,3572.39218500,16815908.56277403,0
2019-04-02 20:00:00,4726.97000000,4897.99000000,4710.00000000,4857.29000000,14318.03822800,2019-04-02 23:59:59.999,68762759.75449234,85546,7795.60721200,37428553.33729201,0
2019-04-03 00:00:00,4857.19000000,5034.99000000,4849.00000000,5000.56000000,23286.60653000,2019-04-03 03:59:59.999,115256336.32914151,135661,11799.56554800,58416158.79318309,0
2019-04-03 04:00:00,5000.56000000,5002.67000000,4753.50000000,4930.00000000,16801.91115200,2019-04-03 07:59:59.999,82302184.36391748,105370,8475.70900100,41507620.08585978,0
2019-04-03 08:00:00,4929.97000000,4942.87000000,4893.85000000,4920.39000000,6652.62784700,2019-04-03 11:59:59.999,32703594.25699787,56996,3602.99821300,17711895.23607223,0
2019-04-03 12:00:00,4920.39000000,5004.07000000,4919.00000000,4960.19000000,11103.14810800,2019-04-03 15:59:59.999,55115807.74375051,76769,6082.81252700,30201315.63943125,0
2019-04-03 16:00:00,4961.95000000,5150.19000000,4960.21000000,5108.57000000,19957.27096700,2019-04-03 19:59:59.999,101409719.23423544,129427,10456.45736100,53125802.35050880,0
2019-04-03 20:00:00,5105.50000000,5275.01000000,4760.00000000,4932.60000000,32088.56113900,2019-04-03 23:59:59.999,162113328.98984148,187796,15558.04211100,78691629.96985909,0
2019-04-04 00:00:00,4932.59000000,5039.08000000,4880.00000000,4936.72000000,12321.87561100,2019-04-04 03:59:59.999,61248623.15680536,84842,6227.02083800,30958399.70272547,0
2019-04-04 04:00:00,4936.25000000,5034.11000000,4917.94000000,5013.00000000,7272.77550100,2019-04-04 07:59:59.999,36325608.48109838,61553,3697.77322400,18467714.30573331,0
2019-04-04 08:00:00,5013.35000000,5030.00000000,4894.99000000,4971.96000000,9889.48989100,2019-04-04 11:59:59.999,49136372.11500964,67443,5061.01709900,25147318.51786068,0
2019-04-04 12:00:00,4971.87000000,5015.00000000,4926.00000000,4978.04000000,8290.34858800,2019-04-04 15:59:59.999,41300883.77020092,58816,4544.30516500,22645838.94414681,0
2019-04-04 16:00:00,4979.39000000,4982.15000000,4803.23000000,4813.73000000,14461.37639100,2019-04-04 19:59:59.999,70555760.64716722,87864,7082.74667900,34559004.90378511,0
2019-04-04 20:00:00,4813.73000000,4927.99000000,4777.00000000,4898.66000000,8818.38818600,2019-04-04 23:59:59.999,42844083.83874280,58623,4590.44534900,22312288.41690044,0
2019-04-05 00:00:00,4898.64000000,4954.06000000,4880.62000000,4892.05000000,5115.09660400,2019-04-05 03:59:59.999,25155085.16174821,43187,2529.08424300,12439440.33944179,0
2019-04-05 04:00:00,4890.18000000,5000.00000000,4890.18000000,4944.33000000,8867.97657900,2019-04-05 07:59:59.999,43976804.34466466,67241,4661.77762700,23120351.91629260,0
2019-04-05 08:00:00,4944.33000000,4998.99000000,4935.00000000,4985.53000000,5792.63443300,2019-04-05 11:59:59.999,28763502.84269906,46220,3159.49986800,15691618.66946359,0
2019-04-05 12:00:00,4985.46000000,5028.22000000,4941.00000000,4966.50000000,9937.44054400,2019-04-05 15:59:59.999,49544873.34816346,60415,5334.55549100,26605646.74351503,0
2019-04-05 16:00:00,4966.50000000,5027.10000000,4955.00000000,4978.62000000,5555.27347200,2019-04-05 19:59:59.999,27749152.88465156,42468,3146.27585100,15718559.38560587,0
2019-04-05 20:00:00,4979.61000000,5020.00000000,4956.27000000,5004.95000000,4500.13117400,2019-04-05 23:59:59.999,22471412.12903967,32844,2404.44315700,12010701.15559755,0
2019-04-06 00:00:00,5004.96000000,5005.06000000,4965.00000000,4992.55000000,3837.57435700,2019-04-06 03:59:59.999,19152862.11357440,31407,1942.73510500,9697500.03426156,0
2019-04-06 04:00:00,4992.55000000,5008.72000000,4980.45000000,4984.45000000,2826.63487600,2019-04-06 07:59:59.999,14118548.20974681,25978,1635.33284600,8167989.56028254,0
2019-04-06 08:00:00,4984.45000000,4986.61000000,4950.02000000,4978.25000000,3586.65635000,2019-04-06 11:59:59.999,17833022.00523104,31018,1823.62663200,9068986.16377496,0
2019-04-06 12:00:00,4977.25000000,5098.00000000,4975.00000000,5092.15000000,7835.59080600,2019-04-06 15:59:59.999,39345672.62753967,49564,4442.54955900,22308455.42021494,0
2019-04-06 16:00:00,5092.16000000,5205.00000000,5078.00000000,5140.00000000,13569.43573000,2019-04-06 19:59:59.999,69705326.18306042,81982,7148.96353300,36738040.47416131,0
2019-04-06 20:00:00,5138.98000000,5152.97000000,4928.59000000,5043.89000000,10114.95019400,2019-04-06 23:59:59.999,50807980.47397954,61288,4802.81419400,24138219.23648262,0
2019-04-07 00:00:00,5042.07000000,5149.44000000,5026.00000000,5120.00000000,5386.27599100,2019-04-07 03:59:59.999,27416433.14269046,42809,2827.38234700,14401795.71094734,0
2019-04-07 04:00:00,5120.57000000,5160.00000000,5081.70000000,5136.61000000,5113.12197800,2019-04-07 07:59:59.999,26223830.07099300,42409,2705.95648000,13880959.86967584,0
2019-04-07 08:00:00,5136.61000000,5175.00000000,5093.88000000,5115.04000000,5164.48341200,2019-04-07 11:59:59.999,26524353.40809577,40382,2677.66543100,13754171.82377554,0
2019-04-07 12:00:00,5114.25000000,5164.97000000,5097.44000000,5120.61000000,4871.48928400,2019-04-07 15:59:59.999,25017078.11503851,37145,2327.62346300,11953422.76221656,0
2019-04-07 16:00:00,5118.68000000,5155.00000000,5050.00000000,5121.16000000,6938.91927700,2019-04-07 19:59:59.999,35429685.93349365,49460,3624.02092500,18513872.71903068,0
2019-04-07 20:00:00,5121.27000000,5234.00000000,5097.76000000,5170.27000000,10141.19686200,2019-04-07 23:59:59.999,52305369.90159267,61879,5341.96418600,27565087.67149057,0
2019-04-08 00:00:00,5170.27000000,5305.00000000,5152.59000000,5198.97000000,14020.83589000,2019-04-08 03:59:59.999,73572450.06282762,82778,6932.51016600,36378599.14659038,0
2019-04-08 04:00:00,5199.45000000,5269.89000000,5160.00000000,5207.91000000,6214.14460600,2019-04-08 07:59:59.999,32437849.58556050,50637,3183.16891600,16625790.35625495,0
2019-04-08 08:00:00,5206.45000000,5218.35000000,5045.00000000,5046.16000000,9649.42849000,2019-04-08 11:59:59.999,49588826.38820948,68943,4588.23728500,23593638.53487207,0
2019-04-08 12:00:00,5046.16000000,5199.08000000,5039.00000000,5191.31000000,8629.05366800,2019-04-08 15:59:59.999,44325254.98687246,59479,4552.97381100,23389702.00391675,0
2019-04-08 16:00:00,5190.09000000,5208.00000000,5134.26000000,5155.05000000,5505.19370100,2019-04-08 19:59:59.999,28434200.47044216,45002,2520.79366600,13021969.67559739,0
2019-04-08 20:00:00,5154.99000000,5255.00000000,5148.89000000,5236.90000000,6159.77442700,2019-04-08 23:59:59.999,32128496.27365458,43989,3524.48155800,18386768.63015365,0
2019-04-09 00:00:00,5238.38000000,5238.40000000,5135.33000000,5158.64000000,5915.74329400,2019-04-09 03:59:59.999,30696201.83398975,43099,2938.11312900,15249349.04444185,0
2019-04-09 04:00:00,5158.64000000,5182.53000000,5076.68000000,5147.97000000,7479.04272000,2019-04-09 07:59:59.999,38463384.62542414,53224,3680.09297900,18931579.35210601,0
2019-04-09 08:00:00,5148.45000000,5168.95000000,5085.75000000,5153.36000000,8059.92349500,2019-04-09 11:59:59.999,41366016.43621781,51247,4057.23513300,20831995.14659071,0
2019-04-09 12:00:00,5152.94000000,5185.00000000,5135.00000000,5155.52000000,5694.65538800,2019-04-09 15:59:59.999,29371216.83026461,44588,2828.10831900,14588116.51862223,0
2019-04-09 16:00:00,5155.52000000,5188.94000000,5155.00000000,5165.80000000,3214.57407800,2019-04-09 19:59:59.999,16624392.45019155,31879,1589.98227800,8223843.11805789,0
2019-04-09 20:00:00,5165.84000000,5194.12000000,5121.00000000,5150.00000000,3703.07333600,2019-04-09 23:59:59.999,19112415.14028565,29344,1873.47427700,9671408.57749757,0
2019-04-10 00:00:00,5150.00000000,5200.00000000,5135.00000000,5173.54000000,4158.12197900,2019-04-10 03:59:59.999,21521415.44944311,32691,2250.30807300,11652016.74785432,0
2019-04-10 04:00:00,5172.83000000,5228.08000000,5171.57000000,5199.97000000,4357.46531400,2019-04-10 07:59:59.999,22677065.90870860,33096,2519.21257200,13111178.00783279,0
2019-04-10 08:00:00,5200.00000000,5219.00000000,5189.00000000,5197.40000000,3441.66751000,2019-04-10 11:59:59.999,17915932.26650646,27726,1587.82668400,8265427.05378234,0
2019-04-10 12:00:00,5197.01000000,5246.39000000,5195.33000000,5245.06000000,5052.88970300,2019-04-10 15:59:59.999,26409807.97586204,37185,2618.55041200,13687501.17006372,0
2019-04-10 16:00:00,5245.50000000,5422.00000000,5221.39000000,5363.83000000,13228.64622100,2019-04-10 19:59:59.999,70450411.63418483,67708,7837.62158600,41727745.80064086,0
2019-04-10 20:00:00,5362.83000000,5382.74000000,5180.89000000,5308.25000000,9834.82974400,2019-04-10 23:59:59.999,51895401.27735026,62561,4456.10162200,23508732.93217388,0
2019-04-11 00:00:00,5307.86000000,5332.67000000,5100.00000000,5143.49000000,9908.01663500,2019-04-11 03:59:59.999,51726377.48494300,67751,4464.17916900,23317008.65526286,0
2019-04-11 04:00:00,5143.50000000,5193.89000000,5105.00000000,5158.01000000,6349.42536200,2019-04-11 07:59:59.999,32800941.83706158,47896,3093.69288200,15981121.79629718,0
2019-04-11 08:00:00,5158.31000000,5179.54000000,4927.00000000,5001.91000000,18164.74604500,2019-04-11 11:59:59.999,91566434.02968510,107729,8659.94554700,43667287.88919853,0
2019-04-11 12:00:00,5001.01000000,5035.89000000,4961.01000000,4994.28000000,8958.32678900,2019-04-11 15:59:59.999,44835495.54308997,61825,4521.50904200,22631139.58103345,0
2019-04-11 16:00:00,4994.32000000,5069.97000000,4970.00000000,5043.82000000,7008.41252600,2019-04-11 19:59:59.999,35210762.07690592,50430,3777.26360600,18974066.44293446,0
2019-04-11 20:00:00,5043.82000000,5048.71000000,4961.47000000,5017.37000000,4307.67332900,2019-04-11 23:59:59.999,21596894.88581235,33673,2114.52216300,10603937.32380270,0
2019-04-12 00:00:00,5017.37000000,5023.99000000,4861.22000000,4984.88000000,9041.90132300,2019-04-12 03:59:59.999,44693944.50167335,53476,4355.04154800,21530279.60442645,0
2019-04-12 04:00:00,4984.88000000,5009.45000000,4961.53000000,4991.93000000,4182.71427200,2019-04-12 07:59:59.999,20863665.44390941,32202,2307.09392300,11510045.30010960,0
2019-04-12 08:00:00,4991.54000000,5069.97000000,4959.00000000,5041.36000000,7247.73613000,2019-04-12 11:59:59.999,36375125.28478565,48598,3771.29387700,18917499.17089928,0
2019-04-12 12:00:00,5041.36000000,5055.00000000,5012.49000000,5037.45000000,5300.90878500,2019-04-12 15:59:59.999,26704345.17685972,36656,2707.88479300,13642666.78862377,0
2019-04-12 16:00:00,5037.45000000,5080.58000000,5022.41000000,5031.79000000,4554.25007600,2019-04-12 19:59:59.999,22997511.27227690,30824,2264.18508300,11435350.21011386,0
2019-04-12 20:00:00,5031.77000000,5068.99000000,5002.94000000,5048.01000000,2949.16802800,2019-04-12 23:59:59.999,14851169.39980707,24280,1494.09130900,7525977.20471520,0
2019-04-13 00:00:00,5047.00000000,5099.00000000,5030.01000000,5079.66000000,3126.76682700,2019-04-13 03:59:59.999,15848134.63469816,23509,1572.67097600,7973113.42694912,0
2019-04-13 04:00:00,5080.00000000,5090.00000000,5054.81000000,5063.45000000,2802.50423700,2019-04-13 07:59:59.999,14226581.82995333,24232,1362.58189600,6916931.67923305,0
2019-04-13 08:00:00,5063.45000000,5068.93000000,5004.00000000,5018.92000000,4423.74463200,2019-04-13 11:59:59.999,22264438.60381900,31978,2105.41480700,10597481.07801002,0
2019-04-13 12:00:00,5019.43000000,5078.70000000,5013.20000000,5051.65000000,2860.62358100,2019-04-13 15:59:59.999,14441250.67119218,23208,1618.90599400,8173293.22549865,0
2019-04-13 16:00:00,5051.71000000,5073.19000000,5034.94000000,5048.49000000,2069.81169400,2019-04-13 19:59:59.999,10461329.01138895,18086,1069.13864000,5404403.41996137,0
2019-04-13 20:00:00,5048.49000000,5066.37000000,5015.70000000,5045.22000000,2009.00583100,2019-04-13 23:59:59.999,10134249.69356344,17661,963.34094600,4860071.09254994,0
2019-04-14 00:00:00,5047.45000000,5067.74000000,5022.26000000,5032.80000000,2279.04836400,2019-04-14 03:59:59.999,11503815.46902850,17766,1359.34911600,6862734.21433971,0
2019-04-14 04:00:00,5034.60000000,5040.58000000,5000.00000000,5034.14000000,3239.86573500,2019-04-14 07:59:59.999,16257233.89768705,20943,1674.58089600,8406848.01148937,0
2019-04-14 08:00:00,5034.08000000,5055.00000000,5029.00000000,5044.99000000,2656.92463500,2019-04-14 11:59:59.999,13397957.50157222,18755,1615.87313200,8149431.75586858,0
2019-04-14 12:00:00,5046.98000000,5064.00000000,5034.45000000,5062.34000000,2557.63161400,2019-04-14 15:59:59.999,12922004.91226530,18982,1182.55639700,5975319.98203975,0
2019-04-14 16:00:00,5062.34000000,5087.76000000,5055.54000000,5066.43000000,2420.71886400,2019-04-14 19:59:59.999,12277409.19184911,19300,1217.92710100,6177309.19699337,0
2019-04-14 20:00:00,5066.43000000,5152.99000000,5061.79000000,5131.30000000,5127.41852700,2019-04-14 23:59:59.999,26236509.45469913,35954,2993.62502500,15322301.86694703,0
2019-04-15 00:00:00,5131.28000000,5167.38000000,5125.89000000,5136.88000000,3439.52987400,2019-04-15 03:59:59.999,17704260.08247285,25639,1745.26614600,8983827.81576772,0
2019-04-15 04:00:00,5136.89000000,5166.08000000,5113.00000000,5136.99000000,2918.14679600,2019-04-15 07:59:59.999,15008144.14011115,23580,1453.27694400,7476311.39245813,0
2019-04-15 08:00:00,5137.00000000,5140.79000000,5091.00000000,5104.33000000,3870.41883500,2019-04-15 11:59:59.999,19820350.90477047,27307,1993.24029900,10210504.54372270,0
2019-04-15 12:00:00,5103.35000000,5144.66000000,5085.00000000,5134.94000000,4359.84775300,2019-04-15 15:59:59.999,22327455.16373919,34166,2156.78325200,11046522.98712128,0
2019-04-15 16:00:00,5133.82000000,5140.00000000,4983.00000000,5005.84000000,9252.60835500,2019-04-15 19:59:59.999,46709871.10234561,57168,4137.20821300,20899827.35205908,0
2019-04-15 20:00:00,5006.83000000,5054.22000000,4950.00000000,5024.95000000,5216.63996800,2019-04-15 23:59:59.999,26117470.54803783,37084,2684.47754800,13453171.90971518,0
2019-04-16 00:00:00,5024.95000000,5054.91000000,5014.97000000,5044.49000000,2106.94283500,2019-04-16 03:59:59.999,10618692.29362126,22364,1106.85324500,5578506.18893487,0
2019-04-16 04:00:00,5043.05000000,5084.51000000,5042.11000000,5066.00000000,2418.29395600,2019-04-16 07:59:59.999,12237894.02589645,20653,1199.29890100,6069634.83301356,0
2019-04-16 08:00:00,5066.00000000,5078.46000000,5038.68000000,5054.58000000,3431.89287700,2019-04-16 11:59:59.999,17366821.88247780,22115,1809.44595800,9156851.44408571,0
2019-04-16 12:00:00,5053.49000000,5090.86000000,5003.94000000,5069.12000000,5186.08977500,2019-04-16 15:59:59.999,26153102.26476503,32515,2646.67968200,13350583.93017837,0
2019-04-16 16:00:00,5070.48000000,5197.72000000,5060.00000000,5158.14000000,8194.49423000,2019-04-16 19:59:59.999,42195900.89403235,47668,4631.67091600,23845160.36548888,0
2019-04-16 20:00:00,5157.00000000,5188.00000000,5144.20000000,5173.72000000,2904.51582000,2019-04-16 23:59:59.999,15009240.35137067,23235,1410.68506600,7289880.75429224,0
2019-04-17 00:00:00,5173.72000000,5230.40000000,5156.55000000,5200.55000000,4973.43080800,2019-04-17 03:59:59.999,25832536.66545900,37347,2720.01018400,14130204.89130082,0
2019-04-17 04:00:00,5200.57000000,5208.34000000,5168.00000000,5186.03000000,2757.51056900,2019-04-17 07:59:59.999,14306322.57690122,26388,1384.09244700,7181843.44578792,0
2019-04-17 08:00:00,5186.66000000,5228.20000000,5159.53000000,5217.56000000,5075.25211300,2019-04-17 11:59:59.999,26329970.97431594,33386,2905.82265500,15077796.86879260,0
2019-04-17 12:00:00,5217.56000000,5228.81000000,5146.80000000,5182.91000000,4994.47628000,2019-04-17 15:59:59.999,25875090.26516058,36515,2445.77924400,12673884.41951909,0
2019-04-17 16:00:00,5183.00000000,5213.29000000,5171.11000000,5210.49000000,2949.32635200,2019-04-17 19:59:59.999,15322869.08852485,24217,1525.32427300,7926162.62563055,0
2019-04-17 20:00:00,5210.48000000,5222.46000000,5182.05000000,5202.82000000,2557.54001200,2019-04-17 23:59:59.999,13305555.94785478,21637,1191.50292100,6200275.64529826,0
2019-04-18 00:00:00,5202.41000000,5255.00000000,5198.80000000,5248.12000000,4427.06878400,2019-04-18 03:59:59.999,23176605.28018091,33228,2458.16779100,12869272.77890714,0
2019-04-18 04:00:00,5249.99000000,5273.00000000,5232.10000000,5248.60000000,3497.88340700,2019-04-18 07:59:59.999,18366583.38311307,27878,1904.75468700,10002329.08355698,0
2019-04-18 08:00:00,5248.60000000,5250.00000000,5199.37000000,5218.02000000,3835.98905600,2019-04-18 11:59:59.999,20041296.94587584,26192,1990.00677900,10398031.18063144,0
2019-04-18 12:00:00,5218.82000000,5265.38000000,5215.26000000,5234.34000000,3853.61087900,2019-04-18 15:59:59.999,20164203.50201236,28082,1919.68577200,10045384.75916518,0
2019-04-18 16:00:00,5231.55000000,5287.00000000,5207.14000000,5264.38000000,4199.62542800,2019-04-18 19:59:59.999,22051801.33169328,30486,2401.58108600,12613399.95799567,0
2019-04-18 20:00:00,5262.73000000,5287.00000000,5226.00000000,5258.44000000,2805.06144700,2019-04-18 23:59:59.999,14772639.42232568,21244,1430.65681700,7535710.78305484,0
2019-04-19 00:00:00,5258.44000000,5260.00000000,5175.00000000,5213.04000000,4840.49623300,2019-04-19 03:59:59.999,25231873.30565944,33780,2195.57679000,11445995.93665476,0
2019-04-19 04:00:00,5213.02000000,5232.68000000,5200.46000000,5230.96000000,2347.58335300,2019-04-19 07:59:59.999,12257246.84303366,20667,1195.10860700,6240600.77211867,0
2019-04-19 08:00:00,5230.96000000,5255.00000000,5211.11000000,5236.32000000,4086.97686800,2019-04-19 11:59:59.999,21392967.98049940,28715,2291.40889500,11994380.68908585,0
2019-04-19 12:00:00,5237.74000000,5267.00000000,5212.39000000,5259.69000000,5264.80645900,2019-04-19 15:59:59.999,27569462.15976803,32003,2885.49637200,15113476.65275047,0
2019-04-19 16:00:00,5261.00000000,5320.00000000,5232.94000000,5272.12000000,5744.28018200,2019-04-19 19:59:59.999,30266167.83916289,39731,3156.08789200,16631347.64679296,0
2019-04-19 20:00:00,5270.64000000,5277.15000000,5220.90000000,5258.68000000,2327.09322800,2019-04-19 23:59:59.999,12219591.50994034,23252,1166.00478800,6123899.42766073,0
2019-04-20 00:00:00,5258.68000000,5295.00000000,5250.59000000,5276.97000000,2508.26776600,2019-04-20 03:59:59.999,13224290.07200524,24354,1390.39206100,7331624.92818744,0
2019-04-20 04:00:00,5276.57000000,5310.00000000,5268.00000000,5305.79000000,2762.75621200,2019-04-20 07:59:59.999,14626735.58895506,23390,1519.15923400,8044373.97243201,0
2019-04-20 08:00:00,5305.09000000,5333.42000000,5268.00000000,5282.76000000,4715.31367300,2019-04-20 11:59:59.999,24969534.40822470,31389,2061.82360800,10917653.08920842,0
2019-04-20 12:00:00,5282.99000000,5312.88000000,5272.06000000,5289.36000000,2842.08555600,2019-04-20 15:59:59.999,15036602.31206643,25225,1593.24335200,8430895.58118823,0
2019-04-20 16:00:00,5289.95000000,5307.68000000,5279.01000000,5295.29000000,2220.70767300,2019-04-20 19:59:59.999,11753026.40392088,22850,1130.89867000,5985551.34923349,0
2019-04-20 20:00:00,5294.99000000,5306.00000000,5230.10000000,5291.73000000,4119.77739400,2019-04-20 23:59:59.999,21733471.36807203,29872,2333.75533700,12319443.98992986,0
2019-04-21 00:00:00,5292.91000000,5314.35000000,5285.02000000,5302.87000000,2380.86811800,2019-04-21 03:59:59.999,12623900.74884189,22283,1314.28888200,6969144.21797049,0
2019-04-21 04:00:00,5303.00000000,5304.77000000,5275.94000000,5281.01000000,3394.05423900,2019-04-21 07:59:59.999,17958931.99497660,29636,1553.72001000,8221696.50432895,0
2019-04-21 08:00:00,5281.01000000,5286.90000000,5182.50000000,5219.99000000,9094.61636300,2019-04-21 11:59:59.999,47592898.11901023,63984,4464.84192100,23360417.28487799,0
2019-04-21 12:00:00,5217.50000000,5243.14000000,5165.00000000,5239.42000000,5030.00502400,2019-04-21 15:59:59.999,26221201.59593343,41256,2723.23151900,14197324.80582845,0
2019-04-21 16:00:00,5239.40000000,5243.97000000,5190.00000000,5218.37000000,3086.05896600,2019-04-21 19:59:59.999,16101884.61250265,28661,1700.48426500,8873131.15225394,0
2019-04-21 20:00:00,5218.44000000,5273.13000000,5194.45000000,5256.14000000,2563.96822900,2019-04-21 23:59:59.999,13431114.07942256,24674,1391.20441900,7288156.84841946,0
2019-04-22 00:00:00,5257.41000000,5268.94000000,5208.35000000,5217.20000000,3214.19649600,2019-04-22 03:59:59.999,16833065.74643899,27617,1410.65923100,7389440.11679831,0
2019-04-22 04:00:00,5218.32000000,5255.00000000,5218.00000000,5242.31000000,2887.27625700,2019-04-22 07:59:59.999,15126387.78658379,27653,1622.88170500,8502372.40619897,0
2019-04-22 08:00:00,5243.65000000,5294.72000000,5240.00000000,5275.00000000,4077.92342400,2019-04-22 11:59:59.999,21488045.54358087,33103,2360.07116900,12435945.34760398,0
2019-04-22 12:00:00,5275.00000000,5348.39000000,5261.00000000,5279.69000000,6338.74616100,2019-04-22 15:59:59.999,33556714.57426292,39993,3563.36418000,18864772.68213857,0
2019-04-22 16:00:00,5280.58000000,5400.00000000,5250.90000000,5354.67000000,9551.54903500,2019-04-22 19:59:59.999,50908962.29153035,53096,5272.08647100,28120348.97029388,0
2019-04-22 20:00:00,5354.69000000,5398.00000000,5330.00000000,5357.14000000,3494.16093600,2019-04-22 23:59:59.999,18719027.02859921,28899,1598.94209500,8566482.76018978,0
2019-04-23 00:00:00,5357.14000000,5437.77000000,5332.41000000,5414.50000000,5028.39874200,2019-04-23 03:59:59.999,27078199.15065737,33403,2537.56121200,13668998.93640036,0
2019-04-23 04:00:00,5414.50000000,5600.00000000,5413.14000000,5508.44000000,13429.34216900,2019-04-23 07:59:59.999,73925599.50307244,77635,7076.22032700,38951989.03339997,0
2019-04-23 08:00:00,5508.42000000,5547.83000000,5462.00000000,5513.97000000,5684.66889200,2019-04-23 11:59:59.999,31324181.62705604,41775,3001.71295200,16543926.15433144,0
2019-04-23 12:00:00,5513.97000000,5562.03000000,5505.10000000,5536.31000000,5326.48068000,2019-04-23 15:59:59.999,29503158.72406089,44045,2595.68205900,14378688.16103089,0
2019-04-23 16:00:00,5536.31000000,5589.00000000,5515.76000000,5568.08000000,5393.85115400,2019-04-23 19:59:59.999,29984620.17943791,40043,2850.53079900,15847796.04931537,0
2019-04-23 20:00:00,5568.50000000,5568.86000000,5465.01000000,5493.31000000,6399.36228000,2019-04-23 23:59:59.999,35338302.67342946,45662,3198.30712000,17663373.02311415,0
2019-04-24 00:00:00,5490.91000000,5549.40000000,5430.60000000,5531.32000000,8287.27668400,2019-04-24 03:59:59.999,45552199.30268312,50339,4130.89807300,22709797.97029403,0
2019-04-24 04:00:00,5531.32000000,5582.20000000,5370.00000000,5421.59000000,10932.35162600,2019-04-24 07:59:59.999,60156343.04141025,71498,5204.28011000,28672027.46690868,0
2019-04-24 08:00:00,5420.61000000,5457.82000000,5333.35000000,5385.09000000,12183.82224200,2019-04-24 11:59:59.999,65947906.70921415,77140,5972.83149800,32329403.10101988,0
2019-04-24 12:00:00,5385.63000000,5449.90000000,5381.49000000,5425.25000000,5457.59123200,2019-04-24 15:59:59.999,29578149.09809670,50529,2715.29549000,14716345.12423013,0
2019-04-24 16:00:00,5425.00000000,5439.98000000,5340.10000000,5399.75000000,8266.15196600,2019-04-24 19:59:59.999,44520361.83815475,60187,3870.39832700,20844119.29729847,0
2019-04-24 20:00:00,5400.00000000,5419.00000000,5380.00000000,5415.00000000,3096.95866300,2019-04-24 23:59:59.999,16738292.94628340,29906,1507.48502200,8148145.53809082,0
2019-04-25 00:00:00,5415.00000000,5437.46000000,5388.40000000,5413.88000000,3942.45538800,2019-04-25 03:59:59.999,21348252.50045600,37471,1744.59975100,9449516.51458017,0
2019-04-25 04:00:00,5413.14000000,5428.61000000,5368.00000000,5406.00000000,4349.28449300,2019-04-25 07:59:59.999,23466661.20869767,31251,1795.00122500,9688091.70770101,0
2019-04-25 08:00:00,5406.00000000,5443.17000000,5350.07000000,5441.79000000,6563.50302300,2019-04-25 11:59:59.999,35499676.37808468,44506,3192.22991100,17272231.27742090,0
2019-04-25 12:00:00,5441.81000000,5446.44000000,5404.36000000,5432.00000000,5437.31753500,2019-04-25 15:59:59.999,29509130.09290367,39988,2204.29443900,11964016.03496669,0
2019-04-25 16:00:00,5432.00000000,5491.84000000,5425.94000000,5468.38000000,5320.71482700,2019-04-25 19:59:59.999,29064561.92214874,41524,2248.51563200,12286842.31998262,0
2019-04-25 20:00:00,5469.00000000,5482.14000000,5102.00000000,5219.90000000,24022.81468200,2019-04-25 23:59:59.999,126203283.51236948,136349,10216.53100700,53563227.56324623,0
2019-04-26 00:00:00,5220.47000000,5510.00000000,5161.62000000,5344.39000000,17302.11422300,2019-04-26 03:59:59.999,92204027.22452255,100181,8659.92349100,46201886.68502905,0
2019-04-26 04:00:00,5342.90000000,5387.92000000,5271.00000000,5293.36000000,7277.82667900,2019-04-26 07:59:59.999,38713563.39142180,55193,3339.42762000,17761919.46292024,0
2019-04-26 08:00:00,5292.16000000,5341.46000000,5288.99000000,5332.67000000,6574.54196700,2019-04-26 11:59:59.999,34949349.90019295,44389,3471.28942000,18457807.93138809,0
2019-04-26 12:00:00,5333.30000000,5339.55000000,5274.00000000,5285.07000000,6197.50208100,2019-04-26 15:59:59.999,32889599.84502519,46093,3242.04472400,17207593.18493882,0
2019-04-26 16:00:00,5285.17000000,5288.37000000,5195.89000000,5260.61000000,7390.85300200,2019-04-26 19:59:59.999,38813675.63300451,51375,3995.40562500,20983773.23278060,0
2019-04-26 20:00:00,5260.46000000,5340.00000000,5257.48000000,5314.10000000,4169.45656100,2019-04-26 23:59:59.999,22089489.65721880,35952,2368.62741700,12550051.95951027,0
2019-04-27 00:00:00,5315.00000000,5326.12000000,5287.00000000,5288.27000000,2407.67670100,2019-04-27 03:59:59.999,12771124.61179994,26528,1249.49404400,6628175.23532381,0
2019-04-27 04:00:00,5287.50000000,5325.59000000,5261.29000000,5323.00000000,2901.13541400,2019-04-27 07:59:59.999,15368652.05098113,26018,1439.70082100,7628986.44041675,0
2019-04-27 08:00:00,5322.98000000,5323.08000000,5270.00000000,5277.51000000,3055.56217500,2019-04-27 11:59:59.999,16159134.37228499,25424,1551.76530700,8207100.17533308,0
2019-04-27 12:00:00,5277.54000000,5309.67000000,5257.67000000,5282.54000000,2128.33598800,2019-04-27 15:59:59.999,11242080.33638243,23041,1145.33809100,6050438.66209835,0
2019-04-27 16:00:00,5282.64000000,5342.34000000,5282.54000000,5328.90000000,3216.32648000,2019-04-27 19:59:59.999,17090285.55479819,25763,1697.80074800,9024214.36312597,0
2019-04-27 20:00:00,5328.90000000,5342.50000000,5286.06000000,5295.69000000,1713.86017700,2019-04-27 23:59:59.999,9118439.49549771,18959,834.12804500,4439337.02222819,0
2019-04-28 00:00:00,5295.69000000,5319.78000000,5280.00000000,5305.91000000,1798.73050300,2019-04-28 03:59:59.999,9532221.29099341,17643,882.18996400,4675445.40467355,0
2019-04-28 04:00:00,5306.57000000,5321.54000000,5289.23000000,5319.37000000,1697.11150900,2019-04-28 07:59:59.999,9003255.49833493,16259,723.07210400,3836816.75754719,0
2019-04-28 08:00:00,5319.37000000,5340.00000000,5306.37000000,5334.77000000,2389.40681000,2019-04-28 11:59:59.999,12716669.13034084,20536,1206.66238500,6423251.14750535,0
2019-04-28 12:00:00,5334.76000000,5336.91000000,5282.58000000,5333.68000000,3656.53715700,2019-04-28 15:59:59.999,19419556.20799861,29780,1869.49218400,9930848.73110451,0
2019-04-28 16:00:00,5333.68000000,5334.42000000,5259.48000000,5290.00000000,2998.81810700,2019-04-28 19:59:59.999,15909654.78445180,25444,1422.84488500,7549058.50180007,0
2019-04-28 20:00:00,5291.17000000,5316.80000000,5262.30000000,5307.52000000,1830.82978300,2019-04-28 23:59:59.999,9695730.46212117,18068,1056.51220300,5596127.39658324,0
2019-04-29 00:00:00,5309.81000000,5327.97000000,5297.33000000,5318.75000000,1633.33190200,2019-04-29 03:59:59.999,8683767.32295543,20164,802.76632700,4268317.41055605,0
2019-04-29 04:00:00,5318.31000000,5332.00000000,5299.58000000,5301.46000000,2087.03506000,2019-04-29 07:59:59.999,11097670.77362820,22661,1038.64449500,5523145.38872548,0
2019-04-29 08:00:00,5301.45000000,5310.09000000,5241.00000000,5279.41000000,4529.84940900,2019-04-29 11:59:59.999,23931175.65672036,34054,2155.77225500,11384190.59277683,0
2019-04-29 12:00:00,5279.41000000,5279.41000000,5178.80000000,5231.96000000,6578.53156100,2019-04-29 15:59:59.999,34487532.62716468,49602,3188.63667700,16716730.95935241,0
2019-04-29 16:00:00,5231.97000000,5274.65000000,5211.02000000,5239.89000000,2630.54609300,2019-04-29 19:59:59.999,13789615.84252588,27303,1418.10532800,7434756.12766758,0
2019-04-29 20:00:00,5239.89000000,5246.92000000,5185.00000000,5238.14000000,2458.84105400,2019-04-29 23:59:59.999,12832389.29145525,24688,1379.69705500,7202586.15153535,0
2019-04-30 00:00:00,5238.14000000,5264.01000000,5205.72000000,5217.99000000,2591.69387900,2019-04-30 03:59:59.999,13582096.54459687,23906,1330.41152200,6973075.54401112,0
2019-04-30 04:00:00,5217.60000000,5235.00000000,5192.15000000,5222.00000000,2959.45043600,2019-04-30 07:59:59.999,15418248.09061670,25437,1607.10332100,8373454.69239950,0
2019-04-30 08:00:00,5222.00000000,5288.48000000,5204.39000000,5285.68000000,3723.98839700,2019-04-30 11:59:59.999,19528886.74473253,33670,2012.91472100,10556055.69212889,0
2019-04-30 12:00:00,5282.32000000,5339.98000000,5254.68000000,5312.19000000,6766.93777100,2019-04-30 15:59:59.999,35897769.22398073,45580,4038.01198500,21426810.77230969,0
2019-04-30 16:00:00,5313.00000000,5316.89000000,5283.12000000,5292.53000000,3286.97199400,2019-04-30 19:59:59.999,17418407.11426896,25172,1742.87170300,9238128.37710353,0
2019-04-30 20:00:00,5292.53000000,5338.54000000,5290.00000000,5320.81000000,2909.02575300,2019-04-30 23:59:59.999,15464431.51260233,27224,1533.23968600,8153629.96850103,0
2019-05-01 00:00:00,5321.94000000,5374.18000000,5316.20000000,5348.95000000,4434.10137500,2019-05-01 03:59:59.999,23702245.69109310,35269,2780.90512000,14866060.13809663,0
2019-05-01 04:00:00,5348.92000000,5357.00000000,5337.62000000,5353.40000000,1700.04990600,2019-05-01 07:59:59.999,9093547.46086915,21166,901.72459000,4823426.62834045,0
2019-05-01 08:00:00,5352.60000000,5366.90000000,5326.05000000,5362.14000000,2492.91040500,2019-05-01 11:59:59.999,13330549.71554819,26800,1402.97311100,7502858.77443461,0
2019-05-01 12:00:00,5363.42000000,5364.00000000,5333.00000000,5355.35000000,2687.89066500,2019-05-01 15:59:59.999,14380460.44334523,26584,1396.56029700,7473077.50570776,0
2019-05-01 16:00:00,5355.34000000,5402.00000000,5342.75000000,5367.41000000,4460.83712400,2019-05-01 19:59:59.999,23944890.60815566,33362,2428.09254200,13039526.62540764,0
2019-05-01 20:00:00,5365.98000000,5393.54000000,5355.00000000,5383.20000000,1441.68374100,2019-05-01 23:59:59.999,7743241.68576907,18307,726.01023900,3899898.21362419,0
2019-05-02 00:00:00,5383.20000000,5394.00000000,5373.20000000,5387.54000000,1653.18811500,2019-05-02 03:59:59.999,8901259.46842631,21154,932.59404500,5021908.07093385,0
2019-05-02 04:00:00,5387.51000000,5415.00000000,5370.00000000,5406.31000000,2434.21000000,2019-05-02 07:59:59.999,13130489.77272188,24373,1477.54190300,7971581.24040207,0
2019-05-02 08:00:00,5408.04000000,5460.00000000,5405.30000000,5446.38000000,4679.06589400,2019-05-02 11:59:59.999,25428702.30814950,31978,2181.55766200,11856412.45398940,0
2019-05-02 12:00:00,5444.72000000,5535.60000000,5418.10000000,5523.99000000,6505.03492300,2019-05-02 15:59:59.999,35649086.01017895,45520,3743.62728000,20520174.19965263,0
2019-05-02 16:00:00,5523.99000000,5538.00000000,5472.28000000,5506.98000000,4350.23988600,2019-05-02 19:59:59.999,23926732.20662455,32239,2141.63875100,11780727.99304968,0
2019-05-02 20:00:00,5506.01000000,5520.00000000,5484.01000000,5492.87000000,3174.04901700,2019-05-02 23:59:59.999,17462297.44155321,26632,1431.93625100,7878606.54275537,0
2019-05-03 00:00:00,5494.81000000,5600.00000000,5477.57000000,5579.46000000,6915.07971900,2019-05-03 03:59:59.999,38368081.48111951,44494,3824.49011200,21223055.60543822,0
2019-05-03 04:00:00,5579.00000000,5700.00000000,5566.00000000,5695.09000000,7810.23949400,2019-05-03 07:59:59.999,43972431.26662625,55462,4280.35875800,24098132.28720280,0
2019-05-03 08:00:00,5695.66000000,5844.00000000,5653.74000000,5750.99000000,16733.25389100,2019-05-03 11:59:59.999,96335233.73079781,110721,9113.35156400,52471621.65815139,0
2019-05-03 12:00:00,5750.07000000,5843.00000000,5749.32000000,5787.00000000,6968.44065500,2019-05-03 15:59:59.999,40389140.48065745,53788,3791.41141400,21976063.00437752,0
2019-05-03 16:00:00,5786.31000000,5807.00000000,5725.00000000,5757.84000000,4783.59005000,2019-05-03 19:59:59.999,27549089.09871027,41241,2411.92145200,13890265.89050790,0
2019-05-03 20:00:00,5758.53000000,5801.25000000,5742.00000000,5772.69000000,3086.56904000,2019-05-03 23:59:59.999,17821902.87019890,32592,1571.20989000,9073445.63019457,0
2019-05-04 00:00:00,5770.62000000,5900.00000000,5768.73000000,5844.18000000,7598.04759100,2019-05-04 03:59:59.999,44454636.45905277,54902,4488.34064800,26263338.76681219,0
2019-05-04 04:00:00,5841.50000000,5844.34000000,5755.48000000,5814.01000000,6310.92987200,2019-05-04 07:59:59.999,36586217.13219908,43228,3225.44188600,18701859.33894459,0
2019-05-04 08:00:00,5815.54000000,5820.00000000,5756.00000000,5789.55000000,3869.43579400,2019-05-04 11:59:59.999,22409852.25873563,32916,2080.22299600,12052064.61088521,0
2019-05-04 12:00:00,5789.55000000,5795.99000000,5587.45000000,5641.19000000,10099.72071100,2019-05-04 15:59:59.999,57351060.68361033,62380,4507.02831900,25583252.02079387,0
2019-05-04 16:00:00,5641.73000000,5694.30000000,5624.89000000,5681.14000000,3108.13324700,2019-05-04 19:59:59.999,17616181.56922537,31324,1597.47131700,9054491.56404187,0
2019-05-04 20:00:00,5681.12000000,5874.34000000,5679.88000000,5829.45000000,8696.14177600,2019-05-04 23:59:59.999,50524634.34795601,58395,5138.79431100,29869177.62595477,0
2019-05-05 00:00:00,5829.83000000,5839.90000000,5760.00000000,5813.21000000,4150.80743900,2019-05-05 03:59:59.999,24074884.17157409,33577,2221.00369600,12885967.85363489,0
2019-05-05 04:00:00,5814.14000000,5830.67000000,5738.02000000,5755.00000000,4383.99383800,2019-05-05 07:59:59.999,25385612.34382932,33008,1900.59960400,11005022.33928940,0
2019-05-05 08:00:00,5754.13000000,5798.82000000,5710.63000000,5767.54000000,4074.71383400,2019-05-05 11:59:59.999,23480131.06367028,30362,2050.13183800,11817145.42571051,0
2019-05-05 12:00:00,5768.35000000,5808.22000000,5750.00000000,5770.04000000,3986.93794700,2019-05-05 15:59:59.999,23027740.55472695,29904,1898.42287800,10972995.68518357,0
2019-05-05 16:00:00,5768.53000000,5786.75000000,5696.00000000,5768.63000000,4155.06882700,2019-05-05 19:59:59.999,23895131.66568603,32180,1881.28393000,10824335.93948204,0
2019-05-05 20:00:00,5768.63000000,5818.00000000,5760.64000000,5775.62000000,3071.02189000,2019-05-05 23:59:59.999,17789660.96653492,26334,1872.64597500,10851710.68910747,0
2019-05-06 00:00:00,5773.18000000,5796.59000000,5642.50000000,5695.31000000,6819.98843700,2019-05-06 03:59:59.999,38870297.27502527,47826,3188.20377600,18165017.66408000,0
2019-05-06 04:00:00,5693.03000000,5738.67000000,5619.14000000,5636.00000000,3766.34064400,2019-05-06 07:59:59.999,21405501.71972069,40919,1875.79805000,10664154.83849563,0
2019-05-06 08:00:00,5634.82000000,5710.00000000,5619.48000000,5701.67000000,3536.44288800,2019-05-06 11:59:59.999,20083357.28949563,40160,1896.19898700,10768881.46130199,0
2019-05-06 12:00:00,5701.67000000,5740.23000000,5673.00000000,5730.98000000,3488.47454200,2019-05-06 15:59:59.999,19912026.08193791,34159,1781.43773100,10167737.70589979,0
2019-05-06 16:00:00,5731.00000000,5805.00000000,5730.25000000,5790.41000000,4826.68262400,2019-05-06 19:59:59.999,27862301.09929298,40285,2728.96103400,15757309.67605066,0
2019-05-06 20:00:00,5790.35000000,5797.20000000,5732.00000000,5747.79000000,2818.66719000,2019-05-06 23:59:59.999,16225070.38915001,27082,1452.02591200,8357805.15750098,0
2019-05-07 00:00:00,5749.92000000,5988.00000000,5747.74000000,5957.00000000,10877.43804500,2019-05-07 03:59:59.999,64049669.67334761,76062,6692.99420400,39382976.07802980,0
2019-05-07 04:00:00,5955.91000000,5980.00000000,5905.00000000,5935.25000000,5179.11484900,2019-05-07 07:59:59.999,30807229.82153086,45248,2735.24974400,16273133.29063929,0
2019-05-07 08:00:00,5935.25000000,5968.00000000,5912.23000000,5947.64000000,3987.80279400,2019-05-07 11:59:59.999,23692424.58717839,36410,2105.03163900,12506931.30446956,0
2019-05-07 12:00:00,5945.80000000,6028.41000000,5840.00000000,5919.93000000,10529.19534400,2019-05-07 15:59:59.999,62450061.44976350,67806,5263.70850000,31233743.16021525,0
2019-05-07 16:00:00,5919.93000000,5965.00000000,5880.13000000,5922.87000000,4242.11778000,2019-05-07 19:59:59.999,25153065.35194920,37842,2179.21643900,12926012.03842573,0
2019-05-07 20:00:00,5923.45000000,5969.22000000,5820.00000000,5846.34000000,5089.39561000,2019-05-07 23:59:59.999,30024212.93415147,38020,2326.78069100,13741306.04047656,0
2019-05-08 00:00:00,5846.34000000,5901.00000000,5772.20000000,5879.44000000,7861.27589800,2019-05-08 03:59:59.999,46007505.23180668,53285,3799.33764700,22240771.33535411,0
2019-05-08 04:00:00,5879.64000000,5928.65000000,5871.55000000,5903.86000000,3148.93869800,2019-05-08 07:59:59.999,18586016.92068436,31128,1850.50027900,10921435.60135321,0
2019-05-08 08:00:00,5903.39000000,5959.99000000,5865.00000000,5936.00000000,3096.13066600,2019-05-08 11:59:59.999,18306132.16726246,32122,1642.24060900,9711403.27642222,0
2019-05-08 12:00:00,5936.00000000,5967.00000000,5896.00000000,5953.94000000,2996.47277500,2019-05-08 15:59:59.999,17773437.19434172,26649,1515.25433400,8990628.21737944,0
2019-05-08 16:00:00,5953.07000000,5970.00000000,5914.50000000,5951.65000000,2151.03350500,2019-05-08 19:59:59.999,12773847.01328773,20433,1081.73830800,6425171.53663738,0
2019-05-08 20:00:00,5951.57000000,6014.72000000,5910.01000000,5987.29000000,3820.33536500,2019-05-08 23:59:59.999,22799117.06820878,27352,2071.96518200,12370651.90432117,0
2019-05-09 00:00:00,5986.66000000,6114.73000000,5983.71000000,6075.14000000,6171.03140200,2019-05-09 03:59:59.999,37403828.48198838,43567,3298.05944700,19994757.98627444,0
2019-05-09 04:00:00,6072.89000000,6135.56000000,6068.00000000,6102.36000000,4953.72932300,2019-05-09 07:59:59.999,30249081.64676190,44567,2030.02390100,12394751.20963571,0
2019-05-09 08:00:00,6102.36000000,6147.55000000,6060.00000000,6086.98000000,3209.73918600,2019-05-09 11:59:59.999,19560039.21746119,32242,1533.89444300,9349091.49795982,0
2019-05-09 12:00:00,6087.78000000,6089.09000000,6025.00000000,6058.91000000,4449.51522000,2019-05-09 15:59:59.999,26958002.93456242,34807,1981.01320300,12004884.01560739,0
2019-05-09 16:00:00,6058.91000000,6150.00000000,6056.55000000,6135.25000000,3584.38269300,2019-05-09 19:59:59.999,21919450.48197702,34553,1897.56956600,11603254.58785963,0
2019-05-09 20:00:00,6136.92000000,6224.55000000,6123.43000000,6209.18000000,5084.61361200,2019-05-09 23:59:59.999,31399531.58083897,38105,3134.62179600,19349403.25198649,0
2019-05-10 00:00:00,6209.95000000,6365.01000000,6172.00000000,6337.99000000,9756.14004100,2019-05-10 03:59:59.999,61224435.05018695,56167,5252.55371000,32950013.48533699,0
2019-05-10 04:00:00,6339.49000000,6390.00000000,6232.24000000,6371.44000000,6594.02862300,2019-05-10 07:59:59.999,41585940.58076169,54269,3282.84331300,20706036.26765803,0
2019-05-10 08:00:00,6371.44000000,6387.00000000,6265.63000000,6307.19000000,4039.13032700,2019-05-10 11:59:59.999,25530226.71004383,39287,2053.94832400,12983000.47062867,0
2019-05-10 12:00:00,6307.22000000,6370.67000000,6266.16000000,6353.82000000,4220.47711700,2019-05-10 15:59:59.999,26669461.95085849,40506,2007.72449000,12691321.57018870,0
2019-05-10 16:00:00,6353.82000000,6468.92000000,6342.20000000,6410.57000000,6685.96658200,2019-05-10 19:59:59.999,42907002.64889806,47507,3466.13428200,22242556.52491547,0
2019-05-10 20:00:00,6410.55000000,6423.00000000,6270.03000000,6373.33000000,5327.86810000,2019-05-10 23:59:59.999,33884275.49134378,45338,2485.72387600,15806102.10859685,0
2019-05-11 00:00:00,6375.16000000,6611.64000000,6372.85000000,6578.71000000,8067.35023800,2019-05-11 03:59:59.999,52539447.58463917,57513,4847.68402000,31575579.54080995,0
2019-05-11 04:00:00,6580.84000000,6952.63000000,6574.05000000,6801.67000000,21748.84953300,2019-05-11 07:59:59.999,147322366.16082026,128768,11359.13528500,76972737.26456909,0
2019-05-11 08:00:00,6801.09000000,6833.00000000,6656.55000000,6754.55000000,10197.34404300,2019-05-11 11:59:59.999,68918452.22364266,100405,5240.74892400,35424439.64740785,0
2019-05-11 12:00:00,6754.57000000,6905.57000000,6705.36000000,6905.57000000,6395.90204500,2019-05-11 15:59:59.999,43465804.61308875,63320,3493.37920700,23749770.33495238,0
2019-05-11 16:00:00,6905.57000000,6979.99000000,6848.00000000,6900.00000000,10085.42794400,2019-05-11 19:59:59.999,69781567.54800105,86844,5290.29277800,36614474.50437403,0
2019-05-11 20:00:00,6901.19000000,7343.99000000,6885.29000000,7076.22000000,17527.55059000,2019-05-11 23:59:59.999,125188363.21321224,125690,9860.75700100,70319199.51039714,0
2019-05-12 00:00:00,7076.24000000,7230.00000000,6876.12000000,7159.56000000,12303.18161900,2019-05-12 03:59:59.999,87434333.74581502,107983,5938.46381400,42227039.83772493,0
2019-05-12 04:00:00,7160.22000000,7513.91000000,7158.54000000,7480.47000000,10444.50491900,2019-05-12 07:59:59.999,76744418.94489121,87908,5722.80661400,42046868.73397652,0
2019-05-12 08:00:00,7480.47000000,7521.78000000,6966.00000000,7169.23000000,23405.30034800,2019-05-12 11:59:59.999,170547890.76208273,164793,11445.78170700,83460820.70169978,0
2019-05-12 12:00:00,7162.66000000,7242.00000000,6750.00000000,6839.83000000,19804.12727200,2019-05-12 15:59:59.999,138707022.95145939,127674,9215.23494400,64621878.75139914,0
2019-05-12 16:00:00,6842.50000000,7088.40000000,6795.00000000,7032.64000000,10911.89098200,2019-05-12 19:59:59.999,75785338.33322959,81226,5460.12833700,37921802.94323177,0
2019-05-12 20:00:00,7028.79000000,7170.00000000,6863.00000000,6967.31000000,10079.97019900,2019-05-12 23:59:59.999,70720449.75217719,77761,4907.17426000,34442511.94029305,0
2019-05-13 00:00:00,6968.24000000,7080.00000000,6870.00000000,7024.14000000,6078.30872500,2019-05-13 03:59:59.999,42583203.63660312,54653,3200.40108300,22429128.24844395,0
2019-05-13 04:00:00,7024.15000000,7170.00000000,6990.00000000,7023.98000000,6294.10512000,2019-05-13 07:59:59.999,44534143.80883378,54610,3281.27801000,23226087.42515454,0
2019-05-13 08:00:00,7026.29000000,7294.77000000,6983.91000000,7224.94000000,8308.91251800,2019-05-13 11:59:59.999,59246168.94673151,58158,4552.42681100,32461874.56152696,0
2019-05-13 12:00:00,7225.24000000,7869.08000000,7202.93000000,7771.91000000,25645.19402400,2019-05-13 15:59:59.999,192310671.78579248,141242,14326.78881700,107288132.51618944,0
2019-05-13 16:00:00,7769.11000000,7895.99000000,7662.02000000,7844.36000000,16590.05462700,2019-05-13 19:59:59.999,129069118.58247390,119243,8562.57405000,66625998.20929012,0
2019-05-13 20:00:00,7845.84000000,8100.00000000,7568.00000000,7790.71000000,22888.16031900,2019-05-13 23:59:59.999,180269305.53226652,160591,11457.79348800,90296066.05601399,0
2019-05-14 00:00:00,7795.62000000,8027.85000000,7755.79000000,7928.51000000,11452.85805200,2019-05-14 03:59:59.999,90436492.15483887,103891,6227.94819500,49184763.25249293,0
2019-05-14 04:00:00,7931.00000000,8322.31000000,7900.00000000,8321.66000000,12218.71386800,2019-05-14 07:59:59.999,98500027.54198918,113931,6481.60552300,52236083.67061244,0
2019-05-14 08:00:00,8321.66000000,8366.00000000,7910.99000000,8059.98000000,16687.86657900,2019-05-14 11:59:59.999,135290380.43489091,116670,8014.14155200,64987694.68223639,0
2019-05-14 12:00:00,8057.18000000,8205.00000000,7935.00000000,7950.00000000,11718.50933300,2019-05-14 15:59:59.999,94750587.20601441,107192,5800.68513200,46921418.56564109,0
2019-05-14 16:00:00,7950.00000000,8048.00000000,7659.42000000,7740.75000000,14580.58550000,2019-05-14 19:59:59.999,114625963.08847911,122923,7178.56592700,56451090.26785587,0
2019-05-14 20:00:00,7738.25000000,7999.99000000,7599.56000000,7947.56000000,9925.18927100,2019-05-14 23:59:59.999,77499755.57706001,90819,5250.08600600,41029896.49841377,0
2019-05-15 00:00:00,7945.26000000,8116.28000000,7883.38000000,7946.71000000,7684.29632300,2019-05-15 02:59:59.999,61451455.52932983,73627,3888.17702000,31084717.13932521,0
2019-05-15 12:00:00,7946.71000000,8047.00000000,7850.00000000,7991.95000000,6873.87144900,2019-05-15 15:59:59.999,54591536.26190488,56695,3421.60715300,27177373.87160081,0
2019-05-15 16:00:00,7993.74000000,8240.00000000,7905.59000000,8167.00000000,14237.24938400,2019-05-15 19:59:59.999,115010447.12036138,123335,7702.39203200,62229072.25817043,0
2019-05-15 20:00:00,8167.00000000,8249.00000000,8044.11000000,8169.87000000,9088.91005500,2019-05-15 23:59:59.999,74142846.36398629,93876,4648.39998100,37935082.43188212,0
2019-05-16 00:00:00,8169.08000000,8320.00000000,8137.68000000,8233.98000000,14288.18047600,2019-05-16 03:59:59.999,118007968.77449645,129214,7429.29576800,61370534.88625253,0
2019-05-16 04:00:00,8235.00000000,8235.00000000,7870.01000000,8019.37000000,14962.55759400,2019-05-16 07:59:59.999,120174965.78989645,138991,7150.52854800,57455331.89465658,0
2019-05-16 08:00:00,8018.61000000,8079.00000000,7767.00000000,7870.00000000,12952.15262100,2019-05-16 11:59:59.999,102611774.93426148,115584,6307.85115100,49990508.17107712,0
2019-05-16 12:00:00,7870.00000000,8030.91000000,7725.00000000,8006.67000000,10668.49365700,2019-05-16 15:59:59.999,84234280.52255916,104655,5686.47097000,44890753.31309315,0
2019-05-16 16:00:00,8008.56000000,8034.69000000,7790.02000000,7858.68000000,8428.62810600,2019-05-16 19:59:59.999,66685938.62923933,88123,4060.71740800,32133379.66064093,0
2019-05-16 20:00:00,7856.75000000,7960.00000000,7705.00000000,7866.59000000,8330.50154200,2019-05-16 23:59:59.999,65411242.62851131,89971,4462.54031300,35056505.14244597,0
2019-05-17 00:00:00,7868.67000000,7925.00000000,7000.00000000,7344.03000000,24251.29123400,2019-05-17 03:59:59.999,181156070.01237787,189774,11657.25415900,87293841.34082522,0
2019-05-17 04:00:00,7343.94000000,7490.00000000,7150.33000000,7298.93000000,17724.26355900,2019-05-17 07:59:59.999,129561324.54004886,164299,8969.96286200,65571134.77646263,0
2019-05-17 08:00:00,7299.87000000,7325.54000000,7056.00000000,7150.19000000,10564.71225500,2019-05-17 11:59:59.999,76348096.97112768,118233,5382.09617100,38907992.51984451,0
2019-05-17 12:00:00,7154.18000000,7277.00000000,6913.00000000,7094.43000000,14614.15975600,2019-05-17 15:59:59.999,104053370.95362544,126878,7602.40530700,54180812.95411730,0
2019-05-17 16:00:00,7096.02000000,7219.94000000,6980.02000000,7136.72000000,11613.51130200,2019-05-17 19:59:59.999,82313607.22012278,112859,6225.91256400,44157833.29394571,0
2019-05-17 20:00:00,7135.73000000,7375.00000000,7070.00000000,7355.26000000,9984.07005300,2019-05-17 23:59:59.999,72244017.67710026,91850,5283.84391500,38236434.27789431,0
2019-05-18 00:00:00,7355.28000000,7434.61000000,7227.00000000,7361.30000000,8114.50066500,2019-05-18 03:59:59.999,59417853.28947424,79889,4162.64294900,30481985.95814157,0
2019-05-18 04:00:00,7358.04000000,7458.00000000,7279.20000000,7302.99000000,8568.64333100,2019-05-18 07:59:59.999,63072365.82301076,78438,4624.00425800,34043091.95662099,0
2019-05-18 08:00:00,7309.01000000,7374.00000000,7156.61000000,7304.51000000,6363.53526900,2019-05-18 11:59:59.999,46365984.39249899,65462,3323.84097200,24222577.95829058,0
2019-05-18 12:00:00,7305.09000000,7393.01000000,7256.63000000,7344.00000000,5332.56785300,2019-05-18 15:59:59.999,39096098.19317129,56258,2725.29526100,19985662.10777902,0
2019-05-18 16:00:00,7344.00000000,7375.22000000,7230.00000000,7237.98000000,4964.46887100,2019-05-18 19:59:59.999,36191114.04689776,52412,2534.19966400,18483069.95294517,0
2019-05-18 20:00:00,7237.98000000,7343.99000000,7230.00000000,7257.45000000,3711.22879000,2019-05-18 23:59:59.999,27027095.30588014,47045,2005.86525600,14613657.23562024,0
2019-05-19 00:00:00,7257.32000000,7931.51000000,7243.08000000,7903.22000000,16856.33304500,2019-05-19 03:59:59.999,128953317.28463370,133607,9164.20052400,70113980.38651283,0
2019-05-19 04:00:00,7904.00000000,7997.00000000,7815.97000000,7907.22000000,10170.66951300,2019-05-19 07:59:59.999,80444128.41989230,94849,5178.91796800,40958751.89173997,0
2019-05-19 08:00:00,7909.14000000,8092.90000000,7867.65000000,7964.41000000,11118.30182600,2019-05-19 11:59:59.999,88820767.75104756,94709,6192.08082300,49472843.51996186,0
2019-05-19 12:00:00,7961.72000000,7991.18000000,7765.00000000,7962.78000000,10048.71262700,2019-05-19 15:59:59.999,79311902.04786910,94400,5045.05763400,39824455.65252728,0
2019-05-19 16:00:00,7961.19000000,8049.00000000,7850.99000000,7952.48000000,5720.41993100,2019-05-19 19:59:59.999,45501918.20075202,68087,3105.87908800,24709047.45223138,0
2019-05-19 20:00:00,7951.70000000,8275.09000000,7892.46000000,8148.48000000,11663.00511600,2019-05-19 23:59:59.999,94697440.65424633,97780,6907.35398500,56098634.31547797,0
2019-05-20 00:00:00,8147.94000000,8156.03000000,7780.00000000,8030.04000000,13530.17737500,2019-05-20 03:59:59.999,107601692.70786831,110683,6886.37096000,54770145.39982429,0
2019-05-20 04:00:00,8030.04000000,8109.81000000,7829.79000000,7871.41000000,8338.00608900,2019-05-20 07:59:59.999,66268020.60807685,83619,4282.35173800,34043291.09713213,0
2019-05-20 08:00:00,7870.01000000,7939.04000000,7777.77000000,7835.87000000,7747.22113400,2019-05-20 11:59:59.999,60909547.86306527,72699,4067.13157300,31991575.48367150,0
2019-05-20 12:00:00,7832.50000000,7896.40000000,7553.00000000,7834.51000000,13735.90859300,2019-05-20 15:59:59.999,106131141.31064535,117568,7099.65526300,54874831.37180718,0
2019-05-20 16:00:00,7833.71000000,7880.92000000,7672.78000000,7801.00000000,11057.59890300,2019-05-20 19:59:59.999,86089984.63688406,108745,6111.84236200,47585957.47830957,0
2019-05-20 20:00:00,7802.09000000,8080.00000000,7778.00000000,7938.15000000,11450.29647000,2019-05-20 23:59:59.999,90938890.74231814,117046,6182.29374900,49105219.47603329,0
2019-05-21 00:00:00,7937.16000000,7998.00000000,7800.00000000,7889.07000000,8156.26832900,2019-05-21 03:59:59.999,64444988.67476597,92447,4224.09853500,33376597.12997982,0
2019-05-21 04:00:00,7889.09000000,7942.00000000,7790.05000000,7895.06000000,8805.71025600,2019-05-21 07:59:59.999,69350902.09147592,89056,4529.13054700,35673608.89087293,0
2019-05-21 08:00:00,7895.02000000,7980.90000000,7771.00000000,7848.37000000,7395.90060600,2019-05-21 11:59:59.999,58358213.96442099,78504,3743.30516200,29549636.68914127,0
2019-05-21 12:00:00,7847.92000000,7971.00000000,7793.38000000,7890.49000000,10532.91462500,2019-05-21 15:59:59.999,83082413.41643212,102099,5470.78207600,43154688.33424187,0
2019-05-21 16:00:00,7890.62000000,8005.12000000,7852.90000000,7966.45000000,9656.89168400,2019-05-21 19:59:59.999,76656506.25336666,101831,5432.77548900,43126073.22466031,0
2019-05-21 20:00:00,7966.44000000,8042.32000000,7865.20000000,7904.87000000,7754.06674700,2019-05-21 23:59:59.999,61744757.96928388,90101,3872.26863900,30850012.33531869,0
2019-05-22 00:00:00,7904.48000000,7988.00000000,7882.95000000,7895.17000000,5816.49959200,2019-05-22 03:59:59.999,46163772.53695692,62808,2910.68009400,23104667.88419766,0
2019-05-22 04:00:00,7895.35000000,7936.00000000,7830.23000000,7882.22000000,4919.18971600,2019-05-22 07:59:59.999,38863906.67497991,55085,2546.16275900,20120046.82934803,0
2019-05-22 08:00:00,7881.19000000,7924.97000000,7730.00000000,7802.31000000,7870.05348400,2019-05-22 11:59:59.999,61698228.98124115,76854,4036.72790900,31654058.07739936,0
2019-05-22 12:00:00,7802.95000000,8016.00000000,7760.00000000,7939.60000000,9048.92361500,2019-05-22 15:59:59.999,71289725.16637560,84147,4787.50921700,37712839.21530823,0
2019-05-22 16:00:00,7939.96000000,7948.97000000,7835.48000000,7901.69000000,5515.68801200,2019-05-22 19:59:59.999,43543557.86397441,62677,2858.52793900,22568037.68701620,0
2019-05-22 20:00:00,7901.20000000,7917.68000000,7465.00000000,7628.43000000,15966.64017000,2019-05-22 23:59:59.999,123171029.49842372,119766,7271.35474400,56136548.86136548,0
2019-05-23 00:00:00,7627.80000000,7685.60000000,7533.00000000,7660.98000000,8883.36121400,2019-05-23 03:59:59.999,67758243.58146663,78754,4463.37817400,34045655.04761675,0
2019-05-23 04:00:00,7661.45000000,7683.52000000,7547.33000000,7587.89000000,8251.13941100,2019-05-23 07:59:59.999,62805787.99262312,73972,4085.61710300,31095598.91240159,0
2019-05-23 08:00:00,7587.88000000,7645.00000000,7461.00000000,7589.10000000,8653.71102700,2019-05-23 11:59:59.999,65480642.46943980,81743,4416.46431300,33419327.61296684,0
2019-05-23 12:00:00,7588.04000000,7808.88000000,7552.53000000,7754.09000000,8746.43745600,2019-05-23 15:59:59.999,67231636.07612773,78255,4723.74641000,36323256.61935223,0
2019-05-23 16:00:00,7754.07000000,7849.00000000,7702.00000000,7759.18000000,6422.94545500,2019-05-23 19:59:59.999,49951935.35473406,60897,3530.67683900,27462750.73492075,0
2019-05-23 20:00:00,7759.16000000,7940.98000000,7745.70000000,7851.51000000,8690.59013800,2019-05-23 23:59:59.999,68307994.03845701,75599,4739.97699900,37261392.05882193,0
2019-05-24 00:00:00,7849.95000000,7910.00000000,7800.00000000,7847.08000000,5684.36329200,2019-05-24 03:59:59.999,44603218.65533105,57290,2862.28108600,22457062.03034772,0
2019-05-24 04:00:00,7848.13000000,7880.00000000,7766.00000000,7852.27000000,4984.30529300,2019-05-24 07:59:59.999,39021529.83067804,59321,2660.09212300,20827872.17969349,0
2019-05-24 08:00:00,7853.13000000,8000.00000000,7849.84000000,7977.95000000,10699.63688200,2019-05-24 11:59:59.999,84964937.76463402,87340,6294.95716400,49998766.98156598,0
2019-05-24 12:00:00,7978.65000000,8094.00000000,7918.99000000,8046.06000000,9376.86096000,2019-05-24 15:59:59.999,75010249.67385310,80213,5194.20145900,41558201.63769852,0
2019-05-24 16:00:00,8047.79000000,8130.00000000,7960.34000000,8023.88000000,9278.98748900,2019-05-24 19:59:59.999,74604229.58453631,79790,4883.08634100,39263071.61104709,0
2019-05-24 20:00:00,8023.90000000,8096.74000000,7892.00000000,7964.87000000,6640.63140900,2019-05-24 23:59:59.999,53176878.22257003,64722,3151.11525500,25242854.58552090,0
2019-05-25 00:00:00,7964.52000000,8033.48000000,7930.00000000,7975.29000000,4145.10828700,2019-05-25 03:59:59.999,33115911.92023939,43300,2249.35184900,17968716.44508850,0
2019-05-25 04:00:00,7976.96000000,8016.83000000,7908.34000000,7958.93000000,4468.84422800,2019-05-25 07:59:59.999,35536841.89170620,41750,2476.99529900,19698397.77499058,0
2019-05-25 08:00:00,7958.62000000,8091.80000000,7935.89000000,8044.02000000,6953.46730100,2019-05-25 11:59:59.999,55829474.58863782,58666,3761.04317000,30197446.48961939,0
2019-05-25 12:00:00,8044.02000000,8065.98000000,7965.22000000,8017.39000000,4777.60695400,2019-05-25 15:59:59.999,38288021.51925892,46329,2452.53225400,19657638.31915218,0
2019-05-25 16:00:00,8017.39000000,8057.11000000,7939.00000000,7967.77000000,4647.57182800,2019-05-25 19:59:59.999,37165839.20258066,42622,2367.56627000,18938954.89190201,0
2019-05-25 20:00:00,7970.50000000,8052.60000000,7968.29000000,8025.41000000,3421.73021900,2019-05-25 23:59:59.999,27440191.46298463,31781,1729.67615400,13872970.38168308,0
2019-05-26 00:00:00,8023.00000000,8047.50000000,7952.48000000,7965.00000000,3987.37737800,2019-05-26 03:59:59.999,31919797.45205234,35661,2253.87633600,18044216.75713595,0
2019-05-26 04:00:00,7964.85000000,8008.68000000,7919.64000000,7969.79000000,4506.99423300,2019-05-26 07:59:59.999,35915727.40090624,39702,2373.03948600,18915522.96000090,0
2019-05-26 08:00:00,7969.78000000,7997.85000000,7833.42000000,7907.98000000,6862.35405800,2019-05-26 11:59:59.999,54431149.07667979,49537,3432.05804200,27227407.01017744,0
2019-05-26 12:00:00,7908.16000000,7994.00000000,7863.48000000,7983.18000000,4138.10643600,2019-05-26 15:59:59.999,32860814.42538378,35548,2272.92167000,18047023.46888565,0
2019-05-26 16:00:00,7983.18000000,8499.00000000,7940.50000000,8480.00000000,11524.60001500,2019-05-26 19:59:59.999,94681496.30209318,84062,6875.45251300,56471047.08851422,0
2019-05-26 20:00:00,8480.00000000,8740.00000000,8418.90000000,8614.43000000,18632.71244700,2019-05-26 23:59:59.999,159807337.73136345,132796,9231.59875600,79206119.01936815,0
2019-05-27 00:00:00,8612.54000000,8842.57000000,8589.00000000,8664.56000000,13564.81090700,2019-05-27 03:59:59.999,118217147.82030860,106438,7141.86999700,62233283.18703377,0
2019-05-27 04:00:00,8662.96000000,8735.14000000,8590.00000000,8696.03000000,5498.95227600,2019-05-27 07:59:59.999,47637475.85507361,56022,2895.97341400,25086379.81686941,0
2019-05-27 08:00:00,8694.83000000,8710.00000000,8640.01000000,8686.99000000,5031.57221100,2019-05-27 11:59:59.999,43649088.44076052,49022,2717.55539200,23577972.79899416,0
2019-05-27 12:00:00,8686.99000000,8882.61000000,8685.95000000,8799.00000000,9746.19454100,2019-05-27 15:59:59.999,85620433.64435375,88959,5375.55567800,47224707.92878709,0
2019-05-27 16:00:00,8798.96000000,8908.32000000,8600.00000000,8762.57000000,13011.50425000,2019-05-27 19:59:59.999,113470496.67438161,115919,6835.12261200,59616801.41590870,0
2019-05-27 20:00:00,8761.00000000,8823.52000000,8660.00000000,8756.32000000,5033.73460800,2019-05-27 23:59:59.999,44056562.50002426,62413,2756.29254400,24125525.50414655,0
2019-05-28 00:00:00,8752.52000000,8798.49000000,8716.32000000,8763.31000000,4686.21272100,2019-05-28 03:59:59.999,41055564.13809677,53423,2476.71874200,21698533.67691677,0
2019-05-28 04:00:00,8761.23000000,8783.00000000,8625.00000000,8721.54000000,5393.65932300,2019-05-28 07:59:59.999,46947717.28097932,55760,2740.52121900,23856836.73669090,0
2019-05-28 08:00:00,8721.54000000,8743.85000000,8647.10000000,8734.36000000,4315.20400300,2019-05-28 11:59:59.999,37540555.11636273,48592,2317.82074600,20164951.37621352,0
2019-05-28 12:00:00,8734.35000000,8756.95000000,8510.63000000,8684.17000000,7259.46714700,2019-05-28 15:59:59.999,62808950.78338664,72283,3777.71081400,32695267.07526760,0
2019-05-28 16:00:00,8684.78000000,8790.00000000,8617.02000000,8689.64000000,6417.62958000,2019-05-28 19:59:59.999,55866137.33233156,71944,3422.18613900,29793816.04115645,0
2019-05-28 20:00:00,8689.66000000,8740.00000000,8656.85000000,8715.64000000,3398.37876000,2019-05-28 23:59:59.999,29572985.98031888,47121,1826.91915100,15899032.15491278,0
2019-05-29 00:00:00,8716.87000000,8716.87000000,8611.00000000,8646.01000000,4266.46766300,2019-05-29 03:59:59.999,36965927.94275844,47595,2195.36525400,19023884.88125575,0
2019-05-29 04:00:00,8643.82000000,8661.10000000,8406.60000000,8547.00000000,9890.08961400,2019-05-29 07:59:59.999,84295762.10196538,91084,4675.89873500,39857595.86858427,0
2019-05-29 08:00:00,8548.31000000,8687.55000000,8527.23000000,8621.00000000,5530.05004500,2019-05-29 11:59:59.999,47673088.99810591,55238,3234.92054800,27892317.72228443,0
2019-05-29 12:00:00,8621.00000000,8750.00000000,8610.99000000,8681.21000000,6828.92955700,2019-05-29 15:59:59.999,59345006.75999866,69614,3862.81883100,33564083.70088409,0
2019-05-29 16:00:00,8683.97000000,8726.99000000,8628.00000000,8677.51000000,4128.53575200,2019-05-29 19:59:59.999,35819633.19370475,47347,1912.05118500,16598615.28875285,0
2019-05-29 20:00:00,8677.50000000,8700.00000000,8601.00000000,8645.68000000,3236.79329100,2019-05-29 23:59:59.999,27995172.02150552,41439,1694.52576400,14658993.77422274,0
2019-05-30 00:00:00,8646.50000000,8718.71000000,8541.33000000,8672.47000000,7811.56995400,2019-05-30 03:59:59.999,67385845.94802685,72268,4105.51254500,35433207.95714666,0
2019-05-30 04:00:00,8675.39000000,8757.33000000,8653.74000000,8696.71000000,6095.57075000,2019-05-30 07:59:59.999,53057821.02422935,60973,3175.09066400,27636394.54494297,0
2019-05-30 08:00:00,8699.10000000,8775.00000000,8660.00000000,8724.75000000,5786.56425100,2019-05-30 11:59:59.999,50460921.54341017,60957,2960.79984300,25824598.46152642,0
2019-05-30 12:00:00,8724.54000000,8942.05000000,8680.00000000,8941.25000000,7838.28352000,2019-05-30 15:59:59.999,68748592.98909511,76746,3796.39455300,33293678.66629465,0
2019-05-30 16:00:00,8941.25000000,9074.26000000,8513.38000000,8620.22000000,19747.38036800,2019-05-30 19:59:59.999,171863721.18069869,156011,9440.73807500,82185651.85706201,0
2019-05-30 20:00:00,8620.21000000,8621.98000000,8005.00000000,8269.54000000,23100.62967800,2019-05-30 23:59:59.999,191795634.69538328,190386,11098.77491800,92240087.73207389,0
2019-05-31 00:00:00,8267.10000000,8388.00000000,8200.00000000,8263.84000000,9093.51893900,2019-05-31 03:59:59.999,75559916.74893769,79029,3986.67866600,33119754.40839675,0
2019-05-31 04:00:00,8263.84000000,8320.12000000,8108.50000000,8311.72000000,7654.19570300,2019-05-31 07:59:59.999,62990773.87767906,74108,4185.03215800,34442539.40246043,0
2019-05-31 08:00:00,8311.72000000,8360.30000000,8226.18000000,8284.46000000,6306.78200000,2019-05-31 11:59:59.999,52375929.95895403,59856,3377.93977300,28054548.96387329,0
2019-05-31 12:00:00,8284.09000000,8459.41000000,8268.85000000,8349.52000000,9066.23078100,2019-05-31 15:59:59.999,75996588.58331532,76506,5033.31772000,42196450.47276740,0
2019-05-31 16:00:00,8348.72000000,8474.97000000,8288.92000000,8442.75000000,6100.45854600,2019-05-31 19:59:59.999,51290929.50607981,65744,3441.75856400,28938979.47773346,0
2019-05-31 20:00:00,8444.72000000,8594.00000000,8420.03000000,8555.00000000,6506.30565100,2019-05-31 23:59:59.999,55415535.24404849,61282,3366.96157900,28666382.32816814,0
2019-06-01 00:00:00,8555.00000000,8591.83000000,8491.52000000,8552.75000000,4526.90237600,2019-06-01 03:59:59.999,38687393.38174597,50709,2411.37376200,20609681.66137219,0
2019-06-01 04:00:00,8548.55000000,8580.00000000,8445.50000000,8539.26000000,7832.96774700,2019-06-01 07:59:59.999,66761527.60097634,80857,4198.13218300,35777776.21123725,0
2019-06-01 08:00:00,8539.22000000,8626.00000000,8504.06000000,8566.00000000,5797.09005800,2019-06-01 11:59:59.999,49662784.41127356,63640,2955.58426000,25313449.54219310,0
2019-06-01 12:00:00,8563.02000000,8577.00000000,8442.36000000,8530.21000000,5048.58596300,2019-06-01 15:59:59.999,42957604.28412429,57126,2723.04862100,23173100.53173165,0
2019-06-01 16:00:00,8530.21000000,8583.99000000,8468.00000000,8530.11000000,4115.78411800,2019-06-01 19:59:59.999,35111160.83837983,45787,2126.60208200,18141829.54870121,0
2019-06-01 20:00:00,8532.51000000,8600.00000000,8500.25000000,8544.07000000,4546.90389500,2019-06-01 23:59:59.999,38917965.82419575,50256,2507.92151700,21470291.62302611,0
2019-06-02 00:00:00,8545.10000000,8598.00000000,8524.00000000,8544.10000000,2704.53235500,2019-06-02 03:59:59.999,23159176.50531264,34306,1340.82829100,11483685.62130523,0
2019-06-02 04:00:00,8545.93000000,8736.20000000,8540.40000000,8703.51000000,4268.07799100,2019-06-02 07:59:59.999,36819500.57329758,48993,2282.36930600,19690760.15548595,0
2019-06-02 08:00:00,8702.37000000,8753.01000000,8668.83000000,8722.04000000,4795.39043000,2019-06-02 11:59:59.999,41764639.07163592,53004,2438.96871700,21243743.05171455,0
2019-06-02 12:00:00,8723.00000000,8814.78000000,8561.47000000,8678.22000000,9799.52554700,2019-06-02 15:59:59.999,85253629.64522312,83765,5412.98520900,47097462.25008145,0
2019-06-02 16:00:00,8677.22000000,8703.33000000,8614.10000000,8669.18000000,3608.64587500,2019-06-02 19:59:59.999,31276153.85041361,45679,1691.83713800,14663820.33547754,0
2019-06-02 20:00:00,8669.18000000,8756.28000000,8647.37000000,8725.98000000,2658.96106700,2019-06-02 23:59:59.999,23141497.07362226,33606,1418.89833800,12350548.96937185,0
2019-06-03 00:00:00,8726.00000000,8800.95000000,8617.32000000,8660.47000000,5647.15790100,2019-06-03 03:59:59.999,49026530.86400489,55380,2823.27836600,24512836.90266534,0
2019-06-03 04:00:00,8660.50000000,8676.77000000,8321.50000000,8470.00000000,10559.78769600,2019-06-03 07:59:59.999,89800995.10952763,88137,5146.87159900,43734794.53844396,0
2019-06-03 08:00:00,8469.98000000,8548.08000000,8412.96000000,8507.84000000,5779.63367000,2019-06-03 11:59:59.999,49078260.52135323,53403,2708.08930400,23006150.11405962,0
2019-06-03 12:00:00,8505.10000000,8567.00000000,8330.00000000,8473.66000000,8100.17092900,2019-06-03 15:59:59.999,68460953.21217663,76180,4351.96002000,36785341.46437940,0
2019-06-03 16:00:00,8471.88000000,8583.00000000,8435.00000000,8570.88000000,5237.41656200,2019-06-03 19:59:59.999,44616454.37808137,59014,2898.86797800,24700224.24877070,0
2019-06-03 20:00:00,8570.89000000,8580.22000000,8080.80000000,8115.82000000,10368.79834600,2019-06-03 23:59:59.999,86172300.88790509,99138,4585.24959200,38143248.43512444,0
2019-06-04 00:00:00,8115.66000000,8115.66000000,7780.40000000,7895.93000000,18211.23083700,2019-06-04 03:59:59.999,145370606.39134799,140243,8549.34445300,68294050.24431395,0
2019-06-04 04:00:00,7895.91000000,8007.28000000,7800.00000000,7892.60000000,10392.06699100,2019-06-04 07:59:59.999,82208644.49441412,93228,5228.07125500,41380057.72086010,0
2019-06-04 08:00:00,7893.10000000,8007.00000000,7887.90000000,7943.56000000,8017.65627300,2019-06-04 11:59:59.999,63683305.39339987,72489,4391.07046500,34862572.22800107,0
2019-06-04 12:00:00,7943.56000000,8050.00000000,7877.85000000,7941.11000000,7973.16356900,2019-06-04 15:59:59.999,63590179.37095989,77689,3986.92300500,31808491.36864562,0
2019-06-04 16:00:00,7941.91000000,7976.99000000,7531.11000000,7621.46000000,20566.03795100,2019-06-04 19:59:59.999,158875647.52677750,165320,9914.75000800,76601182.74523647,0
2019-06-04 20:00:00,7621.51000000,7740.80000000,7481.02000000,7687.03000000,8983.79332000,2019-06-04 23:59:59.999,68445015.14889742,96944,4706.43794500,35876213.73616291,0
2019-06-05 00:00:00,7687.04000000,7859.99000000,7687.04000000,7796.61000000,7902.57069600,2019-06-05 03:59:59.999,61602682.99458381,65472,4309.06354800,33578920.25995969,0
2019-06-05 04:00:00,7796.36000000,7838.49000000,7678.23000000,7823.93000000,6257.58925500,2019-06-05 07:59:59.999,48549103.61983596,62558,3436.79018600,26671585.16687429,0
2019-06-05 08:00:00,7824.03000000,7888.00000000,7750.00000000,7791.35000000,8575.91333900,2019-06-05 11:59:59.999,66999586.44600251,64779,4775.25664800,37315518.55035459,0
2019-06-05 12:00:00,7790.75000000,7815.00000000,7572.78000000,7625.05000000,10055.61552200,2019-06-05 15:59:59.999,77386143.61964011,87457,4992.98504800,38448206.89476682,0
2019-06-05 16:00:00,7627.97000000,7836.44000000,7622.01000000,7783.05000000,8104.65271400,2019-06-05 19:59:59.999,62841072.88250842,68476,4636.89144300,35953711.71509169,0
2019-06-05 20:00:00,7783.06000000,7896.70000000,7609.81000000,7776.50000000,7783.31492900,2019-06-05 23:59:59.999,60257228.44183871,77378,4145.54708600,32114705.28968612,0
2019-06-06 00:00:00,7778.08000000,7868.13000000,7742.12000000,7851.95000000,4180.71694800,2019-06-06 03:59:59.999,32653723.86701874,48600,2231.85060800,17433814.37193310,0
2019-06-06 04:00:00,7851.86000000,7856.36000000,7750.00000000,7761.70000000,3907.75145600,2019-06-06 07:59:59.999,30487164.11223032,45044,1916.38896600,14950411.09859312,0
2019-06-06 08:00:00,7761.82000000,7840.62000000,7740.40000000,7831.51000000,4052.12874500,2019-06-06 11:59:59.999,31571496.02458356,39069,2271.71271100,17701067.38605738,0
2019-06-06 12:00:00,7831.96000000,7849.00000000,7565.25000000,7694.84000000,9606.92564200,2019-06-06 15:59:59.999,73885303.08607572,89600,4853.95075300,37342651.02933410,0
2019-06-06 16:00:00,7694.84000000,7714.27000000,7444.58000000,7595.86000000,9708.68885300,2019-06-06 19:59:59.999,73711495.43302909,92118,4583.16741200,34811496.79443836,0
2019-06-06 20:00:00,7592.95000000,7807.00000000,7572.49000000,7786.70000000,5167.90710300,2019-06-06 23:59:59.999,39847228.02085168,57054,3020.91593300,23298141.11125193,0
2019-06-07 00:00:00,7787.57000000,7849.99000000,7737.49000000,7786.70000000,5009.03240100,2019-06-07 03:59:59.999,38982536.08139105,46664,2403.41258100,18706335.92166145,0
2019-06-07 04:00:00,7786.33000000,7993.32000000,7757.93000000,7940.31000000,8166.27683800,2019-06-07 07:59:59.999,64445890.77529387,69453,3967.49733800,31296032.09245494,0
2019-06-07 08:00:00,7940.31000000,8000.00000000,7873.90000000,7893.00000000,5844.08523200,2019-06-07 11:59:59.999,46439106.99581782,56868,3086.76245700,24528683.63956640,0
2019-06-07 12:00:00,7892.76000000,7954.70000000,7884.75000000,7928.86000000,4352.37761200,2019-06-07 15:59:59.999,34485119.34264508,48447,2326.04354900,18430596.72267193,0
2019-06-07 16:00:00,7928.00000000,8100.00000000,7890.00000000,7937.85000000,8724.08767900,2019-06-07 19:59:59.999,70004164.09034029,79363,4505.15261100,36146654.50262422,0
2019-06-07 20:00:00,7937.72000000,8055.00000000,7928.00000000,7980.53000000,1846.36589600,2019-06-07 23:59:59.999,14768910.85616150,22301,904.70705900,7234774.49807840,0
2019-06-08 00:00:00,7978.94000000,8044.65000000,7912.65000000,7927.52000000,3182.80800400,2019-06-08 03:59:59.999,25384125.84128939,41037,1705.92859900,13603525.59355623,0
2019-06-08 04:00:00,7927.39000000,7991.55000000,7850.00000000,7910.04000000,4173.79874300,2019-06-08 07:59:59.999,33041462.19712947,43134,2167.25507000,17157040.36799189,0
2019-06-08 08:00:00,7910.04000000,8000.00000000,7896.94000000,7980.59000000,2885.87177400,2019-06-08 11:59:59.999,22960908.28519090,33207,1673.24957700,13314645.40179031,0
2019-06-08 12:00:00,7981.33000000,7986.22000000,7825.00000000,7919.43000000,4899.33357100,2019-06-08 15:59:59.999,38727116.95657168,49190,2386.27171700,18866809.41107627,0
2019-06-08 16:00:00,7919.10000000,7919.58000000,7751.00000000,7809.25000000,4883.92654700,2019-06-08 19:59:59.999,38199985.63681723,50017,2444.19452600,19119933.04593230,0
2019-06-08 20:00:00,7810.54000000,7943.72000000,7806.95000000,7893.62000000,2631.59099500,2019-06-08 23:59:59.999,20733721.10688179,34279,1418.19780500,11175194.65420120,0
2019-06-09 00:00:00,7895.28000000,7935.00000000,7831.00000000,7873.31000000,2619.92412000,2019-06-09 03:59:59.999,20623249.69558492,33766,1352.95041000,10650399.18514747,0
2019-06-09 04:00:00,7873.37000000,7908.00000000,7842.00000000,7899.01000000,2905.10963200,2019-06-09 07:59:59.999,22862370.55173812,27564,1742.33272200,13712993.62534317,0
2019-06-09 08:00:00,7898.92000000,7925.99000000,7835.00000000,7852.63000000,3332.27020700,2019-06-09 11:59:59.999,26260242.74660094,32126,2024.02830900,15952155.20251344,0
2019-06-09 12:00:00,7850.12000000,7852.60000000,7665.43000000,7716.72000000,9094.03374400,2019-06-09 15:59:59.999,70309589.26788437,79915,4527.89001500,34991013.45256279,0
2019-06-09 16:00:00,7718.92000000,7759.00000000,7571.55000000,7732.06000000,7418.13266800,2019-06-09 19:59:59.999,56754048.73742185,82066,3707.75648900,28376549.99028301,0
2019-06-09 20:00:00,7732.06000000,7739.12000000,7506.66000000,7628.13000000,6198.99478600,2019-06-09 23:59:59.999,47161470.02520420,66738,2879.67333000,21907950.58332093,0
2019-06-10 00:00:00,7627.57000000,7682.42000000,7511.00000000,7654.46000000,5286.43312600,2019-06-10 03:59:59.999,40215543.92641409,68919,2582.22343400,19644749.99456712,0
2019-06-10 04:00:00,7654.69000000,7737.38000000,7603.89000000,7698.71000000,4404.39340700,2019-06-10 07:59:59.999,33799704.06003958,54636,2411.27870500,18509400.32346452,0
2019-06-10 08:00:00,7698.08000000,7954.70000000,7596.00000000,7902.36000000,9645.57815500,2019-06-10 11:59:59.999,74996330.01595096,88817,5486.87326800,42676679.66673167,0
2019-06-10 12:00:00,7902.67000000,8020.00000000,7852.56000000,7914.45000000,8775.51617700,2019-06-10 15:59:59.999,69616310.31388330,80120,4823.18159700,38272031.70566167,0
2019-06-10 16:00:00,7914.45000000,7982.85000000,7877.41000000,7945.81000000,5004.74317600,2019-06-10 19:59:59.999,39645741.66095755,50574,2622.10590400,20775407.29857180,0
2019-06-10 20:00:00,7947.67000000,7989.89000000,7867.00000000,7982.75000000,3639.41442700,2019-06-10 23:59:59.999,28851709.99286895,44113,1965.20565300,15583013.84239571,0
2019-06-11 00:00:00,7981.00000000,8010.00000000,7897.00000000,7932.34000000,3675.56940000,2019-06-11 03:59:59.999,29205234.18166840,40788,2132.18318100,16950740.85755768,0
2019-06-11 04:00:00,7932.36000000,7940.97000000,7860.17000000,7897.56000000,4681.11860600,2019-06-11 07:59:59.999,37004378.83608262,46258,2456.50975200,19418809.75275198,0
2019-06-11 08:00:00,7897.56000000,7936.08000000,7706.83000000,7769.27000000,7426.24572900,2019-06-11 11:59:59.999,58017581.47786952,64743,3694.02599200,28855101.22856485,0
2019-06-11 12:00:00,7767.55000000,7800.70000000,7730.00000000,7761.53000000,5230.28489500,2019-06-11 15:59:59.999,40604971.52014897,50925,2573.70889400,19986197.03442806,0
2019-06-11 16:00:00,7761.92000000,7900.98000000,7692.23000000,7868.87000000,5502.24718400,2019-06-11 19:59:59.999,43042099.07917421,58812,2823.52910600,22103689.37852069,0
2019-06-11 20:00:00,7868.69000000,7947.98000000,7856.11000000,7884.90000000,3819.53361300,2019-06-11 23:59:59.999,30157506.42252966,47533,2113.81552600,16686652.56896682,0
2019-06-12 00:00:00,7884.90000000,8045.00000000,7788.99000000,7959.76000000,7893.83327800,2019-06-12 03:59:59.999,62601216.69556583,63329,4524.41252400,35894875.96243628,0
2019-06-12 04:00:00,7959.28000000,7974.46000000,7901.33000000,7960.16000000,5647.89602600,2019-06-12 07:59:59.999,44826920.10503344,43323,3186.70242500,25294204.18749851,0
2019-06-12 08:00:00,7958.01000000,8012.00000000,7856.73000000,7967.80000000,6162.01356300,2019-06-12 11:59:59.999,48915338.97300624,54576,3118.31794500,24770777.40955508,0
2019-06-12 12:00:00,7967.91000000,8200.00000000,7909.90000000,8140.57000000,12042.40865900,2019-06-12 15:59:59.999,97096314.35656243,93969,6654.89148700,53644704.14444502,0
2019-06-12 16:00:00,8141.89000000,8169.96000000,8068.29000000,8118.56000000,5892.54955400,2019-06-12 19:59:59.999,47821369.83641047,57498,3314.70346600,26907390.23994220,0
2019-06-12 20:00:00,8118.54000000,8135.00000000,8039.49000000,8127.64000000,3958.38154200,2019-06-12 23:59:59.999,32030566.67942180,49285,2027.87317900,16413175.52368835,0
2019-06-13 00:00:00,8127.64000000,8147.26000000,8026.00000000,8082.01000000,3203.95754800,2019-06-13 03:59:59.999,25940808.88380244,43777,1715.61841800,13892862.68968832,0
2019-06-13 04:00:00,8082.01000000,8118.00000000,8062.08000000,8097.99000000,3148.73261900,2019-06-13 07:59:59.999,25478871.39733207,39645,1526.85887100,12355851.92319633,0
2019-06-13 08:00:00,8097.90000000,8112.99000000,8040.15000000,8086.43000000,3785.81315400,2019-06-13 11:59:59.999,30580009.08807565,42296,1991.05755300,16083388.25357563,0
2019-06-13 12:00:00,8087.59000000,8219.49000000,8010.03000000,8172.11000000,8186.29699100,2019-06-13 15:59:59.999,66537576.60576148,71282,4386.77099100,35657191.16810476,0
2019-06-13 16:00:00,8172.74000000,8279.63000000,8135.01000000,8225.41000000,6787.87117000,2019-06-13 19:59:59.999,55682240.74566966,84933,3668.41381500,30093283.40115538,0
2019-06-13 20:00:00,8225.62000000,8309.82000000,8180.30000000,8218.54000000,5355.09285900,2019-06-13 23:59:59.999,44198678.05140531,59313,2811.44169800,23210738.36290635,0
2019-06-14 00:00:00,8216.44000000,8243.03000000,8144.32000000,8197.81000000,3934.08750500,2019-06-14 03:59:59.999,32215560.03943319,50669,2029.26734500,16620330.20598239,0
2019-06-14 04:00:00,8197.28000000,8244.18000000,8173.05000000,8239.29000000,3592.56643200,2019-06-14 07:59:59.999,29503867.46753269,44372,1892.97588100,15547126.33511589,0
2019-06-14 08:00:00,8238.14000000,8298.15000000,8231.60000000,8257.18000000,5612.03931600,2019-06-14 11:59:59.999,46388905.64861074,59846,3085.50879000,25505474.64854109,0
2019-06-14 12:00:00,8256.59000000,8458.58000000,8251.58000000,8385.16000000,10871.76099500,2019-06-14 15:59:59.999,91047045.95554790,100220,5571.25283100,46661705.59072348,0
2019-06-14 16:00:00,8385.93000000,8434.12000000,8311.00000000,8385.88000000,6496.54802000,2019-06-14 19:59:59.999,54416595.59716608,69847,3257.22108200,27282390.26878383,0
2019-06-14 20:00:00,8385.86000000,8684.41000000,8384.98000000,8650.00000000,9328.24398700,2019-06-14 23:59:59.999,79903513.84546889,85118,5134.39789800,43971504.43604501,0
2019-06-15 00:00:00,8650.88000000,8670.32000000,8567.63000000,8595.21000000,6234.94740600,2019-06-15 03:59:59.999,53709209.00715345,60216,3168.65598500,27282529.55971601,0
2019-06-15 04:00:00,8595.01000000,8720.00000000,8584.36000000,8657.15000000,5175.00068700,2019-06-15 07:59:59.999,44743759.58625114,52557,2765.17065500,23912043.14787868,0
2019-06-15 08:00:00,8657.15000000,8676.67000000,8594.34000000,8632.10000000,3286.10037600,2019-06-15 11:59:59.999,28363211.90395313,42644,1775.78594400,15327065.36130351,0
2019-06-15 12:00:00,8633.26000000,8799.00000000,8581.48000000,8750.71000000,6061.91465700,2019-06-15 15:59:59.999,52613318.06244131,61466,3344.69226000,29031102.66090553,0
2019-06-15 16:00:00,8753.05000000,8864.99000000,8735.00000000,8810.00000000,7415.32998300,2019-06-15 19:59:59.999,65215483.87499589,74911,3905.17894000,34348147.47494219,0
2019-06-15 20:00:00,8809.28000000,8842.48000000,8725.17000000,8808.70000000,3618.34293000,2019-06-15 23:59:59.999,31775786.85859041,44046,1838.89551200,16150717.03119082,0
2019-06-16 00:00:00,8810.77000000,8978.05000000,8760.00000000,8971.83000000,6980.26816700,2019-06-16 03:59:59.999,62125363.59628042,66852,3816.14860100,33984280.91132606,0
2019-06-16 04:00:00,8970.32000000,9333.00000000,8953.43000000,9245.42000000,15247.88088200,2019-06-16 07:59:59.999,139780240.44752733,118139,8624.55623100,79017471.58481725,0
2019-06-16 08:00:00,9247.00000000,9310.00000000,8900.00000000,9087.12000000,14819.92258400,2019-06-16 11:59:59.999,134717975.90201904,117172,8333.28258700,75771267.11478475,0
2019-06-16 12:00:00,9087.77000000,9279.98000000,9011.66000000,9201.73000000,8553.86916900,2019-06-16 15:59:59.999,78363792.89392228,83024,4402.50863200,40337504.99586554,0
2019-06-16 16:00:00,9202.37000000,9210.01000000,8839.00000000,8924.39000000,10780.23511000,2019-06-16 19:59:59.999,97329663.64269702,97360,5118.26121700,46226962.04159937,0
2019-06-16 20:00:00,8924.39000000,9070.00000000,8820.67000000,8953.33000000,6907.07530700,2019-06-16 23:59:59.999,61894306.49721422,69772,3509.42477800,31456255.46009981,0
2019-06-17 00:00:00,8953.00000000,9180.00000000,8950.00000000,9134.40000000,5649.37228300,2019-06-17 03:59:59.999,51437807.26500562,59895,2977.30619100,27108977.92374996,0
2019-06-17 00:00:00,8953.00000000,9180.00000000,8950.00000000,9134.40000000,5649.37228300,2019-06-17 03:59:59.999,51437807.26500562,59895,2977.30619100,27108977.92374996,0
2019-06-17 04:00:00,9131.33000000,9212.66000000,9082.00000000,9121.17000000,5921.25867000,2019-06-17 07:59:59.999,54162055.01523228,59733,2997.31614000,27416378.76211355,0
2019-06-17 08:00:00,9121.17000000,9292.00000000,9106.31000000,9249.60000000,7347.96973400,2019-06-17 11:59:59.999,67541295.11306316,69861,3958.73016300,36400944.41685709,0
2019-06-17 12:00:00,9249.60000000,9379.38000000,9051.00000000,9158.42000000,10923.44546100,2019-06-17 15:59:59.999,100964529.21760055,95761,5373.11416400,49698536.56565310,0
2019-06-17 16:00:00,9161.99000000,9340.74000000,9114.16000000,9278.20000000,6274.55767400,2019-06-17 19:59:59.999,57917389.90407841,67938,3277.90381600,30254375.63515581,0
2019-06-17 20:00:00,9278.04000000,9444.00000000,9159.08000000,9313.96000000,11778.88155200,2019-06-17 23:59:59.999,109544219.54428620,108972,6242.60637600,58082937.93762299,0
2019-06-18 00:00:00,9312.13000000,9336.36000000,9180.90000000,9238.33000000,6496.51417200,2019-06-18 03:59:59.999,60138901.72603325,58422,3602.37223800,33347179.23089327,0
2019-06-18 04:00:00,9238.99000000,9267.73000000,8975.06000000,9084.63000000,12253.38342300,2019-06-18 07:59:59.999,111692317.34545105,100096,7438.99553000,67793994.82226495,0
2019-06-18 08:00:00,9082.25000000,9250.00000000,9063.28000000,9174.99000000,8946.01237400,2019-06-18 11:59:59.999,82107838.97222452,74537,4476.22757900,41068324.74931021,0
2019-06-18 12:00:00,9174.16000000,9199.34000000,8955.80000000,9086.62000000,9601.34796400,2019-06-18 15:59:59.999,87407356.16555532,85393,5164.13416300,47042542.60425823,0
2019-06-18 16:00:00,9084.71000000,9124.13000000,8950.00000000,9073.65000000,9199.01939500,2019-06-18 19:59:59.999,83148975.48454377,75443,4846.17125300,43822203.43893051,0
2019-06-18 20:00:00,9071.63000000,9142.64000000,8953.43000000,9081.55000000,5058.29207300,2019-06-18 23:59:59.999,45776564.60489773,55839,2529.14657200,22898181.28446087,0
2019-06-19 00:00:00,9081.97000000,9170.00000000,9036.71000000,9139.53000000,3855.39581800,2019-06-19 03:59:59.999,35185431.04214921,44656,2168.57586500,19795162.81269486,0
2019-06-19 04:00:00,9139.55000000,9206.28000000,9125.00000000,9170.67000000,5142.44947800,2019-06-19 07:59:59.999,47111139.36782620,45473,3087.66715300,28278411.00845430,0
2019-06-19 08:00:00,9171.02000000,9193.03000000,9087.00000000,9136.65000000,4736.15446900,2019-06-19 11:59:59.999,43247829.62200116,43993,2472.61613300,22588419.04972497,0
2019-06-19 12:00:00,9137.73000000,9158.68000000,8988.00000000,9088.00000000,8423.52507200,2019-06-19 15:59:59.999,76573097.64909522,69993,4201.22516100,38215540.64417079,0
2019-06-19 16:00:00,9088.83000000,9158.68000000,9050.00000000,9132.33000000,3178.40428900,2019-06-19 19:59:59.999,28967553.90963262,39707,1779.05037600,16214254.49396780,0
2019-06-19 20:00:00,9134.32000000,9304.00000000,8960.00000000,9255.49000000,6811.77736900,2019-06-19 23:59:59.999,62663011.07614434,62380,3824.09832800,35211784.00678487,0
2019-06-20 00:00:00,9253.76000000,9350.00000000,9217.92000000,9331.60000000,3537.89442400,2019-06-20 03:59:59.999,32847009.65619859,42242,1963.99515000,18235927.99802884,0
2019-06-20 04:00:00,9331.84000000,9344.95000000,9232.22000000,9248.25000000,4083.37105600,2019-06-20 07:59:59.999,37938967.86014164,40410,1788.64731700,16617586.72418469,0
2019-06-20 08:00:00,9248.26000000,9269.97000000,9175.20000000,9250.10000000,4164.78350500,2019-06-20 11:59:59.999,38397614.81116987,49040,2276.17709900,20984533.64610180,0
2019-06-20 12:00:00,9250.08000000,9400.66000000,9215.84000000,9377.75000000,6921.17857100,2019-06-20 15:59:59.999,64439394.21400241,68764,3641.17941400,33911317.23436458,0
2019-06-20 16:00:00,9375.63000000,9518.00000000,9284.81000000,9497.50000000,7858.35318300,2019-06-20 19:59:59.999,73843875.67350618,71008,4324.79202000,40655930.06077836,0
2019-06-20 20:00:00,9497.50000000,9590.00000000,9440.00000000,9517.12000000,7990.47324300,2019-06-20 23:59:59.999,76154985.98374302,79198,4037.39971400,38486375.87102601,0
2019-06-21 00:00:00,9518.06000000,9798.00000000,9518.06000000,9750.00000000,11627.93499300,2019-06-21 03:59:59.999,112550465.70389645,97896,7082.26345700,68511029.64080293,0
2019-06-21 04:00:00,9750.00000000,9761.93000000,9617.46000000,9719.45000000,5473.20219400,2019-06-21 07:59:59.999,53101194.14460993,62382,2804.45017500,27203482.66185282,0
2019-06-21 08:00:00,9718.44000000,9826.06000000,9667.25000000,9808.89000000,6307.42090000,2019-06-21 11:59:59.999,61467192.39764304,67842,3312.33961500,32282864.01075260,0
2019-06-21 12:00:00,9807.66000000,9904.00000000,9642.12000000,9787.83000000,10359.61057500,2019-06-21 15:59:59.999,101390368.88311375,92548,4970.79271900,48671484.24834344,0
2019-06-21 16:00:00,9790.39000000,9930.00000000,9789.86000000,9890.28000000,7163.06197400,2019-06-21 19:59:59.999,70769459.65582171,71973,3878.39368800,38320169.82105211,0
2019-06-21 20:00:00,9890.25000000,10174.99000000,9844.00000000,10159.86000000,9553.18525600,2019-06-21 23:59:59.999,95505007.20026663,81703,6257.49309500,62627212.38391557,0
2019-06-22 00:00:00,10159.86000000,10951.81000000,9921.72000000,10579.96000000,33170.81796400,2019-06-22 03:59:59.999,346139146.48995402,234800,16903.68886200,175589448.03249679,0
2019-06-22 04:00:00,10575.97000000,10760.00000000,10512.00000000,10670.00000000,9528.83513100,2019-06-22 07:59:59.999,101834797.79020076,93114,5146.43416800,55020999.29001281,0
2019-06-22 08:00:00,10675.64000000,10946.99000000,10632.90000000,10867.04000000,11182.61387900,2019-06-22 11:59:59.999,121175815.69198342,105756,6460.68436100,69978111.25170559,0
2019-06-22 12:00:00,10867.04000000,11160.00000000,10310.00000000,10798.78000000,25380.68261800,2019-06-22 15:59:59.999,276071531.52080053,222439,14168.98755400,154359326.45154956,0
2019-06-22 16:00:00,10804.24000000,11003.98000000,10500.00000000,10684.70000000,14944.85021900,2019-06-22 19:59:59.999,161172564.09569549,161395,7731.29653300,83444028.83934273,0
2019-06-22 20:00:00,10684.97000000,10787.11000000,10410.00000000,10729.50000000,9961.64816500,2019-06-22 23:59:59.999,105675712.04948059,105830,4925.53210900,52284521.92371607,0
2019-06-23 00:00:00,10729.00000000,10963.25000000,10670.00000000,10797.89000000,7969.94286800,2019-06-23 03:59:59.999,86374701.68090809,89352,4216.95413800,45710994.50547612,0
2019-06-23 04:00:00,10797.98000000,10846.55000000,10680.19000000,10743.21000000,5896.14155800,2019-06-23 07:59:59.999,63506879.29790561,68673,3067.01262000,33041491.31879318,0
2019-06-23 08:00:00,10740.65000000,10782.49000000,10555.18000000,10658.81000000,6648.16986900,2019-06-23 11:59:59.999,70988123.34074614,69013,3496.42800800,37345211.59848695,0
2019-06-23 12:00:00,10658.81000000,10828.61000000,10650.02000000,10812.32000000,7237.78125900,2019-06-23 15:59:59.999,77851318.42308492,68656,3928.20177600,42270230.33975813,0
2019-06-23 16:00:00,10812.32000000,11134.70000000,10721.11000000,11058.32000000,9977.62145700,2019-06-23 19:59:59.999,108997446.22817016,94687,4848.96796900,52935266.14332974,0
2019-06-23 20:00:00,11058.49000000,11392.64000000,10780.00000000,10906.07000000,19715.66693400,2019-06-23 23:59:59.999,217611905.77587340,167554,10572.23652200,116615968.64453899,0
2019-06-24 00:00:00,10905.95000000,10905.96000000,10620.80000000,10720.64000000,8281.77591700,2019-06-24 03:59:59.999,88787499.63827081,85295,4065.37884100,43582120.80293392,0
2019-06-24 04:00:00,10720.34000000,10876.96000000,10674.55000000,10816.17000000,5472.70988500,2019-06-24 07:59:59.999,59108088.43476917,61785,2897.30842900,31293673.52114032,0
2019-06-24 08:00:00,10814.80000000,11023.39000000,10810.00000000,10938.17000000,7026.76676000,2019-06-24 11:59:59.999,76675809.96978756,70646,3603.03204400,39318750.57680749,0
2019-06-24 12:00:00,10937.34000000,11000.00000000,10800.00000000,10936.87000000,6848.71287400,2019-06-24 15:59:59.999,74730535.53889724,66240,3975.35894200,43386416.36184602,0
2019-06-24 16:00:00,10933.85000000,11143.63000000,10861.34000000,10944.73000000,10062.18209200,2019-06-24 19:59:59.999,110980921.27355260,100133,4961.42970500,54721221.87613753,0
2019-06-24 20:00:00,10945.00000000,11100.00000000,10865.07000000,11056.59000000,5408.89775700,2019-06-24 23:59:59.999,59463809.08283994,56236,3171.90589000,34891591.21607959,0
2019-06-25 00:00:00,11056.59000000,11262.99000000,11026.00000000,11172.19000000,7423.46982300,2019-06-25 03:59:59.999,82732303.87581327,73612,4053.53297700,45182731.54681128,0
2019-06-25 04:00:00,11171.71000000,11435.00000000,11157.91000000,11377.60000000,11373.07814200,2019-06-25 07:59:59.999,128851320.98993412,105091,6228.93321200,70574573.54912176,0
2019-06-25 08:00:00,11377.60000000,11499.24000000,11240.64000000,11418.37000000,8576.15306400,2019-06-25 11:59:59.999,97669666.94091361,91299,4657.15605400,53046699.15466744,0
2019-06-25 12:00:00,11418.37000000,11436.00000000,11130.01000000,11385.31000000,11073.56984000,2019-06-25 15:59:59.999,125132558.72026243,103637,5932.76816900,67048585.90101842,0
2019-06-25 16:00:00,11385.05000000,11503.71000000,11266.00000000,11411.95000000,9480.63632300,2019-06-25 19:59:59.999,108113862.39903666,89784,4987.95065100,56881992.16438180,0
2019-06-25 20:00:00,11411.76000000,11850.00000000,11385.40000000,11820.86000000,13349.77945600,2019-06-25 23:59:59.999,155274273.34322579,134375,6977.99450300,81180930.96631200,0
2019-06-26 00:00:00,11821.28000000,12293.92000000,11741.00000000,12269.41000000,17427.92572000,2019-06-26 03:59:59.999,208833230.45716711,161391,9423.10798400,112941128.04009511,0
2019-06-26 04:00:00,12271.00000000,13000.00000000,12200.00000000,12541.39000000,31737.14959500,2019-06-26 07:59:59.999,401209907.93687252,242981,13798.45717300,174114448.83755821,0
2019-06-26 08:00:00,12549.79000000,12777.55000000,12373.00000000,12696.80000000,12476.06256000,2019-06-26 11:59:59.999,157425901.22420533,127249,5751.62162200,72610479.35835722,0
2019-06-26 12:00:00,12693.77000000,12982.35000000,12588.00000000,12889.05000000,14111.99743600,2019-06-26 15:59:59.999,181050897.80780117,148454,7153.83554900,91793897.15381780,0
2019-06-26 16:00:00,12889.05000000,13964.74000000,12811.77000000,13960.76000000,32794.78413100,2019-06-26 19:59:59.999,444403732.57331527,305047,17133.31641900,232089320.33780767,0
2019-06-26 20:00:00,13960.76000000,13970.00000000,11801.00000000,13093.80000000,47382.22794400,2019-06-26 23:59:59.999,603254704.59513080,369952,22785.72545900,289895608.48992628,0
2019-06-27 00:00:00,13098.38000000,13478.04000000,12500.00000000,12982.04000000,22899.12566600,2019-06-27 03:59:59.999,297827483.64481956,207736,11340.79503500,147496345.09246009,0
2019-06-27 04:00:00,12993.75000000,13154.69000000,12100.00000000,12499.95000000,20636.26506200,2019-06-27 07:59:59.999,260830821.75005048,193604,9034.15528800,114352070.68089662,0
2019-06-27 08:00:00,12495.13000000,12516.73000000,11450.00000000,12261.63000000,38787.11474200,2019-06-27 11:59:59.999,464853029.78495983,263080,16922.71328100,202696204.24963717,0
2019-06-27 12:00:00,12255.58000000,12360.00000000,11575.00000000,11830.00000000,24924.65023900,2019-06-27 15:59:59.999,296367549.38524944,189287,11326.41531500,134674052.21660452,0
2019-06-27 16:00:00,11830.00000000,11948.63000000,10680.04000000,11022.01000000,39520.25711800,2019-06-27 19:59:59.999,438986298.97012870,302536,18290.39728700,202986048.03033070,0
2019-06-27 20:00:00,11029.96000000,11566.00000000,10525.10000000,11329.99000000,27127.40806200,2019-06-27 23:59:59.999,299578665.77879191,200990,13527.64371000,149528705.33885223,0
2019-06-28 00:00:00,11329.99000000,11771.98000000,11080.00000000,11370.00000000,17958.92411000,2019-06-28 03:59:59.999,205560695.16098909,162829,8969.51704100,102695737.05434432,0
2019-06-28 04:00:00,11370.00000000,11662.00000000,10982.88000000,11430.00000000,17378.68200900,2019-06-28 07:59:59.999,197358990.10723236,139240,8626.72023100,98066601.31691373,0
2019-06-28 08:00:00,11425.81000000,12203.00000000,11425.80000000,12178.85000000,21189.55994500,2019-06-28 11:59:59.999,252287566.73124604,182079,11147.36807900,132709398.92687453,0
2019-06-28 12:00:00,12178.81000000,12190.14000000,11639.00000000,11989.22000000,14222.04711300,2019-06-28 15:59:59.999,169025247.40308670,148538,7091.44563900,84303615.55648633,0
2019-06-28 16:00:00,11989.78000000,12400.00000000,11801.05000000,12368.43000000,12788.86092300,2019-06-28 19:59:59.999,154373078.29981973,133133,6862.39960000,82853193.18193063,0
2019-06-28 20:00:00,12366.71000000,12480.00000000,12137.70000000,12400.63000000,12257.12986400,2019-06-28 23:59:59.999,151282763.61890981,117297,6149.65729300,75923708.88305142,0
2019-06-29 00:00:00,12407.06000000,12441.54000000,11500.00000000,11616.29000000,17758.84229600,2019-06-29 03:59:59.999,211999513.14042812,157355,8815.63377200,105365401.02305532,0
2019-06-29 04:00:00,11622.19000000,11922.48000000,11475.02000000,11873.61000000,11106.38242200,2019-06-29 07:59:59.999,129761539.14105540,112386,6096.72503000,71223415.27322291,0
2019-06-29 08:00:00,11877.50000000,12033.00000000,11595.57000000,12023.91000000,9413.73410500,2019-06-29 11:59:59.999,111142967.70358108,103468,4950.08952400,58469171.03142915,0
2019-06-29 12:00:00,12020.40000000,12199.00000000,11886.00000000,11939.62000000,11900.48465500,2019-06-29 15:59:59.999,143118182.15542134,131114,6088.39580100,73253709.69062579,0
2019-06-29 16:00:00,11939.62000000,12100.57000000,11702.00000000,11900.00000000,10762.17189500,2019-06-29 19:59:59.999,128116442.42965952,126125,5611.36837300,66828937.82521138,0
2019-06-29 20:00:00,11900.00000000,12244.00000000,11826.92000000,11903.13000000,8700.45878400,2019-06-29 23:59:59.999,104873177.66638696,101625,4499.24686900,54262950.90324212,0
2019-06-30 00:00:00,11903.13000000,12180.00000000,11901.30000000,12133.80000000,8181.69323500,2019-06-30 03:59:59.999,98814620.01274850,86009,4853.61554500,58637931.00544329,0
2019-06-30 04:00:00,12133.80000000,12170.00000000,11651.98000000,11731.19000000,13179.25674600,2019-06-30 07:59:59.999,157087331.68031637,113894,7824.04088800,93288545.60030147,0
2019-06-30 08:00:00,11728.81000000,11881.00000000,11501.10000000,11624.10000000,12681.02776200,2019-06-30 11:59:59.999,148271434.83871648,114011,6391.85859300,74854269.31181206,0
2019-06-30 12:00:00,11626.52000000,11728.87000000,11040.00000000,11164.45000000,17677.30704500,2019-06-30 15:59:59.999,200595650.23429813,139478,7618.46350900,86530060.35160701,0
2019-06-30 16:00:00,11164.01000000,11443.98000000,10933.00000000,11301.00000000,14571.79957400,2019-06-30 19:59:59.999,163692130.14591481,118060,7528.83070700,84622975.52468836,0
2019-06-30 20:00:00,11300.49000000,11534.05000000,10766.03000000,10854.10000000,18221.44608100,2019-06-30 23:59:59.999,202689883.98858730,139815,8480.63075800,94437184.52206875,0
2019-07-01 00:00:00,10854.10000000,11282.28000000,10719.00000000,11142.98000000,17830.24634200,2019-07-01 03:59:59.999,196770504.24727033,128690,9080.96859000,100220928.52111862,0
2019-07-01 04:00:00,11139.37000000,11224.35000000,10900.00000000,10983.70000000,10496.79217900,2019-07-01 07:59:59.999,115946001.69895770,96023,4763.93680700,52699932.48355924,0
2019-07-01 08:00:00,10983.70000000,11189.99000000,10902.59000000,11022.65000000,9462.96997900,2019-07-01 11:59:59.999,104548511.44867329,92783,4984.45551100,55089115.90856817,0
2019-07-01 12:00:00,11020.87000000,11041.42000000,10050.00000000,10396.98000000,26667.63064900,2019-07-01 15:59:59.999,279641394.47278496,202074,11631.77130000,122009614.22920423,0
2019-07-01 16:00:00,10390.17000000,10480.00000000,10030.00000000,10258.02000000,14195.74594900,2019-07-01 19:59:59.999,145978008.79725547,127040,7023.40183200,72258953.80602653,0
2019-07-01 20:00:00,10259.00000000,10700.00000000,10258.07000000,10624.93000000,12308.88317300,2019-07-01 23:59:59.999,129458861.19541360,110848,6726.45432500,70742352.46335940,0
2019-07-02 00:00:00,10624.90000000,10700.00000000,10216.00000000,10339.07000000,11038.78947300,2019-07-02 03:59:59.999,114690174.40433989,92274,5185.39636800,53917440.93961089,0
2019-07-02 04:00:00,10340.51000000,10390.00000000,9760.02000000,9866.96000000,21645.03644500,2019-07-02 07:59:59.999,214713256.19027999,162047,10280.40631500,101902689.48345175,0
2019-07-02 08:00:00,9866.70000000,10350.00000000,9727.00000000,9989.10000000,21756.54817100,2019-07-02 11:59:59.999,218944913.23440591,169136,11013.71236300,111027425.18574528,0
2019-07-02 12:00:00,9993.96000000,10657.62000000,9918.00000000,10632.17000000,23156.90170500,2019-07-02 15:59:59.999,237288994.43928863,179237,12231.35747400,125358863.34460180,0
2019-07-02 16:00:00,10632.16000000,10898.99000000,10423.13000000,10784.00000000,18764.22747900,2019-07-02 19:59:59.999,200487655.15393494,156703,9782.92606000,104577662.64722427,0
2019-07-02 20:00:00,10785.10000000,10938.75000000,10592.64000000,10842.85000000,13199.53545500,2019-07-02 23:59:59.999,142228811.37854224,110751,6504.70502600,70079098.95028890,0
2019-07-03 00:00:00,10844.98000000,11453.86000000,10841.04000000,11289.48000000,23186.56083300,2019-07-03 03:59:59.999,260093571.84686948,169042,13484.22616200,151222903.26935845,0
2019-07-03 04:00:00,11289.46000000,11513.00000000,11200.17000000,11217.70000000,14197.29275100,2019-07-03 07:59:59.999,161491014.56967700,133839,6565.25620600,74685088.80550404,0
2019-07-03 08:00:00,11217.70000000,11347.00000000,10878.75000000,11162.35000000,14905.59321300,2019-07-03 11:59:59.999,166116882.56596842,125509,7979.40098100,88888165.03757584,0
2019-07-03 12:00:00,11166.54000000,11460.00000000,11123.43000000,11422.43000000,12241.56108300,2019-07-03 15:59:59.999,138641605.55039430,114082,6065.92094200,68739427.11874180,0
2019-07-03 16:00:00,11421.93000000,11444.42000000,11017.59000000,11257.82000000,13544.43503900,2019-07-03 19:59:59.999,151922183.17202436,120122,6991.85480500,78400935.90124443,0
2019-07-03 20:00:00,11256.97000000,11991.89000000,11205.00000000,11940.00000000,18740.45737100,2019-07-03 23:59:59.999,219539385.05284016,152160,8526.95764800,99649153.73276660,0
2019-07-04 00:00:00,11940.00000000,12000.00000000,11711.09000000,11850.00000000,11224.22244900,2019-07-04 03:59:59.999,133148540.11284938,97196,5468.20681800,64871658.75851994,0
2019-07-04 04:00:00,11848.71000000,11865.01000000,11550.00000000,11669.23000000,12404.54255700,2019-07-04 07:59:59.999,145000756.25241896,111200,6599.59727400,77128814.64937132,0
2019-07-04 08:00:00,11669.23000000,11740.95000000,11457.91000000,11672.13000000,11188.92824800,2019-07-04 11:59:59.999,129980867.47497064,114575,5803.99270100,67442864.92559980,0
2019-07-04 12:00:00,11672.47000000,11889.00000000,11644.02000000,11707.42000000,9584.96955000,2019-07-04 15:59:59.999,112865139.02477906,102480,4946.29229200,58248507.93762647,0
2019-07-04 16:00:00,11707.42000000,11858.39000000,11600.00000000,11805.42000000,7054.32699300,2019-07-04 19:59:59.999,82943413.24278162,78857,3686.61278000,43365986.88265820,0
2019-07-04 20:00:00,11805.43000000,11805.44000000,11055.00000000,11145.67000000,15055.23209500,2019-07-04 23:59:59.999,171880181.28168517,139559,7122.14999700,81353973.27962495,0
2019-07-05 00:00:00,11145.67000000,11294.89000000,11002.63000000,11154.56000000,11788.70058200,2019-07-05 03:59:59.999,131723656.00354866,92333,5763.10010600,64381688.63203990,0
2019-07-05 04:00:00,11155.59000000,11227.49000000,10796.44000000,10982.73000000,10971.43681600,2019-07-05 07:59:59.999,120855883.77693496,100796,4945.43244500,54475786.25072057,0
2019-07-05 08:00:00,10985.22000000,11340.45000000,10851.03000000,11175.00000000,14050.10500600,2019-07-05 11:59:59.999,156037329.90492659,102182,7707.29870600,85701158.09715182,0
2019-07-05 12:00:00,11177.11000000,11406.83000000,11082.29000000,11233.74000000,8958.43002200,2019-07-05 15:59:59.999,100622137.12971810,87284,4714.65387300,52972640.07569421,0
2019-07-05 16:00:00,11235.28000000,11321.78000000,11030.00000000,11111.55000000,7923.87875200,2019-07-05 19:59:59.999,88579066.10222441,80120,4161.17116900,46529988.25293649,0
2019-07-05 20:00:00,11110.47000000,11144.64000000,10805.10000000,10970.73000000,9841.79940400,2019-07-05 23:59:59.999,108035576.10913690,102142,5015.25796000,55081552.67956396,0
2019-07-06 00:00:00,10982.41000000,11477.24000000,10964.51000000,11444.45000000,9217.47145000,2019-07-06 03:59:59.999,104266480.47255402,85536,5065.67449500,57296210.54143979,0
2019-07-06 04:00:00,11445.81000000,11544.00000000,11285.01000000,11384.07000000,8704.37469900,2019-07-06 07:59:59.999,99323529.76153064,77193,4598.94101900,52486031.28521777,0
2019-07-06 08:00:00,11384.13000000,11485.00000000,11262.00000000,11369.79000000,7127.82085200,2019-07-06 11:59:59.999,80831894.95760046,66775,3589.79878800,40724289.27659702,0
2019-07-06 12:00:00,11370.00000000,11621.67000000,11282.08000000,11574.32000000,10914.60286800,2019-07-06 15:59:59.999,124457035.35820889,97145,5363.87391700,61206344.86717418,0
2019-07-06 16:00:00,11575.00000000,11665.00000000,11409.63000000,11493.34000000,6357.26259000,2019-07-06 19:59:59.999,73260652.84708570,67065,3139.27154800,36186759.91125668,0
2019-07-06 20:00:00,11490.48000000,11497.74000000,11050.00000000,11256.49000000,9147.96387200,2019-07-06 23:59:59.999,102861782.75844937,76978,3844.42971500,43196652.06231756,0
2019-07-07 00:00:00,11256.45000000,11258.54000000,11094.37000000,11149.05000000,4680.71829200,2019-07-07 03:59:59.999,52358960.47832763,50445,2568.55334500,28735386.01176736,0
2019-07-07 04:00:00,11149.04000000,11324.99000000,11127.00000000,11198.99000000,4003.57185200,2019-07-07 07:59:59.999,44913108.01690492,42700,2268.40609000,25446654.67670978,0
2019-07-07 08:00:00,11197.09000000,11354.18000000,11114.09000000,11324.30000000,5369.29966500,2019-07-07 11:59:59.999,60354379.80300574,49805,2814.56617500,31645842.48770443,0
2019-07-07 12:00:00,11324.17000000,11448.59000000,11165.70000000,11222.58000000,8634.85085400,2019-07-07 15:59:59.999,97749458.56532517,72075,5060.01503800,57310457.63056013,0
2019-07-07 16:00:00,11223.64000000,11522.22000000,11119.60000000,11474.18000000,10310.17191700,2019-07-07 19:59:59.999,116776518.96852036,88982,6460.19258800,73199676.59774520,0
2019-07-07 20:00:00,11474.18000000,11538.00000000,11263.00000000,11406.24000000,5886.18301900,2019-07-07 23:59:59.999,67286627.11345825,62762,3277.56788400,37482636.93674556,0
2019-07-08 00:00:00,11410.00000000,11460.00000000,11220.00000000,11346.34000000,3903.12643800,2019-07-08 03:59:59.999,44377304.87506270,48704,1972.64973200,22441736.17531776,0
2019-07-08 04:00:00,11346.50000000,11453.68000000,11301.00000000,11420.55000000,3755.16004300,2019-07-08 07:59:59.999,42825614.22650783,48110,2085.98167000,23795107.25098104,0
2019-07-08 08:00:00,11420.52000000,11923.68000000,11335.06000000,11884.80000000,14964.84195200,2019-07-08 11:59:59.999,175820891.61812129,136818,8516.18817400,100035461.21092651,0
2019-07-08 12:00:00,11882.69000000,11905.95000000,11761.10000000,11832.52000000,7433.42194900,2019-07-08 15:59:59.999,87937223.10217162,69486,3536.90299700,41846161.30934822,0
2019-07-08 16:00:00,11831.86000000,12300.00000000,11750.86000000,12185.57000000,10945.20633600,2019-07-08 19:59:59.999,131108807.78608295,100782,5473.37793900,65492022.72758818,0
2019-07-08 20:00:00,12185.57000000,12338.03000000,12032.00000000,12238.60000000,11180.61049700,2019-07-08 23:59:59.999,136460842.82460588,103960,6154.99697800,75099219.27387172,0
2019-07-09 00:00:00,12238.60000000,12750.95000000,12170.01000000,12655.53000000,15858.98495600,2019-07-09 03:59:59.999,199080531.97115903,123549,6031.05656700,75522429.47097477,0
2019-07-09 04:00:00,12655.52000000,12794.73000000,12321.00000000,12424.71000000,13326.16104600,2019-07-09 07:59:59.999,168119107.20374376,108602,5677.32987700,71628474.68788135,0
2019-07-09 08:00:00,12426.83000000,12655.23000000,12068.00000000,12255.71000000,25215.71105300,2019-07-09 11:59:59.999,309945704.44243020,172165,17147.26884900,210324952.31985860,0
2019-07-09 12:00:00,12257.56000000,12395.00000000,12104.78000000,12339.33000000,7717.97629300,2019-07-09 15:59:59.999,94892232.02314241,82170,3936.47589800,48397088.00878330,0
2019-07-09 16:00:00,12338.62000000,12615.20000000,12260.00000000,12494.73000000,9584.86024000,2019-07-09 19:59:59.999,119712832.29273090,97174,4698.46604500,58698856.91975236,0
2019-07-09 20:00:00,12494.47000000,12648.58000000,12302.57000000,12543.41000000,6738.43675500,2019-07-09 23:59:59.999,84236394.09682883,76613,3503.31473800,43816550.95324549,0
2019-07-10 00:00:00,12548.51000000,13110.10000000,12510.52000000,12968.57000000,22007.74863900,2019-07-10 03:59:59.999,284475668.68468328,164968,9780.07566200,126292023.88163551,0
2019-07-10 04:00:00,12968.00000000,13068.78000000,12760.00000000,12860.89000000,10552.78309100,2019-07-10 07:59:59.999,136688730.68176654,93596,4046.61581100,52421260.93870255,0
2019-07-10 08:00:00,12860.86000000,13147.08000000,12819.66000000,12970.23000000,7975.50357500,2019-07-10 11:59:59.999,103485450.45029161,85898,4163.95204700,54037302.41753571,0
2019-07-10 12:00:00,12970.97000000,13130.00000000,12121.21000000,12367.91000000,27901.66401800,2019-07-10 15:59:59.999,353793736.49741865,223327,11255.23605000,142853856.53602428,0
2019-07-10 16:00:00,12368.30000000,12372.56000000,11901.00000000,12070.96000000,20988.84728600,2019-07-10 19:59:59.999,255488236.86848377,170496,8005.22399100,97597256.69556719,0
2019-07-10 20:00:00,12070.96000000,12212.29000000,11569.00000000,12108.37000000,19819.49838800,2019-07-10 23:59:59.999,235818116.78485981,161106,9713.65734600,115596550.65536976,0
2019-07-11 00:00:00,12108.11000000,12111.73000000,11622.04000000,11702.04000000,12181.16747200,2019-07-11 03:59:59.999,144679240.42034626,116019,5947.44281700,70684511.68918149,0
2019-07-11 04:00:00,11701.17000000,11738.46000000,11200.00000000,11586.18000000,21462.66385400,2019-07-11 07:59:59.999,245139527.81692283,184894,10490.59167600,119766413.27412249,0
2019-07-11 08:00:00,11585.60000000,11626.76000000,11292.00000000,11600.00000000,10710.29065400,2019-07-11 11:59:59.999,122923832.37967621,95078,5603.98494600,64334026.20032310,0
2019-07-11 12:00:00,11602.59000000,11782.00000000,11410.00000000,11489.66000000,12979.54131100,2019-07-11 15:59:59.999,151127573.13425460,113892,6745.32107300,78572668.27142514,0
2019-07-11 16:00:00,11495.43000000,11750.00000000,11370.66000000,11562.07000000,10569.97289100,2019-07-11 19:59:59.999,122847867.93669087,100047,5613.71634800,65277508.66523908,0
2019-07-11 20:00:00,11563.42000000,11624.87000000,11000.00000000,11342.89000000,19602.82487600,2019-07-11 23:59:59.999,220638760.53036522,150127,9313.09931000,104772260.58336292,0
2019-07-12 00:00:00,11342.88000000,11520.00000000,11111.13000000,11186.81000000,9739.18700000,2019-07-12 03:59:59.999,110473794.23017271,88505,5439.08872300,61678792.16769418,0
2019-07-12 04:00:00,11189.51000000,11720.00000000,11073.00000000,11651.35000000,12349.03893400,2019-07-12 07:59:59.999,141075585.55791468,106855,6600.18106500,75435778.77817053,0
2019-07-12 08:00:00,11651.35000000,11749.00000000,11541.00000000,11654.69000000,9046.12669500,2019-07-12 11:59:59.999,105277359.50742798,89108,4723.15096400,54977035.00567462,0
2019-07-12 12:00:00,11654.67000000,11717.35000000,11429.02000000,11475.00000000,9380.13265900,2019-07-12 15:59:59.999,108655480.08049938,88958,4862.14102600,56357416.04390461,0
2019-07-12 16:00:00,11476.07000000,11649.98000000,11401.10000000,11590.00000000,7520.76213100,2019-07-12 19:59:59.999,86861025.70963823,78595,4175.18990200,48236029.57280279,0
2019-07-12 20:00:00,11590.64000000,11885.00000000,11586.00000000,11757.22000000,8286.61086200,2019-07-12 23:59:59.999,97481575.67982837,85540,4491.36767600,52832917.33562658,0
2019-07-13 00:00:00,11757.22000000,11799.98000000,11510.00000000,11586.71000000,4999.28175900,2019-07-13 03:59:59.999,58300930.19561383,55932,2561.45403900,29872177.00779917,0
2019-07-13 04:00:00,11582.06000000,11660.00000000,11433.95000000,11464.61000000,6670.73212000,2019-07-13 07:59:59.999,77080673.84801894,65482,3314.40809200,38292417.62866050,0
2019-07-13 08:00:00,11466.07000000,11592.09000000,11185.00000000,11303.01000000,10794.98600800,2019-07-13 11:59:59.999,122767824.73813199,96581,4746.68032600,53999339.82485444,0
2019-07-13 12:00:00,11301.56000000,11448.77000000,11259.92000000,11413.90000000,7136.38392500,2019-07-13 15:59:59.999,81081777.51499564,69297,3666.74855900,41652989.97962696,0
2019-07-13 16:00:00,11415.00000000,11479.78000000,11015.05000000,11187.40000000,9782.93166600,2019-07-13 19:59:59.999,109666184.37963857,94661,4714.30163300,52870118.46179027,0
2019-07-13 20:00:00,11187.40000000,11450.00000000,10830.00000000,11355.76000000,14861.27907000,2019-07-13 23:59:59.999,165152617.31554623,128352,7456.46558700,82962493.49162216,0
2019-07-14 00:00:00,11355.78000000,11452.00000000,11251.82000000,11281.73000000,6304.95107200,2019-07-14 03:59:59.999,71566716.33650080,62841,3037.33786600,34467273.59092249,0
2019-07-14 04:00:00,11281.12000000,11346.23000000,11085.23000000,11126.80000000,6310.74854600,2019-07-14 07:59:59.999,70715587.15093642,67281,3298.03322400,36959799.06960592,0
2019-07-14 08:00:00,11126.82000000,11190.08000000,10505.00000000,10681.52000000,18548.94983700,2019-07-14 11:59:59.999,200550277.35731733,152509,8605.90880300,93097043.03252562,0
2019-07-14 12:00:00,10680.00000000,10751.10000000,10295.00000000,10413.12000000,16734.89892600,2019-07-14 15:59:59.999,177263605.58723139,139616,8781.45896000,93106281.42830075,0
2019-07-14 16:00:00,10413.18000000,10686.87000000,10312.00000000,10488.17000000,12612.71630000,2019-07-14 19:59:59.999,132233695.03668734,115017,6447.86154800,67585187.45756530,0
2019-07-14 20:00:00,10488.17000000,10733.37000000,10103.00000000,10174.18000000,12005.31455500,2019-07-14 23:59:59.999,125316270.13427343,111779,5683.09175900,59427651.65670608,0
2019-07-15 00:00:00,10174.18000000,10267.84000000,9860.00000000,10244.81000000,22616.06938800,2019-07-15 03:59:59.999,227467895.51892368,181629,10872.11945300,109435413.63672464,0
2019-07-15 04:00:00,10244.49000000,10344.82000000,10051.00000000,10322.70000000,9222.93321900,2019-07-15 07:59:59.999,94054835.59206610,89433,4911.99034700,50098386.79924677,0
2019-07-15 08:00:00,10322.70000000,10389.06000000,10127.10000000,10298.05000000,7413.32058800,2019-07-15 11:59:59.999,76176588.64249638,79875,3995.70074200,41063546.60926831,0
2019-07-15 12:00:00,10299.23000000,10615.00000000,10059.24000000,10569.22000000,15437.66154900,2019-07-15 15:59:59.999,160205315.83062363,125888,8129.62945200,84444265.63073104,0
2019-07-15 16:00:00,10569.99000000,10956.00000000,10371.00000000,10844.45000000,16992.38870600,2019-07-15 19:59:59.999,181596567.89060649,149778,8548.49759800,91458298.11959107,0
2019-07-15 20:00:00,10844.99000000,11100.00000000,10730.33000000,10838.72000000,10240.05288200,2019-07-15 23:59:59.999,111527520.22846948,105603,5256.25206300,57267917.69901129,0
2019-07-16 00:00:00,10833.78000000,11028.00000000,10625.40000000,10694.64000000,9287.79838000,2019-07-16 03:59:59.999,100552659.08066808,92181,4804.40333700,52029995.11958170,0
2019-07-16 04:00:00,10694.10000000,10806.18000000,10460.00000000,10717.04000000,9148.04062900,2019-07-16 07:59:59.999,97507036.27868806,90016,4662.09657400,49717572.04513016,0
2019-07-16 08:00:00,10718.53000000,10850.00000000,10580.00000000,10682.80000000,7736.80033000,2019-07-16 11:59:59.999,82901782.08972314,76993,4017.97217900,43060568.44427073,0
2019-07-16 12:00:00,10682.74000000,10684.93000000,10311.13000000,10492.77000000,15976.92616200,2019-07-16 15:59:59.999,167240569.88735317,125101,8226.12238400,86111806.02368651,0
2019-07-16 16:00:00,10492.77000000,10496.15000000,9501.00000000,9694.73000000,35334.50690000,2019-07-16 19:59:59.999,346063641.66194579,261658,16273.44824600,159111642.78259444,0
2019-07-16 20:00:00,9694.73000000,9792.08000000,9350.01000000,9439.59000000,19735.37101200,2019-07-16 23:59:59.999,188196477.69485121,150697,9311.90132800,88820935.58829892,0
2019-07-17 00:00:00,9430.17000000,9630.00000000,9214.00000000,9399.45000000,13522.86935700,2019-07-17 03:59:59.999,127053648.19982239,114715,6782.21065200,63737725.85322724,0
2019-07-17 04:00:00,9398.60000000,9608.47000000,9303.00000000,9549.98000000,8605.10925900,2019-07-17 07:59:59.999,81709112.24525123,86154,4551.61085900,43222178.80230136,0
2019-07-17 08:00:00,9549.98000000,9609.91000000,9060.00000000,9157.02000000,14902.53160300,2019-07-17 11:59:59.999,138531388.53581619,122526,7133.44502000,66382290.03787487,0
2019-07-17 12:00:00,9157.04000000,9805.00000000,9060.00000000,9720.20000000,21707.20914300,2019-07-17 15:59:59.999,206432753.48536183,174643,11126.97805500,105776162.55284901,0
2019-07-17 16:00:00,9720.01000000,9957.00000000,9633.42000000,9731.54000000,14944.94865700,2019-07-17 19:59:59.999,146192638.95625094,147370,7786.91606700,76197872.46536079,0
2019-07-17 20:00:00,9731.55000000,9949.00000000,9552.89000000,9667.92000000,11260.00469800,2019-07-17 23:59:59.999,109635966.92517634,112334,5691.95449300,55438027.99577275,0
2019-07-18 00:00:00,9668.86000000,9808.10000000,9521.00000000,9708.19000000,7812.52552900,2019-07-18 03:59:59.999,75662711.77638205,79920,3983.23255800,38591021.38041785,0
2019-07-18 04:00:00,9708.55000000,9996.52000000,9619.69000000,9790.97000000,8331.82726000,2019-07-18 07:59:59.999,81988822.01474405,84410,4581.84221500,45097410.80717455,0
2019-07-18 08:00:00,9788.61000000,9870.00000000,9659.14000000,9749.38000000,7591.14390900,2019-07-18 11:59:59.999,74193719.34297400,79558,3861.20651300,37752051.75256029,0
2019-07-18 12:00:00,9751.31000000,10455.00000000,9252.00000000,10437.93000000,31624.50666500,2019-07-18 15:59:59.999,312757824.91874791,249630,16791.15862300,166186511.12973395,0
2019-07-18 16:00:00,10443.04000000,10725.00000000,10342.83000000,10486.53000000,15886.63498600,2019-07-18 19:59:59.999,167414444.25428525,151262,8169.59170400,86104526.77110265,0
2019-07-18 20:00:00,10492.54000000,10788.00000000,10472.84000000,10627.16000000,9036.67190300,2019-07-18 23:59:59.999,95805222.87829950,90041,4716.31313200,50012335.95355682,0
2019-07-19 00:00:00,10628.64000000,10706.93000000,10490.10000000,10577.81000000,7381.25387000,2019-07-19 03:59:59.999,78230324.84319245,81562,3953.95217900,41907655.35151259,0
2019-07-19 04:00:00,10575.80000000,10645.00000000,10363.38000000,10600.29000000,9270.01923400,2019-07-19 07:59:59.999,97152152.87784977,95954,4887.41652900,51225616.92678129,0
2019-07-19 08:00:00,10599.32000000,10769.71000000,10210.39000000,10282.65000000,14719.63295000,2019-07-19 11:59:59.999,152928671.63085783,125819,7179.27604800,74647854.03216296,0
2019-07-19 12:00:00,10282.77000000,10650.00000000,10121.84000000,10417.22000000,15690.93013200,2019-07-19 15:59:59.999,162580682.36985143,139274,7846.17033800,81383024.06468933,0
2019-07-19 16:00:00,10417.22000000,10478.00000000,10300.81000000,10393.60000000,4863.51787900,2019-07-19 19:59:59.999,50540234.95612962,64875,2645.61191200,27503547.57870805,0
2019-07-19 20:00:00,10391.96000000,10576.92000000,10381.77000000,10504.29000000,4621.57806800,2019-07-19 23:59:59.999,48499545.66410530,60251,2557.93046800,26841287.65300973,0
2019-07-20 00:00:00,10505.78000000,10588.00000000,10350.00000000,10507.49000000,6371.50584900,2019-07-20 03:59:59.999,66779045.85847034,64324,3173.17362000,33281770.50364459,0
2019-07-20 04:00:00,10507.49000000,10689.00000000,10460.00000000,10560.04000000,6609.18123200,2019-07-20 07:59:59.999,69949947.24886511,67234,3621.83736900,38339364.56078643,0
2019-07-20 08:00:00,10558.94000000,10616.69000000,10433.01000000,10571.65000000,4908.44325000,2019-07-20 11:59:59.999,51711534.12694666,55358,2527.37434200,26639332.36855202,0
2019-07-20 12:00:00,10568.20000000,10700.00000000,10462.02000000,10615.46000000,8244.80392100,2019-07-20 15:59:59.999,87210509.89473670,74461,4512.39096000,47759608.05784124,0
2019-07-20 16:00:00,10613.43000000,10995.00000000,10565.01000000,10898.66000000,12428.23181500,2019-07-20 19:59:59.999,134468745.07711686,116227,6851.73338500,74141029.31187175,0
2019-07-20 20:00:00,10898.66000000,11068.99000000,10656.85000000,10740.23000000,8769.73378100,2019-07-20 23:59:59.999,95449234.14394732,84056,4317.11187400,47027065.13689558,0
2019-07-21 00:00:00,10740.27000000,10817.90000000,10550.00000000,10575.15000000,7761.00884400,2019-07-21 03:59:59.999,82905090.77175586,71763,3603.56173200,38527542.14929021,0
2019-07-21 04:00:00,10577.36000000,10667.33000000,10530.00000000,10582.45000000,3815.25194900,2019-07-21 07:59:59.999,40459974.61104634,45852,1979.16324900,20990138.08021872,0
2019-07-21 08:00:00,10581.54000000,10745.98000000,10460.01000000,10585.11000000,8175.97057200,2019-07-21 11:59:59.999,86687932.10808984,77017,4336.06695500,45992390.72971974,0
2019-07-21 12:00:00,10585.11000000,10596.43000000,10334.00000000,10444.56000000,8545.37425300,2019-07-21 15:59:59.999,89383567.62371792,81470,4557.62560000,47686972.53898658,0
2019-07-21 16:00:00,10443.54000000,10515.36000000,10288.00000000,10406.53000000,6314.75900900,2019-07-21 19:59:59.999,65682072.37300529,67728,3434.00301300,35721467.65036626,0
2019-07-21 20:00:00,10407.30000000,10649.88000000,10385.00000000,10589.45000000,4221.92330800,2019-07-21 23:59:59.999,44542848.51094936,51622,2435.10683500,25692190.05410469,0
2019-07-22 00:00:00,10590.15000000,10683.16000000,10552.00000000,10614.74000000,3019.25660600,2019-07-22 03:59:59.999,32029576.65659279,39283,1634.72037900,17345247.81816190,0
2019-07-22 04:00:00,10613.47000000,10642.66000000,10511.00000000,10603.21000000,4023.17765200,2019-07-22 07:59:59.999,42583573.45803446,42546,2025.91810900,21446459.92278381,0
2019-07-22 08:00:00,10603.39000000,10620.00000000,10407.30000000,10562.00000000,8024.20919600,2019-07-22 11:59:59.999,84405658.46962988,65949,3855.87983400,40545817.82519830,0
2019-07-22 12:00:00,10559.64000000,10588.00000000,10167.10000000,10238.43000000,11853.08826200,2019-07-22 15:59:59.999,122613002.61473066,95149,4999.93201100,51780252.10168891,0
2019-07-22 16:00:00,10240.81000000,10430.00000000,10100.00000000,10162.66000000,7855.22422400,2019-07-22 19:59:59.999,80679489.94542917,81775,3724.17474400,38293364.44258248,0
2019-07-22 20:00:00,10163.75000000,10394.00000000,10125.00000000,10340.31000000,5692.99889900,2019-07-22 23:59:59.999,58705078.21767072,64863,3094.78682300,31913319.11803492,0
2019-07-23 00:00:00,10343.08000000,10343.97000000,10203.05000000,10255.54000000,3652.85690400,2019-07-23 03:59:59.999,37517258.48324373,45260,1818.94140500,18683958.34654729,0
2019-07-23 04:00:00,10255.11000000,10259.33000000,9970.00000000,10041.62000000,10834.27768800,2019-07-23 07:59:59.999,109402212.52069752,92109,4904.45690900,49553495.36532173,0
2019-07-23 08:00:00,10041.61000000,10102.90000000,9883.00000000,10025.00000000,9741.60727000,2019-07-23 11:59:59.999,97357867.73550347,86293,5297.59500200,52968484.15253241,0
2019-07-23 12:00:00,10025.00000000,10068.00000000,9870.58000000,9932.36000000,8392.12858000,2019-07-23 15:59:59.999,83651544.33764085,79533,4691.17647400,46782025.37269262,0
2019-07-23 16:00:00,9930.59000000,10179.00000000,9900.00000000,10149.29000000,7414.28089500,2019-07-23 19:59:59.999,74485636.22347010,74737,4060.50120600,40789297.67008661,0
2019-07-23 20:00:00,10147.69000000,10227.98000000,9822.00000000,9864.91000000,7589.21937300,2019-07-23 23:59:59.999,76027390.10450167,70215,3309.63813300,33188359.29548538,0
2019-07-24 00:00:00,9864.78000000,9870.22000000,9615.00000000,9650.84000000,9004.79504100,2019-07-24 03:59:59.999,87363846.11721631,80084,4455.24058300,43215421.96064346,0
2019-07-24 04:00:00,9650.00000000,9778.23000000,9593.06000000,9710.82000000,5333.38693200,2019-07-24 07:59:59.999,51625903.13397092,54741,2577.81598500,24966498.81976249,0
2019-07-24 08:00:00,9711.85000000,9797.00000000,9619.49000000,9721.48000000,5721.46563100,2019-07-24 11:59:59.999,55624867.62464968,55955,2801.36811200,27229914.18016977,0
2019-07-24 12:00:00,9721.50000000,9937.00000000,9667.03000000,9911.66000000,8909.01175500,2019-07-24 15:59:59.999,87403418.81523135,79361,4654.01701000,45644876.63741197,0
2019-07-24 16:00:00,9911.67000000,9928.74000000,9525.00000000,9650.99000000,8973.30099700,2019-07-24 19:59:59.999,86646589.24414779,89156,4287.96644300,41432259.93007183,0
2019-07-24 20:00:00,9650.97000000,9848.00000000,9566.29000000,9763.28000000,5533.42002100,2019-07-24 23:59:59.999,53869537.21049618,65465,3187.36540400,31037721.86009397,0
2019-07-25 00:00:00,9763.40000000,10175.00000000,9720.03000000,10090.19000000,9995.35247300,2019-07-25 03:59:59.999,100329173.69602647,86496,5622.64416900,56451681.57577159,0
2019-07-25 04:00:00,10090.12000000,10110.01000000,10005.10000000,10046.96000000,4050.14021500,2019-07-25 07:59:59.999,40724911.79326219,49209,2058.47152700,20700146.67842765,0
2019-07-25 08:00:00,10045.64000000,10140.00000000,10038.00000000,10066.42000000,4226.15228900,2019-07-25 11:59:59.999,42564800.68588061,45869,2108.35847300,21235356.43349380,0
2019-07-25 12:00:00,10066.18000000,10156.60000000,9905.00000000,9987.90000000,9099.47484300,2019-07-25 15:59:59.999,91055016.57704076,77144,4351.52388500,43551527.81729067,0
2019-07-25 16:00:00,9987.92000000,10077.64000000,9801.00000000,9857.82000000,6280.64811500,2019-07-25 19:59:59.999,62589655.22581271,61881,2935.72854900,29273382.66402114,0
2019-07-25 20:00:00,9857.21000000,9949.99000000,9798.89000000,9879.87000000,4221.58679300,2019-07-25 23:59:59.999,41674892.10374468,47577,2231.28482300,22029507.84331520,0
2019-07-26 00:00:00,9882.15000000,9882.15000000,9637.00000000,9697.00000000,7912.26552700,2019-07-26 03:59:59.999,76809848.47874084,68103,3940.86987200,38251953.89318790,0
2019-07-26 04:00:00,9694.63000000,9789.82000000,9657.00000000,9764.36000000,3499.99491300,2019-07-26 07:59:59.999,34036455.01266381,45115,1875.94634600,18238701.79264498,0
2019-07-26 08:00:00,9764.18000000,9815.00000000,9735.89000000,9791.64000000,3511.86536000,2019-07-26 11:59:59.999,34343993.42844604,44801,1895.01817400,18534018.99734037,0
2019-07-26 12:00:00,9791.33000000,9852.49000000,9704.00000000,9794.01000000,4517.89153300,2019-07-26 15:59:59.999,44147285.22553000,50214,2410.95789700,23562627.97112933,0
2019-07-26 16:00:00,9794.01000000,9889.98000000,9737.16000000,9839.00000000,4431.85895200,2019-07-26 19:59:59.999,43455631.08921588,52874,2307.45776200,22633486.87868332,0
2019-07-26 20:00:00,9838.98000000,9860.00000000,9738.00000000,9824.00000000,3293.58693200,2019-07-26 23:59:59.999,32314889.89932476,38828,1576.37938300,15467337.42096185,0
2019-07-27 00:00:00,9824.00000000,10188.66000000,9815.00000000,10103.00000000,10046.03624300,2019-07-27 03:59:59.999,101389660.21646107,81239,5423.38261800,54704314.71515226,0
2019-07-27 04:00:00,10103.02000000,10118.55000000,10025.16000000,10055.33000000,3131.48620600,2019-07-27 07:59:59.999,31530851.79902517,37824,1709.46204200,17213491.58643869,0
2019-07-27 08:00:00,10057.32000000,10088.00000000,9440.00000000,9525.81000000,13484.42013400,2019-07-27 11:59:59.999,130003251.46463605,108611,5830.52851400,56186985.42420417,0
2019-07-27 12:00:00,9525.81000000,9526.00000000,9333.00000000,9427.69000000,9029.13036400,2019-07-27 15:59:59.999,85272517.59906078,82248,4065.58628900,38403386.07474345,0
2019-07-27 16:00:00,9428.52000000,9481.73000000,9377.00000000,9411.61000000,3470.76000200,2019-07-27 19:59:59.999,32742096.58478231,40269,1997.59758000,18847545.68288737,0
2019-07-27 20:00:00,9411.26000000,9541.47000000,9343.30000000,9476.52000000,4647.94535200,2019-07-27 23:59:59.999,43994347.30476612,51227,2401.49527500,22735017.62699821,0
2019-07-28 00:00:00,9478.92000000,9505.51000000,9370.00000000,9480.56000000,2642.99603000,2019-07-28 03:59:59.999,25003300.76883636,33478,1411.67776800,13356688.17050651,0
2019-07-28 04:00:00,9480.56000000,9578.17000000,9470.00000000,9493.11000000,3136.16231600,2019-07-28 07:59:59.999,29855951.33897230,34365,1663.72969200,15838630.89695637,0
2019-07-28 08:00:00,9494.49000000,9579.00000000,9430.17000000,9534.98000000,3480.07435000,2019-07-28 11:59:59.999,33049759.63652656,36716,1907.52245300,18116723.95763531,0
2019-07-28 12:00:00,9535.00000000,9559.18000000,9475.75000000,9522.47000000,3081.03629100,2019-07-28 15:59:59.999,29328003.66732112,33138,1661.44077500,15816489.99939082,0
2019-07-28 16:00:00,9522.91000000,9594.99000000,9515.46000000,9555.68000000,2573.75180400,2019-07-28 19:59:59.999,24604184.41105497,30409,1496.54131400,14306252.12575229,0
2019-07-28 20:00:00,9555.69000000,9580.00000000,9165.00000000,9541.54000000,14487.00214600,2019-07-28 23:59:59.999,136696086.31210214,103221,8975.52113000,84832419.00821838,0
2019-07-29 00:00:00,9541.54000000,9729.00000000,9493.25000000,9638.46000000,6723.43453700,2019-07-29 03:59:59.999,64619103.92616117,55739,4429.27674000,42556542.52144099,0
2019-07-29 04:00:00,9636.62000000,9684.70000000,9570.00000000,9625.95000000,2964.95173300,2019-07-29 07:59:59.999,28533840.66189286,36861,1438.91330000,13845282.72424734,0
2019-07-29 08:00:00,9624.79000000,9650.00000000,9395.00000000,9484.96000000,5156.20012600,2019-07-29 11:59:59.999,49103787.73759966,54752,2632.83454400,25080111.80300144,0
2019-07-29 12:00:00,9484.51000000,9635.96000000,9470.21000000,9539.64000000,4963.28359500,2019-07-29 15:59:59.999,47422592.83905357,51249,2849.29614100,27230997.74864032,0
2019-07-29 16:00:00,9538.24000000,9693.98000000,9411.31000000,9487.63000000,6286.06496000,2019-07-29 19:59:59.999,59955141.89334887,64091,3227.13677000,30819190.13272845,0
2019-07-29 20:00:00,9489.81000000,9549.00000000,9450.00000000,9507.64000000,2928.00246000,2019-07-29 23:59:59.999,27863289.71036061,31776,1497.70947600,14259293.17323392,0
2019-07-30 00:00:00,9509.07000000,9539.00000000,9402.00000000,9441.29000000,4672.85889700,2019-07-30 03:59:59.999,44220172.39677204,40784,1729.92675800,16380727.77726248,0
2019-07-30 04:00:00,9441.04000000,9530.00000000,9427.00000000,9501.29000000,4053.53263700,2019-07-30 07:59:59.999,38376243.71507996,38756,1521.36448100,14415051.51083081,0
2019-07-30 08:00:00,9501.29000000,9564.86000000,9450.00000000,9522.90000000,5037.47553400,2019-07-30 11:59:59.999,47951006.67136773,44706,3347.04605800,31889694.25878280,0
2019-07-30 12:00:00,9524.81000000,9714.28000000,9514.00000000,9682.35000000,8374.95357600,2019-07-30 15:59:59.999,80415916.83269732,67918,4949.16558300,47512311.76296947,0
2019-07-30 16:00:00,9684.58000000,9714.00000000,9502.21000000,9598.52000000,6489.70758900,2019-07-30 19:59:59.999,62471515.98920323,54509,3195.25607000,30768166.69694944,0
2019-07-30 20:00:00,9598.87000000,9629.00000000,9512.66000000,9574.21000000,3907.84060100,2019-07-30 23:59:59.999,37433072.68281885,37288,2468.25070300,23655367.03739456,0
2019-07-31 00:00:00,9575.00000000,9720.00000000,9555.00000000,9668.96000000,6919.55817400,2019-07-31 03:59:59.999,66916252.64881553,48475,3256.77158500,31486180.32032961,0
2019-07-31 04:00:00,9670.28000000,9809.99000000,9641.21000000,9733.71000000,5086.38217100,2019-07-31 07:59:59.999,49511382.92050339,51506,2662.48267900,25923044.60565204,0
2019-07-31 08:00:00,9734.86000000,9786.12000000,9718.59000000,9758.10000000,3559.06605300,2019-07-31 11:59:59.999,34709491.29637839,40366,1689.56833600,16477652.63304845,0
2019-07-31 12:00:00,9758.10000000,10086.79000000,9755.64000000,10049.64000000,13575.17068000,2019-07-31 15:59:59.999,134716696.36989301,105820,8177.67872500,81078131.59024444,0
2019-07-31 16:00:00,10049.70000000,10109.80000000,9931.00000000,9979.89000000,6775.54908500,2019-07-31 19:59:59.999,67749210.51250872,69532,3467.66031200,34676772.81736126,0
2019-07-31 20:00:00,9982.43000000,10091.73000000,9966.18000000,10080.53000000,3599.62839700,2019-07-31 23:59:59.999,36087727.69656208,48513,1981.44796700,19865090.54258220,0
2019-08-01 00:00:00,10080.53000000,10155.06000000,9966.38000000,9988.02000000,5523.46016500,2019-08-01 03:59:59.999,55456753.61139917,55784,2719.91930000,27319066.15681184,0
2019-08-01 04:00:00,9989.61000000,9999.96000000,9863.46000000,9960.19000000,6228.45689500,2019-08-01 07:59:59.999,61892406.12776677,54521,3068.27513100,30496879.44480920,0
2019-08-01 08:00:00,9961.34000000,9994.00000000,9903.69000000,9962.86000000,4314.30061300,2019-08-01 11:59:59.999,42904884.19362819,49396,2012.16621200,20011467.80699076,0
2019-08-01 12:00:00,9962.86000000,10060.00000000,9956.00000000,10013.86000000,6491.89500200,2019-08-01 15:59:59.999,64994726.40022137,54895,3743.34361400,37471848.27278350,0
2019-08-01 16:00:00,10011.48000000,10341.78000000,9991.66000000,10283.73000000,9211.47940300,2019-08-01 19:59:59.999,93556031.74483538,77618,5218.62468000,53003393.33841773,0
2019-08-01 20:00:00,10283.71000000,10467.86000000,10270.30000000,10374.99000000,9958.04495000,2019-08-01 23:59:59.999,103351721.59115703,85848,5482.59053000,56904427.37445435,0
2019-08-02 00:00:00,10375.00000000,10440.61000000,10281.35000000,10335.77000000,5376.23047500,2019-08-02 03:59:59.999,55763866.95752561,61835,2714.63126900,28162418.98785908,0
2019-08-02 04:00:00,10335.80000000,10570.00000000,10314.80000000,10531.45000000,6967.86712500,2019-08-02 07:59:59.999,72898206.46709609,72863,3718.51973200,38902191.64630399,0
2019-08-02 08:00:00,10533.19000000,10540.18000000,10435.78000000,10467.17000000,5836.48208600,2019-08-02 11:59:59.999,61230987.35271724,63083,2892.88931800,30350032.85017095,0
2019-08-02 12:00:00,10467.08000000,10643.56000000,10462.17000000,10612.14000000,7831.69626000,2019-08-02 15:59:59.999,82692504.87657824,70524,3819.71616200,40334997.98186788,0
2019-08-02 16:00:00,10612.10000000,10670.00000000,10350.00000000,10444.41000000,12503.12292500,2019-08-02 19:59:59.999,130982422.75103001,105274,6695.82134000,70181594.71897058,0
2019-08-02 20:00:00,10444.00000000,10545.00000000,10351.24000000,10523.75000000,4475.04535000,2019-08-02 23:59:59.999,46755295.74581254,57743,2364.55727200,24707221.42179078,0
2019-08-03 00:00:00,10523.75000000,10838.98000000,10497.93000000,10778.52000000,10296.22134200,2019-08-03 03:59:59.999,110124906.95255274,86251,6025.17815300,64398496.06174831,0
2019-08-03 04:00:00,10780.68000000,10862.43000000,10720.00000000,10827.78000000,5117.29910700,2019-08-03 07:59:59.999,55206544.46308997,61902,2711.98600900,29262218.80442553,0
2019-08-03 08:00:00,10828.29000000,10875.89000000,10700.00000000,10743.92000000,4118.19077400,2019-08-03 11:59:59.999,44374450.65333770,51588,2077.84450900,22398063.75394294,0
2019-08-03 12:00:00,10741.97000000,10828.55000000,10662.15000000,10733.05000000,5743.08863800,2019-08-03 15:59:59.999,61796076.19376848,56988,2822.13349400,30376790.13894494,0
2019-08-03 16:00:00,10733.17000000,10904.77000000,10710.00000000,10850.60000000,5896.87319700,2019-08-03 19:59:59.999,63864281.62998864,57061,3239.14067200,35082201.15020232,0
2019-08-03 20:00:00,10851.14000000,10889.77000000,10773.00000000,10816.86000000,2630.64576600,2019-08-03 23:59:59.999,28486539.97904254,35103,1256.24687000,13608050.57020110,0
2019-08-04 00:00:00,10816.86000000,10897.00000000,10700.00000000,10755.02000000,4981.59840600,2019-08-04 03:59:59.999,53830775.00718078,47101,2406.48365800,26034688.93883455,0
2019-08-04 04:00:00,10754.99000000,10757.24000000,10552.00000000,10670.00000000,7450.62692600,2019-08-04 07:59:59.999,79342049.53635323,62967,3502.92767700,37312093.60023305,0
2019-08-04 08:00:00,10668.74000000,10742.29000000,10629.46000000,10668.56000000,3412.24843400,2019-08-04 11:59:59.999,36493052.03924834,39528,1793.64553500,19181880.45807923,0
2019-08-04 12:00:00,10669.23000000,10973.53000000,10630.84000000,10944.15000000,8615.73740700,2019-08-04 15:59:59.999,93129384.65730596,74827,5547.87037600,59990590.28615704,0
2019-08-04 16:00:00,10944.22000000,10992.10000000,10851.00000000,10921.14000000,6098.57808800,2019-08-04 19:59:59.999,66571044.31049535,58080,3336.09048300,36421859.25349091,0
2019-08-04 20:00:00,10921.14000000,11040.00000000,10777.00000000,10929.23000000,9365.95588000,2019-08-04 23:59:59.999,102427567.87271390,71218,5479.35052800,60018839.69836603,0
2019-08-05 00:00:00,10929.99000000,11648.00000000,10927.80000000,11562.97000000,16464.91958500,2019-08-05 03:59:59.999,186897018.06716823,147334,8613.44285300,97708390.00730122,0
2019-08-05 04:00:00,11564.87000000,11848.00000000,11484.65000000,11671.20000000,10553.37025400,2019-08-05 07:59:59.999,122867759.33271142,104761,6040.63830000,70322258.56520272,0
2019-08-05 08:00:00,11673.31000000,11778.76000000,11550.44000000,11777.64000000,11431.68960100,2019-08-05 11:59:59.999,133630817.94318377,105353,5807.89818800,67898279.71880253,0
2019-08-05 12:00:00,11776.52000000,11810.61000000,11653.12000000,11749.97000000,10402.17528800,2019-08-05 15:59:59.999,122156163.52712511,86614,5258.39847400,61799923.66750518,0
2019-08-05 16:00:00,11747.58000000,11937.52000000,11715.00000000,11752.44000000,9735.69716000,2019-08-05 19:59:59.999,115131475.86537196,100780,5040.36287000,59625104.25488552,0
2019-08-05 20:00:00,11751.50000000,11858.20000000,11700.00000000,11828.80000000,6565.82182500,2019-08-05 23:59:59.999,77293312.48148562,77768,2769.32997500,32615257.18522047,0
2019-08-06 00:00:00,11830.00000000,11839.82000000,11570.00000000,11709.82000000,10402.66183900,2019-08-06 03:59:59.999,121659077.19793308,88801,4016.66694300,46982778.77115529,0
2019-08-06 04:00:00,11708.30000000,12330.70000000,11650.62000000,12185.24000000,17404.28125800,2019-08-06 07:59:59.999,209235394.08087098,127174,10823.82377200,129985103.90809436,0
2019-08-06 08:00:00,12185.37000000,12295.00000000,11600.00000000,11777.65000000,17007.90894100,2019-08-06 11:59:59.999,203247558.36187937,134479,7644.87594300,91384808.41781850,0
2019-08-06 12:00:00,11775.79000000,11800.00000000,11570.03000000,11700.00000000,10768.24476000,2019-08-06 15:59:59.999,126047769.72158938,92400,4684.10063400,54885586.56279248,0
2019-08-06 16:00:00,11700.00000000,11836.00000000,11634.21000000,11710.00000000,7791.10558300,2019-08-06 19:59:59.999,91458193.70286996,71838,4090.77702200,48070186.67307148,0
2019-08-06 20:00:00,11709.62000000,11747.00000000,11226.70000000,11481.69000000,13331.18749400,2019-08-06 23:59:59.999,152471088.55056986,111135,6261.87265800,71629077.70778430,0
2019-08-07 00:00:00,11481.69000000,11694.02000000,11382.84000000,11640.43000000,7543.04514800,2019-08-07 03:59:59.999,87185561.09261702,75734,4270.94801900,49372776.84142374,0
2019-08-07 04:00:00,11640.01000000,11725.27000000,11525.96000000,11538.61000000,6684.93515600,2019-08-07 07:59:59.999,77763130.00125818,68000,3306.84359900,38498502.43792841,0
2019-08-07 08:00:00,11541.53000000,11745.81000000,11463.14000000,11743.94000000,7933.25692500,2019-08-07 11:59:59.999,92284453.31993400,74901,4343.34190200,50528733.43405225,0
2019-08-07 12:00:00,11743.09000000,12141.17000000,11611.00000000,11662.75000000,22590.00900900,2019-08-07 15:59:59.999,268707361.71445986,162038,11746.54578300,139823167.19917087,0
2019-08-07 16:00:00,11662.75000000,11822.00000000,11487.00000000,11792.77000000,11433.24313700,2019-08-07 19:59:59.999,133780085.03939513,91470,5206.33451100,60946657.13132529,0
2019-08-07 20:00:00,11792.25000000,12079.51000000,11616.00000000,11975.03000000,12988.90097800,2019-08-07 23:59:59.999,154877387.88283985,120773,7483.21210400,89326828.52616447,0
2019-08-08 00:00:00,11975.04000000,12017.75000000,11843.00000000,11955.96000000,5748.75591100,2019-08-08 03:59:59.999,68634855.61967893,65646,3288.84529700,39279129.36495745,0
2019-08-08 04:00:00,11956.03000000,11972.20000000,11757.00000000,11919.98000000,7104.87953900,2019-08-08 07:59:59.999,84274179.93847031,68417,3807.65037400,45192148.93207525,0
2019-08-08 08:00:00,11919.98000000,11975.00000000,11786.00000000,11826.85000000,7627.42790500,2019-08-08 11:59:59.999,90647633.77412250,71696,4433.11193700,52701258.12969072,0
2019-08-08 12:00:00,11825.67000000,11923.00000000,11645.00000000,11692.81000000,9455.76557100,2019-08-08 15:59:59.999,111190897.71565422,88584,4240.62397500,49921359.66988685,0
2019-08-08 16:00:00,11692.82000000,11799.22000000,11521.00000000,11615.82000000,10117.75228200,2019-08-08 19:59:59.999,117721617.47464590,88332,4194.87537000,48849554.79250504,0
2019-08-08 20:00:00,11614.59000000,12060.00000000,11550.00000000,11999.77000000,11152.67596600,2019-08-08 23:59:59.999,131919946.54026424,90909,7498.09381000,88842515.23748109,0
2019-08-09 00:00:00,11994.17000000,12045.68000000,11778.00000000,11871.07000000,6712.66752700,2019-08-09 03:59:59.999,80070254.39790183,63762,3529.60994700,42124568.17227623,0
2019-08-09 04:00:00,11873.46000000,11934.35000000,11804.00000000,11873.42000000,4413.80155900,2019-08-09 07:59:59.999,52350839.71677709,53934,2039.77793500,24204887.39264508,0
2019-08-09 08:00:00,11873.42000000,11970.00000000,11700.00000000,11705.01000000,10332.35410400,2019-08-09 11:59:59.999,122050330.77233219,92682,4577.36957300,54152174.81155735,0
2019-08-09 12:00:00,11705.03000000,11896.46000000,11700.00000000,11743.37000000,6565.38385200,2019-08-09 15:59:59.999,77351438.78589092,73144,3249.31094100,38301900.28235699,0
2019-08-09 16:00:00,11743.33000000,11910.00000000,11700.00000000,11837.18000000,6605.04397800,2019-08-09 19:59:59.999,78142131.20657593,72451,3810.49563400,45119756.72633097,0
2019-08-09 20:00:00,11837.21000000,11965.00000000,11825.60000000,11879.99000000,4797.90156800,2019-08-09 23:59:59.999,57046053.06195048,54929,2867.85788100,34106010.19443740,0
2019-08-10 00:00:00,11879.98000000,11985.00000000,11751.61000000,11839.03000000,5814.32701300,2019-08-10 03:59:59.999,69009526.63262300,59635,2962.26032500,35198267.79115452,0
2019-08-10 04:00:00,11837.66000000,11890.20000000,11794.00000000,11829.75000000,3319.92053800,2019-08-10 07:59:59.999,39293581.36672950,40769,1980.27959000,23445584.80400217,0
2019-08-10 08:00:00,11828.87000000,11904.36000000,11350.00000000,11395.23000000,11735.29453000,2019-08-10 11:59:59.999,135932691.65030213,95052,3839.21074000,44486941.77635080,0
2019-08-10 12:00:00,11395.23000000,11517.00000000,11310.00000000,11413.87000000,13036.50373200,2019-08-10 15:59:59.999,148924603.65977058,91137,4382.68237800,50051980.46783663,0
2019-08-10 16:00:00,11413.13000000,11431.65000000,11270.00000000,11329.10000000,5471.73470500,2019-08-10 19:59:59.999,62174064.80358554,64898,2419.54105500,27504877.38552292,0
2019-08-10 20:00:00,11331.56000000,11397.00000000,11270.00000000,11309.31000000,3255.30653000,2019-08-10 23:59:59.999,36883496.37754499,47746,1527.15098800,17310226.88424728,0
2019-08-11 00:00:00,11309.24000000,11465.00000000,11286.30000000,11399.10000000,3250.41338700,2019-08-11 03:59:59.999,37002843.91991750,45749,1815.86867200,20679676.49341489,0
2019-08-11 04:00:00,11398.40000000,11424.94000000,11330.11000000,11371.71000000,2880.22081400,2019-08-11 07:59:59.999,32751372.52908468,34305,1759.89996700,20008275.57238723,0
2019-08-11 08:00:00,11370.44000000,11482.86000000,11112.11000000,11469.94000000,8893.24153900,2019-08-11 11:59:59.999,100619587.67623876,73487,4907.78353000,55640763.25206368,0
2019-08-11 12:00:00,11469.63000000,11482.65000000,11350.01000000,11378.00000000,3395.76657000,2019-08-11 15:59:59.999,38757622.72886394,46929,1745.22925800,19917688.64252504,0
2019-08-11 16:00:00,11378.51000000,11445.57000000,11360.00000000,11383.14000000,2489.90460800,2019-08-11 19:59:59.999,28388038.95425798,42215,1333.78780400,15208244.96466771,0
2019-08-11 20:00:00,11385.44000000,11600.00000000,11301.00000000,11549.97000000,5863.35999200,2019-08-11 23:59:59.999,67342937.54308620,63549,3444.86896900,39577962.06675859,0
2019-08-12 00:00:00,11539.08000000,11577.89000000,11410.00000000,11446.44000000,2700.96306800,2019-08-12 03:59:59.999,31011784.54409952,41676,1554.74893400,17850574.78584978,0
2019-08-12 04:00:00,11447.00000000,11471.29000000,11340.00000000,11411.97000000,2691.35507900,2019-08-12 07:59:59.999,30677306.15362205,42800,1340.36066100,15281303.12390655,0
2019-08-12 08:00:00,11411.98000000,11415.01000000,11305.55000000,11328.01000000,3158.02306000,2019-08-12 11:59:59.999,35868921.38517005,44818,1502.36361100,17070213.38763810,0
2019-08-12 12:00:00,11328.01000000,11425.00000000,11235.32000000,11399.11000000,3982.74685700,2019-08-12 15:59:59.999,45279515.45431235,49393,2101.06655800,23895636.34185359,0
2019-08-12 16:00:00,11400.00000000,11449.15000000,11375.00000000,11443.89000000,2812.71917100,2019-08-12 19:59:59.999,32097765.85097890,41822,1595.55335100,18210760.24667976,0
2019-08-12 20:00:00,11446.10000000,11474.03000000,11375.28000000,11396.08000000,2222.41984000,2019-08-12 23:59:59.999,25390178.21595812,35457,1106.33776400,12640114.26684993,0
2019-08-13 00:00:00,11398.35000000,11456.16000000,11355.99000000,11394.06000000,1868.44087300,2019-08-13 03:59:59.999,21301604.38468503,33246,929.53491300,10599773.11840085,0
2019-08-13 04:00:00,11394.06000000,11402.39000000,11311.00000000,11364.96000000,3092.69267500,2019-08-13 07:59:59.999,35138853.84151521,37456,1224.50072500,13919860.66100370,0
2019-08-13 08:00:00,11364.96000000,11364.96000000,11200.00000000,11280.39000000,5547.64205800,2019-08-13 11:59:59.999,62596229.91846217,53322,2200.07972200,24843253.83530341,0
2019-08-13 12:00:00,11280.12000000,11298.93000000,10911.00000000,10951.09000000,12276.54761100,2019-08-13 15:59:59.999,136061374.94628163,97125,4613.47157200,51085310.47499103,0
2019-08-13 16:00:00,10952.74000000,10993.00000000,10788.45000000,10936.18000000,7592.33966300,2019-08-13 19:59:59.999,82720662.48448352,73150,3164.30095400,34493300.55690544,0
2019-08-13 20:00:00,10936.28000000,10981.69000000,10858.04000000,10892.71000000,2857.06680000,2019-08-13 23:59:59.999,31175749.97068479,43535,1351.67081400,14751833.48022665,0
2019-08-14 00:00:00,10893.36000000,10897.48000000,10541.00000000,10656.83000000,9686.60894300,2019-08-14 03:59:59.999,103555877.57008617,86050,4223.58510000,45163415.88283597,0
2019-08-14 04:00:00,10654.92000000,10670.79000000,10546.15000000,10620.00000000,4349.99277600,2019-08-14 07:59:59.999,46198649.73642197,50632,2136.72881500,22691918.51303652,0
2019-08-14 08:00:00,10619.98000000,10632.74000000,10410.00000000,10556.70000000,8557.98453100,2019-08-14 11:59:59.999,90010009.71389373,76884,4376.73143700,46043906.81577204,0
2019-08-14 12:00:00,10554.72000000,10697.00000000,10462.00000000,10514.08000000,7166.80115300,2019-08-14 15:59:59.999,75760862.15178958,71453,3749.54622600,39640061.70334505,0
2019-08-14 16:00:00,10514.05000000,10629.00000000,10100.00000000,10137.77000000,16440.95638500,2019-08-14 19:59:59.999,168763167.99259340,162459,7836.69462300,80395653.21226369,0
2019-08-14 20:00:00,10140.74000000,10283.94000000,9928.10000000,10050.37000000,8249.50371100,2019-08-14 23:59:59.999,83436161.94112108,87029,3757.34518000,38036711.42372841,0
2019-08-15 00:00:00,10055.16000000,10234.08000000,10030.52000000,10095.05000000,4803.61528700,2019-08-15 01:59:59.999,48620338.79902650,44639,2042.47108200,20688488.18515624,0
2019-08-15 08:00:00,10085.65000000,10219.70000000,9945.86000000,10158.55000000,6225.21748000,2019-08-15 11:59:59.999,62923226.91259758,61649,3201.57307400,32362313.91889519,0
2019-08-15 12:00:00,10160.14000000,10180.00000000,9911.00000000,10094.59000000,8517.94301300,2019-08-15 15:59:59.999,85410560.35405068,89972,4373.79353800,43862137.56547074,0
2019-08-15 16:00:00,10092.96000000,10165.00000000,9980.00000000,10106.68000000,6260.75448800,2019-08-15 19:59:59.999,63011733.52533410,56228,3318.02039700,33414771.11494810,0
2019-08-15 20:00:00,10106.68000000,10460.00000000,10090.57000000,10293.93000000,12366.92085200,2019-08-15 23:59:59.999,127739995.49690235,120880,6652.22482700,68731734.81978615,0
2019-08-16 00:00:00,10296.77000000,10417.00000000,10250.00000000,10324.61000000,4374.78996700,2019-08-16 03:59:59.999,45254707.48995556,58358,2186.60235200,22620860.50907734,0
2019-08-16 04:00:00,10327.02000000,10342.20000000,9750.00000000,9937.00000000,14294.87840400,2019-08-16 07:59:59.999,142676159.70307077,123103,5974.17804500,59571593.94484978,0
2019-08-16 08:00:00,9937.57000000,10225.00000000,9810.00000000,10148.92000000,8683.73964400,2019-08-16 11:59:59.999,87096889.38854303,84317,4597.12781800,46173115.07257219,0
2019-08-16 12:00:00,10146.73000000,10469.00000000,10037.97000000,10386.04000000,10560.46670700,2019-08-16 15:59:59.999,108077172.78200797,93788,6058.51682000,62034638.52935467,0
2019-08-16 16:00:00,10388.99000000,10536.03000000,10306.00000000,10451.75000000,8045.92104900,2019-08-16 19:59:59.999,83974103.83355596,77486,4060.50157100,42365735.88004584,0
2019-08-16 20:00:00,10451.75000000,10515.00000000,10222.00000000,10331.54000000,5798.34714700,2019-08-16 23:59:59.999,60179413.20064323,67688,2941.10493100,30535302.96259192,0
2019-08-17 00:00:00,10331.15000000,10421.92000000,10201.00000000,10284.87000000,4509.67867400,2019-08-17 03:59:59.999,46478854.68126818,57266,2512.28242100,25893679.78485769,0
2019-08-17 04:00:00,10285.33000000,10398.99000000,10252.88000000,10357.99000000,3224.59218100,2019-08-17 07:59:59.999,33330992.66096652,47366,1802.02704800,18625505.15793930,0
2019-08-17 08:00:00,10356.73000000,10465.14000000,10314.21000000,10333.23000000,4862.03347700,2019-08-17 11:59:59.999,50515173.35116303,59408,2545.69988500,26459744.91295136,0
2019-08-17 12:00:00,10330.76000000,10371.00000000,10252.36000000,10312.27000000,4487.97860600,2019-08-17 15:59:59.999,46324071.63981164,47980,2001.82345300,20665405.00557820,0
2019-08-17 16:00:00,10312.29000000,10357.00000000,10000.00000000,10167.24000000,8499.87117500,2019-08-17 19:59:59.999,86426037.59745348,72672,3999.52881300,40737721.66658871,0
2019-08-17 20:00:00,10167.00000000,10250.00000000,10049.00000000,10216.02000000,3416.42708800,2019-08-17 23:59:59.999,34701199.09991961,48103,1811.58812000,18410702.81731784,0
2019-08-18 00:00:00,10216.05000000,10278.88000000,10102.56000000,10113.99000000,2355.23365100,2019-08-18 03:59:59.999,23977109.28172595,34575,1133.43345700,11544559.87471227,0
2019-08-18 04:00:00,10112.97000000,10201.14000000,10080.00000000,10139.41000000,2309.56603100,2019-08-18 07:59:59.999,23401943.48157169,31857,1186.57557000,12029196.59908215,0
2019-08-18 08:00:00,10139.43000000,10439.93000000,10095.25000000,10394.00000000,6195.28908900,2019-08-18 11:59:59.999,63667871.76311609,60733,3872.97904100,39799059.21764533,0
2019-08-18 12:00:00,10392.92000000,10500.00000000,10354.14000000,10386.42000000,5743.22656400,2019-08-18 15:59:59.999,59832992.30097705,56612,3514.77134300,36621366.32911400,0
2019-08-18 16:00:00,10388.53000000,10467.47000000,10335.00000000,10371.00000000,4353.35935700,2019-08-18 19:59:59.999,45238695.61511074,41887,1676.18330800,17441936.61429251,0
2019-08-18 20:00:00,10372.07000000,10435.00000000,10285.01000000,10306.78000000,3128.72048000,2019-08-18 23:59:59.999,32390260.01748490,40041,1577.53583800,16338653.08212161,0
2019-08-19 00:00:00,10306.17000000,10439.99000000,10258.60000000,10398.23000000,3397.96684800,2019-08-19 03:59:59.999,35184328.88570144,39079,1821.03078400,18863718.44305301,0
2019-08-19 04:00:00,10398.23000000,10735.99000000,10350.00000000,10722.10000000,9548.87248800,2019-08-19 07:59:59.999,100788105.22281295,72666,5737.69321600,60548522.83710765,0
2019-08-19 08:00:00,10724.59000000,10780.00000000,10635.62000000,10672.81000000,7217.83708600,2019-08-19 11:59:59.999,77180322.07254755,58912,4282.26811500,45790786.52078224,0
2019-08-19 12:00:00,10670.77000000,10749.00000000,10591.41000000,10707.80000000,5804.83727300,2019-08-19 15:59:59.999,62024647.32874975,55041,2776.50996900,29675391.46976240,0
2019-08-19 16:00:00,10706.56000000,10825.10000000,10580.00000000,10685.88000000,6158.78266400,2019-08-19 19:59:59.999,65884107.73692525,56979,3180.54664800,34050985.25055813,0
2019-08-19 20:00:00,10685.59000000,10930.00000000,10618.01000000,10915.54000000,5115.02285800,2019-08-19 23:59:59.999,55171929.78072264,54345,2793.38784000,30156450.82331706,0
2019-08-20 00:00:00,10914.73000000,10949.96000000,10766.00000000,10788.84000000,5168.80187700,2019-08-20 03:59:59.999,56177117.84499457,47694,2562.87366200,27856741.33437230,0
2019-08-20 04:00:00,10788.97000000,10837.77000000,10714.00000000,10808.74000000,4599.78982300,2019-08-20 07:59:59.999,49609188.51549119,44238,2730.26204600,29452088.08595691,0
2019-08-20 08:00:00,10810.00000000,10811.56000000,10560.00000000,10708.82000000,8547.77853600,2019-08-20 11:59:59.999,91113071.06502864,66134,3511.47703000,37456702.72414632,0
2019-08-20 12:00:00,10708.82000000,10752.00000000,10580.00000000,10744.54000000,6101.66196100,2019-08-20 15:59:59.999,65021199.41222986,53575,2812.28258600,29998904.61867136,0
2019-08-20 16:00:00,10744.54000000,10797.44000000,10684.00000000,10734.10000000,3516.37112300,2019-08-20 19:59:59.999,37799107.23999691,43847,1832.27746300,19696428.77458013,0
2019-08-20 20:00:00,10734.00000000,10842.03000000,10650.00000000,10760.51000000,4364.51835900,2019-08-20 23:59:59.999,46944769.05898537,49577,2568.37194200,27621656.64120023,0
2019-08-21 00:00:00,10760.51000000,10804.13000000,10225.02000000,10323.18000000,11264.20317900,2019-08-21 03:59:59.999,118071566.30466493,87120,3864.48480100,40640303.55433045,0
2019-08-21 04:00:00,10322.05000000,10330.75000000,10111.00000000,10138.99000000,8420.22673600,2019-08-21 07:59:59.999,86116850.93820887,86276,3873.61267700,39605395.06823671,0
2019-08-21 08:00:00,10138.99000000,10254.97000000,10081.00000000,10179.01000000,5884.91128600,2019-08-21 11:59:59.999,59822077.50460467,64762,2720.82336300,27675298.92163343,0
2019-08-21 12:00:00,10179.01000000,10183.79000000,9921.16000000,9986.77000000,10913.86656900,2019-08-21 15:59:59.999,109256565.97279519,97482,5612.45311600,56180780.92115625,0
2019-08-21 16:00:00,9986.77000000,10158.00000000,9858.00000000,10106.28000000,6041.96231900,2019-08-21 19:59:59.999,60764490.23145690,66938,3276.69955600,33000551.58019329,0
2019-08-21 20:00:00,10107.14000000,10198.85000000,9980.00000000,10142.57000000,4830.54919300,2019-08-21 23:59:59.999,48857723.56618642,56236,2217.75704800,22430804.81973092,0
2019-08-22 00:00:00,10140.82000000,10163.56000000,9762.00000000,9872.48000000,8379.36141500,2019-08-22 03:59:59.999,83022827.99004374,81631,3996.80768700,39626260.12354555,0
2019-08-22 04:00:00,9872.72000000,10045.00000000,9860.00000000,9973.83000000,5122.57772000,2019-08-22 07:59:59.999,51093751.90798927,58213,2877.65651000,28709139.87163658,0
2019-08-22 08:00:00,9972.33000000,10070.00000000,9880.01000000,9966.53000000,5485.29113100,2019-08-22 11:59:59.999,54686058.09057588,65786,2758.16383600,27518894.95507940,0
2019-08-22 12:00:00,9966.68000000,10183.69000000,9950.00000000,10112.65000000,6859.05625600,2019-08-22 15:59:59.999,69174107.19114445,77685,4044.85740600,40794428.80706620,0
2019-08-22 16:00:00,10112.64000000,10242.00000000,10060.00000000,10161.22000000,5313.97682000,2019-08-22 19:59:59.999,53984090.83551884,68904,2719.26010000,27626991.49291330,0
2019-08-22 20:00:00,10164.91000000,10210.00000000,10089.28000000,10099.88000000,2899.37939600,2019-08-22 23:59:59.999,29410606.89156662,48929,1525.20876100,15471251.98497326,0
2019-08-23 00:00:00,10099.90000000,10156.94000000,10019.79000000,10134.81000000,3316.15041200,2019-08-23 03:59:59.999,33448771.67493208,50858,1804.71758300,18207381.48883655,0
2019-08-23 04:00:00,10139.33000000,10232.00000000,10089.00000000,10206.15000000,4049.22502200,2019-08-23 07:59:59.999,41179164.07539770,49606,2032.91239200,20680140.22229449,0
2019-08-23 08:00:00,10206.15000000,10208.83000000,10060.00000000,10116.96000000,3602.13201500,2019-08-23 11:59:59.999,36503492.91495970,46578,1610.32717500,16323471.21240743,0
2019-08-23 12:00:00,10115.90000000,10445.00000000,10093.04000000,10397.55000000,8971.08332800,2019-08-23 15:59:59.999,92618780.18857818,84156,5291.60011800,54581733.92372386,0
2019-08-23 16:00:00,10397.71000000,10444.32000000,10365.01000000,10403.81000000,3013.77567400,2019-08-23 19:59:59.999,31329083.61569911,42515,1618.06290300,16823417.08818459,0
2019-08-23 20:00:00,10402.01000000,10437.14000000,10265.29000000,10389.55000000,4597.96972200,2019-08-23 23:59:59.999,47653139.28250561,53153,2441.19616700,25310494.14482932,0
2019-08-24 00:00:00,10388.16000000,10419.42000000,10275.12000000,10346.80000000,2983.42227800,2019-08-24 03:59:59.999,30875724.28832928,40141,1395.59768300,14440996.28780462,0
2019-08-24 04:00:00,10346.28000000,10363.84000000,10236.28000000,10294.85000000,3453.59761400,2019-08-24 07:59:59.999,35591008.21208289,43331,1690.87666700,17432156.19994970,0
2019-08-24 08:00:00,10294.85000000,10294.85000000,9890.00000000,10007.79000000,9941.22763300,2019-08-24 11:59:59.999,99774092.14744843,87397,4336.50024400,43517086.44863883,0
2019-08-24 12:00:00,10007.09000000,10023.95000000,9933.00000000,9993.17000000,3597.74840400,2019-08-24 15:59:59.999,35925992.76149389,48379,1894.68709600,18921186.96398765,0
2019-08-24 16:00:00,9992.70000000,10125.60000000,9948.08000000,10101.93000000,3673.86988000,2019-08-24 19:59:59.999,36950158.42172530,44648,2163.02205300,21754179.95302326,0
2019-08-24 20:00:00,10101.95000000,10194.73000000,9969.38000000,10134.35000000,4042.59103500,2019-08-24 23:59:59.999,40845157.79463008,49331,2142.88109800,21660605.51023939,0
2019-08-25 00:00:00,10134.61000000,10168.26000000,10020.02000000,10120.47000000,2391.82128500,2019-08-25 03:59:59.999,24160845.86084352,35273,1263.34017100,12765862.96416124,0
2019-08-25 04:00:00,10120.51000000,10135.72000000,10010.11000000,10103.98000000,2472.94952900,2019-08-25 07:59:59.999,24902393.25470909,37613,1271.46312300,12805707.30663692,0
2019-08-25 08:00:00,10104.00000000,10163.99000000,10041.80000000,10117.62000000,2976.35524000,2019-08-25 11:59:59.999,30078109.40497705,39826,1591.77078900,16090452.26282563,0
2019-08-25 12:00:00,10115.00000000,10333.00000000,9966.00000000,10066.87000000,9988.62660200,2019-08-25 15:59:59.999,101227161.58088735,78026,4799.40751400,48746898.96711817,0
2019-08-25 16:00:00,10066.86000000,10141.88000000,9971.18000000,10061.23000000,3708.72278200,2019-08-25 19:59:59.999,37303178.66340139,46014,1491.29682600,15014103.56060230,0
2019-08-25 20:00:00,10061.23000000,10179.00000000,9906.97000000,10142.69000000,4733.18196000,2019-08-25 23:59:59.999,47461072.55222444,53204,2468.43931200,24779448.02892867,0
2019-08-26 00:00:00,10142.69000000,10604.00000000,10137.93000000,10276.80000000,16923.14300800,2019-08-26 03:59:59.999,176369118.01191509,122735,10470.27378200,109131013.23859343,0
2019-08-26 04:00:00,10276.82000000,10416.00000000,10255.13000000,10339.89000000,4704.18726000,2019-08-26 07:59:59.999,48616054.85037766,53147,2524.53503700,26089313.04152273,0
2019-08-26 08:00:00,10339.63000000,10448.47000000,10286.00000000,10389.59000000,4227.42529900,2019-08-26 11:59:59.999,43762479.51265241,50340,1998.67327800,20702673.76461720,0
2019-08-26 12:00:00,10389.59000000,10414.94000000,10286.12000000,10333.46000000,5331.02873800,2019-08-26 15:59:59.999,55183214.87717877,69638,2496.28004900,25843738.34977066,0
2019-08-26 16:00:00,10338.20000000,10399.82000000,10230.00000000,10325.00000000,5253.30938300,2019-08-26 19:59:59.999,54235000.59371569,54067,2646.34022500,27332245.04491018,0
2019-08-26 20:00:00,10325.00000000,10412.00000000,10200.00000000,10372.25000000,5248.41791100,2019-08-26 23:59:59.999,54083967.64485763,55389,2530.49308100,26103594.99659797,0
2019-08-27 00:00:00,10373.60000000,10391.08000000,10112.00000000,10200.00000000,9085.45482800,2019-08-27 03:59:59.999,93050448.62791457,64689,4003.15881100,41089142.24512505,0
2019-08-27 04:00:00,10200.00000000,10255.96000000,10127.00000000,10180.65000000,3857.19878600,2019-08-27 07:59:59.999,39319019.23262671,44210,1958.75264500,19968877.82519305,0
2019-08-27 08:00:00,10180.65000000,10215.98000000,10101.00000000,10130.63000000,3660.79919100,2019-08-27 11:59:59.999,37159630.04784818,46577,1752.31144900,17794773.25089690,0
2019-08-27 12:00:00,10130.63000000,10209.70000000,10051.08000000,10188.06000000,5892.08108700,2019-08-27 15:59:59.999,59715538.49623488,61604,3037.84282300,30799594.17514578,0
2019-08-27 16:00:00,10190.73000000,10244.00000000,10106.33000000,10164.01000000,3812.87225000,2019-08-27 19:59:59.999,38822142.66653130,42499,2040.80379500,20791046.08346056,0
2019-08-27 20:00:00,10163.99000000,10211.98000000,10117.46000000,10185.05000000,2094.36924100,2019-08-27 23:59:59.999,21273902.00779614,33309,1059.57261500,10764411.44937149,0
2019-08-28 00:00:00,10185.69000000,10189.27000000,10078.57000000,10095.57000000,2757.29786500,2019-08-28 03:59:59.999,27909105.78855370,34820,1156.80683400,11715155.90321529,0
2019-08-28 04:00:00,10094.09000000,10219.47000000,10060.00000000,10157.65000000,4169.04905000,2019-08-28 07:59:59.999,42286142.32728389,44493,2243.50393000,22772954.86666431,0
2019-08-28 08:00:00,10157.48000000,10165.99000000,10105.01000000,10147.74000000,2650.29765000,2019-08-28 11:59:59.999,26869900.95574117,35458,1298.40593000,13165777.75081798,0
2019-08-28 12:00:00,10146.42000000,10299.00000000,10142.92000000,10239.73000000,7036.54386200,2019-08-28 15:59:59.999,71811779.46676077,61279,4188.44071300,42749682.24438556,0
2019-08-28 16:00:00,10239.73000000,10274.00000000,9601.01000000,9683.94000000,20927.39470800,2019-08-28 19:59:59.999,206793507.94577776,151170,7933.87735500,78312146.66368304,0
2019-08-28 20:00:00,9685.23000000,9766.07000000,9647.15000000,9721.00000000,4569.97224000,2019-08-28 23:59:59.999,44364446.51903529,54073,2609.78781100,25339689.75126788,0
2019-08-29 00:00:00,9721.00000000,9724.00000000,9528.88000000,9589.98000000,6154.17258800,2019-08-29 03:59:59.999,59320274.51784824,62365,3259.61206000,31428105.83649273,0
2019-08-29 04:00:00,9589.98000000,9646.38000000,9320.00000000,9396.50000000,8825.65713300,2019-08-29 07:59:59.999,83726701.42412172,79208,3787.81174900,35954474.07721148,0
2019-08-29 08:00:00,9396.50000000,9498.98000000,9394.05000000,9467.76000000,5592.25702500,2019-08-29 11:59:59.999,52870147.83281931,57322,2732.38723100,25835251.94047042,0
2019-08-29 12:00:00,9466.45000000,9617.90000000,9376.99000000,9507.01000000,7540.53594100,2019-08-29 15:59:59.999,71420913.90288284,63462,3946.47307400,37388555.61601129,0
2019-08-29 16:00:00,9506.64000000,9569.61000000,9432.45000000,9509.04000000,4772.84082700,2019-08-29 19:59:59.999,45354015.70513212,47031,2484.18848000,23610232.78105114,0
2019-08-29 20:00:00,9509.99000000,9537.46000000,9447.11000000,9498.44000000,2647.23139600,2019-08-29 23:59:59.999,25146708.17448230,34499,1325.79585400,12594643.83131388,0
2019-08-30 00:00:00,9499.01000000,9540.00000000,9350.41000000,9468.47000000,5057.71949700,2019-08-30 03:59:59.999,47733378.18781716,44983,2696.34065900,25456584.56351315,0
2019-08-30 04:00:00,9468.50000000,9554.00000000,9440.75000000,9470.00000000,4320.90509200,2019-08-30 07:59:59.999,41027366.52760650,40197,2216.43615400,21048658.94876313,0
2019-08-30 08:00:00,9470.62000000,9630.00000000,9470.00000000,9574.75000000,5093.12401600,2019-08-30 11:59:59.999,48679726.19187115,48376,2819.56658800,26951299.05903859,0
2019-08-30 12:00:00,9572.26000000,9620.00000000,9548.00000000,9588.33000000,4183.71386100,2019-08-30 15:59:59.999,40101333.99478376,41142,2142.30495400,20536195.12132996,0
2019-08-30 16:00:00,9589.10000000,9604.03000000,9450.35000000,9571.66000000,4191.05362400,2019-08-30 19:59:59.999,39966647.84024942,44142,2131.09870500,20329117.83358602,0
2019-08-30 20:00:00,9572.13000000,9696.00000000,9555.00000000,9584.54000000,3987.80201400,2019-08-30 23:59:59.999,38346421.70844653,40430,2222.12579100,21374564.89360402,0
2019-08-31 00:00:00,9582.76000000,9655.77000000,9566.42000000,9611.26000000,2650.00423200,2019-08-31 03:59:59.999,25491774.03405632,30604,1248.10212900,12004846.50852375,0
2019-08-31 04:00:00,9611.02000000,9625.00000000,9576.71000000,9591.58000000,1617.65967800,2019-08-31 07:59:59.999,15532171.81423121,25335,799.95830000,7681528.60918825,0
2019-08-31 08:00:00,9588.25000000,9591.60000000,9520.58000000,9553.85000000,2620.10016400,2019-08-31 11:59:59.999,25051786.99996048,33571,1323.59642000,12657020.24620688,0
2019-08-31 12:00:00,9553.22000000,9610.00000000,9545.61000000,9595.00000000,2124.47894600,2019-08-31 15:59:59.999,20349419.64163700,29374,1141.32162300,10932660.16919881,0
2019-08-31 16:00:00,9594.96000000,9627.07000000,9556.00000000,9569.34000000,2742.32021200,2019-08-31 19:59:59.999,26297118.89786943,28475,1187.85821700,11389469.14000797,0
2019-08-31 20:00:00,9568.53000000,9684.51000000,9420.75000000,9587.47000000,5375.72684200,2019-08-31 23:59:59.999,51394485.07524247,51829,2857.31152500,27345309.66562521,0
2019-09-01 00:00:00,9588.74000000,9642.58000000,9579.34000000,9623.02000000,2091.65883300,2019-09-01 03:59:59.999,20113215.19075889,24202,1288.10491000,12386594.06413537,0
2019-09-01 04:00:00,9623.02000000,9630.21000000,9595.87000000,9608.10000000,1227.36864000,2019-09-01 07:59:59.999,11799059.02810919,19269,690.64076400,6640145.74699667,0
2019-09-01 08:00:00,9608.06000000,9610.19000000,9550.00000000,9571.05000000,2528.75826600,2019-09-01 11:59:59.999,24227755.54678795,29452,1205.86241000,11553689.20616881,0
2019-09-01 12:00:00,9571.99000000,9659.00000000,9545.46000000,9604.26000000,2638.32780700,2019-09-01 15:59:59.999,25295709.68644449,28204,1336.40592200,12816692.14767281,0
2019-09-01 16:00:00,9601.38000000,9632.00000000,9520.00000000,9616.96000000,3039.23834000,2019-09-01 19:59:59.999,29130374.79060770,32368,1502.75815200,14410543.15716842,0
2019-09-01 20:00:00,9615.30000000,9830.00000000,9597.89000000,9724.98000000,8020.05295700,2019-09-01 23:59:59.999,77947174.87964907,57829,5521.83844000,53656370.05898205,0
2019-09-02 00:00:00,9723.59000000,9793.00000000,9712.50000000,9743.16000000,5753.95104900,2019-09-02 03:59:59.999,56042094.02438932,38134,3728.59737600,36308831.16844778,0
2019-09-02 04:00:00,9741.76000000,9775.00000000,9735.00000000,9746.59000000,2765.47582600,2019-09-02 07:59:59.999,26958422.39397735,28806,1074.82141500,10479563.61162831,0
2019-09-02 08:00:00,9747.20000000,9846.00000000,9735.00000000,9827.91000000,4876.65268500,2019-09-02 11:59:59.999,47708519.74568758,42542,2916.74143800,28540883.12279365,0
2019-09-02 12:00:00,9826.27000000,9953.99000000,9776.07000000,9879.00000000,7331.68894100,2019-09-02 15:59:59.999,72376417.57192200,60913,3929.80193800,38796686.84177838,0
2019-09-02 16:00:00,9879.00000000,10184.62000000,9878.56000000,10163.68000000,10404.90010700,2019-09-02 19:59:59.999,104668917.47213228,79322,5904.71622100,59395115.84693440,0
2019-09-02 20:00:00,10163.64000000,10450.00000000,10157.58000000,10340.00000000,13607.57948500,2019-09-02 23:59:59.999,140707807.42227242,104438,7585.61773700,78412759.71636503,0
2019-09-03 00:00:00,10340.00000000,10475.00000000,10282.01000000,10385.00000000,5972.10005900,2019-09-03 03:59:59.999,61973312.99024214,62968,3446.59172600,35777166.06819431,0
2019-09-03 04:00:00,10385.33000000,10427.46000000,10353.02000000,10368.72000000,3804.40489700,2019-09-03 07:59:59.999,39499459.88750148,42789,1960.14652400,20355285.51233186,0
2019-09-03 08:00:00,10368.00000000,10475.00000000,10272.00000000,10424.50000000,7374.44883400,2019-09-03 11:59:59.999,76485200.18549839,62040,3655.18907300,37932151.85737989,0
2019-09-03 12:00:00,10424.50000000,10773.00000000,10394.08000000,10687.23000000,18640.79040100,2019-09-03 15:59:59.999,197929296.46772016,126888,9542.64440300,101261492.44931288,0
2019-09-03 16:00:00,10684.69000000,10713.00000000,10592.02000000,10647.37000000,4865.15067900,2019-09-03 19:59:59.999,51785528.72010276,52144,2575.68500700,27420454.92246334,0
2019-09-03 20:00:00,10646.29000000,10720.00000000,10468.06000000,10615.28000000,7341.48191100,2019-09-03 23:59:59.999,77944869.14820191,69247,3554.04653100,37741827.07844484,0
2019-09-04 00:00:00,10611.85000000,10650.00000000,10400.01000000,10604.74000000,6860.69635600,2019-09-04 03:59:59.999,72196737.06387446,62333,3465.28927700,36477704.85076437,0
2019-09-04 04:00:00,10603.92000000,10641.88000000,10531.02000000,10568.00000000,3686.13503600,2019-09-04 07:59:59.999,38985311.54069861,44776,1797.87037400,19015810.23257212,0
2019-09-04 08:00:00,10569.10000000,10578.86000000,10451.13000000,10523.84000000,5563.03955100,2019-09-04 11:59:59.999,58524925.06252614,54175,2822.29461700,29692793.30926667,0
2019-09-04 12:00:00,10520.96000000,10535.00000000,10369.89000000,10406.60000000,8538.27763800,2019-09-04 15:59:59.999,89028076.42363940,67434,4118.95582700,42957380.84060951,0
2019-09-04 16:00:00,10406.69000000,10712.00000000,10405.00000000,10695.23000000,10223.21937900,2019-09-04 19:59:59.999,108324634.03832355,76932,5851.50130800,62013551.48912747,0
2019-09-04 20:00:00,10698.81000000,10799.00000000,10485.07000000,10567.02000000,9072.52106600,2019-09-04 23:59:59.999,96466825.19687484,77807,4188.15625300,44574084.87970128,0
2019-09-05 00:00:00,10565.92000000,10575.20000000,10487.16000000,10550.37000000,4902.61428600,2019-09-05 03:59:59.999,51620023.84035609,47327,2084.50413700,21946741.36504854,0
2019-09-05 04:00:00,10550.00000000,10636.95000000,10511.00000000,10541.35000000,5120.67716300,2019-09-05 07:59:59.999,54108661.72117035,47789,2376.09488100,25117255.41609203,0
2019-09-05 08:00:00,10540.99000000,10648.00000000,10450.00000000,10568.10000000,8981.46873900,2019-09-05 11:59:59.999,94960481.48686766,64034,4044.21453000,42791135.09978308,0
2019-09-05 12:00:00,10567.51000000,10594.00000000,10511.00000000,10541.22000000,3703.96241000,2019-09-05 15:59:59.999,39083330.09985958,42789,1737.99991800,18341969.49322450,0
2019-09-05 16:00:00,10541.22000000,10900.00000000,10461.37000000,10533.00000000,7648.69186400,2019-09-05 19:59:59.999,80959206.60152094,66803,4688.17494700,49778274.18339497,0
2019-09-05 20:00:00,10532.94000000,10607.69000000,10491.36000000,10564.49000000,3613.54617700,2019-09-05 23:59:59.999,38129637.04001545,41104,1604.15939400,16925714.91583185,0
2019-09-06 00:00:00,10563.13000000,10698.00000000,10548.51000000,10639.64000000,7866.36047000,2019-09-06 03:59:59.999,83624826.27088136,54161,4013.24049100,42702411.68257711,0
2019-09-06 04:00:00,10639.61000000,10777.01000000,10637.11000000,10716.51000000,8697.10495600,2019-09-06 07:59:59.999,93101032.53963614,64062,5833.19903300,62439381.85402173,0
2019-09-06 08:00:00,10715.87000000,10880.00000000,10674.00000000,10834.87000000,8812.15830800,2019-09-06 11:59:59.999,94931564.77937032,68621,5171.60754000,55758964.50008644,0
2019-09-06 12:00:00,10834.37000000,10905.87000000,10666.00000000,10843.00000000,8453.75986000,2019-09-06 15:59:59.999,91554336.65123938,73060,4333.38924000,46952632.57582936,0
2019-09-06 16:00:00,10843.13000000,10857.84000000,10293.34000000,10372.75000000,16595.22801700,2019-09-06 19:59:59.999,174144719.87937085,122418,6350.32370500,66575532.75343641,0
2019-09-06 20:00:00,10374.17000000,10415.25000000,10150.00000000,10298.73000000,8375.02934800,2019-09-06 23:59:59.999,86306504.26383255,73012,4251.18441800,43846800.70682302,0
2019-09-07 00:00:00,10298.71000000,10380.81000000,10288.57000000,10333.84000000,3425.99971700,2019-09-07 03:59:59.999,35431625.04647407,37901,1682.30298800,17404826.83080739,0
2019-09-07 04:00:00,10334.63000000,10394.29000000,10301.11000000,10365.51000000,2971.76534000,2019-09-07 07:59:59.999,30755214.23723489,35178,1662.91036800,17213582.61325606,0
2019-09-07 08:00:00,10366.24000000,10476.06000000,10329.86000000,10417.10000000,6044.50286800,2019-09-07 11:59:59.999,62762627.81827420,46028,3922.43568300,40737690.90264895,0
2019-09-07 12:00:00,10417.12000000,10469.86000000,10367.75000000,10455.64000000,4042.54290000,2019-09-07 15:59:59.999,42081368.06326887,45047,2168.00410400,22574231.94916989,0
2019-09-07 16:00:00,10455.02000000,10558.00000000,10355.00000000,10465.72000000,8926.57237900,2019-09-07 19:59:59.999,93490484.94129027,75339,3997.84158100,41900390.66939763,0
2019-09-07 20:00:00,10465.76000000,10533.33000000,10450.00000000,10455.88000000,2226.49418800,2019-09-07 23:59:59.999,23329811.07371539,32518,1239.99449200,12995175.98552242,0
2019-09-08 00:00:00,10455.90000000,10559.01000000,10452.01000000,10541.40000000,2482.26958300,2019-09-08 03:59:59.999,26080819.39350015,30373,1200.82831800,12610580.23099856,0
2019-09-08 04:00:00,10542.56000000,10592.50000000,10502.00000000,10518.46000000,3048.09514900,2019-09-08 07:59:59.999,32135370.37151190,34521,1533.29430700,16166882.89589458,0
2019-09-08 08:00:00,10518.00000000,10528.68000000,10208.00000000,10387.00000000,8345.19220300,2019-09-08 11:59:59.999,86791344.12566739,59972,3225.39514200,33544716.27633124,0
2019-09-08 12:00:00,10386.98000000,10421.00000000,10353.79000000,10389.24000000,3316.82475400,2019-09-08 15:59:59.999,34459850.04723449,41850,1670.41795000,17353857.80423573,0
2019-09-08 16:00:00,10389.24000000,10430.08000000,10305.00000000,10340.06000000,3821.94220100,2019-09-08 19:59:59.999,39626553.40859461,39501,1402.41142900,14543495.33477534,0
2019-09-08 20:00:00,10340.39000000,10417.71000000,10320.98000000,10381.18000000,2970.34812800,2019-09-08 23:59:59.999,30807027.02502276,31535,1556.24531200,16150504.18325509,0
2019-09-09 00:00:00,10381.24000000,10404.74000000,10262.00000000,10298.96000000,3648.77030700,2019-09-09 03:59:59.999,37677426.87708569,36599,1603.28561300,16566237.35060068,0
2019-09-09 04:00:00,10300.22000000,10330.33000000,10090.00000000,10147.36000000,9273.78965200,2019-09-09 07:59:59.999,94959733.21422921,63198,2853.42975700,29199131.49561849,0
2019-09-09 08:00:00,10147.63000000,10480.00000000,10068.50000000,10413.26000000,10365.59282900,2019-09-09 11:59:59.999,106600286.26403527,81543,6461.64370000,66545316.29944881,0
2019-09-09 12:00:00,10413.28000000,10417.33000000,10290.00000000,10321.10000000,6192.23882600,2019-09-09 15:59:59.999,64082545.73185162,53020,2722.50135200,28192461.96693820,0
2019-09-09 16:00:00,10321.26000000,10338.14000000,10175.75000000,10312.70000000,5216.89774500,2019-09-09 19:59:59.999,53508858.68276198,49477,2413.88731800,24769396.26163206,0
2019-09-09 20:00:00,10311.44000000,10373.00000000,10211.00000000,10303.12000000,5138.43824900,2019-09-09 23:59:59.999,52895981.17715891,46622,2674.72494400,27542193.44923661,0
2019-09-10 00:00:00,10302.58000000,10384.99000000,10261.00000000,10309.98000000,4041.13092900,2019-09-10 03:59:59.999,41744019.77493540,44933,2257.29290900,23321085.12652110,0
2019-09-10 04:00:00,10310.75000000,10331.71000000,10225.00000000,10271.14000000,3511.71489400,2019-09-10 07:59:59.999,36075316.04155384,41255,1686.36023500,17326704.89700655,0
2019-09-10 08:00:00,10272.64000000,10290.00000000,10193.55000000,10252.38000000,3933.46787300,2019-09-10 11:59:59.999,40313882.24659953,43021,1877.99774700,19253131.99027966,0
2019-09-10 12:00:00,10251.22000000,10271.62000000,10161.51000000,10175.07000000,4591.68670100,2019-09-10 15:59:59.999,46901533.57317236,45019,1982.05417400,20249889.80887057,0
2019-09-10 16:00:00,10176.26000000,10238.26000000,9953.00000000,10026.31000000,7691.44421200,2019-09-10 19:59:59.999,77506352.79607510,63131,2864.21574900,28912165.24931578,0
2019-09-10 20:00:00,10025.60000000,10130.00000000,9996.36000000,10098.15000000,5145.96761600,2019-09-10 23:59:59.999,51782735.07467138,49404,2764.33600800,27813464.35122207,0
2019-09-11 00:00:00,10098.19000000,10293.00000000,10050.58000000,10093.04000000,5725.79243900,2019-09-11 03:59:59.999,58052750.55412617,52519,3387.23265200,34360870.89341995,0
2019-09-11 04:00:00,10093.35000000,10102.54000000,9880.00000000,10066.00000000,7516.31581900,2019-09-11 07:59:59.999,75216825.12454706,61284,3018.56097300,30231852.17021841,0
2019-09-11 08:00:00,10066.38000000,10141.98000000,9982.78000000,10068.05000000,4837.32161900,2019-09-11 11:59:59.999,48686394.05492607,47408,2858.12631700,28772172.25897090,0
2019-09-11 12:00:00,10063.07000000,10108.09000000,9973.25000000,9990.07000000,4463.58443300,2019-09-11 15:59:59.999,44768788.76726952,51454,2043.87021500,20505249.98471177,0
2019-09-11 16:00:00,9990.57000000,10126.00000000,9923.00000000,10074.46000000,5637.98959300,2019-09-11 19:59:59.999,56692637.75145075,54588,3200.94140500,32195832.18555087,0
2019-09-11 20:00:00,10074.50000000,10184.93000000,10063.04000000,10158.33000000,3772.82065900,2019-09-11 23:59:59.999,38219689.22418914,41867,2075.08153500,21020080.69493287,0
2019-09-12 00:00:00,10158.75000000,10205.22000000,10081.93000000,10114.07000000,4175.98726400,2019-09-12 03:59:59.999,42324952.42038546,42318,2274.39370100,23055814.93208997,0
2019-09-12 04:00:00,10113.60000000,10128.00000000,10040.00000000,10079.79000000,3510.41743100,2019-09-12 07:59:59.999,35367022.01430812,37783,1717.15511400,17303779.06852213,0
2019-09-12 08:00:00,10079.79000000,10189.92000000,10074.87000000,10170.47000000,5782.14149100,2019-09-12 11:59:59.999,58643947.95866082,52287,3080.14256100,31235705.69196158,0
2019-09-12 12:00:00,10169.45000000,10370.00000000,10168.97000000,10326.52000000,9578.44178100,2019-09-12 15:59:59.999,98446949.29075527,76770,5136.91657000,52806446.53736943,0
2019-09-12 16:00:00,10326.53000000,10350.00000000,10225.80000000,10300.63000000,4955.72263000,2019-09-12 19:59:59.999,51020482.64851187,51282,2386.71626300,24584417.10752338,0
2019-09-12 20:00:00,10301.57000000,10448.81000000,10299.49000000,10415.01000000,6508.45215800,2019-09-12 23:59:59.999,67586736.63515578,57441,3955.52899300,41080193.54955079,0
2019-09-13 00:00:00,10415.01000000,10439.00000000,10326.35000000,10364.02000000,3153.94131600,2019-09-13 03:59:59.999,32716615.66257492,37238,1814.37127800,18821140.43873695,0
2019-09-13 04:00:00,10364.32000000,10399.19000000,10266.66000000,10283.16000000,6830.83019400,2019-09-13 07:59:59.999,70409290.85549709,55265,4153.28047300,42799381.93071195,0
2019-09-13 08:00:00,10282.73000000,10327.20000000,10250.12000000,10305.45000000,5373.55385700,2019-09-13 11:59:59.999,55309703.30643202,59794,2803.22792900,28855610.72172842,0
2019-09-13 12:00:00,10306.84000000,10347.07000000,10266.82000000,10296.30000000,4230.01835200,2019-09-13 15:59:59.999,43581639.84366244,47261,2136.09010300,22011424.80450097,0
2019-09-13 16:00:00,10296.30000000,10312.36000000,10185.11000000,10210.60000000,5071.33367600,2019-09-13 19:59:59.999,51891905.94853039,52899,2518.80351400,25769671.41401744,0
2019-09-13 20:00:00,10210.59000000,10369.23000000,10153.00000000,10342.06000000,5620.66238100,2019-09-13 23:59:59.999,57722938.63949164,52490,3338.08136600,34304536.34337045,0
2019-09-14 00:00:00,10344.13000000,10354.94000000,10267.01000000,10281.22000000,2303.72444500,2019-09-14 03:59:59.999,23746127.97116063,29273,1384.28440200,14271913.30193371,0
2019-09-14 04:00:00,10281.20000000,10331.52000000,10261.12000000,10319.00000000,2263.43258900,2019-09-14 07:59:59.999,23299575.92364707,30799,1152.44039800,11864467.84551385,0
2019-09-14 08:00:00,10319.84000000,10348.00000000,10287.80000000,10293.45000000,2831.79272300,2019-09-14 11:59:59.999,29199344.88238443,36673,1520.99765800,15684717.21362398,0
2019-09-14 12:00:00,10293.69000000,10399.00000000,10222.33000000,10356.32000000,7303.27797900,2019-09-14 15:59:59.999,75355184.53262238,68751,4132.93962300,42667961.02028747,0
2019-09-14 16:00:00,10357.78000000,10400.00000000,10325.25000000,10363.73000000,5114.83546500,2019-09-14 19:59:59.999,53020742.37942847,48104,2972.26013500,30811735.52438510,0
2019-09-14 20:00:00,10363.73000000,10419.99000000,10310.00000000,10335.02000000,3804.47031800,2019-09-14 23:59:59.999,39442031.40098176,40329,2333.06447500,24190616.35998513,0
2019-09-15 00:00:00,10332.81000000,10360.00000000,10289.45000000,10303.36000000,2600.20748900,2019-09-15 03:59:59.999,26829485.25745026,32708,1177.45139900,12152531.86608871,0
2019-09-15 04:00:00,10303.38000000,10328.75000000,10265.90000000,10308.42000000,2736.74218000,2019-09-15 07:59:59.999,28199276.62029023,30492,1250.52345000,12888083.77675668,0
2019-09-15 08:00:00,10307.84000000,10322.00000000,10270.00000000,10298.02000000,3357.64235600,2019-09-15 11:59:59.999,34564607.24637134,32727,1384.53830700,14258090.61883095,0
2019-09-15 12:00:00,10297.51000000,10325.11000000,10252.15000000,10307.97000000,4773.04061000,2019-09-15 15:59:59.999,49083781.18821338,44117,2038.75094200,20971798.62710102,0
2019-09-15 16:00:00,10307.12000000,10332.45000000,10280.00000000,10295.88000000,2909.66068500,2019-09-15 19:59:59.999,29978586.82843810,31774,1640.03997100,16897754.43482133,0
2019-09-15 20:00:00,10295.41000000,10317.96000000,10265.23000000,10302.01000000,1670.36069300,2019-09-15 23:59:59.999,17197593.29627925,22915,730.49898600,7522377.56196053,0
2019-09-16 00:00:00,10303.34000000,10355.00000000,10300.01000000,10301.76000000,3831.40433300,2019-09-16 03:59:59.999,39589157.92810004,42115,2203.18801900,22768071.75853343,0
2019-09-16 04:00:00,10302.09000000,10326.50000000,10280.00000000,10302.25000000,2970.02408500,2019-09-16 07:59:59.999,30610173.63543677,30965,1138.06150700,11728805.53860499,0
2019-09-16 08:00:00,10302.43000000,10317.22000000,10275.00000000,10283.79000000,2609.72029000,2019-09-16 11:59:59.999,26880194.94307520,31724,1138.89933600,11731672.67616647,0
2019-09-16 12:00:00,10282.40000000,10282.41000000,10112.15000000,10117.49000000,10766.75517100,2019-09-16 15:59:59.999,109416968.12602018,78479,4072.11355700,41359549.17366766,0
2019-09-16 16:00:00,10119.73000000,10161.99000000,10078.00000000,10121.39000000,3219.03937800,2019-09-16 19:59:59.999,32607488.50082724,36739,1513.20590200,15333832.97975568,0
2019-09-16 20:00:00,10121.39000000,10330.00000000,10120.00000000,10251.31000000,5574.45840000,2019-09-16 23:59:59.999,57221147.03744189,54346,3319.83393200,34086775.75991710,0
2019-09-17 00:00:00,10249.68000000,10262.42000000,10169.51000000,10225.30000000,2438.05982100,2019-09-17 03:59:59.999,24910815.51573955,33931,1151.12799800,11761649.73090622,0
2019-09-17 04:00:00,10223.76000000,10232.15000000,10165.00000000,10203.61000000,3230.91115200,2019-09-17 07:59:59.999,32953946.00327582,39154,1472.04554700,15013414.70813829,0
2019-09-17 08:00:00,10203.09000000,10206.48000000,10128.01000000,10162.88000000,3705.27959100,2019-09-17 11:59:59.999,37680747.19904483,42123,1813.71135400,18445659.90673220,0
2019-09-17 12:00:00,10162.84000000,10245.00000000,10151.80000000,10200.60000000,5136.17890800,2019-09-17 15:59:59.999,52406506.70428046,59672,2451.22647200,25011712.59660051,0
2019-09-17 16:00:00,10201.43000000,10265.07000000,10199.03000000,10257.94000000,4441.34758200,2019-09-17 19:59:59.999,45470386.20774522,59077,2292.61033500,23473859.78224068,0
2019-09-17 20:00:00,10257.94000000,10275.00000000,10169.00000000,10187.82000000,3962.54750900,2019-09-17 23:59:59.999,40522410.93042211,53526,2014.70896700,20607999.48110718,0
2019-09-18 00:00:00,10187.48000000,10258.02000000,10182.28000000,10206.44000000,3584.87190400,2019-09-18 03:59:59.999,36646876.71231235,49812,2000.96754900,20457697.24409330,0
2019-09-18 04:00:00,10205.98000000,10229.00000000,10186.86000000,10199.92000000,3089.84443200,2019-09-18 07:59:59.999,31532075.24961244,41249,1609.33417400,16423393.48391716,0
2019-09-18 08:00:00,10199.97000000,10200.00000000,10150.00000000,10158.90000000,4852.94930500,2019-09-18 11:59:59.999,49378827.39741652,52769,2054.80175600,20913009.39256958,0
2019-09-18 12:00:00,10156.86000000,10215.99000000,10100.00000000,10173.40000000,6444.07012600,2019-09-18 15:59:59.999,65532978.70509928,70708,3067.83032300,31217785.26824041,0
2019-09-18 16:00:00,10173.34000000,10210.00000000,10132.01000000,10171.84000000,3477.73609300,2019-09-18 19:59:59.999,35420437.83936575,46322,1703.49790400,17355204.10449591,0
2019-09-18 20:00:00,10172.17000000,10210.00000000,10137.77000000,10156.99000000,2800.77744300,2019-09-18 23:59:59.999,28513155.69418537,38606,1316.67740500,13410209.36592422,0
2019-09-19 00:00:00,10156.41000000,10185.40000000,9653.00000000,9823.81000000,13650.47049400,2019-09-19 03:59:59.999,135316015.08869873,116133,5243.59728400,52002935.78190267,0
2019-09-19 04:00:00,9822.70000000,9919.01000000,9777.00000000,9875.49000000,6144.11324700,2019-09-19 07:59:59.999,60521385.76185390,61961,3067.06219200,30210125.56188463,0
2019-09-19 08:00:00,9874.15000000,9898.28000000,9813.73000000,9857.56000000,3853.84677900,2019-09-19 11:59:59.999,38014627.64703022,48493,1873.41912500,18479216.79420468,0
2019-09-19 12:00:00,9857.56000000,9896.44000000,9847.74000000,9882.00000000,3021.71910300,2019-09-19 15:59:59.999,29816677.07282208,42432,1551.54076800,15310479.44081728,0
2019-09-19 16:00:00,9882.01000000,10100.00000000,9875.00000000,10086.42000000,8579.02680200,2019-09-19 19:59:59.999,85943998.61601374,80909,4801.78274600,48103131.41971277,0
2019-09-19 20:00:00,10086.41000000,10325.00000000,10086.41000000,10244.29000000,9577.10615400,2019-09-19 23:59:59.999,98063788.79760768,79799,6085.88564800,62298520.68384507,0
2019-09-20 00:00:00,10243.70000000,10281.00000000,10151.00000000,10213.72000000,4630.80170400,2019-09-20 03:59:59.999,47318692.39406913,51755,2642.66373000,27000317.78922232,0
2019-09-20 04:00:00,10214.08000000,10223.81000000,10150.00000000,10157.22000000,2988.12780900,2019-09-20 07:59:59.999,30409876.94791296,38888,1313.32360800,13369054.09643328,0
2019-09-20 08:00:00,10157.25000000,10189.50000000,10125.00000000,10172.75000000,4015.39880500,2019-09-20 11:59:59.999,40766403.01350942,40158,1703.72749300,17298665.56504610,0
2019-09-20 12:00:00,10173.82000000,10231.00000000,10140.00000000,10179.82000000,6359.42030700,2019-09-20 15:59:59.999,64775218.88785909,54151,3380.51118200,34445600.54364377,0
2019-09-20 16:00:00,10181.15000000,10189.42000000,10061.39000000,10161.53000000,4637.51193200,2019-09-20 19:59:59.999,47011418.78123941,47047,1810.59361500,18364777.43866729,0
2019-09-20 20:00:00,10161.35000000,10187.00000000,10066.66000000,10168.59000000,2457.23051200,2019-09-20 23:59:59.999,24923680.18724726,35033,1203.56526000,12208825.17217590,0
2019-09-21 00:00:00,10167.92000000,10176.70000000,10115.54000000,10125.64000000,1855.57009700,2019-09-21 03:59:59.999,18831236.55057869,30632,964.39614000,9787345.37850441,0
2019-09-21 04:00:00,10126.86000000,10127.57000000,9957.00000000,10081.42000000,4847.07922500,2019-09-21 07:59:59.999,48774253.85693392,50973,1952.36669600,19657270.40501674,0
2019-09-21 08:00:00,10081.47000000,10082.73000000,9982.01000000,10046.56000000,4751.02878100,2019-09-21 11:59:59.999,47619075.23375713,47282,2261.01187600,22658029.73770711,0
2019-09-21 12:00:00,10046.58000000,10072.51000000,9900.00000000,10037.09000000,4496.20776100,2019-09-21 15:59:59.999,44907278.20209873,48856,1904.27469900,19030623.96499991,0
2019-09-21 16:00:00,10038.43000000,10058.38000000,9960.00000000,10016.73000000,2198.91323400,2019-09-21 19:59:59.999,21985212.70265896,35196,1118.41693600,11183113.77515425,0
2019-09-21 20:00:00,10016.98000000,10026.41000000,9941.80000000,9986.39000000,2395.37609800,2019-09-21 23:59:59.999,23916977.96200771,32500,1085.38513200,10836598.03096224,0
2019-09-22 00:00:00,9985.15000000,10004.33000000,9861.55000000,9873.17000000,3997.09059600,2019-09-22 03:59:59.999,39675719.49872654,45846,1731.72977800,17189095.48181098,0
2019-09-22 04:00:00,9872.77000000,10053.84000000,9853.97000000,10026.57000000,3478.40742700,2019-09-22 07:59:59.999,34601963.88879873,42581,1976.67502000,19669520.36579183,0
2019-09-22 08:00:00,10026.43000000,10089.00000000,9975.35000000,10003.44000000,3532.11080200,2019-09-22 11:59:59.999,35414489.21836202,39438,1964.69046900,19703933.05881334,0
2019-09-22 12:00:00,10003.44000000,10058.79000000,9925.50000000,9990.64000000,3560.78328300,2019-09-22 15:59:59.999,35587715.64888408,40953,1674.80936400,16743806.43609407,0
2019-09-22 16:00:00,9989.87000000,10029.13000000,9945.61000000,9990.04000000,5122.74608000,2019-09-22 19:59:59.999,51197466.47313183,50826,2534.26687600,25330891.18421990,0
2019-09-22 20:00:00,9989.45000000,10075.77000000,9982.32000000,10028.87000000,2358.13706800,2019-09-22 23:59:59.999,23656276.88493850,34069,1318.44041400,13227470.60567451,0
2019-09-23 00:00:00,10028.05000000,10049.99000000,9942.55000000,9980.27000000,3426.97114400,2019-09-23 03:59:59.999,34216017.80081992,38263,1556.69860800,15548574.01119090,0
2019-09-23 04:00:00,9980.84000000,9990.98000000,9866.00000000,9908.94000000,3782.09600700,2019-09-23 07:59:59.999,37547330.09949755,41273,1577.93316700,15667081.35711841,0
2019-09-23 08:00:00,9908.94000000,9971.81000000,9904.01000000,9915.08000000,2822.05631300,2019-09-23 11:59:59.999,28055284.72465069,34327,1331.19121500,13235709.20319570,0
2019-09-23 12:00:00,9916.35000000,9955.00000000,9711.00000000,9867.01000000,8400.12512800,2019-09-23 15:59:59.999,82861443.25333471,77568,4027.85303400,39764776.86115072,0
2019-09-23 16:00:00,9867.32000000,9884.96000000,9776.00000000,9806.08000000,4216.32678500,2019-09-23 19:59:59.999,41391454.18307145,50176,2088.59067200,20504742.97710458,0
2019-09-23 20:00:00,9806.19000000,9840.00000000,9615.77000000,9702.25000000,9289.65697900,2019-09-23 23:59:59.999,90319054.56508700,91210,4357.84580000,42387884.13481914,0
2019-09-24 00:00:00,9702.20000000,9794.99000000,9604.00000000,9719.98000000,4614.60987800,2019-09-24 03:59:59.999,44827843.09757129,51967,2186.00577100,21243088.70740932,0
2019-09-24 04:00:00,9719.99000000,9792.00000000,9686.83000000,9755.74000000,2980.43242300,2019-09-24 07:59:59.999,29046305.05413983,37883,1380.42556800,13453029.03055737,0
2019-09-24 08:00:00,9755.88000000,9771.64000000,9681.00000000,9726.04000000,4092.32625600,2019-09-24 11:59:59.999,39828141.31159959,49885,2074.59429100,20192938.72714997,0
2019-09-24 12:00:00,9726.04000000,9730.42000000,9410.00000000,9527.31000000,14694.77843200,2019-09-24 15:59:59.999,140562323.10024283,122078,6635.81628300,63501965.16440814,0
2019-09-24 16:00:00,9529.38000000,9603.08000000,7800.00000000,8367.78000000,40545.00409800,2019-09-24 19:59:59.999,354379831.06615935,276058,16601.55801500,145176065.99012391,0
2019-09-24 20:00:00,8362.08000000,8765.00000000,8128.00000000,8493.14000000,27080.19411600,2019-09-24 23:59:59.999,230351865.53141531,210841,14107.85319900,120040994.94898294,0
2019-09-25 00:00:00,8497.55000000,8730.00000000,8490.47000000,8565.61000000,9135.85861200,2019-09-25 03:59:59.999,78822970.72215852,91284,4773.69922600,41175602.41542791,0
2019-09-25 04:00:00,8565.61000000,8590.00000000,8310.00000000,8328.16000000,11001.20226700,2019-09-25 07:59:59.999,93024261.05198177,93387,5219.67647300,44147040.48361801,0
2019-09-25 08:00:00,8328.16000000,8460.00000000,8215.64000000,8326.64000000,12150.83142300,2019-09-25 11:59:59.999,101342172.27968128,104384,5990.80817500,49976117.19480816,0
2019-09-25 12:00:00,8324.15000000,8455.00000000,8240.70000000,8299.95000000,10258.58658700,2019-09-25 15:59:59.999,85818376.15927750,94018,5122.42612300,42861320.86300425,0
2019-09-25 16:00:00,8299.94000000,8412.00000000,8230.00000000,8348.64000000,8202.05393100,2019-09-25 19:59:59.999,68391003.39112810,69572,4104.23406000,34226090.29242090,0
2019-09-25 20:00:00,8349.89000000,8629.96000000,8328.00000000,8430.05000000,10035.35943800,2019-09-25 23:59:59.999,85038416.75687723,92161,5278.62793700,44731883.29975438,0
2019-09-26 00:00:00,8430.05000000,8444.30000000,8317.47000000,8361.42000000,4183.36276500,2019-09-26 03:59:59.999,35050587.24187822,49989,2168.00101400,18165663.95423972,0
2019-09-26 04:00:00,8362.32000000,8432.21000000,8335.00000000,8378.98000000,3924.31458500,2019-09-26 07:59:59.999,32921489.10557985,45983,1951.86531000,16373690.99234099,0
2019-09-26 08:00:00,8379.62000000,8465.99000000,8365.81000000,8386.35000000,5661.10512700,2019-09-26 11:59:59.999,47666372.28431924,52167,2859.67694300,24079825.61666479,0
2019-09-26 12:00:00,8386.39000000,8439.99000000,7849.99000000,7920.00000000,24454.59032400,2019-09-26 15:59:59.999,200263246.34896241,157265,11609.32335300,95195600.98392121,0
2019-09-26 16:00:00,7920.08000000,8165.53000000,7750.00000000,8131.00000000,23523.70047200,2019-09-26 19:59:59.999,186905030.31001862,159606,11750.92732400,93479445.23631481,0
2019-09-26 20:00:00,8131.99000000,8159.00000000,8003.64000000,8063.73000000,6183.78047600,2019-09-26 23:59:59.999,49987805.57592365,57052,3023.71970600,24434552.91606399,0
2019-09-27 00:00:00,8063.49000000,8096.07000000,7912.95000000,8022.87000000,5497.58831800,2019-09-27 03:59:59.999,43985634.38318386,52548,2703.02442700,21629992.23091051,0
2019-09-27 04:00:00,8022.47000000,8087.06000000,7953.08000000,8057.51000000,5567.16517200,2019-09-27 07:59:59.999,44657186.18755868,53100,2993.52241800,24007758.02302478,0
2019-09-27 08:00:00,8057.51000000,8130.00000000,7947.00000000,7987.65000000,7057.80265700,2019-09-27 11:59:59.999,56751744.94505018,59296,3568.20656900,28698219.97370206,0
2019-09-27 12:00:00,7988.18000000,8100.00000000,7852.15000000,7981.71000000,10097.51601200,2019-09-27 15:59:59.999,80551708.17977236,78587,5257.41900700,41964995.87949088,0
2019-09-27 16:00:00,7978.53000000,8063.75000000,7932.18000000,7991.24000000,6428.07841300,2019-09-27 19:59:59.999,51523655.33045161,50920,3494.49595600,28014838.19864907,0
2019-09-27 20:00:00,7991.65000000,8265.00000000,7977.00000000,8177.91000000,9234.77405300,2019-09-27 23:59:59.999,75330816.18191188,75067,5208.19275800,42474828.73068455,0
2019-09-28 00:00:00,8177.47000000,8211.79000000,8120.02000000,8163.49000000,3777.48219100,2019-09-28 03:59:59.999,30849774.98082691,41705,2007.41907000,16396056.67558797,0
2019-09-28 04:00:00,8166.62000000,8237.41000000,8140.05000000,8213.24000000,3752.17232700,2019-09-28 07:59:59.999,30677199.74497752,38546,2040.12480700,16680698.39675326,0
2019-09-28 08:00:00,8215.44000000,8249.00000000,8121.00000000,8134.89000000,5512.55954300,2019-09-28 11:59:59.999,45087320.46055642,46510,2742.42190700,22435371.07492730,0
2019-09-28 12:00:00,8134.89000000,8138.39000000,8001.09000000,8069.47000000,8892.08373700,2019-09-28 15:59:59.999,71779605.32509768,71359,4794.45459200,38704963.56681366,0
2019-09-28 16:00:00,8067.54000000,8183.90000000,8040.00000000,8146.83000000,4709.19600100,2019-09-28 19:59:59.999,38226279.60574550,51082,2447.94261400,19868503.46624384,0
2019-09-28 20:00:00,8146.83000000,8315.00000000,8060.02000000,8198.81000000,7830.11136600,2019-09-28 23:59:59.999,64052224.56329145,69911,4182.67687300,34240592.13967941,0
2019-09-29 00:00:00,8199.38000000,8229.13000000,8120.31000000,8132.03000000,3231.79168300,2019-09-29 03:59:59.999,26422293.58732277,32244,1643.90739700,13443880.52822541,0
2019-09-29 04:00:00,8130.04000000,8143.43000000,8040.00000000,8086.51000000,4088.94042700,2019-09-29 07:59:59.999,33104047.14987419,44455,2045.56570700,16563673.73731271,0
2019-09-29 08:00:00,8086.59000000,8116.00000000,8031.25000000,8074.16000000,4063.49346200,2019-09-29 11:59:59.999,32828271.79455859,45315,1929.46627900,15590926.10762118,0
2019-09-29 12:00:00,8073.86000000,8078.00000000,7890.00000000,7965.57000000,9026.33048900,2019-09-29 15:59:59.999,72088505.89112737,78678,3956.67755700,31598547.60851134,0
2019-09-29 16:00:00,7965.56000000,8035.00000000,7917.84000000,7950.69000000,5451.17599500,2019-09-29 19:59:59.999,43515422.75088768,65475,2578.34912500,20584667.57789383,0
2019-09-29 20:00:00,7953.09000000,8131.03000000,7918.98000000,8043.82000000,5682.47933200,2019-09-29 23:59:59.999,45702059.15152228,56334,3353.43471600,26982554.61618985,0
2019-09-30 00:00:00,8043.04000000,8056.55000000,7955.00000000,7972.13000000,4288.23437400,2019-09-30 03:59:59.999,34296370.79496893,43593,2350.33709100,18800341.83557330,0
2019-09-30 04:00:00,7972.11000000,7975.00000000,7710.00000000,7794.42000000,13875.23061500,2019-09-30 07:59:59.999,108380048.81708593,105648,6519.62375200,50913153.69776500,0
2019-09-30 08:00:00,7794.74000000,8099.00000000,7775.02000000,8031.30000000,11610.30583100,2019-09-30 11:59:59.999,92506837.59382704,95146,5938.27011300,47288131.71361403,0
2019-09-30 12:00:00,8033.33000000,8300.00000000,7982.56000000,8283.85000000,14239.03181600,2019-09-30 15:59:59.999,116238399.27957607,105599,8147.21782200,66516665.74597878,0
2019-09-30 16:00:00,8284.01000000,8337.26000000,8188.00000000,8269.53000000,6885.22879300,2019-09-30 19:59:59.999,56860402.18765098,56016,3492.44972600,28856069.55308641,0
2019-09-30 20:00:00,8269.34000000,8295.00000000,8163.36000000,8289.34000000,4967.45583100,2019-09-30 23:59:59.999,40838618.16965139,49554,2604.11244700,21408745.68567556,0
2019-10-01 00:00:00,8289.97000000,8500.00000000,8173.05000000,8396.93000000,10502.36160400,2019-10-01 03:59:59.999,87706354.92740040,82626,5858.86887600,48921442.93540147,0
2019-10-01 04:00:00,8397.21000000,8470.50000000,8340.74000000,8407.12000000,5473.65470000,2019-10-01 07:59:59.999,45994056.98919624,50678,2757.49659400,23171538.01369214,0
2019-10-01 08:00:00,8405.87000000,8412.72000000,8282.06000000,8353.42000000,5818.75668500,2019-10-01 11:59:59.999,48503504.46856570,55803,2984.34428100,24878656.80840243,0
2019-10-01 12:00:00,8353.35000000,8428.02000000,8270.22000000,8365.50000000,7302.72888500,2019-10-01 15:59:59.999,60901352.15135994,67149,3816.19344400,31829934.54692556,0
2019-10-01 16:00:00,8365.87000000,8497.00000000,8225.38000000,8302.60000000,10394.20859000,2019-10-01 19:59:59.999,86742590.95475956,87469,5048.64003000,42169595.32677643,0
2019-10-01 20:00:00,8302.60000000,8399.00000000,8265.08000000,8292.44000000,3987.87695600,2019-10-01 23:59:59.999,33193000.50880573,43987,2054.61257900,17104031.34448985,0
2019-10-02 00:00:00,8292.67000000,8330.00000000,8205.00000000,8244.94000000,3513.17026900,2019-10-02 03:59:59.999,29037202.23637852,37550,1691.51100300,13986106.29612986,0
2019-10-02 04:00:00,8244.48000000,8258.90000000,8151.22000000,8204.36000000,5431.11461800,2019-10-02 07:59:59.999,44541424.20071230,47893,2676.82460600,21952998.04482704,0
2019-10-02 08:00:00,8204.36000000,8289.00000000,8202.00000000,8269.04000000,3589.98198900,2019-10-02 11:59:59.999,29602829.65638048,38734,1913.83293900,15780502.36526537,0
2019-10-02 12:00:00,8268.67000000,8300.00000000,8187.29000000,8239.98000000,5103.22089400,2019-10-02 15:59:59.999,42013273.39234282,51016,2743.01059100,22585262.41691378,0
2019-10-02 16:00:00,8239.98000000,8271.00000000,8182.15000000,8257.26000000,4191.11819500,2019-10-02 19:59:59.999,34496760.29765265,43138,2161.36714000,17791528.02611762,0
2019-10-02 20:00:00,8257.05000000,8373.91000000,8213.08000000,8359.94000000,4414.78067900,2019-10-02 23:59:59.999,36633862.07517784,43099,2465.81457100,20471859.98437774,0
2019-10-03 00:00:00,8360.00000000,8393.00000000,8307.77000000,8327.52000000,3420.08206100,2019-10-03 03:59:59.999,28521864.29482507,36140,1812.79147900,15115581.57656446,0
2019-10-03 04:00:00,8327.65000000,8367.57000000,8241.00000000,8261.43000000,3962.98125000,2019-10-03 07:59:59.999,32865708.27073928,39435,1927.80404300,15996584.66567503,0
2019-10-03 08:00:00,8261.43000000,8299.24000000,8185.38000000,8217.02000000,4983.18503900,2019-10-03 11:59:59.999,41059690.07615782,41686,2358.91635200,19442166.69985158,0
2019-10-03 12:00:00,8218.66000000,8247.40000000,8060.00000000,8108.14000000,8189.80399000,2019-10-03 15:59:59.999,66676511.12736960,66224,3772.07513400,30716924.89507776,0
2019-10-03 16:00:00,8108.98000000,8210.00000000,8088.00000000,8146.04000000,5580.49732700,2019-10-03 19:59:59.999,45486507.94990358,51672,2905.90814900,23687242.46749627,0
2019-10-03 20:00:00,8145.01000000,8280.00000000,8115.00000000,8223.96000000,4351.73439100,2019-10-03 23:59:59.999,35681469.55241855,46150,2543.91237800,20867956.78785543,0
2019-10-04 00:00:00,8224.43000000,8232.41000000,8050.00000000,8104.53000000,6016.26544800,2019-10-04 03:59:59.999,48849122.43244843,49893,2684.29820800,21801892.92910391,0
2019-10-04 04:00:00,8104.81000000,8148.00000000,8005.00000000,8138.69000000,5040.55289000,2019-10-04 07:59:59.999,40769292.09365265,50883,2264.63631600,18326187.86165830,0
2019-10-04 08:00:00,8136.98000000,8178.96000000,8084.18000000,8151.40000000,4391.47311600,2019-10-04 11:59:59.999,35696794.70909031,42413,2254.64189700,18331691.10996626,0
2019-10-04 12:00:00,8150.59000000,8186.36000000,8122.00000000,8148.00000000,3895.22298300,2019-10-04 15:59:59.999,31740851.04411948,39497,2102.68287700,17134631.96917992,0
2019-10-04 16:00:00,8147.13000000,8207.77000000,8125.00000000,8183.50000000,4368.21289000,2019-10-04 19:59:59.999,35691775.16181135,40910,2422.50676300,19796432.50100600,0
2019-10-04 20:00:00,8183.90000000,8217.47000000,8130.02000000,8137.13000000,2764.60307700,2019-10-04 23:59:59.999,22577776.24109285,35416,1508.04419400,12317397.37483345,0
2019-10-05 00:00:00,8137.09000000,8149.99000000,8093.99000000,8137.83000000,3153.24720400,2019-10-05 03:59:59.999,25599004.27586620,36214,1494.46217600,12134938.53006010,0
2019-10-05 04:00:00,8137.81000000,8145.00000000,8091.72000000,8108.00000000,2213.32923300,2019-10-05 07:59:59.999,17969823.86128080,29250,1057.13370400,8583289.83401600,0
2019-10-05 08:00:00,8108.69000000,8112.48000000,8070.00000000,8081.75000000,3282.84800600,2019-10-05 11:59:59.999,26550020.74695410,39138,1558.10610500,12602730.45081903,0
2019-10-05 12:00:00,8081.20000000,8091.47000000,8012.98000000,8082.93000000,6066.96880900,2019-10-05 15:59:59.999,48860237.20914655,50125,2748.13623800,22130268.09383574,0
2019-10-05 16:00:00,8079.05000000,8100.00000000,8031.00000000,8066.36000000,2944.77379800,2019-10-05 19:59:59.999,23754272.73314302,36897,1452.95944100,11721343.73235734,0
2019-10-05 20:00:00,8066.07000000,8183.41000000,8058.33000000,8126.19000000,4246.44851400,2019-10-05 23:59:59.999,34519518.17657842,46145,2309.27215800,18771273.20281273,0
2019-10-06 00:00:00,8127.55000000,8153.87000000,8011.68000000,8042.99000000,3808.08568000,2019-10-06 03:59:59.999,30724696.34482354,41063,1767.78333200,14267038.78183856,0
2019-10-06 04:00:00,8042.97000000,8077.60000000,7910.00000000,7963.17000000,5638.95180900,2019-10-06 07:59:59.999,45045438.31514244,51499,2580.04653700,20612248.24299120,0
2019-10-06 08:00:00,7963.11000000,7965.00000000,7860.00000000,7941.91000000,5807.16535000,2019-10-06 11:59:59.999,45995773.59405245,54238,2916.43601600,23102577.55225511,0
2019-10-06 12:00:00,7942.72000000,8050.00000000,7861.01000000,8009.85000000,7112.03599400,2019-10-06 15:59:59.999,56578282.42808416,66858,3646.56991100,29012673.14344650,0
2019-10-06 16:00:00,8008.52000000,8026.77000000,7785.00000000,7892.11000000,8061.90373900,2019-10-06 19:59:59.999,63672941.04661777,67948,3414.22650700,26998403.70479804,0
2019-10-06 20:00:00,7889.06000000,7925.00000000,7800.52000000,7854.25000000,4247.96147700,2019-10-06 23:59:59.999,33430766.30415465,44189,2112.24783800,16626889.20823921,0
2019-10-07 00:00:00,7855.30000000,7907.86000000,7762.00000000,7864.91000000,6515.95108600,2019-10-07 03:59:59.999,51012634.79026369,60671,3306.97246700,25898613.34932019,0
2019-10-07 04:00:00,7864.96000000,7888.09000000,7801.41000000,7866.88000000,3975.97488100,2019-10-07 07:59:59.999,31181044.50566237,45058,1879.84931600,14746812.54742057,0
2019-10-07 08:00:00,7867.20000000,8060.00000000,7866.52000000,7984.80000000,11364.57897400,2019-10-07 11:59:59.999,90514864.41552035,102622,6169.09218300,49131776.49841243,0
2019-10-07 12:00:00,7984.78000000,8224.44000000,7983.59000000,8176.93000000,14898.33994300,2019-10-07 15:59:59.999,121167494.04442205,116233,8650.00035200,70333534.96802498,0
2019-10-07 16:00:00,8177.23000000,8299.92000000,8133.51000000,8211.00000000,10475.80292800,2019-10-07 19:59:59.999,86230026.40297165,97910,5575.78913600,45899359.35503537,0
2019-10-07 20:00:00,8211.00000000,8255.44000000,8175.37000000,8190.09000000,4971.42448500,2019-10-07 23:59:59.999,40815615.68542304,60111,2506.94625000,20582204.92560803,0
2019-10-08 00:00:00,8190.82000000,8325.00000000,8186.45000000,8258.79000000,6246.83231100,2019-10-08 03:59:59.999,51586225.32172600,71226,3142.55359800,25956532.17151853,0
2019-10-08 04:00:00,8258.75000000,8290.18000000,8194.00000000,8202.82000000,5410.03554400,2019-10-08 07:59:59.999,44530656.89093047,61386,2438.94443800,20079574.18944586,0
2019-10-08 08:00:00,8202.38000000,8219.98000000,8126.81000000,8179.00000000,7759.33314400,2019-10-08 11:59:59.999,63404618.87680501,73499,3537.59770100,28909984.95696828,0
2019-10-08 12:00:00,8179.01000000,8246.00000000,8130.00000000,8185.81000000,6361.30654200,2019-10-08 15:59:59.999,52127739.89175311,70464,3152.52567400,25840516.97483026,0
2019-10-08 16:00:00,8185.37000000,8210.00000000,8157.07000000,8163.38000000,4896.93719900,2019-10-08 19:59:59.999,40042308.47142339,58145,2226.92110400,18212865.36483629,0
2019-10-08 20:00:00,8166.59000000,8210.00000000,8088.75000000,8168.39000000,4778.21268300,2019-10-08 23:59:59.999,38983698.68880732,60965,2395.19462500,19551880.51798012,0
2019-10-09 00:00:00,8170.79000000,8203.70000000,8116.82000000,8119.76000000,3806.36422100,2019-10-09 03:59:59.999,31065722.63107414,52502,1794.42093000,14649266.45914861,0
2019-10-09 04:00:00,8119.70000000,8195.98000000,8115.00000000,8179.60000000,4043.40747000,2019-10-09 07:59:59.999,32973756.14984204,55015,2100.96829400,17132628.01911544,0
2019-10-09 08:00:00,8178.66000000,8239.00000000,8156.95000000,8185.90000000,6637.89700100,2019-10-09 11:59:59.999,54380769.96483490,71391,3486.67522300,28568042.34787152,0
2019-10-09 12:00:00,8185.88000000,8663.92000000,8160.00000000,8550.00000000,22235.71012900,2019-10-09 15:59:59.999,187232330.01916712,174133,12421.87224300,104575088.80091297,0
2019-10-09 16:00:00,8552.46000000,8670.00000000,8483.42000000,8581.98000000,13075.48451400,2019-10-09 19:59:59.999,112256484.27666164,117827,6625.89245100,56891947.52596477,0
2019-10-09 20:00:00,8579.75000000,8618.19000000,8524.00000000,8560.74000000,5239.84104300,2019-10-09 23:59:59.999,44936188.77203041,66937,2782.04254900,23861441.67627690,0
2019-10-10 00:00:00,8562.15000000,8592.00000000,8484.30000000,8543.51000000,6332.48729600,2019-10-10 03:59:59.999,54105122.89232551,67282,3358.51269900,28697281.76822460,0
2019-10-10 04:00:00,8544.42000000,8644.00000000,8531.00000000,8613.73000000,6084.46752200,2019-10-10 07:59:59.999,52206267.91685919,57743,3349.35736600,28732922.83503968,0
2019-10-10 08:00:00,8614.73000000,8622.63000000,8462.00000000,8524.30000000,9236.16898000,2019-10-10 11:59:59.999,78785053.09555763,87391,5101.64494800,43520605.78533275,0
2019-10-10 12:00:00,8526.02000000,8555.40000000,8414.52000000,8540.69000000,8501.87869200,2019-10-10 15:59:59.999,72114646.67004937,80884,4203.95068000,35666994.36084330,0
2019-10-10 16:00:00,8540.73000000,8573.93000000,8482.20000000,8554.13000000,4585.89858600,2019-10-10 19:59:59.999,39104162.32989502,57684,2384.54971300,20333130.30821091,0
2019-10-10 20:00:00,8554.96000000,8589.81000000,8520.00000000,8558.03000000,4397.04509100,2019-10-10 23:59:59.999,37610159.39945508,55948,2189.69856500,18731912.75470022,0
2019-10-11 00:00:00,8557.82000000,8572.91000000,8475.00000000,8553.35000000,4760.44649100,2019-10-11 03:59:59.999,40549511.07078241,52836,2388.92754500,20351242.35357732,0
2019-10-11 04:00:00,8552.47000000,8779.51000000,8359.00000000,8387.69000000,20175.19621600,2019-10-11 07:59:59.999,171776374.14446276,140644,9643.83014900,82177999.13613266,0
2019-10-11 08:00:00,8387.69000000,8389.37000000,8261.54000000,8297.50000000,9339.15887300,2019-10-11 11:59:59.999,77891735.13292013,76476,4589.60798200,38275368.72724390,0
2019-10-11 12:00:00,8299.43000000,8360.00000000,8270.16000000,8343.47000000,6605.38790100,2019-10-11 15:59:59.999,54993847.98033201,73275,3475.10598600,28934013.23339467,0
2019-10-11 16:00:00,8343.00000000,8374.00000000,8277.77000000,8344.01000000,5117.82351800,2019-10-11 19:59:59.999,42615472.69406362,69726,2490.10070300,20740353.14899774,0
2019-10-11 20:00:00,8342.96000000,8357.79000000,8212.38000000,8258.50000000,4407.27141900,2019-10-11 23:59:59.999,36586260.51037127,58861,2030.44477000,16868933.37663054,0
2019-10-12 00:00:00,8257.95000000,8331.26000000,8250.00000000,8308.30000000,4055.67816900,2019-10-12 03:59:59.999,33658953.31601158,48569,2213.13496300,18364840.44224710,0
2019-10-12 04:00:00,8308.32000000,8358.99000000,8305.07000000,8338.62000000,3288.47024400,2019-10-12 07:59:59.999,27402797.19809736,45873,1736.71215400,14473813.25484725,0
2019-10-12 08:00:00,8338.66000000,8369.98000000,8291.00000000,8321.41000000,4247.66297900,2019-10-12 11:59:59.999,35382114.62901617,52569,2241.05943700,18669176.47307336,0
2019-10-12 12:00:00,8321.06000000,8400.00000000,8305.39000000,8372.42000000,4109.40434800,2019-10-12 15:59:59.999,34306923.22514245,50678,2455.34726700,20497330.21128536,0
2019-10-12 16:00:00,8372.44000000,8398.22000000,8285.00000000,8309.86000000,3837.11429700,2019-10-12 19:59:59.999,31965710.88290251,49986,1960.27800600,16334289.72205085,0
2019-10-12 20:00:00,8311.65000000,8345.34000000,8292.70000000,8300.09000000,1801.00406100,2019-10-12 23:59:59.999,14991353.34364881,32958,1037.89771700,8640470.29493027,0
2019-10-13 00:00:00,8301.98000000,8366.00000000,8276.33000000,8340.07000000,3067.39868200,2019-10-13 03:59:59.999,25556687.34993872,39808,1592.51687700,13271390.60539225,0
2019-10-13 04:00:00,8341.26000000,8356.72000000,8306.46000000,8321.08000000,2114.83392800,2019-10-13 07:59:59.999,17608687.48429988,35406,1144.34089800,9529796.71508944,0
2019-10-13 08:00:00,8319.70000000,8383.00000000,8316.15000000,8347.32000000,3676.95806600,2019-10-13 11:59:59.999,30673951.88852005,48465,2048.04485100,17085999.70265453,0
2019-10-13 12:00:00,8348.31000000,8439.32000000,8344.39000000,8403.80000000,6224.03775400,2019-10-13 15:59:59.999,52253769.62554149,67550,3322.54483100,27894632.83281188,0
2019-10-13 16:00:00,8401.88000000,8451.37000000,8401.67000000,8434.02000000,3863.78095000,2019-10-13 19:59:59.999,32572826.24795696,47539,2041.76962000,17213378.43921259,0
2019-10-13 20:00:00,8434.02000000,8436.19000000,8160.00000000,8275.01000000,8893.73057300,2019-10-13 23:59:59.999,73483515.76770159,81283,3886.69757700,32106284.60948360,0
2019-10-14 00:00:00,8275.24000000,8309.00000000,8241.90000000,8289.03000000,2951.76890500,2019-10-14 03:59:59.999,24445877.56694070,41887,1376.08125500,11396094.80608045,0
2019-10-14 04:00:00,8289.01000000,8333.42000000,8271.00000000,8305.76000000,4986.10525400,2019-10-14 07:59:59.999,41402974.68232771,50143,2465.68106000,20478461.59156562,0
2019-10-14 08:00:00,8305.76000000,8325.62000000,8277.00000000,8280.32000000,4696.04910300,2019-10-14 11:59:59.999,38995032.23219622,52499,2702.57409000,22442240.04824068,0
2019-10-14 12:00:00,8280.08000000,8291.47000000,8242.22000000,8251.94000000,4569.28936300,2019-10-14 15:59:59.999,37778559.04180665,58778,2334.26797800,19300654.39417881,0
2019-10-14 16:00:00,8254.05000000,8388.85000000,8203.00000000,8327.96000000,8155.19228600,2019-10-14 19:59:59.999,67859208.62698083,83834,4287.06523700,35672323.27071433,0
2019-10-14 20:00:00,8327.96000000,8350.00000000,8251.89000000,8348.20000000,4452.25834200,2019-10-14 23:59:59.999,37049081.02978273,58538,2107.33413500,17541600.30395179,0
2019-10-15 00:00:00,8346.86000000,8403.00000000,8311.11000000,8315.19000000,5356.74128700,2019-10-15 03:59:59.999,44752130.68280978,63979,3148.07496300,26308548.38093409,0
2019-10-15 04:00:00,8316.26000000,8340.84000000,8266.61000000,8281.04000000,4523.90750000,2019-10-15 07:59:59.999,37595447.06910811,50726,2213.25150800,18390377.50240069,0
2019-10-15 08:00:00,8280.72000000,8321.64000000,8258.40000000,8295.85000000,4655.68703700,2019-10-15 11:59:59.999,38590765.44640769,63160,2410.19488000,19977236.78811730,0
2019-10-15 12:00:00,8295.87000000,8360.00000000,8235.21000000,8316.94000000,6102.79465500,2019-10-15 15:59:59.999,50586661.34118217,75588,3005.54541800,24922433.82333766,0
2019-10-15 16:00:00,8318.32000000,8323.80000000,8090.00000000,8177.59000000,9005.81952800,2019-10-15 19:59:59.999,73694723.66029993,90619,4388.09943100,35915126.30989041,0
2019-10-15 20:00:00,8177.10000000,8182.77000000,8124.87000000,8159.29000000,3128.11246900,2019-10-15 23:59:59.999,25507831.57720324,55375,1657.77381500,13518035.85097589,0
2019-10-16 00:00:00,8159.30000000,8181.16000000,8144.35000000,8167.51000000,3728.29370400,2019-10-16 03:59:59.999,30432069.71782646,55978,1985.31988200,16205945.29725978,0
2019-10-16 04:00:00,8166.57000000,8177.27000000,8120.00000000,8134.93000000,3852.17751800,2019-10-16 07:59:59.999,31427672.73648898,58285,1852.81459600,15115941.85266844,0
2019-10-16 08:00:00,8134.89000000,8162.00000000,8010.00000000,8056.00000000,7846.19651700,2019-10-16 11:59:59.999,63631725.45376662,87960,4075.03089600,33060957.28519802,0
2019-10-16 12:00:00,8055.66000000,8056.00000000,7923.50000000,7953.15000000,10278.48968100,2019-10-16 15:59:59.999,82088298.83276626,101711,4661.28195000,37234754.56769980,0
2019-10-16 16:00:00,7953.06000000,8023.00000000,7917.00000000,7957.69000000,6001.72541900,2019-10-16 19:59:59.999,47825382.25091139,70081,2967.70449700,23657838.81541455,0
2019-10-16 20:00:00,7958.16000000,8023.00000000,7957.55000000,7991.74000000,3026.71112700,2019-10-16 23:59:59.999,24181696.54445415,47011,1656.67615500,13235017.95867308,0
2019-10-17 00:00:00,7995.02000000,7997.40000000,7952.63000000,7968.88000000,2982.93345500,2019-10-17 03:59:59.999,23784001.00596679,47662,1504.65200900,11997627.89544718,0
2019-10-17 04:00:00,7968.71000000,7990.00000000,7929.03000000,7975.28000000,4596.66687200,2019-10-17 07:59:59.999,36597995.87330577,52169,2517.48080000,20042457.22941997,0
2019-10-17 08:00:00,7974.42000000,8118.86000000,7971.80000000,8067.20000000,8572.91772300,2019-10-17 11:59:59.999,69087525.06999862,83780,4589.50841600,36981752.76836134,0
2019-10-17 12:00:00,8066.66000000,8091.60000000,8016.01000000,8069.39000000,6208.23460000,2019-10-17 15:59:59.999,49993381.58072413,69104,3510.28007200,28268939.04733856,0
2019-10-17 16:00:00,8069.69000000,8124.92000000,8042.03000000,8059.92000000,4686.73616700,2019-10-17 19:59:59.999,37858519.05475051,60351,2354.85871100,19024734.91848471,0
2019-10-17 20:00:00,8059.32000000,8076.73000000,8032.54000000,8070.58000000,2609.46034100,2019-10-17 23:59:59.999,21021781.89776947,43424,1445.26605000,11644543.18683969,0
2019-10-18 00:00:00,8070.71000000,8115.00000000,8050.00000000,8064.81000000,3151.28315700,2019-10-18 03:59:59.999,25463075.24768860,46391,1743.12239200,14085305.33328505,0
2019-10-18 04:00:00,8065.65000000,8072.54000000,7856.89000000,7911.60000000,9242.33445200,2019-10-18 07:59:59.999,73305466.81227437,91006,4356.78295300,34558435.55802091,0
2019-10-18 08:00:00,7911.59000000,7942.00000000,7816.01000000,7920.42000000,6981.83651100,2019-10-18 11:59:59.999,55100137.83886139,78374,3309.40253900,26125321.46589592,0
2019-10-18 12:00:00,7920.60000000,7975.00000000,7884.01000000,7920.01000000,5099.90826000,2019-10-18 15:59:59.999,40440362.31905773,70478,2576.55635100,20428409.30564977,0
2019-10-18 16:00:00,7920.00000000,7983.32000000,7905.00000000,7941.55000000,3892.20057000,2019-10-18 19:59:59.999,30898584.29306639,63837,2065.20833400,16398456.00721522,0
2019-10-18 20:00:00,7941.55000000,7978.00000000,7915.02000000,7947.01000000,2985.61846600,2019-10-18 23:59:59.999,23723695.58990204,49697,1641.56188100,13043608.89956388,0
2019-10-19 00:00:00,7946.89000000,7957.99000000,7892.00000000,7938.23000000,3828.41709200,2019-10-19 03:59:59.999,30340346.45055876,51496,1945.37044400,15419995.02268262,0
2019-10-19 04:00:00,7939.56000000,7957.73000000,7913.16000000,7928.70000000,2820.99077400,2019-10-19 07:59:59.999,22384156.04743339,46572,1454.41840800,11542181.62352263,0
2019-10-19 08:00:00,7929.81000000,7998.90000000,7920.00000000,7943.34000000,4436.65565000,2019-10-19 11:59:59.999,35272043.75170483,58416,2410.47530700,19166423.61236896,0
2019-10-19 12:00:00,7943.34000000,8098.10000000,7866.92000000,7990.92000000,8399.38449000,2019-10-19 15:59:59.999,67100693.86892293,84400,4366.66712800,34897637.30528034,0
2019-10-19 16:00:00,7993.26000000,7999.38000000,7937.69000000,7971.81000000,3607.50266700,2019-10-19 19:59:59.999,28772686.11183530,53600,1915.88903400,15280244.77081830,0
2019-10-19 20:00:00,7972.19000000,7978.52000000,7891.76000000,7948.01000000,3534.93871500,2019-10-19 23:59:59.999,28039807.90526484,55262,1794.01792300,14234765.84036457,0
2019-10-20 00:00:00,7949.87000000,7953.21000000,7870.00000000,7901.68000000,4665.05588300,2019-10-20 03:59:59.999,36889781.81832718,61238,2145.13147400,16965025.29283625,0
2019-10-20 04:00:00,7902.09000000,7940.47000000,7899.14000000,7905.17000000,2407.96717900,2019-10-20 07:59:59.999,19068998.43175310,43948,1281.61949200,10150077.00486284,0
2019-10-20 08:00:00,7907.14000000,7985.00000000,7883.00000000,7942.99000000,4298.31597100,2019-10-20 11:59:59.999,34110422.61652870,56194,2279.28504100,18091225.40643180,0
2019-10-20 12:00:00,7942.99000000,8043.44000000,7936.32000000,8026.46000000,6472.97444000,2019-10-20 15:59:59.999,51669087.94763632,73036,3547.09029800,28319071.09119216,0
2019-10-20 16:00:00,8026.47000000,8239.00000000,8006.45000000,8235.00000000,10268.61846400,2019-10-20 19:59:59.999,83384946.83461885,95341,5489.42739300,44569114.03609174,0
2019-10-20 20:00:00,8235.00000000,8297.00000000,8165.36000000,8223.35000000,6173.52071700,2019-10-20 23:59:59.999,50776624.00500708,66334,3299.86997900,27140860.38074677,0
2019-10-21 00:00:00,8223.35000000,8251.41000000,8183.00000000,8219.65000000,4285.91716700,2019-10-21 03:59:59.999,35211735.00702917,57316,2379.61929700,19552717.40664025,0
2019-10-21 04:00:00,8220.57000000,8249.18000000,8201.63000000,8223.80000000,3574.71674100,2019-10-21 07:59:59.999,29401307.67198986,51990,1961.50341500,16133959.91679575,0
2019-10-21 08:00:00,8223.11000000,8286.28000000,8189.89000000,8235.00000000,6528.13221000,2019-10-21 11:59:59.999,53729186.68178402,67225,3442.36343800,28334943.88635963,0
2019-10-21 12:00:00,8234.89000000,8333.00000000,8145.00000000,8191.25000000,8164.74344800,2019-10-21 15:59:59.999,67164566.83283570,81807,4395.44818600,36172864.67254458,0
2019-10-21 16:00:00,8191.24000000,8199.32000000,8142.03000000,8183.16000000,4467.41686200,2019-10-21 19:59:59.999,36510990.10234414,57502,2423.98570400,19812070.64836101,0
2019-10-21 20:00:00,8183.56000000,8229.88000000,8176.95000000,8197.27000000,3427.75311100,2019-10-21 23:59:59.999,28099495.34063048,51329,1981.08034400,16241045.50793540,0
2019-10-22 00:00:00,8197.28000000,8208.45000000,8159.96000000,8201.54000000,4259.49645200,2019-10-22 03:59:59.999,34863650.00032608,55521,2209.02213800,18083225.47486271,0
2019-10-22 04:00:00,8202.09000000,8226.57000000,8187.49000000,8208.60000000,3674.89892900,2019-10-22 07:59:59.999,30152645.87086601,49225,1814.76681600,14889178.95790776,0
2019-10-22 08:00:00,8208.60000000,8278.97000000,8208.51000000,8276.16000000,8117.33338400,2019-10-22 11:59:59.999,66919726.78499902,73042,4106.46937000,33853614.51319514,0
2019-10-22 12:00:00,8276.17000000,8297.99000000,8165.00000000,8210.31000000,6546.80822500,2019-10-22 15:59:59.999,53842542.18423900,69577,3172.08698900,26087574.89285403,0
2019-10-22 16:00:00,8210.76000000,8223.24000000,8156.00000000,8167.91000000,3587.85509100,2019-10-22 19:59:59.999,29393519.77312029,54965,1782.70603700,14606740.45132647,0
2019-10-22 20:00:00,8167.91000000,8168.72000000,8000.00000000,8020.00000000,8465.43658200,2019-10-22 23:59:59.999,68363398.79696323,82369,3681.98547400,29732861.66811680,0
2019-10-23 00:00:00,8020.06000000,8047.59000000,7930.00000000,7954.34000000,5513.12911600,2019-10-23 03:59:59.999,44121069.77611914,70568,2503.59549200,20043483.04650558,0
2019-10-23 04:00:00,7953.58000000,7984.20000000,7920.00000000,7957.19000000,5863.10599700,2019-10-23 07:59:59.999,46660940.44725075,66942,2635.78324500,20982237.93673160,0
2019-10-23 08:00:00,7957.34000000,8011.96000000,7945.31000000,7963.57000000,5174.68810700,2019-10-23 11:59:59.999,41311062.56146523,63297,2485.42865500,19842505.16766174,0
2019-10-23 12:00:00,7962.23000000,7963.98000000,7400.00000000,7425.95000000,30344.64739700,2019-10-23 15:59:59.999,229370811.20300233,223858,12889.41313200,97253866.34059320,0
2019-10-23 16:00:00,7425.96000000,7535.55000000,7300.00000000,7482.90000000,11161.06134600,2019-10-23 19:59:59.999,83257097.76606975,110196,5134.76785200,38337536.80079225,0
2019-10-23 20:00:00,7482.90000000,7498.99000000,7386.37000000,7466.62000000,5840.82513500,2019-10-23 23:59:59.999,43499778.89250840,75380,2824.74192600,21042454.14441868,0
2019-10-24 00:00:00,7468.47000000,7497.96000000,7400.00000000,7410.88000000,5448.25729500,2019-10-24 03:59:59.999,40521257.07225227,71140,2770.98979800,20613951.70505226,0
2019-10-24 04:00:00,7410.94000000,7441.67000000,7337.99000000,7420.89000000,6275.95909900,2019-10-24 07:59:59.999,46449561.32251371,65400,3195.47204600,23651808.70200310,0
2019-10-24 08:00:00,7420.36000000,7478.00000000,7389.20000000,7421.83000000,6195.91767000,2019-10-24 11:59:59.999,46078153.92077416,69504,3097.10032500,23034223.70584658,0
2019-10-24 12:00:00,7421.09000000,7503.68000000,7413.43000000,7436.82000000,7240.61711100,2019-10-24 15:59:59.999,53958476.75453092,85149,3593.40014000,26780442.51738433,0
2019-10-24 16:00:00,7436.82000000,7479.00000000,7421.07000000,7471.30000000,4459.16211600,2019-10-24 19:59:59.999,33204232.14447682,66267,2429.55006600,18093287.97097894,0
2019-10-24 20:00:00,7471.30000000,7471.96000000,7403.76000000,7412.41000000,3094.46997400,2019-10-24 23:59:59.999,23034733.73437601,46318,1618.86398000,12052007.87421442,0
2019-10-25 00:00:00,7412.41000000,7459.29000000,7411.94000000,7440.00000000,4639.75510100,2019-10-25 03:59:59.999,34496351.23483900,55540,2512.74011500,18682097.76543912,0
2019-10-25 04:00:00,7440.02000000,7469.00000000,7361.00000000,7462.79000000,5669.00208800,2019-10-25 07:59:59.999,42163853.47484692,64246,3133.60929600,23312979.54900802,0
2019-10-25 08:00:00,7461.72000000,7642.58000000,7439.00000000,7581.10000000,12288.34795300,2019-10-25 11:59:59.999,92735467.12711137,98288,6374.25824400,48101620.61721152,0
2019-10-25 12:00:00,7578.00000000,8403.95000000,7578.00000000,8263.16000000,20521.64554100,2019-10-25 15:59:59.999,161318485.32495286,161723,12222.42845500,96266258.65172702,0
2019-10-25 16:00:00,8262.95000000,8799.00000000,8247.30000000,8634.87000000,36455.02928200,2019-10-25 19:59:59.999,310247649.72956728,279257,19678.29761800,167488133.11129539,0
2019-10-25 20:00:00,8634.87000000,8706.07000000,8535.00000000,8655.02000000,11174.43820900,2019-10-25 23:59:59.999,96367737.99220220,116364,5667.64288400,48889222.49317285,0
2019-10-26 00:00:00,8655.88000000,10370.00000000,8470.38000000,9554.05000000,63695.78226700,2019-10-26 03:59:59.999,606996602.96170694,435235,33834.75629300,321852598.67170474,0
2019-10-26 04:00:00,9554.05000000,9777.00000000,9301.01000000,9481.47000000,20027.66962600,2019-10-26 07:59:59.999,191476747.63194688,151173,9709.99009900,92896705.97972297,0
2019-10-26 08:00:00,9481.47000000,9486.58000000,8970.00000000,9224.22000000,28178.90042300,2019-10-26 11:59:59.999,260117892.15090194,187071,13360.38088100,123383535.65260171,0
2019-10-26 12:00:00,9224.13000000,9444.44000000,9051.00000000,9196.53000000,22544.29424800,2019-10-26 15:59:59.999,207538839.00398082,168751,10526.02514800,96963289.86021456,0
2019-10-26 16:00:00,9194.94000000,9247.94000000,8855.50000000,8996.16000000,18414.71327700,2019-10-26 19:59:59.999,167097251.31903161,148906,8627.54434000,78318469.14820756,0
2019-10-26 20:00:00,8998.79000000,9289.70000000,8994.79000000,9230.00000000,9727.22557200,2019-10-26 23:59:59.999,89016833.34328028,94233,5531.63977000,50625496.30876637,0
2019-10-27 00:00:00,9230.00000000,9369.80000000,9096.00000000,9131.61000000,8393.57199800,2019-10-27 03:59:59.999,77373396.12765573,83039,4165.49786600,38406069.61563627,0
2019-10-27 04:00:00,9130.26000000,9206.13000000,9074.34000000,9149.08000000,5475.76213700,2019-10-27 07:59:59.999,50056627.97975614,74225,2912.60064700,26629838.12158957,0
2019-10-27 08:00:00,9148.84000000,9642.99000000,9147.29000000,9275.83000000,23305.72560000,2019-10-27 11:59:59.999,218813552.72701849,176962,11771.88667500,110577651.78777534,0
2019-10-27 12:00:00,9275.71000000,9610.00000000,9211.19000000,9526.44000000,21633.39887500,2019-10-27 15:59:59.999,204115349.70864384,180806,11163.81061700,105387357.03297431,0
2019-10-27 16:00:00,9523.98000000,9794.98000000,9376.00000000,9712.73000000,19848.68034300,2019-10-27 19:59:59.999,191331378.75464390,159690,10195.56940200,98323666.92462787,0
2019-10-27 20:00:00,9712.00000000,9749.00000000,9420.00000000,9529.93000000,15176.40265100,2019-10-27 23:59:59.999,145747992.44854868,125256,7111.18946300,68304421.91395932,0
2019-10-28 00:00:00,9528.23000000,9902.10000000,9527.17000000,9615.45000000,18941.53115400,2019-10-28 03:59:59.999,184280522.12101090,154255,9678.95135500,94204170.58378680,0
2019-10-28 04:00:00,9615.73000000,9679.26000000,9322.52000000,9426.11000000,15639.56473500,2019-10-28 07:59:59.999,148168503.38365182,124381,7222.04225200,68395612.80057602,0
2019-10-28 08:00:00,9426.18000000,9468.75000000,9265.00000000,9407.91000000,10570.79786600,2019-10-28 11:59:59.999,99064829.35329770,101384,5205.64627600,48803857.03056978,0
2019-10-28 12:00:00,9407.91000000,9415.00000000,9254.00000000,9376.21000000,12107.65388900,2019-10-28 15:59:59.999,113092386.94994263,109249,6099.23449400,56982046.75370448,0
2019-10-28 16:00:00,9376.22000000,9478.93000000,9320.23000000,9397.73000000,11150.16643000,2019-10-28 19:59:59.999,104635902.33255371,92449,6018.26564300,56491045.03386868,0
2019-10-28 20:00:00,9397.73000000,9483.49000000,9160.00000000,9205.14000000,11764.50324900,2019-10-28 23:59:59.999,109936798.80838516,99410,5530.54148100,51707858.01607519,0
2019-10-29 00:00:00,9204.45000000,9306.43000000,9188.80000000,9285.00000000,7384.65240800,2019-10-29 03:59:59.999,68359572.28548829,68062,3939.33050100,36468201.83414047,0
2019-10-29 04:00:00,9285.78000000,9550.00000000,9283.93000000,9441.68000000,13257.37322000,2019-10-29 07:59:59.999,125097299.90059094,110316,6753.73602300,63740279.86406859,0
2019-10-29 08:00:00,9441.56000000,9490.10000000,9351.00000000,9432.27000000,8690.56721800,2019-10-29 11:59:59.999,81883509.04824261,86856,4522.35555900,42621393.94231088,0
2019-10-29 12:00:00,9434.93000000,9469.27000000,9265.83000000,9340.06000000,11239.96773500,2019-10-29 15:59:59.999,105151163.52697706,94232,5442.48977300,50925166.15680691,0
2019-10-29 16:00:00,9341.66000000,9397.00000000,9072.00000000,9225.09000000,12901.50908900,2019-10-29 19:59:59.999,119652516.43098463,106300,6194.90754200,57507063.87924595,0
2019-10-29 20:00:00,9227.76000000,9482.00000000,9214.47000000,9407.62000000,10684.39277600,2019-10-29 23:59:59.999,100467263.44341606,93823,5934.22977600,55800162.74334506,0
2019-10-30 00:00:00,9407.62000000,9409.84000000,9245.01000000,9276.93000000,8705.01402600,2019-10-30 03:59:59.999,81224902.56712045,89440,4223.86504500,39424575.65073765,0
2019-10-30 04:00:00,9279.24000000,9331.72000000,9151.00000000,9161.30000000,8808.12880800,2019-10-30 07:59:59.999,81239589.73599261,90051,4238.57515900,39104390.69329218,0
2019-10-30 08:00:00,9164.71000000,9248.79000000,9018.00000000,9097.69000000,13936.19627300,2019-10-30 11:59:59.999,127212863.35968584,108505,6850.06003800,62549215.15475237,0
2019-10-30 12:00:00,9096.23000000,9172.41000000,9001.01000000,9093.72000000,10861.51407700,2019-10-30 15:59:59.999,98704701.10454413,99302,5305.13674900,48218157.56342743,0
2019-10-30 16:00:00,9093.72000000,9204.65000000,9012.07000000,9202.09000000,7333.33695700,2019-10-30 19:59:59.999,66834415.65767443,76665,3799.02215000,34624884.63451528,0
2019-10-30 20:00:00,9201.17000000,9225.00000000,9128.07000000,9154.72000000,5597.59629300,2019-10-30 23:59:59.999,51368357.60631487,60072,2999.90260700,27531059.50857969,0
2019-10-31 00:00:00,9154.02000000,9204.97000000,9051.01000000,9100.02000000,5855.24340400,2019-10-31 03:59:59.999,53366141.67573794,62772,2939.66754800,26797562.62963544,0
2019-10-31 04:00:00,9100.01000000,9209.00000000,9074.74000000,9098.32000000,6412.34535200,2019-10-31 07:59:59.999,58528828.69285524,63171,3395.43064900,30994378.11598935,0
2019-10-31 08:00:00,9096.02000000,9149.42000000,8913.00000000,9109.53000000,11939.18147100,2019-10-31 11:59:59.999,108035805.60852453,98188,5793.88318800,52450627.02823158,0
2019-10-31 12:00:00,9109.53000000,9405.00000000,9108.42000000,9213.98000000,15490.33876500,2019-10-31 15:59:59.999,143615156.16698776,121427,8177.30567700,75825647.82716045,0
2019-10-31 16:00:00,9213.98000000,9264.04000000,9193.10000000,9211.04000000,5668.60992200,2019-10-31 19:59:59.999,52325706.98129727,60862,2936.17287000,27104103.90805991,0
2019-10-31 20:00:00,9211.02000000,9243.47000000,9013.00000000,9140.85000000,9010.30598800,2019-10-31 23:59:59.999,82281104.60940608,83763,4009.74360400,36630361.15473133,0
2019-11-01 00:00:00,9140.86000000,9144.70000000,9043.85000000,9063.13000000,5243.84148500,2019-11-01 03:59:59.999,47707788.55370329,72949,2675.68571200,24345121.00538828,0
2019-11-01 04:00:00,9064.12000000,9137.00000000,9030.00000000,9099.00000000,4264.64833100,2019-11-01 07:59:59.999,38767203.90549651,61257,2272.73563500,20660246.07805862,0
2019-11-01 08:00:00,9099.43000000,9279.00000000,9088.88000000,9163.16000000,10698.35077000,2019-11-01 11:59:59.999,98052171.88651488,107287,5744.81862200,52669978.50221077,0
2019-11-01 12:00:00,9164.56000000,9248.51000000,9061.65000000,9082.43000000,10852.35612900,2019-11-01 15:59:59.999,99170107.10188850,97967,5548.40889900,50717936.26011649,0
2019-11-01 16:00:00,9082.43000000,9213.57000000,9060.00000000,9170.49000000,6294.92524100,2019-11-01 19:59:59.999,57587689.21254972,66683,3130.44952900,28650942.52590195,0
2019-11-01 20:00:00,9170.09000000,9277.16000000,9167.15000000,9231.61000000,6240.69215900,2019-11-01 23:59:59.999,57518108.34893172,71859,3471.50664500,32000931.50928088,0
2019-11-02 00:00:00,9231.40000000,9270.76000000,9209.16000000,9236.67000000,4936.44852100,2019-11-02 03:59:59.999,45613632.98268523,56622,2773.67271200,25630961.06606954,0
2019-11-02 04:00:00,9236.27000000,9242.95000000,9186.21000000,9213.97000000,3075.74046800,2019-11-02 07:59:59.999,28329691.09034645,45908,1699.43977900,15654217.21789170,0
2019-11-02 08:00:00,9213.97000000,9255.00000000,9194.19000000,9241.14000000,4012.45411800,2019-11-02 11:59:59.999,36998846.84568083,51206,2109.50573400,19453908.01413011,0
2019-11-02 12:00:00,9242.10000000,9373.74000000,9201.02000000,9324.36000000,10748.09231800,2019-11-02 15:59:59.999,99993618.12324374,89816,5672.45703500,52788065.37339192,0
2019-11-02 16:00:00,9323.01000000,9338.81000000,9264.59000000,9315.92000000,4104.85986900,2019-11-02 19:59:59.999,38185349.15080332,49679,2085.51966300,19402126.57058021,0
2019-11-02 20:00:00,9315.20000000,9318.73000000,9270.52000000,9289.52000000,2045.46553400,2019-11-02 23:59:59.999,18998441.53733155,32190,975.59294000,9061788.91126864,0
2019-11-03 00:00:00,9289.85000000,9362.57000000,9288.11000000,9330.32000000,4037.89971000,2019-11-03 03:59:59.999,37659171.82783177,48056,2358.95488300,22000933.15630260,0
2019-11-03 04:00:00,9329.75000000,9330.40000000,9225.01000000,9239.61000000,4462.85926100,2019-11-03 07:59:59.999,41348071.62666301,48526,2085.81445300,19327427.20510171,0
2019-11-03 08:00:00,9239.60000000,9241.00000000,9109.00000000,9156.52000000,6929.62201000,2019-11-03 11:59:59.999,63589848.32409297,69426,3053.08268800,28024405.09757777,0
2019-11-03 12:00:00,9155.26000000,9186.63000000,9101.00000000,9177.68000000,4162.49457400,2019-11-03 15:59:59.999,38091502.27757353,55602,1987.90161100,18195719.99579490,0
2019-11-03 16:00:00,9177.94000000,9180.00000000,9112.95000000,9135.12000000,3235.59215700,2019-11-03 19:59:59.999,29604712.50708622,45348,1592.38960700,14571480.01838840,0
2019-11-03 20:00:00,9135.11000000,9236.00000000,9066.14000000,9194.71000000,5065.91056700,2019-11-03 23:59:59.999,46370953.09894391,59066,2533.66331600,23208545.53110234,0
2019-11-04 00:00:00,9196.46000000,9209.82000000,9133.00000000,9152.73000000,2944.82683400,2019-11-04 03:59:59.999,26979270.31558722,39349,1531.08871400,14027831.66693890,0
2019-11-04 04:00:00,9152.16000000,9197.34000000,9115.84000000,9179.42000000,4757.79964100,2019-11-04 07:59:59.999,43580266.95352952,50475,2513.69122000,23031684.19554913,0
2019-11-04 08:00:00,9179.66000000,9273.00000000,9143.68000000,9260.20000000,6990.30565200,2019-11-04 11:59:59.999,64348482.71817058,83936,3691.54972700,33985625.70924966,0
2019-11-04 12:00:00,9260.20000000,9324.41000000,9228.00000000,9295.16000000,8538.53956100,2019-11-04 15:59:59.999,79159189.66135872,80681,4679.78206700,43388392.74794577,0
2019-11-04 16:00:00,9295.00000000,9325.00000000,9245.17000000,9262.63000000,6599.92675800,2019-11-04 19:59:59.999,61330696.54365671,64692,3470.15759200,32248430.05354142,0
2019-11-04 20:00:00,9262.37000000,9513.68000000,9260.00000000,9393.35000000,16063.05783100,2019-11-04 23:59:59.999,151394096.98260372,134616,8855.54660500,83460648.83429948,0
2019-11-05 00:00:00,9392.40000000,9454.95000000,9353.45000000,9404.24000000,7245.94902100,2019-11-05 03:59:59.999,68136487.30545712,82998,3690.27696600,34703230.90500507,0
2019-11-05 04:00:00,9404.02000000,9404.06000000,9175.76000000,9225.00000000,10239.45517300,2019-11-05 07:59:59.999,95040179.77522223,95864,4719.24798600,43836996.91753137,0
2019-11-05 08:00:00,9225.06000000,9331.00000000,9193.76000000,9286.04000000,7571.11749700,2019-11-05 11:59:59.999,70214963.46493639,82593,3940.69653800,36548698.95382908,0
2019-11-05 12:00:00,9286.04000000,9389.94000000,9217.00000000,9369.61000000,9165.67855600,2019-11-05 15:59:59.999,85357557.23937311,93871,4696.51483700,43742579.05570477,0
2019-11-05 16:00:00,9369.61000000,9408.14000000,9255.37000000,9388.57000000,6027.85895500,2019-11-05 19:59:59.999,56333719.54806462,69915,3023.45965400,28266188.84448850,0
2019-11-05 20:00:00,9388.57000000,9415.33000000,9275.00000000,9308.66000000,5685.81446300,2019-11-05 23:59:59.999,53074055.74549346,67644,2739.04357700,25571266.69963738,0
2019-11-06 00:00:00,9307.73000000,9332.94000000,9266.16000000,9305.00000000,5436.35698400,2019-11-06 03:59:59.999,50540848.92480429,59372,2810.01744500,26126597.19975714,0
2019-11-06 04:00:00,9304.57000000,9440.91000000,9296.96000000,9389.65000000,8051.77664200,2019-11-06 07:59:59.999,75389847.88936017,80287,4161.19378500,38961216.86726400,0
2019-11-06 08:00:00,9389.65000000,9406.00000000,9332.00000000,9369.10000000,7609.54783800,2019-11-06 11:59:59.999,71309581.65313796,82216,3951.96356300,37036379.14332835,0
2019-11-06 12:00:00,9369.10000000,9391.75000000,9303.00000000,9334.93000000,6569.63741800,2019-11-06 15:59:59.999,61366523.86175040,68320,3279.37405400,30635295.02909896,0
2019-11-06 16:00:00,9334.92000000,9340.00000000,9250.01000000,9293.50000000,5657.63969300,2019-11-06 19:59:59.999,52594311.01550058,58437,2787.84418700,25921189.73638516,0
2019-11-06 20:00:00,9292.96000000,9363.58000000,9272.52000000,9339.05000000,4011.21179700,2019-11-06 23:59:59.999,37406386.48666354,54365,1956.63109300,18248856.88454384,0
2019-11-07 00:00:00,9339.16000000,9375.00000000,9275.12000000,9300.09000000,5924.76004300,2019-11-07 03:59:59.999,55201858.64144603,63960,3320.57707500,30935060.09091044,0
2019-11-07 04:00:00,9300.09000000,9314.97000000,9215.00000000,9258.95000000,6661.89480600,2019-11-07 07:59:59.999,61830297.87245598,64862,3342.18599300,31026332.75003291,0
2019-11-07 08:00:00,9258.96000000,9273.12000000,9151.00000000,9197.11000000,9141.31877900,2019-11-07 11:59:59.999,84227396.74050081,82715,4391.29647900,40462552.22768028,0
2019-11-07 12:00:00,9197.53000000,9240.00000000,9119.00000000,9191.93000000,7808.48462200,2019-11-07 15:59:59.999,71815947.38598926,76854,3641.18070500,33495776.02797426,0
2019-11-07 16:00:00,9192.00000000,9234.34000000,9178.05000000,9201.23000000,3537.34914800,2019-11-07 19:59:59.999,32575036.99859539,49169,1798.67979100,16563737.20704698,0
2019-11-07 20:00:00,9201.09000000,9265.88000000,9101.00000000,9216.20000000,6043.66345500,2019-11-07 23:59:59.999,55566937.41935902,64424,3109.60352900,28608837.73639289,0
2019-11-08 00:00:00,9214.00000000,9257.47000000,9176.45000000,9239.98000000,4147.89154200,2019-11-08 03:59:59.999,38249146.83056206,49868,2228.61563000,20551546.89321516,0
2019-11-08 04:00:00,9239.96000000,9261.00000000,9110.00000000,9144.40000000,6678.12564900,2019-11-08 07:59:59.999,61369226.58065093,65997,3291.27865800,30253132.27330387,0
2019-11-08 08:00:00,9144.42000000,9158.75000000,8955.00000000,9026.27000000,15619.71310200,2019-11-08 11:59:59.999,141329128.41534289,123018,7623.19161600,68974824.71984283,0
2019-11-08 12:00:00,9026.27000000,9035.00000000,8696.00000000,8821.14000000,22747.63812400,2019-11-08 15:59:59.999,200823970.79554100,177892,10197.41987400,90011972.27015794,0
2019-11-08 16:00:00,8820.76000000,8857.14000000,8715.00000000,8807.26000000,7554.32665100,2019-11-08 19:59:59.999,66435983.60780348,83471,3809.30476400,33501027.03346662,0
2019-11-08 20:00:00,8807.25000000,8904.50000000,8768.90000000,8773.73000000,5359.59417500,2019-11-08 23:59:59.999,47382539.76368553,67085,2896.31874900,25607836.07313612,0
2019-11-09 00:00:00,8773.74000000,8842.49000000,8730.50000000,8836.48000000,5390.86333400,2019-11-09 03:59:59.999,47462479.13074667,56634,2632.28639500,23176202.57392289,0
2019-11-09 04:00:00,8836.04000000,8880.00000000,8805.58000000,8823.73000000,5446.20504800,2019-11-09 07:59:59.999,48169765.35384570,51492,2999.21113700,26524289.88768990,0
2019-11-09 08:00:00,8822.91000000,8864.34000000,8807.00000000,8817.70000000,4328.11395900,2019-11-09 11:59:59.999,38237013.87501690,50557,2290.84993700,20239501.00047802,0
2019-11-09 12:00:00,8818.27000000,8874.90000000,8774.00000000,8800.75000000,6075.78072900,2019-11-09 15:59:59.999,53629132.06981489,64168,2935.34838600,25912811.98106480,0
2019-11-09 16:00:00,8800.75000000,8827.09000000,8724.88000000,8757.70000000,5188.93451900,2019-11-09 19:59:59.999,45501717.17765460,60448,2547.85586600,22344074.06700124,0
2019-11-09 20:00:00,8757.70000000,8831.00000000,8756.61000000,8809.41000000,3039.58381600,2019-11-09 23:59:59.999,26733384.22283019,43431,1584.87052500,13939216.75874053,0
2019-11-10 00:00:00,8809.18000000,8810.43000000,8750.00000000,8773.33000000,2558.66068900,2019-11-10 03:59:59.999,22458786.71986678,40506,1277.66386500,11214797.50784918,0
2019-11-10 04:00:00,8773.33000000,8890.00000000,8772.46000000,8848.11000000,5372.69860200,2019-11-10 07:59:59.999,47452336.70688138,55263,2869.57260800,25347148.44643124,0
2019-11-10 08:00:00,8847.65000000,8888.00000000,8811.00000000,8829.51000000,4243.67133900,2019-11-10 11:59:59.999,37514760.85938729,48237,2148.40831300,18993368.25291555,0
2019-11-10 12:00:00,8829.75000000,8859.39000000,8783.50000000,8800.64000000,4589.83909600,2019-11-10 15:59:59.999,40482349.19188142,60257,2257.07769900,19909075.32494523,0
2019-11-10 16:00:00,8800.00000000,9147.19000000,8787.37000000,9048.29000000,13092.98214200,2019-11-10 19:59:59.999,118093775.84970765,104368,6938.00102500,62553857.48734468,0
2019-11-10 20:00:00,9048.29000000,9099.92000000,9023.00000000,9039.47000000,4564.17792900,2019-11-10 23:59:59.999,41314844.57602974,67315,2231.47358000,20200940.64247240,0
2019-11-11 00:00:00,9040.16000000,9072.32000000,9003.88000000,9019.57000000,4217.76549700,2019-11-11 03:59:59.999,38140808.73030098,49388,2085.27422200,18856063.60079412,0
2019-11-11 04:00:00,9019.78000000,9035.64000000,8744.33000000,8814.44000000,12861.44492500,2019-11-11 07:59:59.999,114046573.19396278,94556,5704.57039800,50593933.99634740,0
2019-11-11 08:00:00,8812.80000000,8813.62000000,8618.68000000,8726.74000000,13689.86750700,2019-11-11 11:59:59.999,119124290.29792432,110877,7005.07806300,60965281.19641561,0
2019-11-11 12:00:00,8726.17000000,8754.23000000,8690.00000000,8723.59000000,6116.62166400,2019-11-11 15:59:59.999,53333306.20313161,65920,3017.52251600,26313441.15467768,0
2019-11-11 16:00:00,8723.59000000,8800.00000000,8697.95000000,8763.76000000,4783.46425800,2019-11-11 19:59:59.999,41836795.38623527,50666,2573.21350600,22508855.73361220,0
2019-11-11 20:00:00,8763.30000000,8765.30000000,8699.00000000,8733.27000000,3218.88969400,2019-11-11 23:59:59.999,28104222.51773216,44575,1726.28435200,15072748.17494038,0
2019-11-12 00:00:00,8733.36000000,8778.26000000,8705.00000000,8740.65000000,4453.17651100,2019-11-12 03:59:59.999,38934274.14567992,47913,2282.08605600,19953175.97233863,0
2019-11-12 04:00:00,8740.65000000,8796.00000000,8723.88000000,8772.37000000,5199.79749900,2019-11-12 07:59:59.999,45568357.81890653,52880,2594.25186500,22733980.48107564,0
2019-11-12 08:00:00,8772.29000000,8775.31000000,8712.35000000,8748.77000000,5118.62531100,2019-11-12 11:59:59.999,44787005.52663801,59088,2760.29337500,24152900.08418198,0
2019-11-12 12:00:00,8748.77000000,8888.00000000,8567.60000000,8705.27000000,15295.75135500,2019-11-12 15:59:59.999,133171537.34839918,127026,7203.28978100,62756348.01175645,0
2019-11-12 16:00:00,8703.61000000,8789.60000000,8683.39000000,8774.51000000,5669.65387500,2019-11-12 19:59:59.999,49548827.52986359,65199,2938.30531400,25682303.81391073,0
2019-11-12 20:00:00,8774.13000000,8824.24000000,8755.00000000,8821.94000000,4629.62492000,2019-11-12 23:59:59.999,40665936.06110579,54659,2446.80816900,21494979.80871592,0
2019-11-13 00:00:00,8821.91000000,8844.99000000,8760.58000000,8767.00000000,2686.10116900,2019-11-13 01:59:59.999,23608405.57984408,27685,1300.57547400,11428842.13280346,0
2019-11-13 04:00:00,8767.01000000,8767.47000000,8702.00000000,8744.26000000,3351.53288900,2019-11-13 07:59:59.999,29302739.50945232,38216,1628.81873600,14241261.71855903,0
2019-11-13 08:00:00,8744.87000000,8811.24000000,8731.46000000,8773.07000000,7217.30403600,2019-11-13 11:59:59.999,63332791.81738831,59591,3579.81251600,31417294.55964407,0
2019-11-13 12:00:00,8773.10000000,8803.00000000,8732.00000000,8751.18000000,5365.42743800,2019-11-13 15:59:59.999,46985620.61273982,58202,2793.65849000,24464841.65693788,0
2019-11-13 16:00:00,8751.98000000,8785.00000000,8739.05000000,8778.40000000,4381.72271000,2019-11-13 19:59:59.999,38413766.58512320,50476,2206.61641200,19345224.47470789,0
2019-11-13 20:00:00,8778.70000000,8796.16000000,8755.23000000,8777.12000000,3808.02867600,2019-11-13 23:59:59.999,33417230.01955384,47423,2015.51140700,17686158.05625271,0
2019-11-14 00:00:00,8777.54000000,8800.00000000,8735.98000000,8759.20000000,3504.29960400,2019-11-14 03:59:59.999,30718497.31811807,41555,1875.66296200,16444403.68200523,0
2019-11-14 04:00:00,8759.64000000,8770.11000000,8650.00000000,8668.36000000,8106.64867400,2019-11-14 07:59:59.999,70480294.33002948,67525,4022.28520400,34967196.78358236,0
2019-11-14 08:00:00,8665.56000000,8667.87000000,8582.60000000,8636.54000000,9085.63361200,2019-11-14 11:59:59.999,78362185.12303441,79294,3967.11612000,34218257.41580229,0
2019-11-14 12:00:00,8636.12000000,8706.17000000,8606.01000000,8643.57000000,6818.85208900,2019-11-14 15:59:59.999,59009582.17332610,68065,3330.94680700,28827784.71882452,0
2019-11-14 16:00:00,8643.58000000,8670.00000000,8630.67000000,8649.02000000,3241.95475800,2019-11-14 19:59:59.999,28046272.18494890,43044,1681.68975100,14547658.24457522,0
2019-11-14 20:00:00,8649.00000000,8684.98000000,8644.74000000,8646.68000000,2711.08022400,2019-11-14 23:59:59.999,23487475.82357621,37536,1395.11594100,12086982.79224094,0
2019-11-15 00:00:00,8646.38000000,8659.41000000,8517.00000000,8558.15000000,8022.08024100,2019-11-15 03:59:59.999,68799581.78255347,69431,3780.47915900,32430294.99711572,0
2019-11-15 04:00:00,8558.13000000,8610.97000000,8531.61000000,8574.77000000,4807.02196700,2019-11-15 07:59:59.999,41210212.59875451,48955,2376.57217400,20374281.60418061,0
2019-11-15 08:00:00,8574.76000000,8790.00000000,8569.98000000,8630.54000000,11512.06410400,2019-11-15 11:59:59.999,99591983.59525781,95312,6027.50194000,52142548.59217608,0
2019-11-15 12:00:00,8630.50000000,8689.00000000,8400.00000000,8479.88000000,13749.07166100,2019-11-15 15:59:59.999,117333133.28614458,112832,6274.53440300,53588533.98499848,0
2019-11-15 16:00:00,8479.45000000,8498.53000000,8430.83000000,8485.57000000,4862.38653600,2019-11-15 19:59:59.999,41187982.62828479,54668,2449.99109900,20751506.15812614,0
2019-11-15 20:00:00,8486.08000000,8532.74000000,8451.94000000,8471.73000000,3134.79324200,2019-11-15 23:59:59.999,26586087.42457715,42721,1659.21134200,14072345.42487067,0
2019-11-16 00:00:00,8471.62000000,8490.00000000,8400.00000000,8451.13000000,3989.43896000,2019-11-16 03:59:59.999,33748555.01050377,43110,1928.62775700,16320748.80136754,0
2019-11-16 04:00:00,8452.26000000,8508.53000000,8449.55000000,8474.82000000,2984.87002700,2019-11-16 07:59:59.999,25287032.80748212,36291,1694.93419600,14359105.37851794,0
2019-11-16 08:00:00,8475.34000000,8543.00000000,8452.23000000,8479.03000000,5391.72518400,2019-11-16 11:59:59.999,45785824.19626095,51717,2754.28646000,23389714.54005939,0
2019-11-16 12:00:00,8478.79000000,8526.24000000,8455.86000000,8489.40000000,4740.87781500,2019-11-16 15:59:59.999,40215763.05213977,46054,2381.55389900,20201657.04627182,0
2019-11-16 16:00:00,8489.47000000,8502.95000000,8466.61000000,8472.29000000,1986.81160800,2019-11-16 19:59:59.999,16855267.78795915,27680,1030.32107600,8740684.69720785,0
2019-11-16 20:00:00,8472.30000000,8492.49000000,8453.60000000,8491.02000000,1808.57615800,2019-11-16 23:59:59.999,15330395.53130241,26621,913.90639600,7747584.47029015,0
2019-11-17 00:00:00,8490.74000000,8519.53000000,8472.61000000,8482.02000000,2745.42893800,2019-11-17 03:59:59.999,23320798.67041873,28747,1520.05878600,12912525.98929411,0
2019-11-17 04:00:00,8482.01000000,8491.51000000,8407.00000000,8425.81000000,2550.16120700,2019-11-17 07:59:59.999,21585825.72438151,31541,1268.41605700,10739634.69894498,0
2019-11-17 08:00:00,8427.30000000,8591.83000000,8350.68000000,8521.26000000,9178.62252200,2019-11-17 11:59:59.999,78009615.09397005,70387,4438.67947900,37720809.22605654,0
2019-11-17 12:00:00,8521.26000000,8574.37000000,8511.26000000,8529.99000000,4195.95481400,2019-11-17 15:59:59.999,35822655.57421358,42858,1968.04575700,16803937.58673472,0
2019-11-17 16:00:00,8529.52000000,8567.55000000,8525.16000000,8553.19000000,3285.56964000,2019-11-17 19:59:59.999,28070776.64892185,33326,1788.03385900,15275258.63267766,0
2019-11-17 20:00:00,8552.96000000,8635.00000000,8455.55000000,8502.40000000,5053.29996100,2019-11-17 23:59:59.999,43186029.09967851,52735,2624.28224100,22426317.48128844,0
2019-11-18 00:00:00,8502.87000000,8503.52000000,8415.00000000,8475.78000000,3934.10151200,2019-11-18 03:59:59.999,33299526.62465267,39646,2094.10858500,17728466.18491781,0
2019-11-18 04:00:00,8474.69000000,8492.00000000,8423.44000000,8452.03000000,3342.05058200,2019-11-18 07:59:59.999,28270592.15699948,33837,1526.78580800,12917739.76502373,0
2019-11-18 08:00:00,8451.23000000,8499.00000000,8425.00000000,8443.77000000,4889.96733700,2019-11-18 11:59:59.999,41369248.96525524,44062,2597.21493500,21975628.07683094,0
2019-11-18 12:00:00,8443.90000000,8465.48000000,8370.45000000,8408.99000000,7832.48614200,2019-11-18 15:59:59.999,66009339.38434780,67524,3908.90454800,32946694.33272161,0
2019-11-18 16:00:00,8408.99000000,8437.22000000,8060.00000000,8213.95000000,18244.20756800,2019-11-18 19:59:59.999,150574244.37605371,129354,7867.48789200,64921155.18256308,0
2019-11-18 20:00:00,8213.42000000,8246.00000000,8169.03000000,8187.17000000,4774.87779900,2019-11-18 23:59:59.999,39183223.31790951,51840,2530.61515600,20766291.41893881,0
2019-11-19 00:00:00,8186.50000000,8218.63000000,8132.51000000,8153.23000000,4233.67301400,2019-11-19 03:59:59.999,34651048.66862501,45105,2258.24563700,18483102.22373587,0
2019-11-19 04:00:00,8153.23000000,8171.19000000,8092.50000000,8128.06000000,7945.04562300,2019-11-19 07:59:59.999,64670979.72383879,57990,3901.95315000,31762077.62864545,0
2019-11-19 08:00:00,8128.06000000,8179.72000000,8003.00000000,8073.88000000,11607.85098300,2019-11-19 11:59:59.999,94114753.80209070,82164,5266.80890000,42715567.34786385,0
2019-11-19 12:00:00,8074.42000000,8123.34000000,8010.10000000,8101.43000000,10327.83514400,2019-11-19 15:59:59.999,83439939.93605433,74398,5485.90935300,44315294.85564747,0
2019-11-19 16:00:00,8100.63000000,8156.47000000,8049.03000000,8109.63000000,5827.21014200,2019-11-19 19:59:59.999,47237118.88412670,55106,2924.68452100,23711535.98513250,0
2019-11-19 20:00:00,8109.69000000,8165.02000000,8077.61000000,8133.64000000,3614.44611900,2019-11-19 23:59:59.999,29349951.02969842,42619,1979.12352300,16074046.13780972,0
2019-11-20 00:00:00,8133.83000000,8158.36000000,8095.00000000,8130.37000000,3956.71462300,2019-11-20 03:59:59.999,32175705.54654304,42001,2120.87668200,17245948.93180659,0
2019-11-20 04:00:00,8129.72000000,8148.16000000,8078.90000000,8121.47000000,4111.62660200,2019-11-20 07:59:59.999,33371655.43559230,42296,2087.90767000,16947039.55836994,0
2019-11-20 08:00:00,8121.47000000,8134.00000000,8038.40000000,8088.41000000,7001.85608000,2019-11-20 11:59:59.999,56586307.38682347,55579,3565.49412500,28820819.54140073,0
2019-11-20 12:00:00,8089.06000000,8160.00000000,8063.02000000,8127.68000000,6237.98532500,2019-11-20 15:59:59.999,50573029.38260311,52477,3276.44035400,26566380.66282403,0
2019-11-20 16:00:00,8127.32000000,8264.29000000,8072.56000000,8088.62000000,8090.90623400,2019-11-20 19:59:59.999,65864782.52038384,61269,4071.16903700,33149804.25906341,0
2019-11-20 20:00:00,8088.61000000,8116.00000000,8066.00000000,8098.01000000,3067.14211600,2019-11-20 23:59:59.999,24816095.21397623,35221,1629.29859100,13183710.33030126,0
2019-11-21 00:00:00,8098.56000000,8134.73000000,8080.35000000,8125.98000000,3108.39018300,2019-11-21 03:59:59.999,25202726.68350381,35534,1710.11706300,13865183.97208051,0
2019-11-21 04:00:00,8125.20000000,8129.26000000,8075.23000000,8088.58000000,3579.17855300,2019-11-21 07:59:59.999,28991355.61262730,35992,1773.35021100,14365175.85777057,0
2019-11-21 08:00:00,8088.29000000,8095.00000000,7855.00000000,7870.66000000,15756.74930600,2019-11-21 11:59:59.999,125125936.70135578,98091,6784.87339700,53880883.59102488,0
2019-11-21 12:00:00,7869.66000000,7920.00000000,7500.00000000,7631.44000000,21931.44529000,2019-11-21 15:59:59.999,169019657.21736468,127636,9527.28165500,73495196.55467811,0
2019-11-21 16:00:00,7631.43000000,7669.47000000,7526.45000000,7629.81000000,9436.57238400,2019-11-21 19:59:59.999,71740657.31782659,79090,4678.29964600,35565308.04436484,0
2019-11-21 20:00:00,7629.80000000,7660.00000000,7566.00000000,7627.74000000,4606.44454500,2019-11-21 23:59:59.999,35086342.74550205,53719,2428.44787900,18497501.98520325,0
2019-11-22 00:00:00,7627.79000000,7692.18000000,7588.00000000,7599.85000000,6375.51772500,2019-11-22 03:59:59.999,48760006.37690349,57103,3044.78503700,23281992.08249417,0
2019-11-22 04:00:00,7599.77000000,7632.03000000,7401.00000000,7556.41000000,15206.41653400,2019-11-22 07:59:59.999,114389349.99984877,101910,7142.64106500,53756602.71850425,0
2019-11-22 08:00:00,7556.40000000,7750.00000000,6940.00000000,7106.71000000,39080.98299100,2019-11-22 11:59:59.999,284270495.66588860,239332,17122.75961600,124638763.53476142,0
2019-11-22 12:00:00,7102.88000000,7159.56000000,6790.00000000,7124.35000000,32203.86712900,2019-11-22 15:59:59.999,226417791.60694695,198759,15767.04061800,110972374.06982995,0
2019-11-22 16:00:00,7125.22000000,7350.00000000,7098.90000000,7297.91000000,22880.90455800,2019-11-22 19:59:59.999,164901803.20895070,130871,12235.48404100,88224801.50110148,0
2019-11-22 20:00:00,7297.91000000,7378.25000000,7156.36000000,7268.23000000,10855.45132200,2019-11-22 23:59:59.999,79142089.40354541,89629,5555.20180500,40494692.69958190,0
2019-11-23 00:00:00,7268.23000000,7292.51000000,7143.00000000,7271.94000000,6274.47055200,2019-11-23 03:59:59.999,45262533.89333441,62131,3145.88992800,22696099.01305208,0
2019-11-23 04:00:00,7271.94000000,7300.69000000,7158.31000000,7171.30000000,6814.76164600,2019-11-23 07:59:59.999,49141024.67179867,58315,3468.11620200,25013034.50156174,0
2019-11-23 08:00:00,7171.30000000,7215.00000000,7080.01000000,7171.92000000,10769.55534300,2019-11-23 11:59:59.999,77012205.95761432,79479,5384.76042100,38511785.57540078,0
2019-11-23 12:00:00,7171.92000000,7333.50000000,7139.75000000,7291.20000000,12248.34566500,2019-11-23 15:59:59.999,88469099.38757414,90853,6367.01493100,46017517.78182428,0
2019-11-23 16:00:00,7288.96000000,7344.48000000,7230.65000000,7285.68000000,8789.39090000,2019-11-23 19:59:59.999,64136163.40028145,73416,4649.46843200,33934808.89782764,0
2019-11-23 20:00:00,7285.56000000,7326.00000000,7237.78000000,7311.57000000,5553.37064900,2019-11-23 23:59:59.999,40425190.06315744,49851,2867.38155200,20871079.29970281,0
2019-11-24 00:00:00,7311.10000000,7330.39000000,7185.00000000,7202.05000000,6155.81157400,2019-11-24 03:59:59.999,44594448.00902884,50995,3050.04918500,22096334.44374241,0
2019-11-24 04:00:00,7202.04000000,7231.56000000,7150.00000000,7180.14000000,6396.29538200,2019-11-24 07:59:59.999,45991715.89461484,51032,3263.49028500,23466230.89242717,0
2019-11-24 08:00:00,7178.99000000,7271.73000000,7100.00000000,7203.04000000,12244.97505500,2019-11-24 11:59:59.999,88080925.47385334,77321,6086.10996200,43788577.23199855,0
2019-11-24 12:00:00,7203.39000000,7205.86000000,6959.57000000,6981.27000000,14570.89741100,2019-11-24 15:59:59.999,103274177.89661296,93832,6899.24304900,48922441.39453840,0
2019-11-24 16:00:00,6983.23000000,7113.00000000,6912.00000000,7028.78000000,17389.63622300,2019-11-24 19:59:59.999,122167141.31355500,100118,8691.69699600,61035583.44254019,0
2019-11-24 20:00:00,7028.78000000,7087.00000000,6861.00000000,6903.28000000,11132.59083800,2019-11-24 23:59:59.999,77814532.73931084,72716,5396.93921800,37739420.65824370,0
2019-11-25 00:00:00,6900.23000000,6941.68000000,6615.00000000,6713.49000000,15635.45411000,2019-11-25 01:59:59.999,106515109.25198345,83954,7213.01109000,49164379.24857594,0
2019-11-25 04:00:00,6717.21000000,6730.00000000,6515.00000000,6672.01000000,23746.99564600,2019-11-25 07:59:59.999,157274792.94985984,153779,11042.81141400,73134198.83989725,0
2019-11-25 08:00:00,6671.70000000,6988.00000000,6632.98000000,6879.02000000,21370.86943900,2019-11-25 11:59:59.999,145385358.36354674,129009,10820.99844600,73642135.59087110,0
2019-11-25 12:00:00,6879.02000000,7285.22000000,6870.66000000,7252.95000000,35324.53265200,2019-11-25 15:59:59.999,252451159.92255229,159148,19319.58293500,138099061.87584681,0
2019-11-25 16:00:00,7253.25000000,7377.69000000,7147.34000000,7192.70000000,15259.53155300,2019-11-25 19:59:59.999,110492423.97305461,90358,7705.83697300,55813008.81716322,0
2019-11-25 20:00:00,7192.87000000,7241.44000000,7090.17000000,7109.57000000,8308.35179700,2019-11-25 23:59:59.999,59509613.84390998,63473,4431.15275500,31737659.69330952,0
2019-11-26 00:00:00,7109.99000000,7245.88000000,7051.00000000,7245.85000000,9114.02050100,2019-11-26 03:59:59.999,65144383.81352860,67896,4710.12794400,33674738.54551202,0
2019-11-26 04:00:00,7245.83000000,7340.00000000,7126.00000000,7176.35000000,14093.25848300,2019-11-26 07:59:59.999,101858719.08504351,84304,6859.86842200,49582434.28030260,0
2019-11-26 08:00:00,7176.32000000,7270.00000000,7021.64000000,7170.52000000,13992.26655300,2019-11-26 11:59:59.999,99999911.26420119,83299,7172.00951800,51278511.56440598,0
2019-11-26 12:00:00,7170.41000000,7220.00000000,7017.48000000,7095.34000000,12427.66282300,2019-11-26 15:59:59.999,88213565.89332613,86419,6380.04369400,45314261.96551207,0
2019-11-26 16:00:00,7097.48000000,7149.25000000,7030.94000000,7076.69000000,9467.76683600,2019-11-26 19:59:59.999,67151436.26923328,63852,4645.83532300,32951455.07194342,0
2019-11-26 20:00:00,7076.96000000,7178.71000000,7064.00000000,7156.14000000,6627.42249400,2019-11-26 23:59:59.999,47234460.58734814,48163,3533.46504000,25183817.69345755,0
2019-11-27 00:00:00,7154.75000000,7177.76000000,7044.00000000,7071.27000000,5949.80268000,2019-11-27 03:59:59.999,42380880.67292760,53066,3118.82054600,22226697.01725048,0
2019-11-27 04:00:00,7071.66000000,7120.60000000,7034.00000000,7069.40000000,6983.36576000,2019-11-27 07:59:59.999,49367923.38846318,58535,3563.25088600,25190098.40176841,0
2019-11-27 08:00:00,7069.40000000,7168.76000000,6840.00000000,7147.74000000,22439.05356100,2019-11-27 11:59:59.999,156311262.14474658,127032,10870.95267600,75781529.22312380,0
2019-11-27 12:00:00,7147.85000000,7366.00000000,7118.00000000,7305.58000000,19760.26807400,2019-11-27 15:59:59.999,143371435.89508067,113373,10541.54991100,76510646.37255240,0
2019-11-27 16:00:00,7304.22000000,7654.33000000,7210.09000000,7563.81000000,27234.65470300,2019-11-27 19:59:59.999,204055073.68205017,150627,14060.05373800,105410076.52111419,0
2019-11-27 20:00:00,7563.85000000,7655.00000000,7475.00000000,7508.52000000,10085.72871200,2019-11-27 23:59:59.999,76160033.38628264,79422,4903.40098700,37045092.64734808,0
2019-11-28 00:00:00,7507.90000000,7569.19000000,7462.05000000,7489.17000000,6345.59725900,2019-11-28 03:59:59.999,47707888.13432562,51167,3259.16706700,24505191.59488363,0
2019-11-28 04:00:00,7489.07000000,7544.65000000,7414.02000000,7494.57000000,8731.17928500,2019-11-28 07:59:59.999,65339059.56365320,57727,4683.73487700,35059217.64391503,0
2019-11-28 08:00:00,7495.99000000,7541.27000000,7439.41000000,7479.54000000,9718.65109800,2019-11-28 11:59:59.999,72697972.09433830,64148,4788.42108200,35821364.86664358,0
2019-11-28 12:00:00,7479.08000000,7640.49000000,7418.00000000,7609.28000000,12754.98851100,2019-11-28 15:59:59.999,95818861.02327968,79435,6232.23616600,46813938.00972160,0
2019-11-28 16:00:00,7613.67000000,7643.00000000,7526.02000000,7608.44000000,10182.65403100,2019-11-28 19:59:59.999,77249444.62650211,67181,5735.86756800,43523278.51403203,0
2019-11-28 20:00:00,7608.01000000,7622.67000000,7360.00000000,7419.49000000,9200.91092500,2019-11-28 23:59:59.999,68759489.50350182,69295,4177.28219200,31231975.36249343,0
2019-11-29 00:00:00,7418.52000000,7517.54000000,7362.30000000,7488.05000000,6757.36013100,2019-11-29 03:59:59.999,50406676.22862017,48054,3556.96301900,26532377.22648407,0
2019-11-29 04:00:00,7485.11000000,7533.48000000,7440.00000000,7509.14000000,5061.07433300,2019-11-29 07:59:59.999,37822843.10531799,44645,2460.82005500,18394660.88329970,0
2019-11-29 08:00:00,7509.14000000,7600.00000000,7491.66000000,7514.24000000,10905.48149700,2019-11-29 11:59:59.999,82274878.40073894,72992,5387.00894900,40649712.32293211,0
2019-11-29 12:00:00,7514.23000000,7830.00000000,7413.00000000,7807.99000000,24302.43460100,2019-11-29 15:59:59.999,186333169.98799875,135332,13538.94651500,103833939.80899609,0
2019-11-29 16:00:00,7808.06000000,7850.00000000,7675.00000000,7711.93000000,9282.39119800,2019-11-29 19:59:59.999,71912554.20520308,65462,4351.61768500,33722663.64974600,0
2019-11-29 20:00:00,7711.90000000,7767.95000000,7664.00000000,7739.68000000,4436.55911300,2019-11-29 23:59:59.999,34256834.75727250,46444,2281.52996700,17617730.97635909,0
2019-11-30 00:00:00,7740.99000000,7770.00000000,7715.72000000,7740.22000000,4492.02906000,2019-11-30 03:59:59.999,34760793.50920077,40548,2479.90697300,19188279.49649910,0
2019-11-30 04:00:00,7740.24000000,7763.82000000,7714.74000000,7748.92000000,5203.03810500,2019-11-30 07:59:59.999,40254624.91926597,43604,2640.88307900,20436112.62323402,0
2019-11-30 08:00:00,7748.92000000,7810.00000000,7623.38000000,7656.21000000,12521.16931000,2019-11-30 11:59:59.999,96518564.28862082,80441,6178.68085000,47636260.84223456,0
2019-11-30 12:00:00,7656.23000000,7717.15000000,7510.00000000,7539.40000000,11142.75772500,2019-11-30 15:59:59.999,84706199.71368358,77591,5557.84621600,42251191.99150346,0
2019-11-30 16:00:00,7539.33000000,7613.20000000,7441.00000000,7506.40000000,8760.18542100,2019-11-30 19:59:59.999,65838125.15841512,65091,4266.55878500,32077976.50475564,0
2019-11-30 16:00:00,7539.33000000,7613.20000000,7441.00000000,7506.40000000,8760.18542100,2019-11-30 19:59:59.999,65838125.15841512,65091,4266.55878500,32077976.50475564,0
2019-11-30 20:00:00,7506.40000000,7561.95000000,7472.74000000,7541.89000000,4870.25399800,2019-11-30 23:59:59.999,36670718.77156915,39231,2619.73443400,19728863.30968283,0
2019-12-01 00:00:00,7540.63000000,7541.85000000,7228.99000000,7289.06000000,18185.81310900,2019-12-01 03:59:59.999,133821326.03147687,103976,8516.29919600,62703272.61159757,0
2019-12-01 04:00:00,7287.00000000,7347.00000000,7245.00000000,7277.44000000,7514.13701000,2019-12-01 07:59:59.999,54856830.52146435,57110,3921.42610400,28632016.38625496,0
2019-12-01 08:00:00,7277.45000000,7390.00000000,7210.00000000,7313.80000000,9742.45384500,2019-12-01 11:59:59.999,71316701.77275953,73592,5257.84668800,38491334.59731035,0
2019-12-01 12:00:00,7314.98000000,7477.29000000,7267.52000000,7306.22000000,11621.62032000,2019-12-01 15:59:59.999,85864838.72670466,76814,6055.24391400,44752595.00360360,0
2019-12-01 16:00:00,7306.21000000,7362.48000000,7275.24000000,7358.39000000,6278.47620700,2019-12-01 19:59:59.999,45923229.11479666,50720,3358.84117200,24572029.76858370,0
2019-12-01 20:00:00,7355.83000000,7436.81000000,7306.18000000,7390.89000000,7426.84182200,2019-12-01 23:59:59.999,54741991.03876833,58361,4010.34585800,29557979.10743183,0
2019-12-02 00:00:00,7391.50000000,7420.56000000,7347.21000000,7358.84000000,5248.52957900,2019-12-02 03:59:59.999,38728745.97512108,43315,2860.41947100,21106291.95502588,0
2019-12-02 04:00:00,7359.36000000,7375.25000000,7151.10000000,7252.96000000,11147.44210500,2019-12-02 07:59:59.999,80898322.31350832,73516,5139.97978600,37316978.70814690,0
2019-12-02 08:00:00,7252.96000000,7369.00000000,7181.01000000,7297.91000000,10249.59264900,2019-12-02 11:59:59.999,74635269.22517708,64653,5645.70834100,41106843.83844313,0
2019-12-02 12:00:00,7297.91000000,7358.00000000,7236.56000000,7308.76000000,10086.91112600,2019-12-02 15:59:59.999,73618206.43278191,61523,5418.45385500,39556854.17667747,0
2019-12-02 16:00:00,7309.32000000,7330.03000000,7257.22000000,7273.98000000,5030.48682800,2019-12-02 19:59:59.999,36619161.42818207,43294,2427.82438400,17678194.48947977,0
2019-12-02 20:00:00,7273.29000000,7350.00000000,7273.29000000,7294.28000000,4567.29375300,2019-12-02 23:59:59.999,33389590.13541053,40580,2551.23055600,18652682.79999756,0
2019-12-03 00:00:00,7294.42000000,7400.00000000,7292.00000000,7349.18000000,6266.62615300,2019-12-03 03:59:59.999,46080788.23198578,49708,3252.32959200,23916034.09053293,0
2019-12-03 04:00:00,7349.50000000,7357.75000000,7262.02000000,7293.83000000,5351.62771500,2019-12-03 07:59:59.999,39055537.86316170,44477,2747.73123700,20052136.67142429,0
2019-12-03 08:00:00,7293.15000000,7323.98000000,7241.35000000,7266.70000000,6679.63338000,2019-12-03 11:59:59.999,48597352.97168046,47864,2791.43824100,20318490.34910188,0
2019-12-03 12:00:00,7263.97000000,7356.13000000,7262.81000000,7335.43000000,6871.18253600,2019-12-03 15:59:59.999,50227050.16352701,51413,3781.91270200,27644940.87161700,0
2019-12-03 16:00:00,7335.36000000,7356.87000000,7301.64000000,7320.98000000,4685.07186400,2019-12-03 19:59:59.999,34353859.54634628,38541,2387.18801100,17502505.57415609,0
2019-12-03 20:00:00,7320.99000000,7341.00000000,7283.02000000,7292.71000000,3295.33583900,2019-12-03 23:59:59.999,24064672.32764631,33388,1678.69505400,12259763.73645985,0
2019-12-04 00:00:00,7292.71000000,7294.03000000,7102.00000000,7150.49000000,14895.50575000,2019-12-04 03:59:59.999,106838039.46441553,88735,7431.26139800,53276731.84929761,0
2019-12-04 04:00:00,7150.91000000,7166.21000000,7111.11000000,7130.60000000,5339.19337200,2019-12-04 07:59:59.999,38120451.99319506,44091,2749.92530200,19635001.16617901,0
2019-12-04 08:00:00,7130.64000000,7233.77000000,7067.00000000,7200.34000000,9995.34953400,2019-12-04 11:59:59.999,71734987.71595553,67148,4995.86494600,35858034.00282730,0
2019-12-04 12:00:00,7200.62000000,7750.00000000,7197.71000000,7466.66000000,30013.73337000,2019-12-04 15:59:59.999,224414268.28787337,158376,15783.37932100,118006315.04152755,0
2019-12-04 16:00:00,7466.78000000,7499.63000000,7438.00000000,7479.55000000,6882.36057100,2019-12-04 19:59:59.999,51415690.77332155,55991,3633.66518700,27145521.29437965,0
2019-12-04 20:00:00,7479.52000000,7480.22000000,7100.00000000,7194.32000000,16027.55898900,2019-12-04 23:59:59.999,116147171.73994584,101909,7276.54431500,52725324.66111802,0
2019-12-05 00:00:00,7194.59000000,7243.57000000,7162.00000000,7223.60000000,6742.72397500,2019-12-05 03:59:59.999,48624214.07900777,56159,3302.90783000,23815590.06248283,0
2019-12-05 04:00:00,7223.58000000,7376.72000000,7150.00000000,7306.73000000,13892.84674600,2019-12-05 07:59:59.999,101067549.93415690,85920,7249.01328000,52745080.86198035,0
2019-12-05 08:00:00,7306.96000000,7433.00000000,7287.96000000,7370.45000000,10789.16937000,2019-12-05 11:59:59.999,79287567.77366740,75638,5748.59742200,42245883.97610203,0
2019-12-05 12:00:00,7369.36000000,7485.00000000,7315.00000000,7336.99000000,13494.78996100,2019-12-05 15:59:59.999,99860927.21362285,90543,6730.33972500,49815838.50246066,0
2019-12-05 16:00:00,7335.91000000,7405.00000000,7265.00000000,7374.81000000,8217.12384000,2019-12-05 19:59:59.999,60301262.63315168,66184,4265.32477600,31305765.86161396,0
2019-12-05 20:00:00,7374.38000000,7447.40000000,7334.40000000,7389.00000000,6170.02496300,2019-12-05 23:59:59.999,45597343.15040581,55915,3498.69097600,25857770.18732439,0
2019-12-06 00:00:00,7389.00000000,7433.99000000,7313.91000000,7371.90000000,6509.56533300,2019-12-06 03:59:59.999,48037843.26371828,50477,3308.42197000,24414744.64331477,0
2019-12-06 04:00:00,7371.90000000,7410.00000000,7332.00000000,7367.54000000,6698.24865300,2019-12-06 07:59:59.999,49421943.00459349,47399,3823.37125600,28213830.17948056,0
2019-12-06 08:00:00,7367.00000000,7443.15000000,7305.00000000,7338.66000000,9285.42327700,2019-12-06 11:59:59.999,68307032.89659060,68883,4859.68285700,35756145.14580391,0
2019-12-06 12:00:00,7338.68000000,7429.40000000,7337.56000000,7375.10000000,7346.14447100,2019-12-06 15:59:59.999,54203037.40941173,63307,3765.12710500,27782000.86164981,0
2019-12-06 16:00:00,7375.11000000,7590.03000000,7372.92000000,7433.09000000,12603.04210100,2019-12-06 19:59:59.999,93912030.52774899,86103,7003.82898600,52208188.95685530,0
2019-12-06 20:00:00,7433.09000000,7550.00000000,7421.08000000,7527.47000000,5746.66410900,2019-12-06 23:59:59.999,43024031.91349684,51685,3140.58216000,23519641.59009029,0
2019-12-07 00:00:00,7527.80000000,7566.32000000,7500.00000000,7529.74000000,6087.98281500,2019-12-07 03:59:59.999,45835076.39480648,47744,2840.40336700,21386135.94535284,0
2019-12-07 04:00:00,7528.62000000,7619.62000000,7508.88000000,7521.48000000,7373.32849200,2019-12-07 07:59:59.999,55679217.25483754,52295,3719.02081700,28082502.60792620,0
2019-12-07 08:00:00,7521.36000000,7549.71000000,7470.16000000,7524.98000000,6597.52823700,2019-12-07 11:59:59.999,49520828.02530837,49764,3622.12062500,27187723.42903214,0
2019-12-07 12:00:00,7523.68000000,7551.80000000,7498.03000000,7510.07000000,5278.15118100,2019-12-07 15:59:59.999,39719558.64391751,45120,2766.28900200,20817845.72081799,0
2019-12-07 16:00:00,7510.00000000,7530.00000000,7476.00000000,7520.00000000,3519.68659900,2019-12-07 19:59:59.999,26427386.06293935,36698,1856.05911400,13938599.21023651,0
2019-12-07 20:00:00,7520.00000000,7522.99000000,7472.01000000,7488.21000000,2642.00684900,2019-12-07 23:59:59.999,19818858.47349537,31971,1375.29199700,10317598.86194196,0
2019-12-08 00:00:00,7487.31000000,7499.75000000,7374.86000000,7403.91000000,7540.31650900,2019-12-08 03:59:59.999,56024167.04168795,52693,3794.50460400,28192778.59275335,0
2019-12-08 04:00:00,7404.99000000,7453.99000000,7382.33000000,7434.63000000,3521.93126000,2019-12-08 07:59:59.999,26151758.37321572,32481,1711.99024600,12710417.05397131,0
2019-12-08 08:00:00,7434.63000000,7542.16000000,7411.91000000,7520.03000000,5889.80179800,2019-12-08 11:59:59.999,44053074.67460928,48888,3169.42734600,23704869.79166042,0
2019-12-08 12:00:00,7520.03000000,7564.00000000,7488.20000000,7546.00000000,5350.61061000,2019-12-08 15:59:59.999,40249675.28659451,48752,2931.35857600,22053637.18806226,0
2019-12-08 16:00:00,7546.00000000,7552.77000000,7502.60000000,7515.99000000,4713.74421100,2019-12-08 19:59:59.999,35461750.47590341,40781,2226.87220300,16751257.72626724,0
2019-12-08 20:00:00,7516.31000000,7552.00000000,7505.00000000,7510.11000000,2840.49324300,2019-12-08 23:59:59.999,21373899.76645381,33919,1461.49327500,10997878.83622200,0
2019-12-09 00:00:00,7510.11000000,7541.90000000,7451.00000000,7510.32000000,5874.88860900,2019-12-09 03:59:59.999,44029323.05184290,42446,3190.76137500,23915080.41440625,0
2019-12-09 04:00:00,7510.93000000,7531.87000000,7458.00000000,7470.67000000,5177.41251300,2019-12-09 07:59:59.999,38797870.69698675,41497,2630.73749400,19714469.54948346,0
2019-12-09 08:00:00,7468.36000000,7496.00000000,7440.04000000,7471.25000000,5008.58066400,2019-12-09 11:59:59.999,37410056.92843788,40778,2521.46126100,18835509.36578893,0
2019-12-09 12:00:00,7471.24000000,7650.00000000,7390.00000000,7424.00000000,14159.97020000,2019-12-09 15:59:59.999,106299033.22485011,94755,7144.94548000,53676173.75218105,0
2019-12-09 16:00:00,7423.91000000,7450.54000000,7350.00000000,7374.30000000,8135.41922000,2019-12-09 19:59:59.999,60346336.77127283,72379,3933.63958400,29187736.93320404,0
2019-12-09 20:00:00,7374.25000000,7382.49000000,7273.00000000,7338.64000000,8265.61628700,2019-12-09 23:59:59.999,60588534.80929283,67793,4311.58112300,31607438.75517272,0
2019-12-10 00:00:00,7338.64000000,7407.60000000,7310.01000000,7382.63000000,9706.34126300,2019-12-10 03:59:59.999,71431652.30082111,105702,5009.80994200,36869684.47883059,0
2019-12-10 04:00:00,7383.74000000,7399.08000000,7333.98000000,7351.61000000,7159.19675600,2019-12-10 07:59:59.999,52728161.90256247,69516,3651.97975000,26892740.57811766,0
2019-12-10 08:00:00,7351.17000000,7368.44000000,7288.00000000,7342.00000000,8747.15111000,2019-12-10 11:59:59.999,64085016.01670405,67215,4250.50021600,31145167.12696324,0
2019-12-10 12:00:00,7341.75000000,7355.00000000,7213.00000000,7234.13000000,11253.19942400,2019-12-10 15:59:59.999,82070332.25213300,86296,5488.32598600,40038060.67715308,0
2019-12-10 16:00:00,7236.40000000,7261.52000000,7157.10000000,7231.23000000,8721.44139500,2019-12-10 19:59:59.999,62936412.47032930,68218,4237.16701900,30578395.72503167,0
2019-12-10 20:00:00,7230.95000000,7257.34000000,7185.16000000,7224.13000000,4136.43219200,2019-12-10 23:59:59.999,29875860.45296673,42690,2101.28124000,15176942.86150548,0
2019-12-11 00:00:00,7224.15000000,7275.50000000,7190.17000000,7211.97000000,4704.14044400,2019-12-11 03:59:59.999,34053904.58984669,40984,2388.89852500,17296126.30701189,0
2019-12-11 04:00:00,7213.44000000,7230.21000000,7180.00000000,7220.12000000,3711.04418500,2019-12-11 07:59:59.999,26764376.82743848,34945,1992.64202100,14371653.33661382,0
2019-12-11 08:00:00,7220.12000000,7249.72000000,7202.01000000,7227.36000000,5016.76786100,2019-12-11 11:59:59.999,36260462.09116120,43620,2539.52056300,18355846.04729873,0
2019-12-11 12:00:00,7227.36000000,7267.01000000,7125.66000000,7174.00000000,8791.74699600,2019-12-11 15:59:59.999,63426377.21796119,69412,4146.53609100,29923576.26119623,0
2019-12-11 16:00:00,7174.03000000,7217.50000000,7153.03000000,7200.23000000,5441.41491300,2019-12-11 19:59:59.999,39129956.48915401,48461,3120.12416800,22437037.07633465,0
2019-12-11 20:00:00,7200.69000000,7210.00000000,7170.00000000,7210.00000000,2427.97754500,2019-12-11 23:59:59.999,17460576.65102769,30847,1287.81780400,9261975.42996901,0
2019-12-12 00:00:00,7210.00000000,7295.00000000,7080.30000000,7156.03000000,12148.13545100,2019-12-12 03:59:59.999,87104719.08152626,82652,5780.74349600,41469437.97659507,0
2019-12-12 04:00:00,7156.05000000,7177.46000000,7140.00000000,7151.05000000,3112.78774300,2019-12-12 07:59:59.999,22286090.94249855,31566,1580.70820400,11317073.85256704,0
2019-12-12 08:00:00,7150.36000000,7217.99000000,7115.00000000,7192.93000000,7863.48329600,2019-12-12 11:59:59.999,56322088.15858128,55039,3803.97809700,27249187.70567937,0
2019-12-12 12:00:00,7192.93000000,7222.15000000,7140.00000000,7191.56000000,8917.82517600,2019-12-12 15:59:59.999,64051107.07983850,63610,4580.25603200,32906870.41239159,0
2019-12-12 16:00:00,7190.98000000,7226.79000000,7175.96000000,7204.73000000,5823.07517800,2019-12-12 19:59:59.999,41950047.23285054,51653,2873.73496300,20702821.52416131,0
2019-12-12 20:00:00,7204.75000000,7261.95000000,7186.12000000,7198.08000000,4423.29408800,2019-12-12 23:59:59.999,31943426.99739584,46894,2227.96323400,16091020.84853460,0
2019-12-13 00:00:00,7197.76000000,7236.50000000,7190.76000000,7229.10000000,3312.85058600,2019-12-13 03:59:59.999,23892339.08562174,36512,1642.09775900,11843843.66744506,0
2019-12-13 04:00:00,7229.10000000,7249.81000000,7208.01000000,7236.30000000,4267.11456200,2019-12-13 07:59:59.999,30850325.53414461,38065,2171.16850500,15697694.22930197,0
2019-12-13 08:00:00,7235.21000000,7255.00000000,7205.67000000,7221.90000000,5255.41065600,2019-12-13 11:59:59.999,37955970.44650777,45403,2654.31684700,19171290.31117244,0
2019-12-13 12:00:00,7221.29000000,7268.01000000,7208.20000000,7253.03000000,5774.52695200,2019-12-13 15:59:59.999,41771584.60851428,50929,3120.54883800,22574146.36049342,0
2019-12-13 16:00:00,7253.03000000,7309.05000000,7224.00000000,7253.87000000,6975.83251000,2019-12-13 19:59:59.999,50691675.62231692,53222,3662.68638200,26620782.55139085,0
2019-12-13 20:00:00,7253.87000000,7266.87000000,7230.64000000,7258.48000000,2024.13852900,2019-12-13 23:59:59.999,14674264.93654693,28004,1048.21492500,7599527.61052803,0
2019-12-14 00:00:00,7257.37000000,7271.77000000,7232.09000000,7254.63000000,1980.25726600,2019-12-14 03:59:59.999,14361631.19737616,25369,1048.01860200,7601002.96008666,0
2019-12-14 04:00:00,7255.21000000,7270.00000000,7242.02000000,7252.08000000,2206.43473500,2019-12-14 07:59:59.999,16008375.12334305,23726,1172.73427700,8508695.20773688,0
2019-12-14 08:00:00,7252.05000000,7252.80000000,7150.00000000,7185.94000000,6324.49896500,2019-12-14 11:59:59.999,45492477.13994455,50475,2976.06196700,21413128.27653407,0
2019-12-14 12:00:00,7185.49000000,7189.48000000,7026.00000000,7060.03000000,9040.82486300,2019-12-14 15:59:59.999,64401364.50597178,76913,4243.49616800,30237590.50086543,0
2019-12-14 16:00:00,7061.61000000,7104.25000000,7012.00000000,7072.66000000,7557.98650000,2019-12-14 19:59:59.999,53384155.58581054,68559,3573.56067100,25246531.45910938,0
2019-12-14 20:00:00,7072.66000000,7093.99000000,7062.56000000,7064.05000000,2451.98363800,2019-12-14 23:59:59.999,17356224.46340789,31777,1383.40205800,9792721.13257104,0
2019-12-15 00:00:00,7064.14000000,7072.85000000,7008.35000000,7056.97000000,4083.51503100,2019-12-15 03:59:59.999,28767958.30508923,41098,2126.23214400,14980866.74965337,0
2019-12-15 04:00:00,7057.49000000,7200.30000000,7035.37000000,7142.00000000,6682.20591700,2019-12-15 07:59:59.999,47435460.73549778,56450,3541.34206500,25152341.50611268,0
2019-12-15 08:00:00,7142.00000000,7177.15000000,7084.51000000,7110.61000000,4694.50130200,2019-12-15 11:59:59.999,33461534.08102526,45911,2442.03861400,17407959.38876165,0
2019-12-15 12:00:00,7111.11000000,7149.00000000,7061.05000000,7119.10000000,5022.24234000,2019-12-15 15:59:59.999,35661089.08978746,50288,2547.83628400,18092610.46637139,0
2019-12-15 16:00:00,7119.11000000,7131.92000000,7082.00000000,7114.49000000,3226.58890800,2019-12-15 19:59:59.999,22938631.66945413,37351,1651.89423700,11745162.15124957,0
2019-12-15 20:00:00,7114.68000000,7141.67000000,7097.41000000,7118.59000000,2686.72463900,2019-12-15 23:59:59.999,19138090.68267724,31553,1469.53680200,10467884.65124156,0
2019-12-16 00:00:00,7119.60000000,7132.52000000,7062.55000000,7079.98000000,3731.29305800,2019-12-16 03:59:59.999,26460517.13568659,36324,1880.96566000,13339293.27723291,0
2019-12-16 04:00:00,7078.83000000,7100.00000000,7042.49000000,7067.74000000,5033.78929000,2019-12-16 07:59:59.999,35608870.57529479,45171,2549.19660100,18036122.04533403,0
2019-12-16 08:00:00,7066.97000000,7125.60000000,7051.00000000,7091.85000000,4999.54650800,2019-12-16 11:59:59.999,35371772.34478824,43551,2598.60047300,18388117.01287188,0
2019-12-16 12:00:00,7091.92000000,7150.00000000,7074.00000000,7089.45000000,7522.88770700,2019-12-16 15:59:59.999,53513275.02359024,61220,3663.82657600,26061238.80370379,0
2019-12-16 16:00:00,7090.73000000,7117.00000000,6850.00000000,6902.16000000,15592.94764300,2019-12-16 19:59:59.999,108480520.57249726,116935,7522.24745000,52355205.80885568,0
2019-12-16 20:00:00,6902.68000000,6919.98000000,6836.00000000,6891.72000000,6983.52885300,2019-12-16 23:59:59.999,48073614.24065664,68001,3297.85161100,22703380.92701254,0
2019-12-17 00:00:00,6891.44000000,6910.78000000,6856.00000000,6886.76000000,3814.88925400,2019-12-17 03:59:59.999,26284646.94699387,41441,1973.90119300,13599698.47536210,0
2019-12-17 04:00:00,6886.76000000,6904.91000000,6859.48000000,6877.47000000,4154.47931900,2019-12-17 07:59:59.999,28604814.98477815,44916,2120.63734700,14602625.24750560,0
2019-12-17 08:00:00,6877.46000000,6942.21000000,6856.00000000,6935.09000000,6982.73930900,2019-12-17 11:59:59.999,48124777.68553474,54244,3532.55195400,24338084.16054681,0
2019-12-17 12:00:00,6935.13000000,6940.84000000,6685.00000000,6696.20000000,16537.00232300,2019-12-17 15:59:59.999,112309347.42628310,113708,7860.28072100,53408146.99508555,0
2019-12-17 16:00:00,6696.32000000,6743.60000000,6590.21000000,6619.71000000,12209.33759800,2019-12-17 19:59:59.999,81537430.77718235,100640,6011.66409200,40172267.68296833,0
2019-12-17 20:00:00,6619.69000000,6702.00000000,6560.00000000,6623.82000000,10166.62212600,2019-12-17 23:59:59.999,67226452.00150571,99148,5011.41864400,33147709.12615569,0
2019-12-18 00:00:00,6623.84000000,6725.69000000,6600.52000000,6686.91000000,6643.92379900,2019-12-18 03:59:59.999,44327234.54500537,68777,3226.32180000,21522694.65086503,0
2019-12-18 04:00:00,6686.89000000,6717.56000000,6590.01000000,6619.51000000,7032.52958500,2019-12-18 07:59:59.999,46740574.33155422,60398,3579.58170000,23797240.88484660,0
2019-12-18 08:00:00,6619.06000000,6668.84000000,6608.44000000,6615.24000000,6685.01586200,2019-12-18 11:59:59.999,44376834.18926143,58070,3385.02615400,22471440.10694699,0
2019-12-18 12:00:00,6615.24000000,6863.08000000,6435.00000000,6823.49000000,31357.41024900,2019-12-18 15:59:59.999,208100969.94327037,201223,15510.24639000,103032515.25034435,0
2019-12-18 16:00:00,6824.55000000,6966.05000000,6770.00000000,6956.86000000,15428.11308500,2019-12-18 19:59:59.999,106002075.98297391,115287,7989.47350100,54899900.39489418,0
2019-12-18 20:00:00,6956.09000000,7440.00000000,6941.00000000,7277.83000000,28489.65867100,2019-12-18 23:59:59.999,204509513.16676352,210318,16153.00127200,115983479.63614741,0
2019-12-19 00:00:00,7277.83000000,7380.00000000,7122.50000000,7158.94000000,14176.95566200,2019-12-19 03:59:59.999,102287267.13385841,96958,7056.79650800,50907342.63786573,0
2019-12-19 04:00:00,7158.94000000,7167.85000000,7076.65000000,7092.54000000,7212.75397800,2019-12-19 07:59:59.999,51443426.40033320,57906,3359.61768100,23957322.01637332,0
2019-12-19 08:00:00,7091.31000000,7200.00000000,7038.31000000,7150.00000000,11409.12543900,2019-12-19 11:59:59.999,81317665.86353569,84702,5694.06549000,40593245.93837674,0
2019-12-19 12:00:00,7150.56000000,7234.00000000,7060.01000000,7145.84000000,12792.21409900,2019-12-19 15:59:59.999,91437545.56648232,97036,6232.29380900,44529586.28057609,0
2019-12-19 16:00:00,7145.99000000,7185.00000000,7111.00000000,7177.05000000,5634.27740900,2019-12-19 19:59:59.999,40274988.18994707,57673,3013.26358000,21543912.33344629,0
2019-12-19 20:00:00,7177.89000000,7181.99000000,7128.02000000,7150.30000000,4283.72248800,2019-12-19 23:59:59.999,30646783.90440838,45486,2100.49120400,15026594.40278947,0
2019-12-20 00:00:00,7151.31000000,7160.00000000,7079.50000000,7134.14000000,5256.98961700,2019-12-20 03:59:59.999,37425934.42209148,49142,2520.98600900,17949014.65918206,0
2019-12-20 04:00:00,7134.14000000,7160.00000000,7082.38000000,7145.07000000,4983.24011000,2019-12-20 07:59:59.999,35481225.16748891,46585,2728.39226300,19427523.03553836,0
2019-12-20 08:00:00,7145.09000000,7175.67000000,7091.76000000,7149.50000000,4875.49768400,2019-12-20 11:59:59.999,34804531.84810842,51663,2583.07523800,18442403.38487331,0
2019-12-20 12:00:00,7149.87000000,7220.00000000,7136.75000000,7155.19000000,7513.55937200,2019-12-20 15:59:59.999,53883689.86407870,71101,3849.04078600,27604899.17144586,0
2019-12-20 16:00:00,7155.40000000,7205.00000000,7133.00000000,7184.15000000,5952.06519600,2019-12-20 19:59:59.999,42712295.76539901,54840,3241.79639300,23267063.92311257,0
2019-12-20 20:00:00,7183.99000000,7214.26000000,7166.23000000,7187.83000000,3550.71722600,2019-12-20 23:59:59.999,25534973.35432887,39435,1717.76200000,12353785.11746255,0
2019-12-21 00:00:00,7188.01000000,7190.58000000,7142.30000000,7156.01000000,3091.00112500,2019-12-21 03:59:59.999,22142071.80796328,36182,1619.55488900,11602559.79571384,0
2019-12-21 04:00:00,7156.03000000,7175.43000000,7124.45000000,7132.95000000,3793.16523600,2019-12-21 07:59:59.999,27106859.63517013,36957,1960.06935400,14006169.62019078,0
2019-12-21 08:00:00,7132.95000000,7157.00000000,7105.00000000,7145.99000000,3784.18897900,2019-12-21 11:59:59.999,26986737.77972104,36266,1838.58317700,13112657.32050823,0
2019-12-21 12:00:00,7145.97000000,7152.12000000,7118.05000000,7139.32000000,2981.49531900,2019-12-21 15:59:59.999,21275682.48869278,33468,1555.12775500,11097454.09925615,0
2019-12-21 16:00:00,7139.32000000,7154.23000000,7126.00000000,7145.82000000,2573.44332200,2019-12-21 19:59:59.999,18385021.13948227,30550,1406.78896400,10050097.54998416,0
2019-12-21 20:00:00,7145.04000000,7180.00000000,7122.00000000,7132.75000000,3243.88004700,2019-12-21 23:59:59.999,23172784.23542819,38739,1739.63687300,12428126.61323818,0
2019-12-22 00:00:00,7131.59000000,7148.82000000,7122.47000000,7137.26000000,1899.98353700,2019-12-22 03:59:59.999,13557790.49978473,24714,992.98172000,7086229.24655928,0
2019-12-22 04:00:00,7136.94000000,7192.99000000,7125.00000000,7181.85000000,3133.26923500,2019-12-22 07:59:59.999,22387494.29400081,34590,1650.36194400,11793284.43532286,0
2019-12-22 08:00:00,7180.32000000,7200.30000000,7145.84000000,7165.36000000,4300.63536800,2019-12-22 11:59:59.999,30831698.57176944,46217,2276.84096000,16323700.71400471,0
2019-12-22 12:00:00,7164.40000000,7197.00000000,7155.62000000,7186.82000000,3098.61358200,2019-12-22 15:59:59.999,22231041.50205923,39997,1529.44673300,10973585.27862495,0
2019-12-22 16:00:00,7186.78000000,7456.67000000,7165.00000000,7398.35000000,18282.51998500,2019-12-22 19:59:59.999,133954900.68273111,133382,9397.57187600,68842422.74662303,0
2019-12-22 20:00:00,7399.46000000,7518.54000000,7374.16000000,7501.44000000,8422.43344300,2019-12-22 23:59:59.999,62614281.39028946,77712,4778.23349900,35534913.26029554,0
2019-12-23 00:00:00,7500.71000000,7634.55000000,7500.36000000,7590.02000000,14736.63900800,2019-12-23 03:59:59.999,111588409.72714569,117338,7421.20113500,56204259.85181201,0
2019-12-23 04:00:00,7589.55000000,7593.50000000,7441.60000000,7494.21000000,8524.12249200,2019-12-23 07:59:59.999,64058338.48088218,66660,4500.50266300,33823661.76827456,0
2019-12-23 08:00:00,7494.91000000,7564.93000000,7485.83000000,7553.11000000,6005.21828100,2019-12-23 11:59:59.999,45183665.90297459,54710,2967.32344100,22328591.31612212,0
2019-12-23 12:00:00,7553.03000000,7612.00000000,7475.65000000,7585.87000000,10303.80087100,2019-12-23 15:59:59.999,77871156.29842882,88314,4907.30695900,37092067.19133866,0
2019-12-23 16:00:00,7585.87000000,7695.38000000,7355.00000000,7432.07000000,19113.81478200,2019-12-23 19:59:59.999,143396276.40512213,132909,9372.89756500,70355734.46412177,0
2019-12-23 20:00:00,7432.38000000,7433.90000000,7265.84000000,7317.09000000,9368.40176900,2019-12-23 23:59:59.999,68612584.95230693,70738,4275.01200900,31312474.13362403,0
2019-12-24 00:00:00,7317.30000000,7339.50000000,7285.00000000,7313.80000000,3919.78846400,2019-12-24 03:59:59.999,28659611.99334153,42188,2043.52948100,14942044.24355509,0
2019-12-24 04:00:00,7313.88000000,7342.27000000,7227.35000000,7264.92000000,5363.39687300,2019-12-24 07:59:59.999,39141856.59212119,48874,2466.67261200,18012850.37039083,0
2019-12-24 08:00:00,7264.91000000,7416.53000000,7226.13000000,7373.54000000,10509.98687300,2019-12-24 11:59:59.999,77203336.85390540,81475,5388.29487800,39572059.06288075,0
2019-12-24 12:00:00,7373.55000000,7436.68000000,7241.58000000,7277.52000000,9491.37233300,2019-12-24 15:59:59.999,69641303.72704100,80362,4434.34594700,32547251.21329306,0
2019-12-24 16:00:00,7277.47000000,7311.31000000,7157.04000000,7253.77000000,10145.55131100,2019-12-24 19:59:59.999,73375650.72031423,83427,5051.34061700,36549531.09003100,0
2019-12-24 20:00:00,7253.92000000,7280.00000000,7198.52000000,7255.77000000,4199.39833400,2019-12-24 23:59:59.999,30406259.11418658,48352,2168.56767100,15702618.05819782,0
2019-12-25 00:00:00,7255.77000000,7267.39000000,7213.12000000,7229.58000000,2643.93088100,2019-12-25 03:59:59.999,19139465.50895912,35964,1433.06022100,10373539.20571786,0
2019-12-25 04:00:00,7229.99000000,7271.77000000,7201.00000000,7252.19000000,3439.12745700,2019-12-25 07:59:59.999,24895676.73575857,37594,1758.00525400,12726501.36974480,0
2019-12-25 08:00:00,7252.16000000,7267.85000000,7210.45000000,7217.03000000,4077.75930300,2019-12-25 11:59:59.999,29508208.04403487,39217,2274.76257500,16462189.16061128,0
2019-12-25 12:00:00,7216.92000000,7256.00000000,7170.73000000,7189.56000000,6435.85359700,2019-12-25 15:59:59.999,46360879.61497905,58895,3620.50042500,26079169.05786820,0
2019-12-25 16:00:00,7189.58000000,7247.00000000,7128.86000000,7239.02000000,6291.12910200,2019-12-25 19:59:59.999,45111090.05181732,73029,2985.17580600,21411420.96641404,0
2019-12-25 20:00:00,7238.02000000,7269.99000000,7168.42000000,7204.63000000,4604.24398300,2019-12-25 23:59:59.999,33257983.15399692,45225,2361.53471000,17063102.65251871,0
2019-12-26 00:00:00,7205.01000000,7219.99000000,7177.14000000,7183.01000000,2172.33455300,2019-12-26 03:59:59.999,15639560.12739977,31432,1148.97890300,8272010.75970069,0
2019-12-26 04:00:00,7182.84000000,7223.15000000,7176.80000000,7209.20000000,2903.96545900,2019-12-26 07:59:59.999,20903867.57226859,35773,1502.12852100,10813269.59724618,0
2019-12-26 08:00:00,7209.20000000,7240.76000000,7185.80000000,7188.02000000,4394.28731600,2019-12-26 11:59:59.999,31709913.39643389,41982,2429.87292100,17536620.92774942,0
2019-12-26 12:00:00,7189.06000000,7244.00000000,7183.27000000,7231.45000000,4382.50345300,2019-12-26 15:59:59.999,31611587.46809184,41900,2461.56968500,17755498.78230896,0
2019-12-26 16:00:00,7231.83000000,7435.00000000,7197.02000000,7301.38000000,14217.21167800,2019-12-26 19:59:59.999,104239049.19028871,113104,7422.08709300,54428757.84781199,0
2019-12-26 20:00:00,7296.10000000,7331.42000000,7157.12000000,7202.00000000,8189.45861700,2019-12-26 23:59:59.999,59185821.20170478,73504,3923.22854200,28372604.87451927,0
2019-12-27 00:00:00,7202.00000000,7249.00000000,7190.00000000,7232.02000000,3344.60136500,2019-12-27 03:59:59.999,24148338.76776337,37484,1697.01670000,12252272.89920072,0
2019-12-27 04:00:00,7232.04000000,7243.79000000,7175.00000000,7188.63000000,4904.32343600,2019-12-27 07:59:59.999,35343958.92470607,42158,2538.58192200,18291251.05238732,0
2019-12-27 08:00:00,7188.42000000,7216.26000000,7076.42000000,7137.72000000,7148.56616400,2019-12-27 11:59:59.999,51232821.32238041,54912,3255.86012200,23350742.80167047,0
2019-12-27 12:00:00,7136.38000000,7271.89000000,7092.99000000,7238.42000000,10186.90346900,2019-12-27 15:59:59.999,73259474.41489164,75831,5131.71948500,36916366.32929998,0
2019-12-27 16:00:00,7237.75000000,7275.86000000,7177.14000000,7216.10000000,5306.75140800,2019-12-27 19:59:59.999,38323849.91134303,54142,2683.11734500,19379112.87672893,0
2019-12-27 20:00:00,7215.05000000,7261.00000000,7212.78000000,7254.74000000,2751.55601900,2019-12-27 23:59:59.999,19906279.38180583,32735,1576.10119400,11403813.37577887,0
2019-12-28 00:00:00,7254.77000000,7340.00000000,7238.67000000,7288.00000000,5542.24483800,2019-12-28 03:59:59.999,40435267.27375715,46967,3035.83739800,22149426.32726316,0
2019-12-28 04:00:00,7288.00000000,7360.00000000,7276.72000000,7302.99000000,5591.95880500,2019-12-28 07:59:59.999,40913482.02249487,59149,2922.94341300,21387947.17311008,0
2019-12-28 08:00:00,7302.53000000,7329.47000000,7261.57000000,7308.28000000,3758.55428500,2019-12-28 11:59:59.999,27416450.66493157,39502,1900.90952100,13865863.44124055,0
2019-12-28 12:00:00,7308.32000000,7359.90000000,7285.00000000,7304.27000000,4124.30992100,2019-12-28 15:59:59.999,30152004.41352768,47061,2201.51198500,16094228.88428260,0
2019-12-28 16:00:00,7304.24000000,7365.01000000,7275.07000000,7344.77000000,5076.55431800,2019-12-28 19:59:59.999,37214172.26671094,47309,2444.16389100,17920666.73306969,0
2019-12-28 20:00:00,7344.70000000,7355.00000000,7296.52000000,7316.14000000,2755.36003200,2019-12-28 23:59:59.999,20190815.79657968,32619,1389.11003400,10180273.46873818,0
2019-12-29 00:00:00,7315.36000000,7316.14000000,7288.00000000,7307.27000000,2401.80663200,2019-12-29 03:59:59.999,17538689.35292157,27728,1358.99765200,9923243.64203438,0
2019-12-29 04:00:00,7307.06000000,7323.99000000,7292.84000000,7315.00000000,1907.02790600,2019-12-29 07:59:59.999,13937831.84961245,24035,1087.04280500,7944419.18954705,0
2019-12-29 08:00:00,7315.50000000,7360.67000000,7308.92000000,7345.83000000,4380.30634600,2019-12-29 11:59:59.999,32116414.39346585,40632,2140.64741400,15695712.02946649,0
2019-12-29 12:00:00,7346.08000000,7419.02000000,7322.90000000,7394.13000000,8220.35281800,2019-12-29 15:59:59.999,60652472.02592360,66557,4050.60541900,29897467.76933753,0
2019-12-29 16:00:00,7395.03000000,7480.00000000,7380.47000000,7473.05000000,5648.57793900,2019-12-29 19:59:59.999,41915928.47113694,49214,2945.58167400,21861350.08377386,0
2019-12-29 20:00:00,7472.13000000,7528.45000000,7345.80000000,7388.24000000,8829.03444400,2019-12-29 23:59:59.999,65570239.73515654,75047,4416.90286400,32817315.21446815,0
2019-12-30 00:00:00,7388.43000000,7389.83000000,7312.00000000,7349.51000000,3473.38071400,2019-12-30 03:59:59.999,25525522.24947589,37477,1594.85870000,11721818.07821735,0
2019-12-30 04:00:00,7349.54000000,7408.24000000,7345.22000000,7385.29000000,3786.00740600,2019-12-30 07:59:59.999,27931347.91990862,35544,1745.25392900,12870910.56967046,0
2019-12-30 08:00:00,7385.27000000,7385.29000000,7293.12000000,7315.11000000,6759.78411300,2019-12-30 11:59:59.999,49606974.74679655,56562,2968.03523400,21780722.73417466,0
2019-12-30 12:00:00,7314.74000000,7343.99000000,7251.00000000,7262.08000000,7289.49708600,2019-12-30 15:59:59.999,53240157.51162523,65308,3451.09625900,25212542.11755675,0
2019-12-30 16:00:00,7261.10000000,7270.00000000,7220.00000000,7240.99000000,5118.96788200,2019-12-30 19:59:59.999,37108039.37955302,47661,2532.68618300,18362797.94119892,0
2019-12-30 20:00:00,7241.15000000,7288.88000000,7235.10000000,7246.00000000,3178.27458100,2019-12-30 23:59:59.999,23096833.71031594,36481,1476.32635900,10728088.46213194,0
2019-12-31 00:00:00,7246.00000000,7269.00000000,7200.00000000,7236.39000000,4057.29924900,2019-12-31 03:59:59.999,29358080.71158749,41171,1887.99288200,13664956.58561985,0
2019-12-31 04:00:00,7236.60000000,7268.48000000,7228.40000000,7250.37000000,2664.67059100,2019-12-31 07:59:59.999,19318972.25684270,31206,1456.85880900,10562633.26342974,0
2019-12-31 08:00:00,7250.30000000,7256.94000000,7217.50000000,7243.39000000,4498.86415600,2019-12-31 11:59:59.999,32548313.02766837,36796,2245.06187100,16244292.91746011,0
2019-12-31 12:00:00,7243.64000000,7320.00000000,7188.88000000,7195.96000000,7983.92681800,2019-12-31 15:59:59.999,57818495.46635240,67019,3833.79756800,27780527.72593432,0
2019-12-31 16:00:00,7195.00000000,7225.62000000,7145.01000000,7173.32000000,4657.97254300,2019-12-31 19:59:59.999,33441599.81960844,46046,2161.59110300,15520451.66291961,0
2019-12-31 20:00:00,7173.75000000,7208.41000000,7165.10000000,7195.23000000,2091.72017600,2019-12-31 23:59:59.999,15032938.06298061,29738,1010.62811400,7263338.98247078,0
